Greedy 30 LR	Serviced: 70, Unfair: 0, UserN :4500
Shuttle0,	0,0,0,0,0,0,0,1,1,1,1,1,1,1,1,2,2,2,2,2,2,2,2,2,2,3,3,3,3,3,3,0,0,0,0,0,0,0,0,0,0,0,0,0,0,0,0,0,0,0,0,0,0,0,0,0,0,0,0,0,0,0,0,0,0,0,0,0,0,0,0,0,0,0,0,0,0,0,0,0,0,0,0,0,0,0,0,0,1,0,0,0,0,0,0,0,0,0,0,0,0,0,0,0,0,0,0,0,0,0,0,0,0,0,0,0,0,0,0,0,0,0,0,0,0,0,0,0,0,0,0,0,0,0,0,0,0,0,0,0,0,0,0,0,0,0,0,0,0,0,0,0,0,0,0,0,0,0,0,0,0,0,0,0,0,0,0,0,0,0,0,0,0,0,0,0,0,0,0,0,0,0,0,0,0,0,0,0,0,0,0,0,0,0,0,0,0,0,0,0,0,0,0,0,0,0,0,0,0,0,0,0,0,0,0,0,0,0,0,0,0,0,0,0,0,0,0,0,0,0,0,0,0,0,0,0,0,0,0,0,0,0,0,0,0,0,0,0,0,0,0,0,0,0,0,0,0,0,0,0,0,0,0,0,0,0,0,0,0,0,0,0,0,0,0,0,0,0,0,0,0,0,0,0,0,0,0,0,0,0,0,0,0,0,0,0,0,0,0,0,0,0,0,0,0,0,0,0,0,0,0,0,0,0,0,0,0,0,0,0,0,0,0,0,0,0,0,0,0,0,0,0,0,0,0,0,0,0,0,0,0,0,0,0,0,0,0,0,0,0,0,0,0,0,0,0,0,0,0,0,0,0,0,0,0,0,0,0,0,0,0,0,0,0,0,0,0,0,0,0,0,0,0,0,0,0,0,0,0,0,0,0,0,0,0,0,0,0,0,0,0,0,0,0,0,0,0,0,0,0,0,0,0,0,0,0,0,0,0,0,0,0,0,0,0,0,0,0,0,0,0,0,0,0,0,0,0,0,0,0,0,0,0,0,0,0,0,0,0,0,0,0,0,0,0,0,0,0,0,0,0,0,0,0,0,0,0,0,0,0,0,0,0,0,0,0,0,0,0,0,0,0,0,0,0,0,0,0,0,0,0,0,0,0,0,0,0,0,0,0,0,0,0,0,0,0,0,0,0,0,0,0,0,0,0,0,0,0,0,0,0,0,0,0,0,0,0,0,0,0,0,0,0,0,0,0,0,0,0,0,0,0,0,0,0,0,0,0,0,0,0,0,5,5,4,4,0,0,0,0,0,0,0,0,0,0,0,0,0,0,0,0,0,0,0,0,0,0,0,0,0,0,0,0,0,0,0,0,0,0,0,0,0,0,0,0,0,0,0,0,1,1,0,0,0,0,0,0,0,0,0,0,0,0,0,0,0,0,0,0,0,0,0,0,0,0,0,0,0,0,0,0,0,0,0,0,0,0,0,0,0,0,0,0,0,0,0,0,0,0,0,0,0,0,0,0,0,0,0,0,3,3,0,0,0,0,0,0,0,0,0,0,0,0,0,0,0,0,0,0,0,0,0,0,0,0,0,0,0,0,0,0,0,0,0,0,0,0,0,0,0,0,0,0,0,0,0,0,0,0,0,0,0,0,0,0,0,0,0,0,2,2,0,0,0,0,0,0,0,0,0,0,0,0,0,0,0,0,0,0,0,0,0,0,0,0,0,0,0,0,0,0,0,0,0,0,0,0,0,0,0,0,0,0,0,0,0,0,0,0,0,0,0,0,0,0,0,0,0,0,2,2,0,0,0,0,0,0,0,0,0,0,0,0,0,0,0,0,0,0,0,0,0,0,0,0,0,0,0,0,0,0,0,0,0,0,0,0,0,0,0,0,0,0,0,0,0,0,0,0,0,0,0,0,0,0,0,0,0,0,3,3,0,0,0,0,0,0,0,0,0,0,0,0,0,0,0,0,0,0,0,0,0,0,0,0,0,0,0,0,0,0,0,0,0,0,0,0,0,0,0,0,0,0,0,0,0,0,0,0,0,0,0,0,0,0,0,0,0,0,2,2,0,0,0,0,0,0,0,0,0,0,0,0,0,0,0,0,0,0,0,0,0,0,0,0,0,0,0,0,0,0,0,0,0,0,0,0,0,0,0,0,0,0,0,0,0,0,0,0,0,0,0,0,0,0,0,0,0,0,1,1,0,0,0,0,0,0,0,0,0,0,0,0,0,0,0,0,0,0,0,0,0,0,0,0,0,0,0,0,0,0,0,0,0,0,0,0,0,0,0,0,0,0,0,0,0,0,0,0,0,0,0,0,0,0,0,0,0,0,2,2,0,0,0,0,0,0,0,0,0,0,0,0,0,0,0,0,0,0,0,0,0,0,0,0,0,0,0,0,0,0,0,0,0,0,0,0,0,0,0,0,0,0,0,0,0,0,0,0,0,0,0,0,0,0,0,0,0,0,1,1,0,0,0,0,0,0,0,0,0,0,0,0,0,0,0,0,0,0,0,0,0,0,0,0,0,0,0,0,0,0,0,0,0,0,0,0,0,0,0,0,0,0,0,0,0,0,0,0,0,0,0,0,0,0,0,0,0,0,2,2,0,0,0,0,0,0,0,0,0,0,0,0,0,0,0,0,0,0,0,0,0,0,0,0,0,0,0,0,0,0,0,0,0,0,0,0,0,0,0,0,0,0,0,0,0,0,0,0,0,0,0,0,0,0,0,0,0,0,0,0,0,0,0,0,0,0,0,0,0,0,0,0,0,0,0,0,0,0,0,0,0,0,0,0,0,0,0,0,0,0,0,0,0,0,0,0,0,0,0,0,0,0,0,0,0,0,0,0,0,0,0,0,0,0,0,0,0,0,0,0,0,0,0,0,0,0,0,0,0,0,0,0,0,0,0,0,0,0,0,0,0,0,0,0,0,0,0,0,0,0,0,0,0,0,0,0,0,0,0,0,0,0,0,0,0,0,0,0,0,0,0,0,0,0,0,0,0,0,0,0,0,0,0,0,0,0,0,0,0,0,0,0,0,0,0,0,0,0,0,0,0,0,0,0,0,0,0,0,0,0,0,0,0,0,0,0,0,0,0,0,0,0,0,0,0,0,0,0,0,0,0,0,0,0,0,0,0,0,0,0,0,0,0,0,0,0,0,0,0,0,0,0,0,0,0,0,0,0,0,0,0,0,0,0,0,0,0,0,0,0,0,0,0,0,0,0,0,0,0,0,0,0,0,0,0,0,0,0,0,0,0,0,0,0,0,0,0,0
Shuttle1,	0,0,0,0,0,0,0,0,0,0,0,0,0,0,0,0,0,0,0,0,0,0,0,0,0,0,0,0,0,0,0,0,0,0,0,0,0,0,0,0,0,0,0,0,0,0,0,0,0,0,0,0,0,0,0,0,0,0,0,0,0,0,0,0,0,0,0,0,0,0,0,0,0,0,0,0,0,0,0,0,0,0,0,0,0,0,0,0,0,0,0,0,0,0,0,0,0,0,0,0,0,0,0,0,0,0,0,0,0,0,0,0,0,0,0,0,0,0,0,0,0,0,0,0,0,0,0,0,0,0,0,0,0,0,0,0,0,0,0,0,0,0,0,0,0,0,0,0,0,0,0,0,0,0,0,0,0,0,0,0,0,0,0,0,0,0,0,0,0,0,0,0,0,0,0,0,0,0,0,0,0,0,0,0,0,0,0,0,0,0,0,0,0,0,0,0,0,0,0,0,0,0,0,0,0,0,0,0,0,0,0,0,0,0,0,0,0,0,0,0,0,0,0,0,0,0,0,0,0,0,0,0,0,0,0,0,0,0,0,0,0,0,0,0,0,0,0,0,0,0,0,0,0,0,0,0,0,0,0,0,0,0,0,0,0,0,0,0,0,0,0,0,0,0,0,0,0,0,0,0,0,0,0,0,0,0,0,0,0,0,0,0,0,0,0,0,0,0,0,0,0,0,0,0,0,0,0,0,0,0,0,0,0,0,0,0,0,0,0,0,0,0,0,0,0,0,0,0,0,0,0,0,0,0,0,0,0,0,0,0,0,0,0,0,0,0,0,0,0,0,0,0,0,0,0,0,0,0,0,0,0,0,0,0,0,0,0,0,0,0,0,0,0,0,0,0,0,0,0,0,0,0,0,0,0,0,0,0,0,0,0,0,0,0,0,0,0,0,0,0,0,0,0,0,0,0,0,0,0,0,0,0,0,0,0,0,0,0,0,0,0,0,0,0,0,0,0,0,0,0,0,0,0,0,0,0,0,0,0,0,0,0,0,0,0,0,0,0,0,0,0,0,0,0,0,0,0,0,0,0,0,0,0,0,0,0,0,0,0,0,0,0,0,0,0,0,0,0,0,0,0,0,0,0,0,0,0,0,0,0,0,0,0,0,0,0,0,0,0,0,0,0,0,0,0,0,0,0,0,0,0,0,0,0,0,0,0,0,0,0,0,0,0,0,0,0,0,0,0,0,0,0,0,0,0,0,0,0,0,0,0,0,0,0,0,0,0,0,0,0,0,0,0,0,0,0,0,0,0,0,0,0,0,0,0,0,0,0,0,0,0,0,0,0,0,0,0,0,0,0,0,0,0,0,0,0,0,0,0,0,0,0,0,0,0,0,0,0,0,0,0,0,0,0,0,0,0,0,0,0,0,0,0,0,0,0,0,0,0,0,0,0,0,0,0,0,0,0,0,0,0,0,0,0,0,0,0,0,0,0,0,0,0,0,0,0,0,0,0,0,0,0,0,0,0,0,0,0,0,0,0,0,0,0,0,0,0,0,0,0,0,0,0,0,0,0,0,0,0,0,0,0,0,0,0,0,0,0,0,0,0,0,0,0,0,0,0,0,0,0,0,0,0,0,0,0,0,0,0,0,0,0,0,0,0,0,0,0,0,0,0,0,0,0,0,0,0,0,0,0,0,0,0,0,0,0,0,0,0,0,0,0,0,0,0,0,0,0,0,0,0,0,0,0,0,0,0,0,0,0,0,0,0,0,0,0,0,0,0,0,0,0,0,0,0,0,0,0,0,0,0,0,0,0,0,0,0,0,0,0,0,0,0,0,0,0,0,0,0,0,0,0,0,0,0,0,0,0,0,0,0,0,0,0,0,0,0,0,0,0,0,0,0,0,0,0,0,0,0,0,0,0,0,0,0,0,0,0,0,0,0,0,0,0,0,0,0,0,0,0,0,0,0,0,0,0,0,0,0,0,0,0,0,0,0,0,0,0,0,0,0,0,0,0,0,0,0,0,0,0,0,0,0,0,0,0,0,0,0,0,0,0,0,0,0,0,0,0,0,0,0,0,0,0,0,0,0,0,0,0,0,0,0,0,0,0,0,0,0,0,0,0,0,0,0,0,0,0,0,0,0,0,0,0,0,1,1,0,0,0,0,0,0,0,0,0,0,0,0,0,0,0,0,0,0,0,0,0,0,0,0,0,0,0,0,0,0,0,0,0,0,0,0,0,0,0,0,0,0,0,0,0,0,0,0,0,0,0,0,0,0,0,0,0,0,0,0,0,0,0,0,0,0,0,0,0,0,0,0,0,0,0,0,0,0,0,0,0,0,0,0,0,0,0,0,0,0,0,0,0,0,0,0,0,0,0,0,0,0,0,0,0,0,0,0,0,0,0,0,0,0,0,0,0,0,0,0,0,0,0,0,0,0,0,0,0,0,0,0,0,0,0,0,0,0,0,0,0,0,0,0,0,0,0,0,0,0,0,0,0,0,0,0,0,0,0,0,0,0,0,0,0,0,0,0,0,0,0,0,0,0,0,0,0,0,0,0,0,0,0,0,0,0,0,0,0,0,0,0,0,0,0,0,0,0,0,0,0,0,0,0,0,0,0,0,0,0,0,0,0,0,0,0,0,0,0,0,0,0,0,0,0,0,0,0,0,0,0,0,0,0,0,0,0,0,0,0,0,0,0,0,0,0,0,0,0,0,0,0,0,0,0,0,0,0,0,0,0,0,0,0,0,0,0,0,0,0,0,0,0,0,0,0,0,0,0,0,0,0,0,0,0,0,0,0,0,0,0,0,0,0,0,0,0,0,0,0,0,0,0,0,0,0,0,0,0,0,0,0,0,0,0,0,0,0,0,0,0,0,0,0,0,0,0,0,0,0,0,0,0,0,0,0,0,0,0,0,0,0,0,0,0,0,0,0,0,0,0,0,0,0,0,0,0,0,0,0,0,0,0,0,0,0,0,0,0,0,0,0,0,0,0,0,0,0,0,0,0,0,0,0,0,0,0,0,0,0,0,0,0,0,0,0,0,0,0,0,0,0,0,0,0,0,0,0,0,0,0,0,0,0,0,0,0,0,0,0,0,0,0,0,0,0,0,0,0,0,0,0,0,0,0,0,0,0,0,0,0,0,0,0,0,0,0,0,0,0,0,0,0,0,0,0,0,0,0,0,0,0,0,0,0,0,0,0,0,0,0,0,0,0,0,0,0,0,0,0,0,0,0,0,0,0,0,0,0,0,0,0,0,0,0,0,0,0,0,0,0,0,0
Shuttle2,	0,0,0,0,0,0,0,0,0,0,0,0,0,0,0,0,0,0,0,1,1,1,1,1,1,1,2,2,2,2,0,0,0,0,0,0,0,0,0,0,0,0,0,0,0,0,0,0,0,0,0,0,0,0,0,0,0,0,0,0,0,0,0,0,0,0,0,0,0,0,0,0,0,0,0,0,0,0,0,0,0,0,0,0,0,0,0,0,0,0,0,0,0,0,0,0,0,0,0,0,0,0,0,0,0,0,0,0,0,0,0,0,0,0,0,0,0,0,0,0,0,0,0,0,0,0,0,0,0,0,0,0,0,0,0,0,0,0,0,0,0,0,0,0,0,0,0,0,0,0,0,0,0,0,0,0,0,0,0,0,0,0,0,0,0,0,0,0,0,0,0,0,0,0,0,0,0,0,0,0,0,0,0,0,0,0,0,0,0,0,0,0,0,0,0,0,0,0,0,0,0,0,0,0,0,0,0,0,0,0,0,0,0,0,0,0,0,0,0,0,0,0,0,0,0,0,0,0,0,0,0,0,0,0,0,0,0,0,0,0,0,0,0,0,0,0,0,0,0,0,0,0,0,0,0,0,0,0,0,0,0,0,0,0,0,0,0,0,0,0,0,0,0,0,0,0,0,0,0,0,0,0,0,0,0,0,0,0,0,0,0,0,0,0,0,0,0,0,0,0,0,0,0,0,0,0,0,0,0,0,0,1,1,0,0,0,0,0,0,0,0,0,0,0,0,0,0,0,0,0,0,0,0,0,0,0,0,0,0,0,0,0,0,0,0,0,0,0,0,0,0,0,0,0,0,0,0,0,0,0,0,0,0,0,0,0,0,0,0,0,0,0,0,0,0,0,0,0,0,0,0,0,0,0,0,0,0,0,0,0,0,0,0,0,0,0,0,0,0,0,0,0,0,0,0,0,0,0,0,0,0,0,0,0,0,0,0,0,0,0,0,0,0,0,0,0,0,0,0,0,0,0,0,0,0,0,0,0,0,0,0,0,0,0,0,0,0,0,0,0,0,0,0,0,0,0,0,0,0,0,0,0,0,0,0,0,0,0,0,0,0,0,0,0,0,0,0,0,0,0,0,0,0,0,0,0,0,0,0,0,0,0,0,0,0,0,0,0,0,0,0,0,0,0,0,0,0,0,0,0,0,0,0,0,0,0,0,0,0,0,0,0,0,0,0,0,0,0,0,0,0,0,0,0,0,0,0,0,0,0,0,0,0,0,0,0,0,0,0,0,0,9,9,9,9,9,6,6,0,0,0,0,0,0,0,0,0,0,0,0,0,0,0,0,0,0,0,0,0,0,0,0,0,0,0,0,0,0,0,0,0,0,0,0,0,0,0,0,0,0,0,0,0,0,0,0,0,0,0,0,0,0,0,0,0,0,0,0,0,0,0,0,0,0,0,0,0,0,0,0,0,0,0,0,0,0,0,0,0,0,0,0,0,0,0,0,0,0,0,0,0,0,0,0,0,0,0,0,0,0,0,0,0,0,0,0,0,0,0,0,0,0,0,0,0,0,0,0,0,0,0,0,0,0,0,0,0,0,0,0,0,0,0,0,0,0,0,0,0,0,0,0,0,0,0,0,0,0,0,0,0,0,0,0,0,0,0,0,0,0,0,0,0,0,0,0,0,0,0,0,0,0,0,0,0,0,0,0,0,0,0,0,0,0,0,0,0,0,0,0,0,0,0,0,0,0,0,0,0,0,0,0,0,0,0,0,0,0,0,0,0,0,0,0,0,0,0,0,0,0,0,0,0,0,0,0,0,0,0,0,0,0,0,0,0,0,0,0,0,0,0,0,0,0,0,0,0,0,0,0,0,0,0,0,0,0,0,0,0,0,0,0,0,0,0,0,0,0,0,0,0,0,0,0,0,0,0,0,0,0,0,0,0,0,0,0,0,0,0,0,0,0,0,0,0,0,0,0,0,0,0,0,0,0,0,0,0,0,0,0,0,0,0,0,0,0,0,0,0,0,0,0,0,0,0,0,0,0,0,0,0,0,0,0,0,0,0,0,0,0,0,0,0,0,0,0,0,0,0,0,0,0,0,0,0,0,0,0,0,0,0,0,0,0,0,0,0,0,0,0,0,0,0,0,0,0,0,0,0,0,0,0,0,0,0,0,0,0,0,0,0,0,0,0,0,0,0,0,0,0,0,0,0,0,0,0,0,0,0,0,0,0,0,0,0,0,0,0,0,0,0,0,0,0,0,0,0,0,0,0,0,0,0,0,0,0,0,0,0,0,0,0,0,0,0,0,0,0,0,0,0,0,0,0,0,0,0,0,0,0,0,0,0,0,0,0,0,0,0,0,0,0,0,0,0,0,0,0,0,0,0,0,0,0,0,0,0,0,0,0,0,0,0,0,0,0,0,0,0,0,0,0,0,0,0,0,0,0,0,0,0,0,0,0,0,0,0,0,0,0,0,0,0,0,0,0,0,0,0,0,0,0,0,0,0,0,0,0,0,0,0,0,0,0,0,0,0,0,0,0,0,0,0,0,0,0,0,0,0,0,0,0,0,0,0,0,0,0,0,0,0,0,0,0,0,0,0,0,0,0,0,0,0,0,0,0,0,0,0,0,0,0,0,0,0,0,0,0,0,0,0,0,0,0,0,0,0,0,0,0,0,0,0,0,0,0,0,0,0,0,0,0,0,0,0,0,0,0,0,0,0,0,0,0,0,0,0,0,0,0,0,0,0,0,0,0,0,0,0,0,0,0,0,0,0,0,0,0,0,0,0,0,0,0,0,0,0,0,0,0,0,0,0,0,0,0,0,0,0,0,0,0,0,0,0,0,0,0,0,0,0,0,0,0,0,0,0,0,0,0,0,0,0,0,0,0,0,0,0,0,0,0,0,0,0,0,0,0,0,0,0,0,0,0,0,0,0,0,0,0,0,0,0,0,0,0,0,0,0,0,0,0,0,0,0,0,0,0,0,0,0,0,0,0,0,0,0,0,0,0,0,0,0,0,0,0,0,0,0,0,0,0,0,0,0,0,0,0,0,0,0,0,0,0,0,0,0,0,0,0,0,0,0,0,0,0,0,0,0,0,0,0,0,0,0,0,0,0,0,0,0,0,0,0,0,0,0,0,0,0,0,0,0,0,0,0,0,0,0,0,0,0,0,0,0,0,0,0,0,0,0,0,0,0,0,0,0,0,0,0,0,0,0,0,0,0,0,0,0,0,0,0,0,0,0,0,0,0,0,0,0,0,0,0,0,0,0,0,0,0
Shuttle3,	0,0,0,0,0,0,0,0,0,0,0,0,0,0,0,0,0,0,0,0,0,0,0,0,0,0,0,0,0,0,0,0,0,0,0,0,0,0,0,0,0,0,0,0,0,0,0,0,0,0,0,0,0,0,0,0,0,0,0,0,0,0,0,0,0,0,0,0,0,0,0,0,0,0,0,0,0,0,0,0,0,0,0,0,0,0,0,0,0,0,0,0,0,0,0,0,0,0,0,0,0,0,0,0,0,0,0,0,0,0,0,0,0,0,0,0,0,0,0,0,0,0,0,0,0,0,0,0,0,0,0,0,0,0,0,0,0,0,0,0,0,0,0,0,0,0,0,0,0,0,0,0,0,0,0,0,0,0,0,0,0,0,0,0,0,0,0,0,0,0,0,0,0,0,0,0,0,0,0,0,0,0,0,0,0,0,0,0,0,0,0,0,0,0,0,0,0,0,0,0,0,0,0,0,0,0,0,0,0,0,0,0,0,0,0,0,0,0,0,0,0,0,0,0,0,0,0,0,0,0,0,0,0,0,0,0,0,0,0,0,0,0,0,0,0,0,0,0,0,0,0,0,0,0,0,0,0,0,0,0,0,0,0,0,0,0,0,0,0,0,0,0,0,0,0,0,0,0,0,0,0,0,0,0,0,0,0,0,0,0,0,0,0,0,0,0,0,0,0,0,0,0,0,0,0,0,0,0,0,0,0,0,0,0,0,0,0,0,0,0,0,0,0,0,0,0,0,0,0,0,0,0,0,0,0,0,0,0,0,0,0,0,0,0,0,0,0,0,0,0,0,0,0,0,0,0,0,0,0,0,0,0,0,0,0,0,0,0,0,0,0,0,0,0,0,0,0,0,0,0,0,0,0,0,0,0,0,0,0,0,0,0,0,0,0,0,0,0,0,0,0,0,0,0,0,0,0,0,0,0,0,0,0,0,0,0,0,0,0,0,0,0,0,0,0,0,0,0,0,0,0,0,0,0,0,0,0,0,0,0,0,0,0,0,0,0,0,0,0,0,0,0,0,0,0,0,0,0,0,0,0,0,0,0,0,0,0,0,0,0,0,0,0,0,0,0,0,0,0,0,0,0,0,0,0,0,0,0,0,0,0,0,0,0,0,0,0,0,0,0,0,0,0,0,0,0,0,0,0,0,0,0,0,0,0,0,0,0,0,0,0,0,0,0,0,0,0,0,0,0,0,0,0,0,0,0,0,0,0,0,0,0,0,0,0,0,0,0,0,0,0,0,0,0,0,0,0,0,0,0,0,0,0,0,0,0,0,0,0,0,0,0,0,0,0,0,0,0,0,0,0,0,0,0,0,0,0,0,0,0,0,0,0,0,0,0,0,0,0,0,0,0,0,0,0,0,0,0,0,0,0,0,0,0,0,0,0,0,0,0,0,0,0,0,0,0,0,0,0,0,0,0,0,0,0,0,0,0,0,0,0,0,0,0,0,0,0,0,0,0,0,0,0,0,0,0,0,0,0,0,0,0,0,0,0,0,0,0,0,0,0,0,0,0,0,0,0,0,0,0,0,0,0,0,0,0,0,0,0,0,0,0,0,0,0,0,0,0,0,0,0,0,0,0,0,0,0,0,0,0,0,0,0,0,0,0,0,0,0,0,0,0,0,0,0,0,0,0,0,0,0,0,0,0,0,0,0,0,0,0,0,0,0,0,0,0,0,0,0,0,0,0,0,0,0,0,0,0,0,0,0,0,0,0,0,0,0,0,0,0,0,0,0,0,0,0,0,0,0,0,0,0,0,0,0,0,0,0,0,0,0,0,0,0,0,0,0,0,0,0,0,0,0,0,0,0,0,0,0,0,0,0,0,0,0,0,0,0,0,0,0,0,0,0,0,0,0,0,0,0,0,0,0,0,0,0,0,0,0,0,0,0,0,0,0,0,0,0,0,0,0,0,0,0,0,0,0,0,0,0,0,0,0,0,0,0,0,0,0,0,0,0,0,0,0,0,0,0,0,0,0,0,0,0,0,0,0,0,0,0,0,0,0,0,0,0,0,0,0,0,0,0,0,0,0,0,0,0,0,0,0,0,0,0,0,0,0,0,0,0,0,0,0,0,0,0,0,0,0,0,0,0,0,0,0,0,0,0,0,0,0,0,0,0,0,0,0,0,0,0,0,0,0,0,0,0,0,0,0,0,0,0,0,0,0,0,0,0,0,0,0,0,0,0,0,0,0,0,0,0,0,0,0,0,0,0,0,0,0,0,0,0,0,0,0,0,0,0,0,0,0,0,0,0,0,0,0,0,0,0,0,0,0,0,0,0,0,0,0,0,0,0,0,0,0,0,0,0,0,0,0,0,0,0,0,0,0,0,0,0,0,0,0,0,0,0,0,0,0,0,0,0,0,0,0,0,0,0,0,0,0,0,0,0,0,0,0,0,0,0,0,0,0,0,0,0,0,0,0,0,0,0,0,0,0,0,0,0,0,0,0,0,0,0,0,0,0,0,0,0,0,0,0,0,0,0,0,0,0,0,0,0,0,0,0,0,0,0,0,0,0,0,0,0,0,0,0,0,0,0,0,0,0,0,0,0,0,0,0,0,0,0,0,0,0,0,0,0,0,0,0,0,0,0,0,0,0,0,0,0,0,0,0,0,0,0,0,0,0,0,0,0,0,0,0,0,0,0,0,0,0,0,0,0,0,0,0,0,0,0,0,0,0,0,0,0,0,0,0,0,0,0,0,0,0,0,0,0,0,0,0,0,0,0,0,0,0,0,0,0,0,0,0,0,0,0,0,0,0,0,0,0,0,0,0,0,0,0,0,0,0,0,0,0,0,0,0,0,0,0,0,0,0,0,0,0,0,0,0,0,0,0,0,0,0,0,0,0,0,0,0,0,0,0,0,0,0,0,0,0,0,0,0,0,0,0,0,0,0,0,0,0,0,0,0,0,0,0,0,0,0,0,0,0,0,0,0,0,0,0,0,0,0,0,0,0,0,0,0,0,0,0,0,0,0,0,0,0,0,0,0,0,0,0,0,0,0,0,0,0,0,0,0,0,0,0,0,0,0,0,0,0,0,0,0,0,0,0,0,0,0,0,0,0,0,0,0,0,0,0,0,0,0,0,0,0,0,0,0,0,0,0,0,0,0,0,0,0,0,0,0,0,0,0,0,0,0,0,0,0,0,0,0,0,0,0,0,0,0,0,0,0,0,0,0,0,0,0,0,0,0,0,0,0,0,0,0,0,0,0,0,0,0,0,0,0,0,0,0,0
Shuttle4,	0,0,0,0,0,0,0,0,0,0,0,0,0,0,0,0,0,0,0,0,0,0,0,0,0,0,0,0,0,0,0,0,0,0,0,0,0,0,0,0,0,0,0,0,0,0,0,0,0,0,0,0,0,0,0,0,0,0,0,0,0,0,0,0,0,0,0,0,0,0,0,0,0,0,0,0,0,0,0,0,0,0,0,0,0,0,0,0,0,0,0,0,0,0,0,0,0,0,0,0,0,0,0,0,0,0,0,0,0,0,0,0,0,0,0,0,0,0,0,0,0,0,0,0,0,0,0,0,0,0,0,0,0,0,0,0,0,0,0,0,0,0,0,0,0,0,0,0,0,0,0,0,0,0,0,0,0,0,0,0,0,0,0,0,0,0,0,0,0,0,0,0,0,0,0,0,0,0,0,0,0,0,0,0,0,0,0,0,0,0,0,0,0,0,0,0,0,0,0,0,0,0,0,0,0,0,0,0,0,0,0,0,0,0,0,0,0,0,0,0,0,0,0,0,0,0,0,0,0,0,0,0,0,0,0,0,0,0,0,0,0,0,0,0,0,0,0,0,0,0,0,0,0,0,0,0,0,0,0,0,0,0,0,0,0,0,0,0,0,0,0,0,0,0,0,0,0,0,0,0,0,0,0,0,0,0,0,0,0,0,0,0,0,1,1,0,0,0,0,0,0,0,0,0,0,0,0,0,0,0,0,0,0,0,0,0,0,0,0,0,0,0,0,0,0,0,0,0,0,0,0,0,0,0,0,0,0,0,0,0,0,0,0,0,0,0,0,0,0,0,0,0,0,0,0,0,0,0,0,0,0,0,0,0,0,0,0,0,0,0,0,0,0,0,0,0,0,0,0,0,0,0,0,0,0,0,0,0,0,0,0,0,0,0,0,0,0,0,0,0,0,0,0,0,0,0,0,0,0,0,0,0,0,0,0,0,0,0,0,0,0,0,0,0,0,0,0,0,0,0,0,0,0,0,0,0,0,0,0,0,0,0,0,0,0,0,0,0,0,0,0,0,0,0,0,0,0,0,0,0,0,0,0,0,0,0,0,0,0,0,0,0,0,0,0,0,0,0,0,0,0,0,0,0,0,0,0,0,0,0,0,0,0,0,0,0,0,0,0,0,0,0,0,0,0,0,0,0,0,0,0,0,0,0,0,0,0,0,0,0,0,0,0,0,0,0,0,0,0,0,0,0,0,0,0,0,0,0,0,0,0,0,0,0,0,0,0,0,0,0,0,0,0,0,0,0,0,0,0,0,0,0,0,0,0,0,0,0,0,0,0,0,0,0,0,0,0,0,0,0,0,0,0,0,0,0,0,0,0,0,0,0,0,0,0,0,0,0,0,0,2,2,0,0,0,0,0,0,0,0,0,0,0,0,0,0,0,0,0,0,0,0,0,0,0,0,0,0,0,0,0,0,0,0,0,0,0,0,0,0,0,0,0,0,1,1,0,0,0,0,0,0,0,0,0,0,0,0,0,0,2,2,0,0,0,0,0,0,0,0,0,0,0,0,0,0,0,0,0,0,0,0,0,0,0,0,0,0,0,0,0,0,0,0,0,0,0,0,0,0,0,0,0,0,0,0,0,0,0,0,0,0,0,0,0,0,0,0,0,0,3,3,0,0,0,0,0,0,0,0,0,0,0,0,0,0,0,0,0,0,0,0,0,0,0,0,0,0,0,0,0,0,0,0,0,0,0,0,0,0,0,0,0,0,0,0,0,0,0,0,0,0,0,0,0,0,0,0,0,0,3,3,0,0,0,0,0,0,0,0,0,0,0,0,0,0,0,0,0,0,0,0,0,0,0,0,0,0,0,0,0,0,0,0,0,0,0,0,0,0,0,0,0,0,0,0,0,0,0,0,0,0,0,0,0,0,0,0,0,0,2,2,0,0,0,0,0,0,0,0,0,0,0,0,0,0,0,0,0,0,0,0,0,0,0,0,0,0,0,0,0,0,0,0,0,0,0,0,0,0,0,0,0,0,0,0,0,0,0,0,0,0,0,0,0,0,0,0,0,0,3,3,0,0,0,0,0,0,0,0,0,0,0,0,0,0,0,0,0,0,0,0,0,0,0,0,0,0,0,0,0,0,0,0,0,0,0,0,0,0,0,0,0,0,0,0,0,0,0,0,0,0,0,0,0,0,0,0,0,0,1,1,0,0,0,0,0,0,0,0,0,0,0,0,0,0,0,0,0,0,0,0,0,0,0,0,0,0,0,0,0,0,0,0,0,0,0,0,0,0,0,0,0,0,0,0,0,0,0,0,0,0,0,0,0,0,0,0,0,0,3,3,0,0,0,0,0,0,0,0,0,0,0,0,0,0,0,0,0,0,0,0,0,0,0,0,0,0,0,0,0,0,0,0,0,0,0,0,0,0,0,0,0,0,0,0,0,0,0,0,0,0,0,0,0,0,0,0,0,0,3,3,0,0,0,0,0,0,0,0,0,0,0,0,0,0,0,0,0,0,0,0,0,0,0,0,0,0,0,0,0,0,0,0,0,0,0,0,0,0,0,0,0,0,0,0,0,0,0,0,0,0,0,0,0,0,0,0,0,0,2,2,0,0,0,0,0,0,0,0,0,0,0,0,0,0,0,0,0,0,0,0,0,0,0,0,0,0,0,0,0,0,0,0,0,0,0,0,0,0,0,0,0,0,0,0,0,0,0,0,0,0,0,0,0,0,0,0,0,0,0,0,0,0,0,0,0,0,0,0,0,0,0,0,0,0,0,0,0,0,0,0,0,0,0,0,0,0,0,0,0,0,0,0,0,0,0,0,0,0,0,0,0,0,0,0,0,0,0,0,0,0,0,0,0,0,0,0,0,0,0,0,0,0,0,0,0,0,0,0,0,0,0,0,0,0,0,0,0,0,0,0,0,0,0,0,0,0,0,0,0,0,0,0,0,0,0,0,0,0,0,0,0,0,0,0,0,0,0,0,0,0,0,0,0,0,0,0,0,0,0,0,0,0,0,0,0,0,0,0,0,0,0,0,0,0,0,0,0,0,0,0,0,0,0,0,0,0,0,0,0,0,0,0,0,0,0,0,0,0,0,0,0,0,0,0,0,0,0,0,0,0,0,0,0,0,0,0,0,0,0,0,0,0,0,0,0,0,0,0,0,0,0,0,0,0,0,0,0,0,0,0,0,0,0,0,0,0,0,0,0,0,0,0,0,0,0,0,0,0,0,0,0,0,0,0,0,0,0,0,0,0,0,0,0,0,0,0,0,0
Shuttle5,	0,0,0,0,0,0,0,1,1,1,1,1,1,1,1,1,1,1,1,1,1,1,1,2,2,2,2,2,2,2,2,1,1,1,1,1,1,1,1,1,1,1,1,1,0,0,0,0,0,0,0,0,0,0,0,0,0,0,0,0,0,0,0,0,0,0,0,0,0,0,0,0,0,0,0,0,0,0,0,0,0,0,0,0,0,0,0,0,0,0,0,0,0,0,0,0,0,0,0,0,0,0,0,0,0,0,0,0,0,0,0,0,0,0,0,0,0,0,0,0,0,0,0,0,0,0,0,0,0,0,0,0,0,0,0,0,0,0,0,0,0,0,0,0,0,0,0,0,0,0,0,0,0,0,0,0,0,0,0,0,0,0,0,0,0,0,0,0,0,0,0,0,0,0,0,0,0,0,0,0,0,0,0,0,0,0,0,0,0,0,0,0,0,0,0,0,0,0,0,0,0,0,0,0,0,0,0,0,0,0,0,0,0,0,0,0,0,0,0,0,0,0,0,0,0,0,0,0,0,0,0,0,0,0,0,0,0,0,0,0,0,0,0,0,0,0,0,0,0,0,0,0,0,0,0,0,0,0,0,0,0,0,0,0,0,0,0,0,0,0,0,0,0,0,0,0,0,0,0,0,0,0,0,0,0,0,0,0,0,0,0,0,0,0,0,0,0,0,0,0,0,0,0,0,0,0,0,0,0,0,0,0,0,0,0,0,0,0,0,0,0,0,0,0,0,0,0,0,0,0,0,0,0,0,0,0,0,0,0,0,0,0,0,0,0,0,0,0,0,0,0,0,0,0,0,0,0,0,0,0,0,0,0,0,0,0,0,0,0,0,0,0,0,0,0,0,0,0,0,0,0,0,0,0,0,0,0,0,0,0,0,0,0,0,0,0,0,0,0,0,0,0,0,0,0,0,0,0,0,0,0,0,0,0,0,0,0,0,0,0,0,0,0,0,0,0,0,0,0,0,0,0,0,0,0,0,0,0,0,0,0,0,0,0,0,0,0,0,0,0,0,0,0,0,0,0,0,0,0,0,0,0,0,0,0,0,0,0,0,0,0,0,0,0,0,0,0,0,0,0,0,0,0,0,0,0,0,0,0,0,0,0,0,0,0,0,0,0,0,0,0,0,0,0,0,0,0,0,0,0,0,0,0,0,0,0,0,0,0,0,0,0,0,0,0,0,0,0,0,0,0,0,0,0,0,0,0,0,0,0,0,0,0,0,0,0,0,0,0,0,0,0,0,0,0,0,0,0,0,0,0,0,0,0,0,0,0,0,0,0,0,0,0,0,0,0,0,0,0,0,0,0,0,0,0,0,0,0,0,0,0,0,0,0,0,0,0,0,0,0,0,0,0,0,0,0,0,0,0,0,0,0,0,0,0,0,0,0,0,0,0,0,0,0,0,0,0,0,0,0,0,0,0,0,0,0,0,0,0,0,0,0,0,0,0,0,0,0,0,0,0,0,0,0,0,0,0,0,0,0,0,0,0,0,0,0,0,0,0,0,0,0,0,0,0,0,0,0,0,0,0,0,0,0,0,0,0,0,0,0,0,0,0,0,0,0,0,0,0,0,0,0,0,0,0,0,0,0,0,0,0,0,0,0,0,0,0,0,0,0,0,0,0,0,0,0,0,0,0,0,0,0,0,0,0,0,0,0,0,0,0,0,0,0,0,0,0,0,0,0,0,0,0,0,0,0,0,0,0,0,0,0,0,0,0,0,0,0,0,0,0,0,0,0,0,0,0,0,0,0,0,0,0,0,0,0,0,0,0,0,0,0,0,0,0,0,0,0,0,0,0,0,0,0,0,0,0,0,0,0,0,0,0,0,0,0,0,0,0,0,0,0,0,0,0,0,0,0,0,0,0,0,0,0,0,0,0,0,0,0,0,0,0,0,0,0,0,0,0,0,0,0,0,0,0,0,0,0,0,0,0,0,0,0,0,0,0,0,0,0,0,0,0,0,0,0,0,0,0,0,0,0,0,0,0,0,0,0,0,0,0,0,0,0,0,0,0,0,0,0,0,0,0,0,0,0,0,0,0,0,0,0,0,0,0,0,0,0,0,0,0,0,0,0,0,0,0,0,0,0,0,0,0,0,0,0,0,0,0,0,0,0,0,0,0,0,0,0,0,0,0,0,0,0,0,0,0,0,0,0,0,0,0,0,0,0,0,0,0,0,0,0,0,0,0,0,0,0,0,0,0,0,0,0,0,0,0,0,0,0,0,0,0,0,0,0,0,0,0,0,0,0,0,0,0,0,0,0,0,0,0,0,0,0,0,0,0,0,0,0,0,0,0,0,0,0,0,0,0,0,0,0,0,0,0,0,0,0,0,0,0,0,0,0,0,0,0,0,0,0,0,0,0,0,0,0,0,0,0,0,0,0,0,0,0,0,0,0,0,0,0,0,0,0,0,0,0,0,0,0,0,0,0,0,0,0,0,0,0,0,0,0,0,0,0,0,0,0,0,0,0,0,0,0,0,0,0,0,0,0,0,0,0,0,0,0,0,0,0,0,0,0,0,0,0,0,0,0,0,0,0,0,0,0,0,0,0,0,0,0,0,0,0,0,0,0,0,0,0,0,0,0,0,0,0,0,0,0,0,0,0,0,0,0,0,0,0,0,0,0,0,0,0,0,0,0,0,0,0,0,0,0,0,0,0,0,0,0,0,0,0,0,0,0,0,0,0,0,0,0,0,0,0,0,0,0,0,0,0,0,0,0,0,0,0,0,0,0,0,0,0,0,0,0,0,0,0,0,0,0,0,0,0,0,0,0,0,0,0,0,0,0,0,0,0,0,0,0,0,0,0,0,0,0,0,0,0,0,0,0,0,0,0,0,0,0,0,0,0,0,0,0,0,0,0,0,0,0,0,0,0,0,0,0,0,0,0,0,0,0,0,0,0,0,0,0,0,0,0,0,0,0,0,0,0,0,0,0,0,0,0,0,0,0,0,0,0,0,0,0,0,0,0,0,0,0,0,0,0,0,0,0,0,0,0,0,0,0,0,0,0,0,0,0,0,0,0,0,0,0,0,0,0,0,0,0,0,0,0,0,0,0,0,0,0,0,0,0,0,0,0,0,0,0,0,0,0,0,0,0,0,0,0,0,0,0,0,0,0,0,0,0,0,0,0,0,0,0,0,0,0,0,0,0,0,0,0,0,0,0,0,0,0,0,0,0,0,0,0,0,0,0,0,0,0,0,0,0,0,0,0,0,0,0,0,0,0,0,0,0
Shuttle6,	0,0,0,0,0,0,0,1,1,1,1,1,1,1,1,1,1,1,1,1,1,1,1,1,1,1,1,1,1,1,1,1,0,0,0,0,0,0,0,0,0,0,0,0,0,0,0,0,0,0,0,0,0,0,0,0,0,0,0,0,0,0,0,0,0,0,0,0,0,0,0,0,0,0,0,0,0,0,0,0,0,0,0,0,0,0,0,0,0,0,0,0,0,0,0,0,0,0,0,0,0,0,0,0,0,0,0,0,0,0,0,0,0,0,0,0,0,0,0,0,0,0,0,0,0,0,0,0,0,0,0,0,0,0,0,0,0,0,0,0,0,0,0,0,0,0,0,0,0,0,0,0,0,0,0,0,0,0,0,0,0,0,0,0,0,0,0,0,0,0,0,0,0,0,0,0,0,0,0,0,0,0,0,0,0,0,0,0,0,0,0,0,0,0,0,0,0,0,0,0,0,0,0,0,0,0,0,0,0,0,0,0,0,0,0,0,0,0,0,0,0,0,0,0,0,0,0,0,0,0,0,0,0,0,0,0,0,0,0,0,0,0,0,0,0,0,0,0,0,0,0,0,0,0,0,0,0,0,0,0,0,0,0,0,0,0,0,0,0,0,0,0,0,0,0,0,0,0,0,0,0,0,0,0,0,0,0,0,0,0,0,0,0,0,0,0,0,0,0,0,0,0,0,0,0,0,0,0,0,0,0,0,0,0,0,0,0,0,0,0,0,0,0,0,0,0,0,0,0,0,0,0,0,0,0,0,0,0,0,0,0,0,0,0,0,0,0,0,0,0,0,0,0,0,0,0,0,0,0,0,0,0,0,0,0,0,0,0,0,0,0,0,0,0,0,0,0,0,0,0,0,0,0,0,0,0,0,0,0,0,0,0,0,0,0,0,0,0,0,0,0,0,0,0,0,0,0,0,0,0,0,0,0,0,0,0,0,0,0,0,0,0,0,0,0,0,0,0,0,0,0,0,0,0,0,0,0,0,0,0,0,0,0,0,0,0,0,0,0,0,0,0,0,0,0,0,0,0,0,0,0,0,0,0,0,0,0,0,0,0,0,0,0,0,0,0,0,0,0,0,0,0,0,0,0,0,0,0,0,0,0,0,0,0,0,0,0,0,0,0,0,0,0,0,0,0,0,0,0,0,0,0,0,0,0,0,0,0,0,0,0,0,0,0,0,0,0,0,0,0,0,0,0,0,0,0,0,0,0,0,0,0,0,0,0,0,0,0,0,0,0,0,0,0,0,0,0,0,0,0,0,0,0,0,0,0,0,0,0,0,0,0,0,0,0,0,0,0,0,0,0,0,0,0,0,0,0,0,0,0,0,0,0,0,0,0,0,0,0,0,0,0,0,0,0,0,0,0,0,0,0,0,0,0,0,0,0,0,0,0,0,0,0,0,0,0,0,0,0,0,0,0,0,0,0,0,0,0,0,0,0,0,0,0,0,0,0,0,0,0,0,0,0,0,0,0,0,0,0,0,0,0,0,0,0,0,0,0,0,0,0,0,0,0,0,0,0,0,0,0,0,0,0,0,0,0,0,0,0,0,0,0,0,0,0,0,0,0,0,0,0,0,0,0,0,0,0,0,0,0,0,0,0,0,0,0,0,0,0,0,0,0,0,0,0,0,0,0,0,0,0,0,0,0,0,0,0,0,0,0,0,0,0,0,0,0,0,0,0,0,0,0,0,0,0,0,0,0,0,0,0,0,0,0,0,0,0,0,0,0,0,0,0,0,0,0,0,0,0,0,0,0,0,0,0,0,0,0,0,0,0,0,0,0,0,0,0,0,0,0,0,0,0,0,0,0,0,0,0,0,0,0,0,0,0,0,0,0,0,0,0,0,0,0,0,0,0,0,0,0,0,0,0,0,0,0,0,0,0,0,0,0,0,0,0,0,0,0,0,0,0,0,0,0,0,0,0,0,0,0,0,0,0,0,0,0,0,0,0,0,0,0,0,0,0,0,0,0,0,0,0,0,0,0,0,0,0,0,0,0,0,0,0,0,0,0,0,0,0,0,0,0,0,0,0,0,0,0,0,0,0,0,0,0,0,0,0,0,0,0,0,0,0,0,0,0,0,0,0,0,0,0,0,0,0,0,0,0,0,0,0,0,0,0,0,0,0,0,0,0,0,0,0,0,0,0,0,0,0,0,0,0,0,0,0,0,0,0,0,0,0,0,0,0,0,0,0,0,0,0,0,0,0,0,0,0,0,0,0,0,0,0,0,0,0,0,0,0,0,0,0,0,0,0,0,0,0,0,0,0,0,0,0,0,0,0,0,0,0,0,0,0,0,0,0,0,0,0,0,0,0,0,0,0,0,0,0,0,0,0,0,0,0,0,0,0,0,0,0,0,0,0,0,0,0,0,0,0,0,0,0,0,0,0,0,0,0,0,0,0,0,0,0,0,0,0,0,0,0,0,0,0,0,0,0,0,0,0,0,0,0,0,0,0,0,0,0,0,0,0,0,0,0,0,0,0,0,0,0,0,0,0,0,0,0,0,0,0,0,0,0,0,0,0,0,0,0,0,0,0,0,0,0,0,0,0,0,0,0,0,0,0,0,0,0,0,0,0,0,0,0,0,0,0,0,0,0,0,0,0,0,0,0,0,0,0,0,0,0,0,0,0,0,0,0,0,0,0,0,0,0,0,0,0,0,0,0,0,0,0,0,0,0,0,0,0,0,0,0,0,0,0,0,0,0,0,0,0,0,0,0,0,0,0,0,0,0,0,0,0,0,0,0,0,0,0,0,0,0,0,0,0,0,0,0,0,0,0,0,0,0,0,0,0,0,0,0,0,0,0,0,0,0,0,0,0,0,0,0,0,0,0,0,0,0,0,0,0,0,0,0,0,0,0,0,0,0,0,0,0,0,0,0,0,0,0,0,0,0,0,0,0,0,0,0,0,0,0,0,0,0,0,0,0,0,0,0,0,0,0,0,0,0,0,0,0,0,0,0,0,0,0,0,0,0,0,0,0,0,0,0,0,0,0,0,0,0,0,0,0,0,0,0,0,0,0,0,0,0,0,0,0,0,0,0,0,0,0,0,0,0,0,0,0,0,0,0,0,0,0,0,0,0,0,0,0,0,0,0,0,0,0,0,0,0,0,0,0,0,0,0,0,0,0,0,0,0,0,0,0,0,0,0,0,0,0,0,0,0,0,0,0,0,0,0,0,0,0,0,0,0,0,0,0,0,0,0,0,0,0,0,0,0,0,0,0,0,0,0,0
Shuttle7,	0,0,0,0,0,0,0,0,0,0,0,0,0,0,0,0,0,0,0,0,0,0,0,0,0,0,0,0,0,0,0,0,0,0,0,0,0,0,0,0,0,0,0,0,0,0,0,0,0,0,0,0,0,0,0,0,0,0,0,0,0,0,0,0,0,0,0,0,0,0,0,0,0,0,0,1,1,1,1,1,1,1,0,0,0,0,0,0,0,0,0,0,0,0,0,0,0,0,0,0,0,0,0,0,0,0,0,0,0,0,0,0,0,0,0,0,0,0,0,0,0,0,0,0,0,0,0,0,0,0,0,0,0,0,0,0,0,0,0,0,0,0,0,0,0,0,0,0,0,0,0,0,0,0,0,0,0,0,0,0,0,0,0,0,0,0,0,0,0,0,0,0,0,0,0,0,0,0,0,0,0,0,0,0,0,0,0,0,0,0,0,0,0,0,0,0,0,0,0,0,0,0,0,0,0,0,0,0,0,0,0,0,0,0,0,0,0,0,0,0,0,0,0,0,0,0,0,0,0,0,0,0,0,0,0,0,0,0,0,0,0,0,0,0,0,0,0,0,0,0,0,0,0,0,0,0,0,0,0,0,0,0,0,0,0,0,0,0,0,0,0,0,0,0,0,0,0,0,0,0,0,0,0,0,0,0,0,0,0,0,0,0,0,0,0,0,0,0,0,0,0,0,0,0,0,0,0,0,0,0,0,0,0,0,0,0,0,0,0,0,0,0,0,0,0,0,0,0,0,0,0,0,0,0,0,0,0,0,0,0,0,0,0,0,0,0,0,0,0,0,0,0,0,0,0,0,0,0,0,0,0,0,0,0,0,0,0,0,0,0,0,0,0,0,0,0,0,0,0,0,0,0,0,0,0,0,0,0,0,0,0,0,0,0,0,0,0,0,0,0,0,0,0,0,0,0,0,0,0,0,0,0,0,0,0,0,0,0,0,0,0,0,0,0,0,0,0,0,0,0,0,0,0,0,0,0,0,0,0,0,0,0,0,0,0,0,0,0,0,0,0,0,0,0,0,0,0,0,0,0,0,0,0,0,0,0,0,0,0,0,0,0,0,0,0,0,0,0,0,0,0,0,0,0,0,0,0,0,0,0,0,0,0,0,0,0,0,0,0,0,0,0,0,0,0,0,0,0,0,0,0,0,0,0,0,0,0,0,0,0,0,0,0,0,0,0,0,0,0,0,0,0,0,0,0,0,0,0,0,0,0,0,0,0,0,0,0,0,0,0,0,0,0,0,0,0,0,0,0,0,0,0,0,0,0,0,0,0,0,0,0,0,0,0,0,0,0,0,0,0,0,0,0,0,0,0,0,0,0,0,0,0,0,0,0,0,0,0,0,0,0,0,0,0,0,0,0,0,0,0,0,0,0,0,0,0,0,0,0,0,0,0,0,0,0,0,0,0,0,0,0,0,0,0,0,0,0,0,0,0,0,0,0,0,0,0,0,0,0,0,0,0,0,0,0,0,0,0,0,0,0,0,0,0,0,0,0,0,0,0,0,0,0,0,0,0,0,0,0,0,0,0,0,0,0,0,0,0,0,0,0,0,0,0,0,0,0,0,0,0,0,0,0,0,0,0,0,0,0,0,0,0,0,0,0,0,0,0,0,0,0,0,0,0,0,0,0,0,0,0,0,0,0,0,0,0,0,0,0,0,0,0,0,0,0,0,0,0,0,0,0,0,0,0,0,0,0,0,0,0,0,0,0,0,0,0,0,0,0,0,0,0,0,0,0,0,0,0,0,0,0,0,0,0,0,0,0,0,0,0,0,0,0,0,0,0,0,0,0,0,0,0,0,0,0,0,0,0,0,0,0,0,0,0,0,0,0,0,0,0,0,0,0,0,0,0,0,0,0,0,0,0,0,0,0,0,0,0,0,0,0,0,0,0,0,0,0,0,0,0,0,0,0,0,0,0,0,0,0,0,0,0,0,0,0,0,0,0,0,0,0,0,0,0,0,0,0,0,0,0,0,0,0,0,0,0,0,0,0,0,0,0,0,0,0,0,0,0,0,0,0,0,0,0,0,0,0,0,0,0,0,0,0,0,0,0,0,0,0,0,0,0,0,0,0,0,0,0,0,0,0,0,0,0,0,0,0,0,0,0,0,0,0,0,0,0,0,0,0,0,0,0,0,0,0,0,0,0,0,0,0,0,0,0,0,0,0,0,0,0,0,0,0,0,0,0,0,0,0,0,0,0,0,0,0,0,0,0,0,0,0,0,0,0,0,0,0,0,0,0,0,0,0,0,0,0,0,0,0,0,0,0,0,0,0,0,0,0,0,0,0,0,0,0,0,0,0,0,0,0,0,0,0,0,0,0,0,0,0,0,0,0,0,0,0,0,0,0,0,0,0,0,0,0,0,0,0,0,0,0,0,0,0,0,0,0,0,0,0,0,0,0,0,0,0,0,0,0,0,0,0,0,0,0,0,0,0,0,0,0,0,0,0,0,0,0,0,0,0,0,0,0,0,0,0,0,0,0,0,0,0,0,0,0,0,0,0,0,0,0,0,0,0,0,0,0,0,0,0,0,0,0,0,0,0,0,0,0,0,0,0,0,0,0,0,0,0,0,0,0,0,0,0,0,0,0,0,0,0,0,0,0,0,0,0,0,0,0,0,0,0,0,0,0,0,0,0,0,0,0,0,0,0,0,0,0,0,0,0,0,0,0,0,0,0,0,0,0,0,0,0,0,0,0,0,0,0,0,0,0,0,0,0,0,0,0,0,0,0,0,0,0,0,0,0,0,0,0,0,0,0,0,0,0,0,0,0,0,0,0,0,0,0,0,0,0,0,0,0,0,0,0,0,0,0,0,0,0,0,0,0,0,0,0,0,0,0,0,0,0,0,0,0,0,0,0,0,0,0,0,0,0,0,0,0,0,0,0,0,0,0,0,0,0,0,0,0,0,0,0,0,0,0,0,0,0,0,0,0,0,0,0,0,0,0,0,0,0,0,0,0,0,0,0,0,0,0,0,0,0,0,0,0,0,0,0,0,0,0,0,0,0,0,0,0,0,0,0,0,0,0,0,0,0,0,0,0,0,0,0,0,0,0,0,0,0,0,0,0,0,0,0,0,0,0,0,0,0,0,0,0,0,0,0,0,0,0,0,0,0,0,0,0,0,0,0,0,0,0,0,0,0,0,0,0,0,0,0,0,0,0,0,0,0,0,0,0,0,0,0,0,0,0,0,0,0,0,0,0,0,0,0,0,0,0,0,0,0,0,0
Shuttle8,	0,0,0,0,0,0,0,0,0,0,0,0,0,0,0,0,0,0,0,0,0,0,0,0,0,0,0,0,0,0,0,0,0,0,0,0,0,0,0,0,0,0,0,0,0,0,0,0,0,0,0,0,0,0,0,0,0,0,0,0,0,0,0,0,0,0,0,0,0,0,0,0,0,0,0,0,0,0,0,0,0,0,0,0,0,0,0,0,0,0,0,0,0,0,0,0,0,0,0,0,0,0,0,0,0,0,0,0,0,0,0,0,0,0,0,0,0,0,0,0,0,0,0,0,0,0,0,0,0,0,0,0,0,0,0,0,0,0,0,0,0,0,0,0,0,0,0,0,0,0,0,0,0,0,0,0,0,0,0,0,0,0,0,0,0,0,0,0,0,0,0,0,0,0,0,0,0,0,0,0,0,0,0,0,0,0,0,0,0,0,0,0,0,0,0,0,0,0,0,0,0,0,0,0,0,0,0,0,0,0,0,0,0,0,0,0,0,0,0,0,0,0,0,0,0,0,0,0,0,0,0,0,0,0,0,0,0,0,0,0,0,0,0,0,0,0,0,0,0,0,0,0,0,0,0,0,0,0,0,0,0,0,0,0,0,0,0,0,0,0,0,0,0,0,0,0,0,0,0,0,0,0,0,0,0,0,0,0,0,0,0,0,0,0,0,0,0,0,0,0,0,0,0,0,0,0,0,0,0,0,0,0,0,0,0,0,0,0,0,0,0,0,0,0,0,0,0,0,0,0,0,0,0,0,0,0,0,0,0,0,0,0,0,0,0,0,0,0,0,0,0,0,0,0,0,0,0,0,0,0,0,0,0,0,0,0,0,0,0,0,0,0,0,0,0,0,0,0,0,0,0,0,0,0,0,0,0,0,0,0,0,0,0,0,0,0,0,0,0,0,0,0,0,0,0,0,0,0,0,0,0,0,0,0,0,0,0,0,0,0,0,0,0,0,0,0,0,0,0,0,0,0,0,0,0,0,0,0,0,0,0,0,0,0,0,0,0,0,0,0,0,0,0,0,0,0,0,0,0,0,0,0,0,0,0,0,0,0,0,0,0,0,0,0,0,0,0,0,0,0,0,0,0,0,0,0,0,0,0,0,0,0,0,0,0,0,0,0,0,0,0,0,0,0,0,0,0,0,0,0,0,0,0,0,0,0,0,0,0,0,0,0,0,0,0,0,0,0,0,0,0,0,0,0,0,0,0,0,0,0,0,0,0,0,0,0,0,0,0,0,0,0,0,0,0,0,0,0,0,0,0,0,0,0,0,0,0,0,0,0,0,0,0,0,0,0,0,0,0,0,0,0,0,0,0,0,0,0,0,0,0,0,0,0,0,0,0,0,0,0,0,0,0,0,0,0,0,0,0,0,0,0,0,0,0,0,0,0,0,0,0,0,0,0,0,0,0,0,0,0,0,0,0,0,0,0,0,0,0,0,0,0,0,0,0,0,0,0,0,0,0,0,0,0,0,0,0,0,0,0,0,0,0,0,0,0,0,0,0,0,0,0,0,0,0,0,0,0,0,0,0,0,0,0,0,0,0,0,0,0,0,0,0,0,0,0,0,0,0,0,0,0,0,0,0,0,0,0,0,0,0,0,0,0,0,0,0,0,0,0,0,0,0,0,0,0,0,0,0,0,0,0,0,0,0,0,0,0,0,0,0,0,0,0,0,0,0,0,0,0,0,0,0,0,0,0,0,0,0,0,0,0,0,0,0,0,0,0,0,0,0,0,0,0,0,0,0,0,0,0,0,0,0,0,0,0,0,0,0,0,0,0,0,0,0,0,0,0,0,0,0,0,0,0,0,0,0,0,0,0,0,0,0,0,0,0,0,0,0,0,0,0,0,0,0,0,0,0,0,0,0,0,0,0,0,0,0,0,0,0,0,0,0,0,0,0,0,0,0,0,0,0,0,0,0,0,0,0,0,0,0,0,0,0,0,0,0,0,0,0,0,0,0,0,0,0,0,0,0,0,0,0,0,0,0,0,0,0,0,0,0,0,0,0,0,0,0,0,0,0,0,0,0,0,0,0,0,0,0,0,0,0,0,0,0,0,0,0,0,0,0,0,0,0,0,0,0,0,0,0,0,0,0,0,0,0,0,0,0,0,0,0,0,0,0,0,0,0,0,0,0,0,0,0,0,0,0,0,0,0,0,0,0,0,0,0,0,0,0,0,0,0,0,0,0,0,0,0,0,0,0,0,0,0,0,0,0,0,0,0,0,0,0,0,0,0,0,0,0,0,0,0,0,0,0,0,0,0,0,0,0,0,0,0,0,0,0,0,0,0,0,0,0,0,0,0,0,0,0,0,0,0,0,0,0,0,0,0,0,0,0,0,0,0,0,0,0,0,0,0,0,0,0,0,0,0,0,0,0,0,0,0,0,0,0,0,0,0,0,0,0,0,0,0,0,0,0,0,0,0,0,0,0,0,0,0,0,0,0,0,0,0,0,0,0,0,0,0,0,0,0,0,0,0,0,0,0,0,0,0,0,0,0,0,0,0,0,0,0,0,0,0,0,0,0,0,0,0,0,0,0,0,0,0,0,0,0,0,0,0,0,0,0,0,0,0,0,0,0,0,0,0,0,0,0,0,0,0,0,0,0,0,0,0,0,0,0,0,0,0,0,0,0,0,0,0,0,0,0,0,0,0,0,0,0,0,0,0,0,0,0,0,0,0,0,0,0,0,0,0,0,0,0,0,0,0,0,0,0,0,0,0,0,0,0,0,0,0,0,0,0,0,0,0,0,0,0,0,0,0,0,0,0,0,0,0,0,0,0,0,0,0,0,0,0,0,0,0,0,0,0,0,0,0,0,0,0,0,0,0,0,0,0,0,0,0,0,0,0,0,0,0,0,0,0,0,0,0,0,0,0,0,0,0,0,0,0,0,0,0,0,0,0,0,0,0,0,0,0,0,0,0,0,0,0,0,0,0,0,0,0,0,0,0,0,0,0,0,0,0,0,0,0,0,0,0,0,0,0,0,0,0,0,0,0,0,0,0,0,0,0,0,0,0,0,0,0,0,0,0,0,0,0,0,0,0,0,0,0,0,0,0,0,0,0,0,0,0,0,0,0,0,0,0,0,0,0,0,0,0,0,0,0,0,0,0,0,0,0,0,0,0,0,0,0,0,0,0,0,0,0,0,0,0,0,0,0,0,0,0,0,0,0,0,0,0,0,0,0,0,0,0,0,0,0,0,0,0,0,0,0,0,0,0,0,0,0,0,0,0
Shuttle9,	0,0,0,0,0,0,0,0,1,1,1,1,1,1,1,1,1,1,1,1,1,1,1,1,1,1,1,1,1,2,2,2,1,1,1,1,1,1,1,1,1,1,1,1,1,0,0,0,0,0,0,0,0,0,0,0,0,0,0,0,0,0,0,0,0,0,0,0,0,0,0,0,0,0,0,0,0,0,0,0,0,0,0,0,0,0,0,0,0,0,0,0,0,0,0,0,0,0,0,0,0,0,0,0,0,0,0,0,0,0,0,0,0,0,0,0,0,0,0,0,0,0,0,0,0,0,0,0,0,0,0,0,0,0,0,0,0,0,0,0,0,0,0,0,0,0,0,0,0,0,0,0,0,0,0,0,0,0,0,0,0,0,0,0,0,0,0,0,0,0,0,0,0,0,0,0,0,0,0,0,0,0,0,0,0,0,0,0,0,0,0,0,0,0,0,0,0,0,0,0,0,0,0,0,0,0,0,0,0,0,0,0,0,0,0,0,0,0,0,0,0,0,0,0,0,0,0,0,0,0,0,0,0,0,0,0,0,0,0,0,0,0,0,0,0,0,0,0,0,0,0,0,0,0,0,0,0,0,0,0,0,0,0,0,0,0,0,0,0,0,0,0,0,0,0,0,0,0,0,0,0,0,0,0,0,0,0,0,0,0,0,0,0,0,0,0,0,0,0,0,0,0,0,0,0,0,0,0,0,0,0,0,0,0,0,0,0,0,0,0,0,0,0,0,0,0,0,0,0,0,0,0,0,0,0,0,0,0,0,0,0,0,0,0,0,0,0,0,0,0,0,0,0,0,0,0,0,0,0,0,0,0,0,0,0,0,0,0,0,0,0,0,0,0,0,0,0,0,0,0,0,0,0,0,0,0,0,0,0,0,0,0,0,0,0,0,0,0,0,0,0,0,0,0,0,0,0,0,0,0,0,0,0,0,0,0,0,0,0,0,0,0,0,0,0,0,0,0,0,0,0,0,0,0,0,0,0,0,0,0,0,0,0,0,0,0,0,0,0,0,0,0,0,0,0,0,0,0,0,0,0,0,0,0,0,0,0,0,0,0,0,0,0,0,0,0,0,0,0,0,0,0,0,0,0,0,0,0,0,0,0,0,0,0,0,0,0,0,0,0,0,0,0,0,0,0,0,0,0,0,0,0,0,0,0,0,0,0,0,0,0,0,0,0,0,0,0,0,0,0,0,0,0,0,0,0,0,0,0,0,0,0,0,0,0,0,0,0,0,0,0,0,0,0,0,0,0,0,0,0,0,0,0,0,0,0,0,0,0,0,0,0,0,0,0,0,0,0,0,0,0,0,0,0,0,0,0,0,0,0,0,0,0,0,0,0,0,0,0,0,0,0,0,0,0,0,0,0,0,0,0,0,0,0,0,0,0,0,0,0,0,0,0,0,0,0,0,0,0,0,0,0,0,0,0,0,0,0,0,0,0,0,0,0,0,0,0,0,0,0,0,0,0,0,0,0,0,0,0,0,0,0,0,0,0,0,0,0,0,0,0,0,0,0,0,0,0,0,0,0,0,0,0,0,0,0,0,0,0,0,0,0,0,0,0,0,0,0,0,0,0,0,0,0,0,0,0,0,0,0,0,0,0,0,0,0,0,0,0,0,0,0,0,0,0,0,0,0,0,0,0,0,0,0,0,0,0,0,0,0,0,0,0,0,0,0,0,0,0,0,0,0,0,0,0,0,0,0,0,0,0,0,0,0,0,0,0,0,0,0,0,0,0,0,0,0,0,0,0,0,0,0,0,0,0,0,0,0,0,0,0,0,0,0,0,0,0,0,0,0,0,0,0,0,0,0,0,0,0,0,0,0,0,0,0,0,0,0,0,0,0,0,0,0,0,0,0,0,0,0,0,0,0,0,0,0,0,0,0,0,0,0,0,0,0,0,0,0,0,0,0,0,0,0,0,0,0,0,0,0,0,0,0,0,0,0,0,0,0,0,0,0,0,0,0,0,0,0,0,0,0,0,0,0,0,0,0,0,0,0,0,0,0,0,0,0,0,0,0,0,0,0,0,0,0,0,0,0,0,0,0,0,0,0,0,0,0,0,0,0,0,0,0,0,0,0,0,0,0,0,0,0,0,0,0,0,0,0,0,0,0,0,0,0,0,0,0,0,0,0,0,0,0,0,0,0,0,0,0,0,0,0,0,0,0,0,0,0,0,0,0,0,0,0,0,0,0,0,0,0,0,0,0,0,0,0,0,0,0,0,0,0,0,0,0,0,0,0,0,0,0,0,0,0,0,0,0,0,0,0,0,0,0,0,0,0,0,0,0,0,0,0,0,0,0,0,0,0,0,0,0,0,0,0,0,0,0,0,0,0,0,0,0,0,0,0,0,0,0,0,0,0,0,0,0,0,0,0,0,0,0,0,0,0,0,0,0,0,0,0,0,0,0,0,0,0,0,0,0,0,0,0,0,0,0,0,0,0,0,0,0,0,0,0,0,0,0,0,0,0,0,0,0,0,0,0,0,0,0,0,0,0,0,0,0,0,0,0,0,0,0,0,0,0,0,0,0,0,0,0,0,0,0,0,0,0,0,0,0,0,0,0,0,0,0,0,0,0,0,0,0,0,0,0,0,0,0,0,0,0,0,0,0,0,0,0,0,0,0,0,0,0,0,0,0,0,0,0,0,0,0,0,0,0,0,0,0,0,0,0,0,0,0,0,0,0,0,0,0,0,0,0,0,0,0,0,0,0,0,0,0,0,0,0,0,0,0,0,0,0,0,0,0,0,0,0,0,0,0,0,0,0,0,0,0,0,0,0,0,0,0,0,0,0,0,0,0,0,0,0,0,0,0,0,0,0,0,0,0,0,0,0,0,0,0,0,0,0,0,0,0,0,0,0,0,0,0,0,0,0,0,0,0,0,0,0,0,0,0,0,0,0,0,0,0,0,0,0,0,0,0,0,0,0,0,0,0,0,0,0,0,0,0,0,0,0,0,0,0,0,0,0,0,0,0,0,0,0,0,0,0,0,0,0,0,0,0,0,0,0,0,0,0,0,0,0,0,0,0,0,0,0,0,0,0,0,0,0,0,0,0,0,0,0,0,0,0,0,0,0,0,0,0,0,0,0,0,0,0,0,0,0,0,0,0,0,0,0,0,0,0,0,0,0,0,0,0,0,0,0,0,0,0,0,0,0,0,0,0,0,0,0,0,0,0,0,0,0,0,0,0,0,0,0,0,0,0,0,0,0,0,0,0,0,0,0,0,0,0,0

How early,	2297/70,	32,38,7,27,38,-33,34,23,23,23,23,23,23,27,27,27,26,26,26,26,26,24,24,24,24,38,38,38,38,38,38,38,38,38,38,38,38,38,38,37,38,38,38,38,38,38,38,38,38,38,38,38,38,38,38,38,38,38,38,38,38,38,38,38,38,38,38,38,38,38

How wait,	304/70,	0,0,2,11,0,71,4,11,11,11,11,11,11,11,11,11,12,12,12,12,12,14,14,14,14,0,0,0,0,0,0,0,0,0,0,0,0,0,0,1,0,0,0,0,0,0,0,0,0,0,0,0,0,0,0,0,0,0,0,0,0,0,0,0,0,0,0,0,0,0


Missed people's location (Destination / Demand time) At 1439
A Station,	(W/113/-1), (P/145/-1), (W/194/-1), (B/246/-1), (D/262/-1), (V/335/-1), (W/428/-1), (V/529/-1), (D/585/-1), (D/585/-1), (U/588/-1), (U/590/-1), (U/590/-1), (U/590/-1), (U/590/-1), (H/591/-1), (H/591/-1), (H/591/-1), (H/591/-1), (M/592/-1), (M/592/-1), (M/592/-1), (M/592/-1), (T/593/-1), (T/593/-1), (K/594/-1), (J/597/-1), (N/598/-1), (K/599/-1), (V/603/-1), (V/603/-1), (V/603/-1), (V/603/-1), (W/613/-1), (L/617/-1), (T/622/-1), (C/643/-1), (E/648/-1), (E/648/-1), (E/648/-1), (U/650/-1), (U/650/-1), (H/651/-1), (H/651/-1), (M/652/-1), (M/652/-1), (M/652/-1), (T/653/-1), (T/653/-1), (T/653/-1), (I/654/-1), (I/654/-1), (K/654/-1), (K/654/-1), (K/654/-1), (I/654/-1), (V/663/-1), (V/663/-1), (V/663/-1), (V/663/-1), (V/680/-1), (G/690/-1), (D/705/-1), (D/705/-1), (D/705/-1), (D/705/-1), (E/708/-1), (E/708/-1), (E/708/-1), (U/710/-1), (U/710/-1), (U/710/-1), (U/710/-1), (U/710/-1), (H/711/-1), (H/711/-1), (H/711/-1), (M/712/-1), (M/712/-1), (M/712/-1), (T/713/-1), (T/713/-1), (T/713/-1), (T/713/-1), (K/714/-1), (K/714/-1), (I/714/-1), (K/714/-1), (K/714/-1), (J/717/-1), (J/717/-1), (J/717/-1), (N/718/-1), (N/718/-1), (N/718/-1), (N/718/-1), (N/721/-1), (V/723/-1), (D/765/-1), (D/765/-1), (D/765/-1), (E/768/-1), (U/770/-1), (U/770/-1), (U/770/-1), (U/770/-1), (U/770/-1), (H/771/-1), (H/771/-1), (M/772/-1), (M/772/-1), (T/773/-1), (I/774/-1), (K/774/-1), (I/774/-1), (N/778/-1), (N/778/-1), (N/778/-1), (V/783/-1), (V/783/-1), (M/803/-1), (E/828/-1), (E/828/-1), (U/830/-1), (U/830/-1), (U/830/-1), (H/831/-1), (H/831/-1), (M/832/-1), (M/832/-1), (M/832/-1), (T/833/-1), (T/833/-1), (T/833/-1), (T/833/-1), (T/833/-1), (T/833/-1), (T/833/-1), (T/833/-1), (K/834/-1), (K/834/-1), (I/834/-1), (I/834/-1), (I/834/-1), (J/837/-1), (J/837/-1), (J/837/-1), (N/838/-1), (N/838/-1), (V/843/-1), (V/843/-1), (F/863/-1), (R/878/-1), (D/885/-1), (E/888/-1), (E/888/-1), (K/889/-1), (U/890/-1), (U/890/-1), (H/891/-1), (H/891/-1), (H/891/-1), (H/891/-1), (M/892/-1), (T/893/-1), (T/893/-1), (T/893/-1), (I/894/-1), (I/894/-1), (I/894/-1), (K/894/-1), (I/894/-1), (K/894/-1), (I/894/-1), (I/894/-1), (J/897/-1), (J/897/-1), (N/898/-1), (V/903/-1), (V/903/-1), (W/907/-1), (D/945/-1), (D/945/-1), (E/948/-1), (E/948/-1), (E/948/-1), (E/948/-1), (Q/949/-1), (U/950/-1), (H/951/-1), (H/951/-1), (M/952/-1), (M/952/-1), (M/952/-1), (T/953/-1), (T/953/-1), (T/953/-1), (I/954/-1), (I/954/-1), (I/954/-1), (K/954/-1), (I/954/-1), (N/958/-1), (N/958/-1), (G/961/-1), (V/963/-1), (V/963/-1), (D/1005/-1), (D/1005/-1), (D/1005/-1), (D/1005/-1), (E/1008/-1), (E/1008/-1), (B/1009/-1), (U/1010/-1), (U/1010/-1), (U/1010/-1), (U/1010/-1), (U/1010/-1), (U/1010/-1), (H/1011/-1), (H/1011/-1), (H/1011/-1), (H/1011/-1), (H/1011/-1), (M/1012/-1), (M/1012/-1), (T/1013/-1), (J/1017/-1), (J/1017/-1), (J/1017/-1), (V/1023/-1), (V/1023/-1), (V/1023/-1), (G/1042/-1), (G/1046/-1), (O/1063/-1), (P/1063/-1), (D/1065/-1), (E/1068/-1), (E/1068/-1), (E/1068/-1), (E/1068/-1), (E/1068/-1), (E/1068/-1), (U/1070/-1), (M/1072/-1), (M/1072/-1), (M/1072/-1), (T/1073/-1), (T/1073/-1), (T/1073/-1), (K/1074/-1), (K/1074/-1), (I/1074/-1), (I/1074/-1), (J/1077/-1), (N/1078/-1), (N/1078/-1), (V/1083/-1), (V/1083/-1), (V/1083/-1), (O/1094/-1), (R/1104/-1), (D/1125/-1), (D/1125/-1), (D/1125/-1), (E/1128/-1), (U/1130/-1), (U/1130/-1), (U/1130/-1), (H/1131/-1), (M/1132/-1), (T/1133/-1), (T/1133/-1), (K/1134/-1), (K/1134/-1), (J/1137/-1), (J/1137/-1), (J/1137/-1), (N/1138/-1), (N/1138/-1), (N/1138/-1), (N/1138/-1), (V/1143/-1), (V/1143/-1), (V/1143/-1), (V/1143/-1), (V/1143/-1), (N/1150/-1), (P/1158/-1), (D/1185/-1), (D/1185/-1), (D/1185/-1), (D/1185/-1), (D/1185/-1), (D/1185/-1), (D/1185/-1), (E/1188/-1), (E/1188/-1), (H/1191/-1), (H/1191/-1), (H/1191/-1), (M/1192/-1), (M/1192/-1), (T/1193/-1), (T/1193/-1), (K/1194/-1), (I/1194/-1), (I/1194/-1), (K/1194/-1), (K/1194/-1), (J/1197/-1), (J/1197/-1), (J/1197/-1), (N/1198/-1), (N/1198/-1), (N/1198/-1), (N/1198/-1), (N/1198/-1), (V/1203/-1), (V/1203/-1), (T/1256/-1), (O/1326/-1), (C/1334/-1), (F/1352/-1), (I/1381/-1), (B/1411/-1), (N/1425/-1), (J/1427/-1)
B Station,	(U/89/-1), (M/110/-1), (N/210/-1), (N/286/-1), (D/304/-1), (Q/321/-1), (H/326/-1), (L/416/-1), (I/520/-1), (F/548/-1), (D/727/-1), (P/729/-1), (L/754/-1), (T/863/-1), (D/931/-1), (K/935/-1), (H/957/-1), (S/967/-1), (K/989/-1), (D/996/-1), (J/1011/-1), (D/1037/-1), (U/1059/-1), (O/1086/-1), (J/1108/-1), (K/1138/-1), (T/1143/-1), (E/1157/-1), (J/1200/-1), (M/1204/-1), (Q/1212/-1), (P/1233/-1), (S/1244/-1), (P/1261/-1), (A/1278/-1), (G/1325/-1), (J/1361/-1), (J/1397/-1)
C Station,	(I/157/-1), (B/249/-1), (O/299/-1), (W/322/-1), (N/341/-1), (K/389/-1), (P/434/-1), (N/521/-1), (P/538/-1), (M/672/-1), (L/692/-1), (F/713/-1), (T/734/-1), (F/798/-1), (N/828/-1), (U/831/-1), (R/883/-1), (T/884/-1), (V/894/-1), (F/933/-1), (I/976/-1), (W/1047/-1), (V/1047/-1), (D/1058/-1), (P/1061/-1), (B/1118/-1), (B/1132/-1), (G/1154/-1), (W/1156/-1), (S/1176/-1), (S/1183/-1), (L/1194/-1), (H/1224/-1), (U/1259/-1), (D/1284/-1), (S/1302/-1), (R/1326/-1), (H/1346/-1), (P/1379/-1), (L/1408/-1)
D Station,	(H/82/-1), (O/381/-1), (I/409/-1), (O/502/-1), (H/524/-1), (K/539/-1), (H/584/-1), (H/584/-1), (H/584/-1), (H/584/-1), (H/584/-1), (A/585/-1), (A/585/-1), (T/586/-1), (T/586/-1), (I/587/-1), (K/587/-1), (I/587/-1), (J/590/-1), (J/590/-1), (J/590/-1), (J/590/-1), (J/590/-1), (J/590/-1), (J/590/-1), (N/591/-1), (N/591/-1), (N/591/-1), (N/591/-1), (M/594/-1), (M/594/-1), (M/594/-1), (V/596/-1), (V/596/-1), (V/596/-1), (E/641/-1), (U/643/-1), (U/643/-1), (H/644/-1), (H/644/-1), (A/645/-1), (A/645/-1), (A/645/-1), (A/645/-1), (T/646/-1), (I/647/-1), (K/647/-1), (K/647/-1), (K/647/-1), (J/650/-1), (J/650/-1), (J/650/-1), (J/650/-1), (J/650/-1), (N/651/-1), (N/651/-1), (M/654/-1), (M/654/-1), (M/654/-1), (M/654/-1), (V/656/-1), (V/656/-1), (V/656/-1), (V/656/-1), (V/688/-1), (K/691/-1), (L/692/-1), (E/701/-1), (E/701/-1), (U/703/-1), (U/703/-1), (H/704/-1), (A/705/-1), (A/705/-1), (A/705/-1), (A/705/-1), (T/706/-1), (T/706/-1), (K/707/-1), (K/707/-1), (K/707/-1), (K/707/-1), (K/707/-1), (K/707/-1), (I/707/-1), (K/707/-1), (J/710/-1), (J/710/-1), (J/710/-1), (N/711/-1), (N/711/-1), (N/711/-1), (N/711/-1), (H/712/-1), (P/713/-1), (S/739/-1), (L/747/-1), (V/752/-1), (E/761/-1), (E/761/-1), (U/763/-1), (U/763/-1), (U/763/-1), (H/764/-1), (H/764/-1), (H/764/-1), (A/765/-1), (T/766/-1), (T/766/-1), (T/766/-1), (T/766/-1), (T/766/-1), (I/767/-1), (I/767/-1), (K/767/-1), (I/767/-1), (K/767/-1), (K/767/-1), (J/770/-1), (N/771/-1), (N/771/-1), (M/774/-1), (M/774/-1), (M/774/-1), (M/774/-1), (M/774/-1), (U/784/-1), (M/812/-1), (E/821/-1), (E/821/-1), (E/821/-1), (U/823/-1), (U/823/-1), (U/823/-1), (H/824/-1), (H/824/-1), (A/825/-1), (A/825/-1), (T/826/-1), (T/826/-1), (T/826/-1), (I/827/-1), (I/827/-1), (K/827/-1), (I/827/-1), (K/827/-1), (I/827/-1), (J/830/-1), (J/830/-1), (J/830/-1), (N/831/-1), (N/831/-1), (M/834/-1), (M/834/-1), (M/834/-1), (M/834/-1), (M/834/-1), (M/834/-1), (V/836/-1), (V/836/-1), (H/854/-1), (C/862/-1), (W/874/-1), (H/878/-1), (E/881/-1), (E/881/-1), (E/881/-1), (U/883/-1), (U/883/-1), (U/883/-1), (H/884/-1), (H/884/-1), (H/884/-1), (A/885/-1), (I/887/-1), (K/887/-1), (K/887/-1), (K/887/-1), (S/890/-1), (J/890/-1), (J/890/-1), (J/890/-1), (J/890/-1), (N/891/-1), (V/896/-1), (E/941/-1), (U/943/-1), (U/943/-1), (U/943/-1), (H/944/-1), (H/944/-1), (H/944/-1), (H/944/-1), (H/944/-1), (H/944/-1), (A/945/-1), (A/945/-1), (A/945/-1), (A/945/-1), (T/946/-1), (T/946/-1), (T/946/-1), (S/946/-1), (I/947/-1), (I/947/-1), (K/947/-1), (K/947/-1), (I/947/-1), (K/947/-1), (K/947/-1), (N/951/-1), (N/951/-1), (N/951/-1), (V/956/-1), (V/956/-1), (J/986/-1), (E/1001/-1), (E/1001/-1), (E/1001/-1), (U/1003/-1), (U/1003/-1), (U/1003/-1), (U/1003/-1), (H/1004/-1), (T/1006/-1), (T/1006/-1), (T/1006/-1), (I/1007/-1), (K/1007/-1), (K/1007/-1), (J/1010/-1), (J/1010/-1), (J/1010/-1), (N/1011/-1), (N/1011/-1), (N/1011/-1), (M/1014/-1), (M/1014/-1), (V/1016/-1), (V/1016/-1), (G/1023/-1), (Q/1035/-1), (H/1039/-1), (E/1061/-1), (U/1061/-1), (U/1063/-1), (A/1065/-1), (A/1065/-1), (T/1066/-1), (K/1067/-1), (J/1070/-1), (J/1070/-1), (J/1070/-1), (N/1071/-1), (M/1074/-1), (V/1076/-1), (V/1076/-1), (V/1086/-1), (U/1089/-1), (E/1121/-1), (U/1123/-1), (U/1123/-1), (U/1123/-1), (H/1124/-1), (A/1125/-1), (A/1125/-1), (A/1125/-1), (A/1125/-1), (A/1125/-1), (A/1125/-1), (A/1125/-1), (K/1127/-1), (K/1127/-1), (I/1127/-1), (I/1127/-1), (J/1130/-1), (N/1131/-1), (N/1131/-1), (C/1132/-1), (M/1134/-1), (M/1134/-1), (V/1136/-1), (E/1181/-1), (U/1183/-1), (U/1183/-1), (U/1183/-1), (H/1184/-1), (A/1185/-1), (A/1185/-1), (I/1187/-1), (K/1187/-1), (I/1187/-1), (I/1187/-1), (I/1187/-1), (K/1187/-1), (K/1187/-1), (J/1190/-1), (J/1190/-1), (J/1190/-1), (N/1191/-1), (N/1191/-1), (N/1191/-1), (N/1191/-1), (U/1192/-1), (M/1194/-1), (M/1194/-1), (M/1194/-1), (V/1196/-1), (V/1196/-1), (V/1196/-1), (H/1205/-1), (V/1211/-1), (U/1231/-1), (U/1248/-1), (W/1386/-1), (Q/1401/-1)
E Station,	(O/60/-1), (Q/93/-1), (G/175/-1), (H/226/-1), (I/287/-1), (T/292/-1), (R/492/-1), (C/573/-1), (D/581/-1), (D/581/-1), (D/581/-1), (D/581/-1), (T/583/-1), (T/583/-1), (T/583/-1), (K/584/-1), (K/584/-1), (K/584/-1), (K/584/-1), (J/587/-1), (J/587/-1), (H/587/-1), (H/587/-1), (J/587/-1), (J/587/-1), (H/587/-1), (J/587/-1), (A/588/-1), (A/588/-1), (A/588/-1), (I/590/-1), (M/591/-1), (M/591/-1), (V/593/-1), (V/593/-1), (V/593/-1), (V/593/-1), (D/641/-1), (D/641/-1), (D/641/-1), (D/641/-1), (T/643/-1), (K/644/-1), (K/644/-1), (H/647/-1), (J/647/-1), (H/647/-1), (H/647/-1), (H/647/-1), (J/647/-1), (A/648/-1), (N/648/-1), (A/648/-1), (N/648/-1), (N/648/-1), (A/648/-1), (N/648/-1), (I/650/-1), (I/650/-1), (M/651/-1), (M/651/-1), (V/653/-1), (D/701/-1), (D/701/-1), (D/701/-1), (T/703/-1), (K/704/-1), (K/704/-1), (H/707/-1), (J/707/-1), (H/707/-1), (J/707/-1), (J/707/-1), (H/707/-1), (A/708/-1), (A/708/-1), (N/708/-1), (A/708/-1), (A/708/-1), (N/708/-1), (N/708/-1), (A/708/-1), (A/708/-1), (N/708/-1), (A/708/-1), (I/710/-1), (I/710/-1), (M/711/-1), (M/711/-1), (M/711/-1), (V/713/-1), (V/713/-1), (F/730/-1), (D/761/-1), (D/761/-1), (T/763/-1), (J/767/-1), (J/767/-1), (H/767/-1), (H/767/-1), (H/767/-1), (A/768/-1), (A/768/-1), (A/768/-1), (A/768/-1), (I/770/-1), (I/770/-1), (I/770/-1), (I/770/-1), (I/770/-1), (D/821/-1), (D/821/-1), (T/823/-1), (K/824/-1), (K/824/-1), (K/824/-1), (K/824/-1), (K/824/-1), (K/824/-1), (H/827/-1), (H/827/-1), (J/827/-1), (H/827/-1), (J/827/-1), (J/827/-1), (J/827/-1), (N/828/-1), (N/828/-1), (N/828/-1), (A/828/-1), (M/831/-1), (M/831/-1), (M/831/-1), (I/833/-1), (V/833/-1), (V/833/-1), (V/833/-1), (P/850/-1), (D/852/-1), (K/873/-1), (D/881/-1), (T/883/-1), (T/883/-1), (K/884/-1), (K/884/-1), (K/884/-1), (K/884/-1), (H/887/-1), (J/887/-1), (H/887/-1), (J/887/-1), (H/887/-1), (H/887/-1), (H/887/-1), (A/888/-1), (A/888/-1), (N/888/-1), (A/888/-1), (A/888/-1), (N/888/-1), (N/888/-1), (I/890/-1), (I/890/-1), (M/891/-1), (V/893/-1), (D/941/-1), (D/941/-1), (D/941/-1), (D/941/-1), (D/941/-1), (D/941/-1), (D/941/-1), (T/943/-1), (K/944/-1), (H/947/-1), (J/947/-1), (H/947/-1), (J/947/-1), (J/947/-1), (N/948/-1), (N/948/-1), (N/948/-1), (I/950/-1), (I/950/-1), (M/951/-1), (M/951/-1), (M/951/-1), (V/953/-1), (V/953/-1), (V/953/-1), (V/953/-1), (V/953/-1), (K/956/-1), (J/960/-1), (K/969/-1), (L/993/-1), (D/1001/-1), (D/1001/-1), (D/1001/-1), (D/1001/-1), (T/1003/-1), (T/1003/-1), (K/1004/-1), (H/1007/-1), (H/1007/-1), (H/1007/-1), (H/1007/-1), (J/1007/-1), (N/1008/-1), (A/1008/-1), (N/1008/-1), (N/1008/-1), (N/1008/-1), (I/1010/-1), (I/1010/-1), (M/1011/-1), (V/1013/-1), (V/1013/-1), (Q/1027/-1), (D/1060/-1), (D/1061/-1), (D/1061/-1), (D/1061/-1), (D/1061/-1), (B/1061/-1), (T/1063/-1), (K/1064/-1), (K/1064/-1), (K/1064/-1), (J/1067/-1), (H/1067/-1), (H/1067/-1), (J/1068/-1), (N/1068/-1), (A/1068/-1), (A/1068/-1), (A/1068/-1), (P/1068/-1), (I/1070/-1), (I/1070/-1), (M/1071/-1), (M/1071/-1), (M/1071/-1), (V/1073/-1), (D/1121/-1), (D/1121/-1), (D/1121/-1), (T/1123/-1), (T/1123/-1), (K/1124/-1), (K/1124/-1), (H/1127/-1), (H/1127/-1), (J/1127/-1), (N/1128/-1), (N/1128/-1), (N/1128/-1), (A/1128/-1), (A/1128/-1), (M/1131/-1), (T/1133/-1), (V/1133/-1), (V/1133/-1), (V/1133/-1), (V/1133/-1), (J/1163/-1), (D/1181/-1), (D/1181/-1), (T/1183/-1), (T/1183/-1), (K/1184/-1), (K/1184/-1), (K/1184/-1), (K/1184/-1), (H/1187/-1), (H/1187/-1), (H/1187/-1), (A/1188/-1), (N/1188/-1), (N/1188/-1), (N/1188/-1), (N/1188/-1), (A/1188/-1), (N/1188/-1), (A/1188/-1), (I/1190/-1), (I/1190/-1), (I/1190/-1), (I/1190/-1), (M/1191/-1), (M/1191/-1), (V/1193/-1), (V/1193/-1), (V/1193/-1), (V/1193/-1), (J/1196/-1), (N/1253/-1), (P/1259/-1), (G/1279/-1), (R/1381/-1)
F Station,	(A/104/-1), (K/106/-1), (T/178/-1), (L/202/-1), (N/223/-1), (N/234/-1), (J/254/-1), (R/308/-1), (W/312/-1), (U/329/-1), (C/372/-1), (L/388/-1), (J/398/-1), (U/504/-1), (B/578/-1), (G/595/-1), (B/614/-1), (T/650/-1), (D/753/-1), (M/753/-1), (O/768/-1), (V/804/-1), (C/814/-1), (G/835/-1), (P/858/-1), (J/873/-1), (V/901/-1), (D/906/-1), (I/952/-1), (A/981/-1), (B/986/-1), (L/994/-1), (D/1011/-1), (A/1086/-1), (I/1131/-1), (T/1140/-1), (D/1144/-1), (S/1154/-1), (A/1181/-1), (M/1209/-1), (M/1264/-1), (L/1289/-1), (J/1289/-1), (W/1304/-1), (H/1337/-1), (O/1358/-1), (T/1360/-1), (R/1389/-1), (W/1390/-1)
G Station,	(N/275/-1), (W/291/-1), (S/353/-1), (I/407/-1), (K/513/-1), (J/515/-1), (I/535/-1), (F/588/-1), (O/614/-1), (K/637/-1), (S/656/-1), (W/728/-1), (L/730/-1), (D/760/-1), (A/770/-1), (C/866/-1), (B/868/-1), (H/925/-1), (T/938/-1), (Q/998/-1), (R/1040/-1), (N/1041/-1), (H/1068/-1), (H/1075/-1), (W/1110/-1), (O/1111/-1), (B/1116/-1), (L/1151/-1), (T/1163/-1), (N/1171/-1), (F/1191/-1), (J/1222/-1), (U/1268/-1), (U/1303/-1), (Q/1328/-1), (T/1371/-1), (W/1383/-1), (W/1404/-1)
H Station,	(L/166/-1), (I/200/-1), (F/288/-1), (A/305/-1), (U/403/-1), (D/480/-1), (K/559/-1), (I/581/-1), (J/584/-1), (J/584/-1), (J/584/-1), (J/584/-1), (J/584/-1), (J/584/-1), (D/584/-1), (U/585/-1), (U/585/-1), (U/585/-1), (U/585/-1), (U/585/-1), (E/587/-1), (E/587/-1), (E/587/-1), (E/587/-1), (E/587/-1), (E/587/-1), (E/587/-1), (V/590/-1), (V/590/-1), (A/591/-1), (A/591/-1), (A/591/-1), (A/591/-1), (A/591/-1), (N/593/-1), (N/593/-1), (N/593/-1), (N/593/-1), (N/593/-1), (M/600/-1), (M/600/-1), (D/607/-1), (F/633/-1), (K/641/-1), (K/641/-1), (K/641/-1), (I/641/-1), (M/642/-1), (D/644/-1), (D/644/-1), (D/644/-1), (J/644/-1), (D/644/-1), (U/645/-1), (U/645/-1), (E/647/-1), (E/647/-1), (E/647/-1), (T/648/-1), (T/648/-1), (T/648/-1), (T/648/-1), (T/648/-1), (T/648/-1), (V/650/-1), (V/650/-1), (V/650/-1), (A/651/-1), (A/651/-1), (A/651/-1), (A/651/-1), (N/653/-1), (N/653/-1), (M/660/-1), (M/660/-1), (M/660/-1), (F/671/-1), (I/701/-1), (K/701/-1), (I/701/-1), (I/701/-1), (I/701/-1), (D/704/-1), (J/704/-1), (J/704/-1), (U/705/-1), (U/705/-1), (E/707/-1), (T/708/-1), (V/710/-1), (V/710/-1), (V/710/-1), (A/711/-1), (A/711/-1), (N/713/-1), (N/713/-1), (M/720/-1), (M/720/-1), (M/720/-1), (M/720/-1), (K/743/-1), (I/761/-1), (K/761/-1), (K/761/-1), (I/761/-1), (K/761/-1), (I/761/-1), (I/761/-1), (J/764/-1), (J/764/-1), (J/764/-1), (U/765/-1), (U/765/-1), (U/765/-1), (U/765/-1), (U/765/-1), (U/765/-1), (E/767/-1), (E/767/-1), (E/767/-1), (T/768/-1), (T/768/-1), (T/768/-1), (V/770/-1), (V/770/-1), (A/771/-1), (N/773/-1), (M/780/-1), (M/780/-1), (M/780/-1), (B/792/-1), (I/821/-1), (I/821/-1), (K/821/-1), (K/821/-1), (K/821/-1), (S/823/-1), (J/824/-1), (D/824/-1), (J/824/-1), (U/825/-1), (U/825/-1), (U/825/-1), (U/825/-1), (E/827/-1), (E/827/-1), (E/827/-1), (T/828/-1), (T/828/-1), (T/828/-1), (V/830/-1), (V/830/-1), (A/831/-1), (A/831/-1), (A/831/-1), (A/831/-1), (N/833/-1), (N/833/-1), (N/833/-1), (N/838/-1), (M/840/-1), (M/840/-1), (B/843/-1), (K/881/-1), (I/881/-1), (I/881/-1), (I/881/-1), (J/884/-1), (D/884/-1), (D/884/-1), (D/884/-1), (J/884/-1), (J/884/-1), (J/884/-1), (U/885/-1), (U/885/-1), (E/887/-1), (E/887/-1), (T/888/-1), (T/888/-1), (T/888/-1), (T/888/-1), (T/888/-1), (V/890/-1), (V/890/-1), (V/890/-1), (V/890/-1), (A/891/-1), (A/891/-1), (A/891/-1), (A/891/-1), (N/893/-1), (N/893/-1), (M/900/-1), (M/900/-1), (P/913/-1), (T/919/-1), (V/929/-1), (K/941/-1), (I/941/-1), (K/941/-1), (D/944/-1), (J/944/-1), (U/945/-1), (E/947/-1), (E/947/-1), (E/947/-1), (E/947/-1), (T/948/-1), (T/948/-1), (T/948/-1), (V/950/-1), (V/950/-1), (A/951/-1), (A/951/-1), (A/951/-1), (A/951/-1), (A/951/-1), (N/953/-1), (N/953/-1), (W/956/-1), (M/960/-1), (M/960/-1), (M/960/-1), (M/960/-1), (M/960/-1), (W/964/-1), (I/998/-1), (K/1001/-1), (K/1001/-1), (I/1001/-1), (I/1001/-1), (K/1001/-1), (K/1001/-1), (K/1001/-1), (J/1004/-1), (D/1004/-1), (J/1004/-1), (D/1004/-1), (D/1004/-1), (J/1004/-1), (D/1004/-1), (D/1004/-1), (J/1004/-1), (U/1005/-1), (U/1005/-1), (U/1005/-1), (U/1005/-1), (E/1007/-1), (E/1007/-1), (E/1007/-1), (T/1008/-1), (T/1008/-1), (T/1008/-1), (A/1011/-1), (A/1011/-1), (A/1011/-1), (N/1013/-1), (N/1013/-1), (N/1013/-1), (M/1020/-1), (G/1029/-1), (K/1061/-1), (I/1061/-1), (I/1061/-1), (I/1061/-1), (J/1062/-1), (D/1064/-1), (D/1064/-1), (D/1064/-1), (D/1064/-1), (J/1064/-1), (U/1065/-1), (U/1065/-1), (E/1067/-1), (T/1068/-1), (T/1068/-1), (T/1068/-1), (T/1068/-1), (T/1068/-1), (V/1070/-1), (A/1071/-1), (A/1071/-1), (A/1071/-1), (A/1071/-1), (N/1073/-1), (N/1073/-1), (N/1073/-1), (N/1073/-1), (W/1078/-1), (M/1080/-1), (P/1101/-1), (I/1121/-1), (I/1121/-1), (K/1121/-1), (I/1121/-1), (B/1121/-1), (D/1124/-1), (J/1124/-1), (D/1124/-1), (D/1124/-1), (J/1124/-1), (E/1127/-1), (T/1128/-1), (V/1130/-1), (V/1130/-1), (V/1130/-1), (G/1131/-1), (A/1131/-1), (N/1133/-1), (M/1140/-1), (F/1161/-1), (V/1167/-1), (I/1181/-1), (I/1181/-1), (I/1181/-1), (J/1184/-1), (D/1184/-1), (J/1184/-1), (J/1184/-1), (D/1184/-1), (U/1185/-1), (E/1187/-1), (T/1188/-1), (T/1188/-1), (V/1190/-1), (A/1191/-1), (A/1191/-1), (N/1193/-1), (N/1193/-1), (N/1193/-1), (I/1198/-1), (M/1200/-1), (M/1200/-1), (M/1200/-1), (M/1200/-1), (M/1200/-1), (M/1200/-1), (N/1217/-1), (K/1236/-1), (C/1264/-1), (V/1269/-1), (O/1274/-1), (D/1288/-1), (F/1333/-1), (N/1343/-1), (O/1377/-1)
I Station,	(G/96/-1), (C/233/-1), (B/255/-1), (K/333/-1), (O/420/-1), (N/450/-1), (N/450/-1), (H/581/-1), (J/581/-1), (K/584/-1), (V/587/-1), (U/588/-1), (U/588/-1), (U/588/-1), (U/588/-1), (G/590/-1), (E/590/-1), (T/591/-1), (T/591/-1), (T/591/-1), (N/591/-1), (A/594/-1), (N/596/-1), (N/596/-1), (M/603/-1), (M/603/-1), (D/621/-1), (J/641/-1), (H/641/-1), (H/641/-1), (V/643/-1), (K/644/-1), (K/644/-1), (K/644/-1), (K/644/-1), (D/647/-1), (U/648/-1), (E/650/-1), (E/650/-1), (T/651/-1), (A/653/-1), (A/654/-1), (A/654/-1), (N/656/-1), (N/656/-1), (N/656/-1), (N/656/-1), (M/663/-1), (M/663/-1), (M/663/-1), (M/663/-1), (B/670/-1), (H/701/-1), (H/701/-1), (J/701/-1), (H/701/-1), (J/701/-1), (J/701/-1), (H/701/-1), (J/701/-1), (J/701/-1), (H/701/-1), (K/704/-1), (K/704/-1), (K/704/-1), (K/704/-1), (K/704/-1), (D/707/-1), (V/707/-1), (U/708/-1), (E/710/-1), (T/711/-1), (T/711/-1), (T/711/-1), (M/723/-1), (E/750/-1), (H/761/-1), (H/761/-1), (R/763/-1), (K/764/-1), (K/764/-1), (K/764/-1), (K/764/-1), (V/767/-1), (D/767/-1), (D/767/-1), (D/767/-1), (V/767/-1), (D/767/-1), (D/767/-1), (D/767/-1), (U/768/-1), (U/768/-1), (U/768/-1), (E/770/-1), (E/770/-1), (E/770/-1), (E/770/-1), (T/771/-1), (T/771/-1), (T/771/-1), (T/771/-1), (T/771/-1), (T/771/-1), (A/774/-1), (A/774/-1), (A/774/-1), (N/776/-1), (N/776/-1), (N/776/-1), (M/783/-1), (M/783/-1), (M/783/-1), (M/783/-1), (H/802/-1), (J/813/-1), (H/821/-1), (H/821/-1), (J/821/-1), (J/821/-1), (H/821/-1), (J/821/-1), (J/821/-1), (K/824/-1), (K/824/-1), (V/827/-1), (D/827/-1), (D/827/-1), (V/827/-1), (D/827/-1), (D/827/-1), (U/828/-1), (U/828/-1), (U/828/-1), (U/828/-1), (U/828/-1), (E/830/-1), (T/831/-1), (T/831/-1), (T/831/-1), (T/831/-1), (T/831/-1), (T/831/-1), (A/834/-1), (A/834/-1), (A/834/-1), (A/834/-1), (A/834/-1), (A/834/-1), (N/836/-1), (N/836/-1), (N/836/-1), (M/843/-1), (M/843/-1), (M/843/-1), (M/843/-1), (M/843/-1), (O/878/-1), (H/881/-1), (J/881/-1), (H/881/-1), (J/881/-1), (J/881/-1), (J/881/-1), (D/887/-1), (D/887/-1), (D/887/-1), (D/887/-1), (V/887/-1), (V/887/-1), (V/887/-1), (U/888/-1), (E/890/-1), (E/890/-1), (E/890/-1), (E/890/-1), (T/891/-1), (T/891/-1), (T/891/-1), (A/894/-1), (N/896/-1), (N/896/-1), (M/903/-1), (M/903/-1), (M/903/-1), (M/903/-1), (U/929/-1), (H/941/-1), (J/941/-1), (H/941/-1), (J/941/-1), (J/941/-1), (J/941/-1), (H/941/-1), (H/944/-1), (K/944/-1), (K/944/-1), (K/944/-1), (K/944/-1), (V/947/-1), (V/947/-1), (D/947/-1), (D/947/-1), (V/947/-1), (D/947/-1), (V/947/-1), (D/947/-1), (E/950/-1), (E/950/-1), (E/950/-1), (T/951/-1), (T/951/-1), (T/951/-1), (A/954/-1), (A/954/-1), (A/954/-1), (A/954/-1), (N/956/-1), (M/963/-1), (H/1001/-1), (H/1001/-1), (H/1001/-1), (J/1001/-1), (J/1001/-1), (J/1001/-1), (K/1004/-1), (K/1004/-1), (D/1007/-1), (D/1007/-1), (V/1007/-1), (V/1007/-1), (V/1007/-1), (D/1007/-1), (U/1008/-1), (U/1008/-1), (U/1008/-1), (U/1008/-1), (E/1010/-1), (E/1010/-1), (E/1010/-1), (E/1010/-1), (E/1010/-1), (T/1011/-1), (T/1011/-1), (A/1014/-1), (A/1014/-1), (A/1014/-1), (N/1016/-1), (N/1016/-1), (N/1016/-1), (N/1016/-1), (N/1016/-1), (N/1016/-1), (N/1016/-1), (G/1020/-1), (M/1023/-1), (M/1023/-1), (F/1042/-1), (H/1061/-1), (J/1061/-1), (J/1061/-1), (H/1061/-1), (K/1064/-1), (K/1064/-1), (K/1064/-1), (K/1064/-1), (K/1064/-1), (K/1064/-1), (D/1067/-1), (D/1067/-1), (V/1067/-1), (U/1068/-1), (U/1068/-1), (E/1070/-1), (E/1070/-1), (E/1070/-1), (T/1071/-1), (T/1071/-1), (T/1071/-1), (T/1071/-1), (A/1074/-1), (A/1074/-1), (N/1076/-1), (N/1076/-1), (N/1076/-1), (N/1076/-1), (N/1076/-1), (N/1076/-1), (M/1083/-1), (M/1083/-1), (C/1103/-1), (P/1111/-1), (H/1121/-1), (H/1121/-1), (H/1121/-1), (H/1121/-1), (H/1121/-1), (V/1127/-1), (D/1127/-1), (V/1127/-1), (U/1128/-1), (U/1128/-1), (E/1130/-1), (T/1131/-1), (T/1131/-1), (T/1131/-1), (A/1134/-1), (N/1136/-1), (N/1136/-1), (M/1143/-1), (M/1143/-1), (M/1143/-1), (M/1143/-1), (J/1181/-1), (J/1181/-1), (J/1181/-1), (J/1181/-1), (J/1181/-1), (J/1181/-1), (H/1181/-1), (V/1181/-1), (K/1184/-1), (K/1184/-1), (V/1187/-1), (V/1187/-1), (D/1187/-1), (D/1187/-1), (V/1187/-1), (D/1187/-1), (U/1188/-1), (U/1188/-1), (U/1188/-1), (U/1188/-1), (U/1188/-1), (E/1190/-1), (E/1190/-1), (E/1190/-1), (E/1190/-1), (E/1190/-1), (K/1191/-1), (T/1191/-1), (T/1191/-1), (T/1191/-1), (T/1191/-1), (A/1194/-1), (A/1194/-1), (A/1194/-1), (A/1194/-1), (N/1196/-1), (N/1196/-1), (N/1196/-1), (N/1196/-1), (M/1203/-1), (M/1203/-1), (P/1226/-1), (N/1257/-1), (O/1269/-1), (N/1292/-1), (U/1384/-1), (R/1416/-1)
J Station,	(C/140/-1), (F/187/-1), (B/292/-1), (A/358/-1), (F/360/-1), (C/458/-1), (E/519/-1), (I/581/-1), (I/581/-1), (H/584/-1), (V/584/-1), (H/584/-1), (H/584/-1), (H/584/-1), (H/584/-1), (U/585/-1), (U/585/-1), (U/585/-1), (U/585/-1), (E/587/-1), (E/587/-1), (E/587/-1), (T/588/-1), (T/588/-1), (T/588/-1), (T/588/-1), (D/590/-1), (D/590/-1), (N/593/-1), (N/593/-1), (N/593/-1), (A/597/-1), (A/597/-1), (A/597/-1), (M/600/-1), (M/600/-1), (M/600/-1), (K/641/-1), (I/641/-1), (I/641/-1), (K/641/-1), (K/641/-1), (V/644/-1), (V/644/-1), (H/644/-1), (V/644/-1), (H/644/-1), (V/644/-1), (U/645/-1), (U/645/-1), (E/647/-1), (E/647/-1), (E/647/-1), (T/648/-1), (T/648/-1), (T/648/-1), (T/648/-1), (D/650/-1), (D/650/-1), (D/650/-1), (D/650/-1), (D/650/-1), (D/650/-1), (N/653/-1), (N/653/-1), (A/657/-1), (A/657/-1), (Q/662/-1), (W/664/-1), (L/669/-1), (I/683/-1), (R/692/-1), (W/698/-1), (I/701/-1), (I/701/-1), (V/704/-1), (H/704/-1), (H/704/-1), (V/704/-1), (V/704/-1), (U/705/-1), (E/707/-1), (E/707/-1), (E/707/-1), (E/707/-1), (T/708/-1), (T/708/-1), (N/713/-1), (N/713/-1), (N/713/-1), (N/713/-1), (N/713/-1), (D/716/-1), (A/717/-1), (A/717/-1), (A/717/-1), (M/720/-1), (M/720/-1), (M/720/-1), (L/738/-1), (I/761/-1), (K/761/-1), (I/761/-1), (K/761/-1), (K/761/-1), (K/761/-1), (I/761/-1), (V/764/-1), (V/764/-1), (U/765/-1), (U/765/-1), (E/767/-1), (E/767/-1), (E/767/-1), (T/768/-1), (T/768/-1), (D/770/-1), (D/770/-1), (D/770/-1), (M/780/-1), (T/814/-1), (E/815/-1), (A/819/-1), (I/821/-1), (I/821/-1), (K/821/-1), (K/821/-1), (K/821/-1), (I/821/-1), (K/821/-1), (K/821/-1), (K/821/-1), (V/824/-1), (V/824/-1), (V/824/-1), (H/824/-1), (H/824/-1), (H/824/-1), (V/824/-1), (H/824/-1), (V/824/-1), (H/824/-1), (H/824/-1), (U/825/-1), (U/825/-1), (U/825/-1), (U/825/-1), (U/825/-1), (U/825/-1), (E/827/-1), (E/827/-1), (E/827/-1), (D/830/-1), (D/830/-1), (D/830/-1), (A/837/-1), (M/840/-1), (D/862/-1), (I/881/-1), (I/881/-1), (I/881/-1), (I/881/-1), (I/881/-1), (I/881/-1), (H/884/-1), (V/884/-1), (H/884/-1), (H/884/-1), (V/884/-1), (U/885/-1), (E/887/-1), (T/888/-1), (T/888/-1), (T/888/-1), (D/890/-1), (D/890/-1), (D/890/-1), (D/890/-1), (N/893/-1), (N/893/-1), (N/893/-1), (A/897/-1), (A/897/-1), (A/897/-1), (M/900/-1), (M/900/-1), (L/936/-1), (I/941/-1), (I/941/-1), (K/941/-1), (I/941/-1), (V/944/-1), (H/944/-1), (U/945/-1), (U/945/-1), (U/945/-1), (U/945/-1), (E/947/-1), (D/950/-1), (D/950/-1), (D/950/-1), (D/950/-1), (A/950/-1), (N/953/-1), (S/957/-1), (A/957/-1), (A/957/-1), (M/960/-1), (M/960/-1), (M/960/-1), (R/984/-1), (I/1001/-1), (K/1001/-1), (I/1001/-1), (K/1001/-1), (H/1001/-1), (H/1004/-1), (H/1004/-1), (E/1007/-1), (E/1007/-1), (T/1008/-1), (T/1008/-1), (T/1008/-1), (T/1008/-1), (T/1008/-1), (T/1008/-1), (T/1008/-1), (D/1010/-1), (D/1010/-1), (D/1010/-1), (D/1010/-1), (I/1012/-1), (N/1013/-1), (N/1013/-1), (N/1013/-1), (A/1017/-1), (A/1017/-1), (A/1017/-1), (I/1061/-1), (I/1061/-1), (K/1061/-1), (V/1064/-1), (V/1064/-1), (H/1064/-1), (H/1064/-1), (V/1064/-1), (V/1064/-1), (U/1065/-1), (U/1065/-1), (E/1067/-1), (E/1067/-1), (E/1067/-1), (E/1067/-1), (T/1068/-1), (D/1070/-1), (D/1070/-1), (D/1070/-1), (N/1073/-1), (A/1077/-1), (M/1080/-1), (A/1083/-1), (M/1102/-1), (R/1119/-1), (K/1121/-1), (V/1124/-1), (V/1124/-1), (H/1124/-1), (H/1124/-1), (V/1124/-1), (H/1124/-1), (H/1124/-1), (V/1124/-1), (U/1125/-1), (U/1125/-1), (E/1127/-1), (H/1128/-1), (T/1128/-1), (T/1128/-1), (T/1128/-1), (D/1130/-1), (D/1130/-1), (N/1133/-1), (N/1133/-1), (N/1133/-1), (N/1133/-1), (A/1137/-1), (M/1140/-1), (M/1140/-1), (M/1140/-1), (L/1159/-1), (P/1171/-1), (E/1172/-1), (T/1180/-1), (K/1181/-1), (I/1181/-1), (I/1181/-1), (I/1181/-1), (I/1181/-1), (I/1181/-1), (K/1181/-1), (V/1184/-1), (H/1184/-1), (H/1184/-1), (V/1184/-1), (V/1184/-1), (U/1185/-1), (U/1185/-1), (U/1185/-1), (U/1185/-1), (U/1185/-1), (E/1187/-1), (E/1187/-1), (T/1188/-1), (T/1188/-1), (T/1188/-1), (D/1190/-1), (N/1193/-1), (N/1193/-1), (A/1197/-1), (A/1197/-1), (A/1197/-1), (L/1199/-1), (M/1200/-1), (G/1287/-1), (D/1291/-1), (U/1296/-1), (A/1356/-1)
K Station,	(I/154/-1), (A/174/-1), (D/190/-1), (D/319/-1), (O/390/-1), (I/403/-1), (T/407/-1), (M/452/-1), (V/518/-1), (W/523/-1), (J/581/-1), (J/581/-1), (J/581/-1), (J/581/-1), (J/581/-1), (J/581/-1), (H/581/-1), (J/581/-1), (U/582/-1), (U/582/-1), (U/582/-1), (U/582/-1), (I/584/-1), (I/584/-1), (E/584/-1), (E/585/-1), (T/585/-1), (T/585/-1), (D/587/-1), (D/587/-1), (D/587/-1), (D/587/-1), (D/587/-1), (D/587/-1), (V/587/-1), (V/587/-1), (N/590/-1), (N/590/-1), (O/592/-1), (A/594/-1), (A/594/-1), (A/594/-1), (A/594/-1), (A/594/-1), (M/597/-1), (M/597/-1), (M/597/-1), (T/600/-1), (J/641/-1), (J/641/-1), (J/641/-1), (W/641/-1), (U/642/-1), (U/642/-1), (U/642/-1), (U/642/-1), (E/644/-1), (I/644/-1), (I/644/-1), (T/645/-1), (T/645/-1), (T/645/-1), (T/645/-1), (D/647/-1), (V/647/-1), (D/647/-1), (D/647/-1), (G/649/-1), (N/650/-1), (N/650/-1), (N/650/-1), (N/650/-1), (A/654/-1), (G/655/-1), (M/657/-1), (M/657/-1), (M/657/-1), (M/657/-1), (S/680/-1), (H/701/-1), (J/701/-1), (H/701/-1), (H/701/-1), (J/701/-1), (U/702/-1), (U/702/-1), (I/704/-1), (I/704/-1), (E/704/-1), (I/704/-1), (E/704/-1), (I/704/-1), (I/704/-1), (I/704/-1), (E/704/-1), (T/705/-1), (T/705/-1), (T/705/-1), (T/705/-1), (D/707/-1), (D/707/-1), (D/707/-1), (D/707/-1), (D/707/-1), (N/710/-1), (N/710/-1), (N/710/-1), (N/710/-1), (A/714/-1), (A/714/-1), (A/714/-1), (P/734/-1), (G/737/-1), (F/737/-1), (T/749/-1), (R/757/-1), (J/761/-1), (H/761/-1), (H/761/-1), (H/761/-1), (J/761/-1), (H/761/-1), (U/762/-1), (U/762/-1), (U/762/-1), (U/762/-1), (I/764/-1), (I/764/-1), (I/764/-1), (I/764/-1), (E/764/-1), (V/767/-1), (V/767/-1), (V/767/-1), (N/770/-1), (N/770/-1), (N/770/-1), (A/774/-1), (A/774/-1), (A/774/-1), (A/774/-1), (A/774/-1), (A/774/-1), (M/777/-1), (V/780/-1), (S/801/-1), (R/802/-1), (H/821/-1), (H/821/-1), (U/822/-1), (I/824/-1), (E/824/-1), (E/824/-1), (E/824/-1), (E/824/-1), (I/824/-1), (E/824/-1), (E/824/-1), (T/825/-1), (T/825/-1), (T/825/-1), (T/825/-1), (V/827/-1), (D/827/-1), (D/827/-1), (V/827/-1), (N/830/-1), (A/834/-1), (A/834/-1), (A/834/-1), (M/837/-1), (M/837/-1), (P/875/-1), (H/881/-1), (H/881/-1), (J/881/-1), (H/881/-1), (U/882/-1), (E/884/-1), (I/884/-1), (E/884/-1), (T/885/-1), (D/887/-1), (V/887/-1), (V/887/-1), (D/887/-1), (A/894/-1), (A/894/-1), (A/894/-1), (A/894/-1), (A/894/-1), (A/894/-1), (A/894/-1), (A/894/-1), (A/894/-1), (U/897/-1), (M/897/-1), (P/927/-1), (U/938/-1), (J/941/-1), (H/941/-1), (H/941/-1), (J/941/-1), (U/942/-1), (U/942/-1), (U/942/-1), (U/942/-1), (I/944/-1), (E/944/-1), (E/944/-1), (E/944/-1), (E/944/-1), (I/944/-1), (E/944/-1), (E/944/-1), (T/945/-1), (T/945/-1), (T/945/-1), (D/947/-1), (V/947/-1), (V/947/-1), (D/947/-1), (N/950/-1), (N/950/-1), (N/950/-1), (N/950/-1), (N/950/-1), (A/954/-1), (A/954/-1), (M/957/-1), (M/957/-1), (A/995/-1), (I/996/-1), (J/1001/-1), (J/1001/-1), (J/1001/-1), (H/1001/-1), (U/1002/-1), (U/1002/-1), (U/1002/-1), (U/1002/-1), (I/1004/-1), (E/1004/-1), (E/1004/-1), (I/1004/-1), (T/1005/-1), (T/1005/-1), (T/1005/-1), (T/1005/-1), (T/1005/-1), (D/1007/-1), (D/1007/-1), (D/1007/-1), (D/1007/-1), (D/1007/-1), (D/1007/-1), (N/1010/-1), (N/1010/-1), (N/1010/-1), (N/1010/-1), (N/1010/-1), (A/1014/-1), (A/1014/-1), (A/1014/-1), (J/1061/-1), (J/1061/-1), (U/1062/-1), (U/1062/-1), (I/1064/-1), (E/1064/-1), (E/1064/-1), (I/1064/-1), (D/1067/-1), (D/1067/-1), (N/1070/-1), (A/1074/-1), (A/1074/-1), (A/1074/-1), (A/1074/-1), (A/1074/-1), (V/1075/-1), (M/1077/-1), (O/1079/-1), (O/1091/-1), (T/1093/-1), (J/1121/-1), (H/1121/-1), (H/1121/-1), (H/1121/-1), (J/1121/-1), (J/1121/-1), (U/1122/-1), (U/1122/-1), (U/1122/-1), (I/1124/-1), (I/1124/-1), (I/1124/-1), (E/1124/-1), (T/1125/-1), (T/1125/-1), (T/1125/-1), (D/1127/-1), (D/1127/-1), (D/1127/-1), (N/1130/-1), (N/1130/-1), (A/1134/-1), (A/1134/-1), (M/1137/-1), (M/1137/-1), (A/1178/-1), (H/1181/-1), (H/1181/-1), (H/1181/-1), (H/1181/-1), (J/1181/-1), (I/1184/-1), (I/1184/-1), (I/1184/-1), (I/1184/-1), (E/1184/-1), (T/1185/-1), (T/1185/-1), (T/1185/-1), (T/1185/-1), (I/1187/-1), (D/1187/-1), (D/1187/-1), (D/1187/-1), (V/1187/-1), (D/1187/-1), (V/1187/-1), (V/1187/-1), (D/1187/-1), (D/1187/-1), (D/1187/-1), (N/1190/-1), (N/1190/-1), (N/1190/-1), (N/1190/-1), (N/1190/-1), (A/1194/-1), (A/1194/-1), (A/1194/-1), (P/1195/-1), (M/1197/-1), (M/1197/-1), (M/1197/-1), (M/1197/-1), (M/1197/-1), (M/1197/-1), (U/1213/-1), (L/1223/-1), (E/1225/-1), (B/1300/-1), (B/1312/-1), (J/1336/-1), (F/1346/-1), (R/1368/-1), (L/1371/-1), (E/1382/-1), (G/1391/-1), (C/1402/-1), (F/1426/-1)
L Station,	(F/389/-1), (H/435/-1), (P/443/-1), (G/576/-1), (V/678/-1), (A/756/-1), (U/767/-1), (S/776/-1), (C/827/-1), (B/846/-1), (J/868/-1), (H/983/-1), (Q/986/-1), (C/1009/-1), (M/1040/-1), (N/1044/-1), (G/1057/-1), (R/1134/-1), (K/1135/-1), (H/1138/-1), (E/1255/-1), (G/1256/-1), (P/1275/-1), (H/1284/-1), (D/1323/-1), (P/1324/-1), (F/1348/-1), (P/1349/-1), (I/1354/-1), (U/1399/-1)
M Station,	(F/53/-1), (B/70/-1), (Q/120/-1), (V/233/-1), (R/413/-1), (S/528/-1), (N/586/-1), (N/586/-1), (N/586/-1), (N/586/-1), (N/586/-1), (N/586/-1), (N/586/-1), (E/591/-1), (T/591/-1), (T/591/-1), (E/591/-1), (A/592/-1), (A/592/-1), (A/592/-1), (U/593/-1), (U/593/-1), (U/593/-1), (U/593/-1), (V/595/-1), (V/595/-1), (V/595/-1), (K/597/-1), (K/597/-1), (K/597/-1), (K/597/-1), (K/597/-1), (H/600/-1), (J/600/-1), (H/600/-1), (H/600/-1), (H/600/-1), (H/600/-1), (J/600/-1), (J/600/-1), (H/600/-1), (I/603/-1), (I/603/-1), (I/603/-1), (N/646/-1), (N/646/-1), (T/651/-1), (T/651/-1), (E/651/-1), (E/651/-1), (T/651/-1), (T/651/-1), (A/652/-1), (A/652/-1), (A/652/-1), (A/652/-1), (U/653/-1), (U/653/-1), (U/653/-1), (U/653/-1), (U/653/-1), (D/654/-1), (V/655/-1), (V/655/-1), (V/655/-1), (V/655/-1), (K/657/-1), (K/657/-1), (K/657/-1), (K/657/-1), (H/660/-1), (J/660/-1), (J/660/-1), (H/660/-1), (H/660/-1), (H/660/-1), (H/660/-1), (F/692/-1), (N/706/-1), (N/706/-1), (N/706/-1), (N/706/-1), (U/708/-1), (T/711/-1), (E/711/-1), (E/711/-1), (E/711/-1), (A/712/-1), (A/712/-1), (A/712/-1), (A/712/-1), (A/712/-1), (A/712/-1), (A/712/-1), (A/712/-1), (U/713/-1), (D/714/-1), (D/714/-1), (D/714/-1), (V/715/-1), (V/715/-1), (V/715/-1), (V/715/-1), (V/715/-1), (V/715/-1), (K/717/-1), (K/717/-1), (K/717/-1), (K/717/-1), (K/717/-1), (H/720/-1), (H/720/-1), (I/723/-1), (I/723/-1), (I/723/-1), (I/723/-1), (I/723/-1), (O/761/-1), (N/762/-1), (N/766/-1), (N/766/-1), (N/766/-1), (T/771/-1), (T/771/-1), (T/771/-1), (E/771/-1), (T/771/-1), (E/771/-1), (E/771/-1), (C/771/-1), (A/772/-1), (A/772/-1), (U/773/-1), (U/773/-1), (U/773/-1), (D/774/-1), (D/774/-1), (V/775/-1), (V/775/-1), (K/777/-1), (K/777/-1), (J/780/-1), (J/780/-1), (J/780/-1), (J/780/-1), (J/780/-1), (I/783/-1), (I/783/-1), (D/809/-1), (S/816/-1), (N/826/-1), (N/826/-1), (N/826/-1), (N/826/-1), (E/831/-1), (T/831/-1), (T/831/-1), (E/831/-1), (E/831/-1), (E/831/-1), (T/831/-1), (A/832/-1), (A/832/-1), (A/832/-1), (A/832/-1), (A/832/-1), (A/832/-1), (A/832/-1), (V/835/-1), (V/835/-1), (V/835/-1), (K/837/-1), (K/837/-1), (J/840/-1), (J/840/-1), (H/840/-1), (H/840/-1), (H/840/-1), (J/840/-1), (H/840/-1), (I/843/-1), (I/843/-1), (I/843/-1), (J/866/-1), (B/870/-1), (N/886/-1), (N/886/-1), (E/891/-1), (T/891/-1), (U/893/-1), (U/893/-1), (U/893/-1), (D/894/-1), (D/894/-1), (D/894/-1), (D/894/-1), (D/894/-1), (D/894/-1), (V/895/-1), (K/897/-1), (K/897/-1), (H/900/-1), (H/900/-1), (J/900/-1), (H/900/-1), (J/900/-1), (H/900/-1), (I/903/-1), (I/903/-1), (L/916/-1), (E/922/-1), (P/931/-1), (N/946/-1), (N/946/-1), (N/946/-1), (T/951/-1), (T/951/-1), (T/951/-1), (E/951/-1), (T/951/-1), (E/951/-1), (E/951/-1), (A/952/-1), (U/953/-1), (U/953/-1), (U/953/-1), (U/953/-1), (U/953/-1), (D/954/-1), (D/954/-1), (V/955/-1), (V/955/-1), (K/957/-1), (K/957/-1), (K/957/-1), (H/960/-1), (I/963/-1), (N/1006/-1), (N/1006/-1), (N/1006/-1), (T/1011/-1), (T/1011/-1), (T/1011/-1), (T/1011/-1), (E/1011/-1), (A/1012/-1), (U/1013/-1), (U/1013/-1), (D/1014/-1), (V/1015/-1), (V/1015/-1), (V/1015/-1), (K/1017/-1), (J/1020/-1), (H/1020/-1), (H/1020/-1), (I/1023/-1), (I/1023/-1), (I/1023/-1), (I/1023/-1), (I/1023/-1), (E/1030/-1), (B/1051/-1), (B/1054/-1), (N/1066/-1), (N/1066/-1), (E/1071/-1), (T/1071/-1), (T/1071/-1), (E/1071/-1), (E/1071/-1), (A/1072/-1), (U/1073/-1), (D/1074/-1), (D/1074/-1), (V/1075/-1), (K/1077/-1), (K/1077/-1), (H/1080/-1), (H/1080/-1), (H/1080/-1), (J/1080/-1), (I/1083/-1), (I/1083/-1), (K/1091/-1), (R/1105/-1), (N/1122/-1), (N/1126/-1), (N/1126/-1), (N/1126/-1), (T/1131/-1), (E/1131/-1), (E/1131/-1), (E/1131/-1), (T/1131/-1), (E/1131/-1), (T/1131/-1), (T/1131/-1), (E/1131/-1), (A/1132/-1), (A/1132/-1), (U/1133/-1), (U/1133/-1), (U/1133/-1), (D/1134/-1), (D/1134/-1), (D/1134/-1), (A/1135/-1), (V/1135/-1), (V/1135/-1), (V/1135/-1), (V/1135/-1), (R/1137/-1), (K/1137/-1), (J/1140/-1), (H/1140/-1), (J/1140/-1), (J/1140/-1), (H/1140/-1), (I/1143/-1), (I/1143/-1), (N/1186/-1), (N/1186/-1), (N/1186/-1), (O/1187/-1), (T/1191/-1), (E/1191/-1), (T/1191/-1), (A/1192/-1), (A/1192/-1), (A/1192/-1), (A/1192/-1), (U/1193/-1), (U/1193/-1), (V/1195/-1), (V/1195/-1), (V/1195/-1), (V/1195/-1), (J/1200/-1), (J/1200/-1), (D/1221/-1), (I/1233/-1), (E/1236/-1), (V/1262/-1), (N/1281/-1), (V/1333/-1), (J/1393/-1), (Q/1404/-1)
N Station,	(O/166/-1), (S/381/-1), (V/388/-1), (O/425/-1), (S/447/-1), (T/583/-1), (T/583/-1), (T/583/-1), (T/583/-1), (T/583/-1), (U/586/-1), (M/586/-1), (V/587/-1), (V/587/-1), (V/587/-1), (V/587/-1), (V/587/-1), (E/588/-1), (E/588/-1), (K/590/-1), (K/590/-1), (K/590/-1), (K/590/-1), (D/591/-1), (D/591/-1), (D/591/-1), (D/591/-1), (D/591/-1), (D/591/-1), (J/593/-1), (H/593/-1), (I/596/-1), (A/598/-1), (E/606/-1), (T/643/-1), (T/643/-1), (M/646/-1), (U/646/-1), (M/646/-1), (U/646/-1), (M/646/-1), (U/646/-1), (V/647/-1), (M/648/-1), (E/648/-1), (E/648/-1), (D/651/-1), (D/651/-1), (D/651/-1), (J/653/-1), (H/653/-1), (H/653/-1), (H/653/-1), (I/656/-1), (I/656/-1), (A/658/-1), (A/658/-1), (T/703/-1), (T/703/-1), (T/703/-1), (M/706/-1), (U/706/-1), (U/706/-1), (M/706/-1), (M/706/-1), (V/707/-1), (V/707/-1), (E/708/-1), (E/708/-1), (E/708/-1), (K/710/-1), (D/711/-1), (D/711/-1), (J/713/-1), (H/713/-1), (I/716/-1), (I/716/-1), (A/718/-1), (Q/751/-1), (T/763/-1), (T/763/-1), (T/763/-1), (T/763/-1), (T/763/-1), (T/763/-1), (U/766/-1), (U/766/-1), (M/766/-1), (M/766/-1), (M/766/-1), (V/767/-1), (V/767/-1), (V/767/-1), (E/768/-1), (E/768/-1), (K/770/-1), (K/770/-1), (D/771/-1), (D/771/-1), (D/771/-1), (J/773/-1), (H/773/-1), (H/773/-1), (H/773/-1), (H/773/-1), (J/773/-1), (J/773/-1), (J/773/-1), (H/773/-1), (J/773/-1), (I/776/-1), (I/776/-1), (I/776/-1), (I/776/-1), (A/778/-1), (A/778/-1), (A/778/-1), (A/778/-1), (O/789/-1), (T/823/-1), (T/823/-1), (T/823/-1), (M/826/-1), (U/826/-1), (U/826/-1), (U/826/-1), (U/826/-1), (V/827/-1), (E/828/-1), (E/828/-1), (E/828/-1), (K/830/-1), (K/830/-1), (D/831/-1), (D/831/-1), (D/831/-1), (D/831/-1), (H/833/-1), (H/833/-1), (J/833/-1), (H/833/-1), (J/833/-1), (A/838/-1), (R/878/-1), (T/883/-1), (T/883/-1), (L/884/-1), (U/886/-1), (M/886/-1), (V/887/-1), (V/887/-1), (E/888/-1), (E/888/-1), (E/888/-1), (E/888/-1), (K/890/-1), (K/890/-1), (K/890/-1), (K/890/-1), (K/890/-1), (D/891/-1), (D/891/-1), (J/893/-1), (J/893/-1), (H/893/-1), (H/893/-1), (H/893/-1), (J/893/-1), (J/893/-1), (J/893/-1), (H/893/-1), (I/896/-1), (A/898/-1), (A/898/-1), (A/898/-1), (A/898/-1), (A/898/-1), (C/904/-1), (K/911/-1), (T/927/-1), (T/943/-1), (T/943/-1), (T/943/-1), (U/946/-1), (U/946/-1), (E/948/-1), (E/948/-1), (E/948/-1), (K/950/-1), (K/950/-1), (D/951/-1), (D/951/-1), (H/953/-1), (H/953/-1), (J/953/-1), (J/953/-1), (H/953/-1), (H/953/-1), (H/953/-1), (I/956/-1), (A/958/-1), (A/958/-1), (G/963/-1), (A/1001/-1), (T/1003/-1), (T/1003/-1), (T/1003/-1), (V/1005/-1), (U/1006/-1), (M/1006/-1), (U/1006/-1), (V/1007/-1), (V/1007/-1), (V/1007/-1), (V/1007/-1), (E/1008/-1), (E/1008/-1), (E/1008/-1), (E/1008/-1), (E/1008/-1), (K/1010/-1), (K/1010/-1), (D/1011/-1), (D/1011/-1), (J/1013/-1), (H/1013/-1), (H/1013/-1), (I/1016/-1), (I/1016/-1), (I/1016/-1), (I/1016/-1), (I/1016/-1), (A/1018/-1), (A/1018/-1), (I/1049/-1), (Q/1057/-1), (T/1063/-1), (T/1063/-1), (M/1066/-1), (U/1066/-1), (M/1066/-1), (U/1066/-1), (V/1067/-1), (V/1067/-1), (V/1067/-1), (E/1068/-1), (E/1068/-1), (K/1070/-1), (K/1070/-1), (J/1073/-1), (H/1073/-1), (J/1073/-1), (H/1073/-1), (J/1073/-1), (H/1073/-1), (H/1073/-1), (J/1073/-1), (I/1076/-1), (A/1078/-1), (A/1078/-1), (A/1078/-1), (L/1091/-1), (T/1123/-1), (T/1123/-1), (M/1126/-1), (U/1126/-1), (U/1126/-1), (M/1126/-1), (M/1126/-1), (M/1126/-1), (M/1126/-1), (M/1126/-1), (U/1126/-1), (M/1126/-1), (U/1126/-1), (M/1126/-1), (M/1126/-1), (V/1127/-1), (V/1127/-1), (E/1128/-1), (E/1128/-1), (K/1130/-1), (K/1130/-1), (K/1130/-1), (D/1131/-1), (D/1131/-1), (D/1131/-1), (H/1133/-1), (J/1133/-1), (H/1133/-1), (H/1133/-1), (I/1136/-1), (I/1136/-1), (A/1138/-1), (A/1138/-1), (A/1138/-1), (T/1183/-1), (T/1183/-1), (T/1183/-1), (T/1183/-1), (M/1186/-1), (M/1186/-1), (U/1186/-1), (M/1186/-1), (U/1186/-1), (M/1186/-1), (M/1186/-1), (V/1187/-1), (V/1187/-1), (E/1188/-1), (E/1188/-1), (E/1188/-1), (K/1190/-1), (K/1190/-1), (K/1190/-1), (K/1190/-1), (K/1190/-1), (D/1191/-1), (D/1191/-1), (H/1193/-1), (J/1193/-1), (H/1193/-1), (J/1193/-1), (H/1193/-1), (H/1193/-1), (H/1193/-1), (A/1198/-1), (A/1198/-1), (A/1198/-1), (B/1231/-1), (J/1239/-1), (G/1260/-1), (R/1263/-1), (J/1317/-1), (I/1329/-1), (R/1407/-1), (O/1417/-1)
O Station,	(H/56/-1), (R/140/-1), (I/152/-1), (L/162/-1), (V/196/-1), (Q/209/-1), (C/231/-1), (J/262/-1), (B/286/-1), (N/296/-1), (R/344/-1), (F/483/-1), (K/532/-1), (R/555/-1), (W/614/-1), (H/620/-1), (G/624/-1), (W/641/-1), (M/667/-1), (T/681/-1), (U/683/-1), (S/692/-1), (A/793/-1), (N/811/-1), (K/814/-1), (R/879/-1), (V/934/-1), (W/995/-1), (W/1031/-1), (Q/1055/-1), (Q/1063/-1), (B/1071/-1), (G/1103/-1), (T/1105/-1), (G/1107/-1), (D/1163/-1), (B/1170/-1), (P/1179/-1), (M/1194/-1), (S/1259/-1), (C/1279/-1), (Q/1289/-1), (L/1297/-1), (F/1336/-1), (K/1338/-1), (D/1343/-1), (N/1361/-1), (U/1404/-1), (L/1407/-1), (P/1427/-1)
P Station,	(T/122/-1), (B/146/-1), (B/350/-1), (U/359/-1), (R/392/-1), (S/466/-1), (E/474/-1), (I/475/-1), (F/493/-1), (L/525/-1), (E/607/-1), (K/617/-1), (I/619/-1), (J/627/-1), (T/671/-1), (W/679/-1), (I/689/-1), (U/715/-1), (V/726/-1), (T/764/-1), (A/785/-1), (I/820/-1), (L/896/-1), (O/963/-1), (D/989/-1), (R/1044/-1), (D/1054/-1), (G/1073/-1), (M/1093/-1), (T/1106/-1), (C/1107/-1), (G/1117/-1), (K/1130/-1), (C/1132/-1), (T/1136/-1), (V/1233/-1), (V/1261/-1), (M/1265/-1), (S/1266/-1), (L/1295/-1), (H/1348/-1), (V/1373/-1)
Q Station,	(K/102/-1), (G/152/-1), (O/171/-1), (P/214/-1), (P/556/-1), (J/602/-1), (P/622/-1), (W/636/-1), (T/648/-1), (C/687/-1), (T/750/-1), (A/756/-1), (R/769/-1), (K/782/-1), (A/785/-1), (K/793/-1), (N/799/-1), (N/821/-1), (E/831/-1), (N/839/-1), (S/841/-1), (N/901/-1), (G/960/-1), (K/973/-1), (U/979/-1), (E/1033/-1), (U/1057/-1), (T/1084/-1), (V/1087/-1), (R/1179/-1), (V/1210/-1), (U/1241/-1), (O/1256/-1), (G/1267/-1), (M/1275/-1), (M/1283/-1), (N/1297/-1), (L/1301/-1), (F/1334/-1), (R/1354/-1), (N/1410/-1)
R Station,	(P/58/-1), (V/71/-1), (G/168/-1), (E/176/-1), (U/209/-1), (O/317/-1), (J/319/-1), (U/444/-1), (P/473/-1), (V/503/-1), (P/540/-1), (S/552/-1), (J/599/-1), (A/618/-1), (J/627/-1), (M/685/-1), (A/685/-1), (S/715/-1), (G/747/-1), (G/749/-1), (C/776/-1), (H/795/-1), (W/823/-1), (Q/863/-1), (P/865/-1), (J/888/-1), (E/995/-1), (S/996/-1), (Q/1069/-1), (J/1106/-1), (B/1148/-1), (D/1175/-1), (A/1185/-1), (A/1213/-1), (M/1237/-1), (O/1280/-1), (L/1317/-1), (K/1337/-1), (M/1352/-1)
S Station,	(A/86/-1), (O/96/-1), (M/238/-1), (R/240/-1), (R/322/-1), (N/345/-1), (G/477/-1), (B/560/-1), (K/572/-1), (T/603/-1), (L/659/-1), (H/744/-1), (O/750/-1), (H/765/-1), (L/766/-1), (A/855/-1), (R/916/-1), (B/944/-1), (W/955/-1), (G/1021/-1), (L/1095/-1), (E/1171/-1), (H/1173/-1), (J/1202/-1), (R/1237/-1), (F/1272/-1), (I/1298/-1), (B/1299/-1), (T/1345/-1), (U/1360/-1), (M/1366/-1), (U/1367/-1), (E/1415/-1)
T Station,	(V/162/-1), (F/182/-1), (I/189/-1), (S/214/-1), (V/222/-1), (J/235/-1), (F/290/-1), (W/367/-1), (B/496/-1), (U/581/-1), (U/581/-1), (U/581/-1), (E/583/-1), (E/583/-1), (N/583/-1), (N/583/-1), (E/583/-1), (E/583/-1), (K/585/-1), (K/585/-1), (K/585/-1), (K/585/-1), (K/585/-1), (K/585/-1), (D/586/-1), (D/586/-1), (D/586/-1), (V/588/-1), (H/588/-1), (J/588/-1), (J/588/-1), (V/588/-1), (V/588/-1), (M/591/-1), (M/591/-1), (I/591/-1), (I/591/-1), (A/593/-1), (A/593/-1), (F/613/-1), (U/641/-1), (U/641/-1), (N/643/-1), (E/643/-1), (K/645/-1), (K/645/-1), (K/645/-1), (K/645/-1), (V/648/-1), (H/648/-1), (V/648/-1), (J/648/-1), (V/648/-1), (V/648/-1), (H/648/-1), (J/648/-1), (J/648/-1), (V/648/-1), (I/651/-1), (I/651/-1), (I/651/-1), (A/653/-1), (V/659/-1), (U/701/-1), (U/701/-1), (U/701/-1), (U/701/-1), (U/701/-1), (E/703/-1), (N/703/-1), (E/703/-1), (K/705/-1), (D/706/-1), (J/708/-1), (V/708/-1), (J/708/-1), (V/708/-1), (V/708/-1), (V/708/-1), (V/708/-1), (H/708/-1), (M/711/-1), (I/711/-1), (M/711/-1), (M/711/-1), (I/711/-1), (M/711/-1), (M/711/-1), (I/711/-1), (A/713/-1), (A/713/-1), (A/713/-1), (A/713/-1), (M/743/-1), (U/761/-1), (U/761/-1), (U/761/-1), (N/763/-1), (N/763/-1), (N/763/-1), (N/763/-1), (K/765/-1), (K/765/-1), (K/765/-1), (K/765/-1), (K/765/-1), (D/766/-1), (D/766/-1), (D/766/-1), (D/766/-1), (D/766/-1), (D/766/-1), (A/767/-1), (J/768/-1), (V/768/-1), (H/768/-1), (J/768/-1), (J/768/-1), (V/768/-1), (V/768/-1), (H/768/-1), (V/768/-1), (H/768/-1), (V/768/-1), (H/768/-1), (M/771/-1), (I/771/-1), (M/771/-1), (A/773/-1), (A/773/-1), (M/808/-1), (U/821/-1), (E/823/-1), (E/823/-1), (N/823/-1), (N/823/-1), (K/825/-1), (D/826/-1), (V/828/-1), (J/828/-1), (V/828/-1), (J/828/-1), (H/828/-1), (I/831/-1), (I/831/-1), (I/831/-1), (I/831/-1), (A/833/-1), (I/869/-1), (R/880/-1), (K/882/-1), (N/883/-1), (N/883/-1), (N/883/-1), (N/883/-1), (K/885/-1), (K/885/-1), (K/885/-1), (K/885/-1), (K/885/-1), (D/886/-1), (D/886/-1), (D/886/-1), (D/886/-1), (H/888/-1), (H/888/-1), (V/888/-1), (V/888/-1), (J/888/-1), (H/888/-1), (H/888/-1), (V/888/-1), (H/888/-1), (H/888/-1), (H/888/-1), (J/888/-1), (I/891/-1), (I/891/-1), (I/891/-1), (M/891/-1), (M/891/-1), (M/891/-1), (M/891/-1), (I/891/-1), (A/893/-1), (A/893/-1), (J/932/-1), (U/941/-1), (U/941/-1), (U/941/-1), (E/943/-1), (N/943/-1), (E/943/-1), (E/943/-1), (E/943/-1), (E/943/-1), (E/943/-1), (K/945/-1), (K/945/-1), (K/945/-1), (D/946/-1), (D/946/-1), (J/948/-1), (H/948/-1), (H/948/-1), (J/948/-1), (I/951/-1), (I/951/-1), (I/951/-1), (I/951/-1), (M/951/-1), (A/953/-1), (A/953/-1), (V/956/-1), (N/1003/-1), (N/1003/-1), (E/1003/-1), (N/1003/-1), (K/1005/-1), (K/1005/-1), (K/1005/-1), (K/1005/-1), (D/1006/-1), (D/1006/-1), (D/1008/-1), (H/1008/-1), (J/1008/-1), (V/1008/-1), (V/1008/-1), (V/1008/-1), (V/1008/-1), (I/1011/-1), (M/1011/-1), (A/1013/-1), (A/1013/-1), (A/1013/-1), (L/1049/-1), (A/1049/-1), (U/1061/-1), (N/1063/-1), (E/1063/-1), (K/1065/-1), (K/1065/-1), (D/1066/-1), (D/1066/-1), (D/1066/-1), (V/1068/-1), (V/1068/-1), (J/1068/-1), (H/1068/-1), (V/1069/-1), (S/1070/-1), (M/1071/-1), (M/1071/-1), (I/1071/-1), (I/1071/-1), (M/1071/-1), (M/1071/-1), (I/1071/-1), (A/1073/-1), (A/1073/-1), (A/1073/-1), (U/1121/-1), (N/1123/-1), (N/1123/-1), (N/1123/-1), (E/1123/-1), (K/1125/-1), (J/1128/-1), (J/1128/-1), (J/1128/-1), (H/1128/-1), (V/1128/-1), (I/1131/-1), (A/1133/-1), (A/1133/-1), (A/1133/-1), (S/1156/-1), (S/1159/-1), (U/1181/-1), (U/1181/-1), (U/1181/-1), (E/1183/-1), (E/1183/-1), (E/1183/-1), (E/1183/-1), (N/1183/-1), (E/1183/-1), (E/1183/-1), (W/1185/-1), (K/1185/-1), (D/1186/-1), (D/1186/-1), (J/1188/-1), (V/1188/-1), (J/1188/-1), (V/1188/-1), (J/1188/-1), (H/1188/-1), (H/1188/-1), (V/1188/-1), (V/1188/-1), (V/1188/-1), (H/1188/-1), (J/1188/-1), (H/1188/-1), (J/1188/-1), (H/1188/-1), (V/1188/-1), (I/1191/-1), (M/1191/-1), (A/1193/-1), (A/1193/-1), (A/1193/-1), (A/1193/-1), (U/1197/-1), (K/1198/-1), (W/1229/-1), (U/1283/-1), (S/1314/-1), (I/1323/-1), (E/1330/-1), (N/1344/-1), (S/1349/-1), (D/1362/-1), (S/1389/-1), (G/1408/-1), (D/1409/-1), (N/1421/-1), (I/1424/-1)
U Station,	(C/132/-1), (O/229/-1), (T/231/-1), (P/279/-1), (C/297/-1), (H/326/-1), (H/509/-1), (T/581/-1), (K/582/-1), (K/582/-1), (K/582/-1), (D/583/-1), (D/583/-1), (H/585/-1), (H/585/-1), (H/585/-1), (H/585/-1), (J/585/-1), (N/586/-1), (N/586/-1), (N/586/-1), (N/586/-1), (N/586/-1), (N/586/-1), (N/586/-1), (I/588/-1), (I/588/-1), (A/590/-1), (A/590/-1), (A/590/-1), (A/590/-1), (A/590/-1), (V/591/-1), (V/591/-1), (M/593/-1), (T/641/-1), (T/641/-1), (K/642/-1), (K/642/-1), (M/642/-1), (D/643/-1), (J/645/-1), (J/645/-1), (H/645/-1), (H/645/-1), (H/645/-1), (H/645/-1), (N/646/-1), (N/646/-1), (N/646/-1), (N/646/-1), (I/648/-1), (I/648/-1), (A/650/-1), (A/650/-1), (A/650/-1), (A/650/-1), (A/650/-1), (A/650/-1), (A/650/-1), (V/651/-1), (V/651/-1), (V/651/-1), (V/651/-1), (V/651/-1), (V/651/-1), (M/653/-1), (M/653/-1), (M/653/-1), (N/659/-1), (S/664/-1), (T/701/-1), (T/701/-1), (T/701/-1), (K/702/-1), (K/702/-1), (D/703/-1), (D/703/-1), (J/705/-1), (J/705/-1), (J/705/-1), (I/708/-1), (A/710/-1), (A/710/-1), (A/710/-1), (A/710/-1), (A/710/-1), (A/710/-1), (A/710/-1), (V/711/-1), (M/713/-1), (I/746/-1), (T/761/-1), (T/761/-1), (T/761/-1), (T/761/-1), (K/762/-1), (K/762/-1), (H/765/-1), (H/765/-1), (J/765/-1), (H/765/-1), (I/768/-1), (I/768/-1), (I/768/-1), (A/770/-1), (A/770/-1), (A/770/-1), (V/771/-1), (V/771/-1), (V/771/-1), (V/771/-1), (V/771/-1), (H/773/-1), (M/773/-1), (M/773/-1), (V/817/-1), (T/821/-1), (T/821/-1), (K/822/-1), (J/825/-1), (H/825/-1), (J/825/-1), (H/825/-1), (J/825/-1), (J/825/-1), (N/826/-1), (I/828/-1), (A/830/-1), (A/830/-1), (V/831/-1), (V/831/-1), (V/831/-1), (V/831/-1), (M/833/-1), (M/833/-1), (M/833/-1), (M/833/-1), (M/833/-1), (A/837/-1), (C/849/-1), (O/870/-1), (T/881/-1), (T/881/-1), (T/881/-1), (K/882/-1), (K/882/-1), (D/883/-1), (D/883/-1), (J/885/-1), (H/885/-1), (H/885/-1), (N/886/-1), (N/886/-1), (N/886/-1), (N/886/-1), (N/886/-1), (N/886/-1), (I/888/-1), (I/888/-1), (A/890/-1), (A/890/-1), (V/891/-1), (M/893/-1), (M/893/-1), (M/893/-1), (N/923/-1), (K/930/-1), (T/941/-1), (T/941/-1), (K/942/-1), (K/942/-1), (K/942/-1), (D/943/-1), (D/943/-1), (D/943/-1), (H/945/-1), (J/945/-1), (J/945/-1), (J/945/-1), (N/946/-1), (N/946/-1), (I/948/-1), (A/950/-1), (A/950/-1), (A/950/-1), (A/950/-1), (M/953/-1), (M/953/-1), (T/1001/-1), (T/1001/-1), (T/1001/-1), (T/1001/-1), (T/1001/-1), (T/1001/-1), (T/1001/-1), (T/1001/-1), (K/1002/-1), (K/1002/-1), (D/1003/-1), (D/1003/-1), (H/1005/-1), (H/1005/-1), (J/1005/-1), (H/1005/-1), (J/1005/-1), (N/1006/-1), (N/1006/-1), (I/1008/-1), (I/1008/-1), (I/1008/-1), (A/1010/-1), (A/1010/-1), (A/1010/-1), (V/1011/-1), (V/1011/-1), (V/1011/-1), (M/1013/-1), (N/1042/-1), (S/1045/-1), (I/1053/-1), (T/1061/-1), (T/1061/-1), (T/1061/-1), (T/1061/-1), (K/1062/-1), (K/1062/-1), (K/1062/-1), (D/1063/-1), (H/1065/-1), (H/1065/-1), (H/1065/-1), (H/1065/-1), (H/1065/-1), (J/1065/-1), (N/1066/-1), (N/1066/-1), (N/1066/-1), (N/1066/-1), (I/1068/-1), (I/1068/-1), (I/1068/-1), (I/1068/-1), (A/1070/-1), (V/1071/-1), (V/1071/-1), (V/1071/-1), (V/1071/-1), (M/1073/-1), (M/1073/-1), (C/1082/-1), (F/1088/-1), (J/1106/-1), (T/1121/-1), (K/1122/-1), (D/1123/-1), (D/1123/-1), (D/1123/-1), (D/1123/-1), (J/1125/-1), (J/1125/-1), (J/1125/-1), (J/1125/-1), (H/1125/-1), (N/1126/-1), (I/1128/-1), (I/1128/-1), (I/1128/-1), (I/1128/-1), (R/1129/-1), (A/1130/-1), (A/1130/-1), (A/1130/-1), (V/1131/-1), (V/1131/-1), (G/1162/-1), (T/1181/-1), (K/1182/-1), (K/1182/-1), (K/1182/-1), (K/1182/-1), (K/1182/-1), (D/1183/-1), (D/1183/-1), (D/1183/-1), (D/1183/-1), (J/1185/-1), (H/1185/-1), (H/1185/-1), (J/1185/-1), (J/1185/-1), (N/1186/-1), (I/1188/-1), (I/1188/-1), (A/1190/-1), (A/1190/-1), (A/1190/-1), (A/1190/-1), (V/1191/-1), (M/1193/-1), (M/1193/-1), (M/1193/-1), (B/1206/-1), (W/1231/-1), (N/1236/-1), (V/1257/-1), (N/1266/-1), (F/1317/-1), (A/1322/-1), (M/1322/-1), (R/1324/-1), (M/1336/-1), (L/1355/-1), (D/1366/-1), (V/1376/-1)
V Station,	(W/102/-1), (D/200/-1), (A/290/-1), (J/584/-1), (J/584/-1), (I/587/-1), (I/587/-1), (K/587/-1), (I/587/-1), (K/587/-1), (I/587/-1), (I/587/-1), (N/587/-1), (N/587/-1), (N/587/-1), (T/588/-1), (T/588/-1), (U/591/-1), (U/591/-1), (U/591/-1), (E/593/-1), (E/593/-1), (E/593/-1), (M/595/-1), (M/595/-1), (D/596/-1), (D/596/-1), (A/603/-1), (G/608/-1), (A/632/-1), (J/644/-1), (J/644/-1), (J/644/-1), (C/646/-1), (K/647/-1), (N/647/-1), (I/647/-1), (N/647/-1), (N/647/-1), (N/647/-1), (I/647/-1), (N/647/-1), (N/647/-1), (T/648/-1), (T/648/-1), (H/650/-1), (U/651/-1), (U/651/-1), (U/651/-1), (E/653/-1), (E/653/-1), (M/655/-1), (M/655/-1), (D/656/-1), (C/673/-1), (U/702/-1), (J/704/-1), (K/707/-1), (I/707/-1), (I/707/-1), (K/707/-1), (N/707/-1), (I/707/-1), (T/708/-1), (H/710/-1), (H/710/-1), (E/713/-1), (E/713/-1), (E/713/-1), (E/713/-1), (M/715/-1), (M/715/-1), (M/715/-1), (D/716/-1), (B/718/-1), (A/723/-1), (A/723/-1), (A/723/-1), (I/724/-1), (C/726/-1), (C/745/-1), (J/764/-1), (J/764/-1), (N/767/-1), (I/767/-1), (N/767/-1), (N/767/-1), (K/767/-1), (N/767/-1), (N/767/-1), (K/767/-1), (N/767/-1), (T/768/-1), (H/770/-1), (H/770/-1), (H/770/-1), (U/771/-1), (U/771/-1), (U/771/-1), (U/771/-1), (E/773/-1), (E/773/-1), (E/773/-1), (E/773/-1), (M/775/-1), (M/775/-1), (D/776/-1), (D/776/-1), (A/777/-1), (D/804/-1), (J/824/-1), (J/824/-1), (J/824/-1), (J/824/-1), (K/827/-1), (K/827/-1), (I/827/-1), (K/827/-1), (K/827/-1), (N/827/-1), (I/827/-1), (K/827/-1), (T/828/-1), (H/830/-1), (U/831/-1), (E/833/-1), (E/833/-1), (E/833/-1), (E/833/-1), (M/833/-1), (M/835/-1), (D/836/-1), (D/836/-1), (A/843/-1), (A/843/-1), (A/843/-1), (A/843/-1), (L/868/-1), (J/884/-1), (I/887/-1), (K/887/-1), (I/887/-1), (K/887/-1), (N/887/-1), (N/887/-1), (K/887/-1), (I/887/-1), (I/887/-1), (N/887/-1), (T/888/-1), (T/888/-1), (H/890/-1), (H/890/-1), (H/890/-1), (H/890/-1), (H/890/-1), (U/891/-1), (U/891/-1), (M/895/-1), (D/896/-1), (D/896/-1), (A/903/-1), (A/903/-1), (A/903/-1), (A/903/-1), (A/903/-1), (P/928/-1), (J/931/-1), (J/944/-1), (J/944/-1), (N/947/-1), (I/947/-1), (N/947/-1), (K/947/-1), (I/947/-1), (K/947/-1), (I/947/-1), (I/947/-1), (T/948/-1), (T/948/-1), (T/948/-1), (T/948/-1), (T/948/-1), (T/948/-1), (T/948/-1), (T/948/-1), (T/948/-1), (U/951/-1), (U/951/-1), (E/953/-1), (E/953/-1), (E/953/-1), (M/955/-1), (D/956/-1), (D/956/-1), (D/956/-1), (D/956/-1), (J/1004/-1), (J/1004/-1), (J/1004/-1), (K/1007/-1), (N/1007/-1), (T/1008/-1), (T/1008/-1), (T/1008/-1), (H/1010/-1), (H/1010/-1), (H/1010/-1), (U/1011/-1), (U/1011/-1), (M/1015/-1), (M/1015/-1), (D/1016/-1), (D/1016/-1), (Q/1021/-1), (E/1043/-1), (J/1064/-1), (I/1067/-1), (I/1067/-1), (N/1067/-1), (N/1067/-1), (T/1068/-1), (T/1068/-1), (P/1069/-1), (H/1070/-1), (U/1071/-1), (U/1071/-1), (U/1071/-1), (U/1071/-1), (E/1073/-1), (E/1073/-1), (E/1073/-1), (E/1073/-1), (E/1073/-1), (E/1073/-1), (E/1073/-1), (M/1075/-1), (M/1075/-1), (D/1076/-1), (D/1076/-1), (D/1076/-1), (A/1083/-1), (A/1083/-1), (L/1099/-1), (I/1127/-1), (K/1127/-1), (N/1127/-1), (K/1127/-1), (N/1127/-1), (H/1130/-1), (H/1130/-1), (U/1131/-1), (U/1131/-1), (U/1131/-1), (U/1131/-1), (U/1131/-1), (U/1131/-1), (U/1131/-1), (E/1133/-1), (E/1133/-1), (M/1135/-1), (M/1135/-1), (D/1136/-1), (A/1143/-1), (A/1143/-1), (J/1184/-1), (G/1185/-1), (K/1187/-1), (N/1187/-1), (N/1187/-1), (N/1187/-1), (N/1187/-1), (K/1187/-1), (N/1187/-1), (I/1187/-1), (N/1187/-1), (K/1187/-1), (K/1187/-1), (N/1187/-1), (K/1187/-1), (K/1187/-1), (N/1187/-1), (B/1187/-1), (T/1188/-1), (T/1188/-1), (T/1188/-1), (H/1190/-1), (H/1190/-1), (U/1191/-1), (U/1191/-1), (U/1191/-1), (E/1193/-1), (E/1193/-1), (E/1193/-1), (E/1193/-1), (I/1194/-1), (M/1195/-1), (M/1195/-1), (M/1195/-1), (D/1196/-1), (D/1196/-1), (D/1196/-1), (D/1196/-1), (A/1203/-1), (A/1203/-1), (U/1219/-1), (J/1222/-1), (P/1235/-1), (A/1265/-1), (B/1308/-1), (C/1321/-1), (G/1334/-1), (F/1386/-1), (S/1394/-1), (D/1404/-1), (C/1420/-1), (H/1425/-1)
W Station,	(F/48/-1), (A/78/-1), (O/304/-1), (K/308/-1), (N/314/-1), (P/349/-1), (G/462/-1), (M/621/-1), (V/638/-1), (A/652/-1), (A/691/-1), (E/695/-1), (S/717/-1), (S/723/-1), (O/740/-1), (K/801/-1), (D/827/-1), (K/846/-1), (O/865/-1), (V/916/-1), (F/917/-1), (O/924/-1), (G/928/-1), (L/958/-1), (S/1018/-1), (K/1039/-1), (V/1039/-1), (Q/1091/-1), (J/1114/-1), (P/1124/-1), (S/1198/-1), (S/1201/-1), (T/1238/-1), (B/1245/-1), (L/1270/-1), (G/1322/-1), (Q/1403/-1), (K/1420/-1), (A/1430/-1)
