AGreedy AR	Serviced: 4497, Unfair: 0, UserN :4500
Shuttle0,	0,0,0,0,0,0,1,1,1,1,1,1,4,4,4,7,7,7,7,7,7,7,8,8,8,11,11,11,12,12,12,15,15,15,15,16,16,16,20,20,20,20,20,20,20,19,19,17,17,17,16,16,16,16,15,15,15,15,15,15,15,15,16,16,16,16,18,18,18,18,20,20,20,20,20,20,20,20,20,20,20,20,20,20,21,21,21,21,21,21,21,24,24,24,21,21,21,21,21,20,20,20,20,23,23,23,23,23,23,21,21,21,22,22,22,19,19,19,19,19,19,19,17,17,17,17,16,16,16,15,15,16,16,16,16,16,16,16,19,19,19,19,19,19,19,19,16,16,16,16,17,17,17,17,14,14,14,14,13,13,13,13,13,13,13,13,13,13,11,11,11,11,11,11,8,9,9,9,12,12,12,12,12,16,16,16,16,16,16,16,18,18,18,17,17,17,20,20,20,20,20,20,20,18,18,18,20,20,20,20,17,17,17,18,18,19,19,19,19,19,19,19,18,18,18,18,18,18,18,18,16,16,16,16,21,21,21,21,20,20,20,20,20,20,20,19,19,19,19,19,19,19,19,19,19,19,19,19,18,17,17,17,15,15,14,14,14,11,11,11,11,13,13,13,13,13,13,13,13,13,12,12,12,12,12,12,12,10,10,10,12,12,12,12,15,15,15,16,16,14,14,14,12,12,12,12,12,12,12,12,12,12,12,12,11,11,11,11,14,14,14,14,13,13,13,13,14,14,14,12,12,12,12,12,12,12,15,15,15,15,15,15,16,17,17,17,17,17,17,17,17,15,15,15,15,15,15,15,13,13,13,12,12,12,16,16,16,19,19,19,19,19,19,19,19,19,19,19,22,22,22,23,23,21,21,21,19,19,19,19,21,21,21,21,21,21,21,21,22,22,22,22,22,22,22,22,22,22,22,22,22,22,22,25,25,25,25,25,25,25,25,25,25,25,25,25,24,26,26,26,27,27,25,25,25,26,26,26,26,24,24,24,21,21,21,21,21,21,23,23,23,24,24,24,24,25,25,25,26,26,26,26,26,26,26,27,27,27,27,27,26,26,26,26,27,27,27,27,27,27,27,27,29,29,29,29,30,30,30,30,25,25,25,25,23,23,23,19,19,19,19,19,19,19,22,22,22,22,22,22,20,20,20,20,17,17,18,18,18,20,20,20,20,19,19,19,21,21,21,20,20,20,19,19,19,19,19,19,19,21,21,21,21,21,21,21,18,18,18,20,20,22,22,22,24,24,24,24,25,25,25,25,25,25,25,25,24,24,24,24,26,26,26,26,27,27,27,27,27,27,27,25,25,25,25,25,25,25,26,26,26,26,26,26,25,25,25,25,22,22,21,21,21,17,17,17,17,17,17,17,17,17,17,15,15,15,16,16,16,18,18,18,18,17,17,17,19,19,19,19,19,19,19,20,20,19,19,19,22,22,22,22,22,22,22,22,22,22,22,22,21,21,21,21,19,19,19,19,21,21,21,21,20,20,20,18,18,18,18,18,18,18,17,17,17,17,17,17,17,14,14,14,17,17,15,15,15,15,15,15,15,14,14,14,14,14,14,17,17,17,17,17,17,16,16,16,16,17,17,17,16,16,16,16,19,19,19,19,19,18,18,18,17,17,17,17,18,18,18,18,18,18,18,18,17,17,17,17,17,17,17,17,19,19,19,19,20,20,20,20,20,20,20,20,20,20,22,22,22,22,22,22,19,25,25,25,23,23,21,21,21,23,23,23,23,24,24,24,19,19,19,17,17,17,18,18,18,19,19,19,19,16,16,16,11,11,11,11,10,10,10,13,13,15,15,15,20,20,20,20,21,21,21,21,21,21,21,21,20,20,20,20,18,18,18,18,16,16,16,16,18,18,18,18,18,18,18,18,18,18,17,17,17,17,17,17,15,14,14,14,11,11,11,11,11,13,13,13,13,13,13,13,15,15,15,14,14,14,16,16,16,16,16,16,16,14,14,14,17,17,17,17,18,18,18,20,20,20,20,20,18,18,18,18,17,17,17,17,17,17,17,17,20,20,20,20,21,21,21,21,22,22,22,22,20,20,20,22,22,22,22,22,22,22,21,21,21,21,21,21,20,19,19,19,17,17,17,17,17,18,18,18,18,19,19,19,18,18,18,20,20,20,20,20,20,24,24,24,24,22,22,22,22,22,22,22,20,20,20,21,21,20,20,20,22,22,22,22,21,21,21,21,21,21,21,21,21,21,21,21,20,20,20,20,19,19,19,19,17,17,17,18,18,18,18,18,18,18,17,17,17,17,17,17,15,15,15,15,15,15,18,18,18,17,17,17,17,20,20,20,21,21,21,22,22,22,22,22,22,25,25,25,25,24,24,24,25,25,25,25,25,25,25,24,24,25,25,25,26,26,26,26,25,25,25,25,25,25,25,25,23,23,23,23,21,21,21,21,20,20,20,20,18,18,18,16,16,16,16,16,16,16,19,19,19,19,19,19,18,15,15,15,15,15,16,16,16,18,18,18,18,19,19,19,16,16,16,17,17,17,14,14,14,19,19,19,19,20,20,20,17,17,17,17,17,17,17,20,20,22,22,22,21,21,21,21,21,21,21,21,21,21,21,21,21,21,21,21,19,19,19,19,22,22,22,22,25,25,25,25,25,25,25,25,25,25,21,21,21,21,21,21,23,25,25,25,24,24,26,26,26,26,26,26,26,23,23,23,23,23,23,22,22,22,19,19,19,22,22,22,22,20,20,20,17,17,17,17,13,13,13,14,14,11,11,11,12,12,12,12,13,13,13,13,13,13,13,13,13,13,13,13,10,10,10,10,11,11,11,11,11,11,11,11,11,11,11,11,11,11,11,11,11,11,11,11,10,10,10,10,12,12,14,14,14,10,10,10,10,11,11,11,10,10,10,11,11,11,12,12,12,13,13,13,13,15,15,15,15,15,15,15,16,16,16,17,17,19,19,19,18,18,18,18,17,17,17,17,17,17,17,17,17,17,17,17,19,19,19,19,19,19,19,19,17,17,17,17,17,17,17,17,17,17,16,16,16,16,16,16,17,17,17,17,17,17,15,15,15,15,15,15,15,15,15,15,14,14,14,14,14,14,11,11,11,9,9,9,9,8,8,8,7,7,7,7,5,5,5,4,4,4,4,4,3,3,3,3,2,2,2,2,2,2,2,2,2,2,2,2,2,2,2,2,2,2,2,2,2,2,2,1,1,1,1,1,1,1,0,0,0,0,0,0,0,0,0,0,0,0
Shuttle1,	0,0,0,0,0,0,0,1,1,1,4,4,4,4,4,4,6,6,6,6,6,6,6,6,6,6,8,8,8,8,8,8,8,8,8,12,12,12,14,14,14,14,16,16,16,16,16,16,16,16,17,17,17,17,19,19,19,19,18,18,18,18,19,19,19,21,21,21,21,21,21,21,21,21,21,21,21,21,22,20,20,20,21,21,22,22,22,22,22,22,22,19,19,19,19,19,19,21,21,21,20,20,20,21,21,21,21,24,24,24,24,24,24,24,23,23,23,26,26,26,26,26,24,24,24,24,24,24,24,24,24,24,24,24,26,26,26,26,22,22,22,22,24,24,24,24,26,26,26,26,26,26,26,26,26,26,22,22,22,22,22,22,23,23,23,23,21,21,21,21,21,21,21,21,21,20,20,20,18,18,18,17,17,17,18,18,18,21,21,21,21,19,19,19,21,21,21,21,23,23,23,20,20,21,21,21,19,19,19,19,17,17,17,17,17,17,17,17,20,20,20,20,22,22,22,22,22,22,22,22,25,25,25,25,25,25,25,25,25,25,23,23,23,23,23,23,23,23,23,23,20,20,19,19,19,15,15,15,15,13,13,13,17,17,17,18,18,18,19,19,19,19,19,19,19,25,25,25,25,25,25,25,26,26,26,21,21,22,22,22,21,21,21,21,21,21,21,21,21,21,21,21,18,18,18,18,19,19,19,19,17,17,17,17,18,18,18,19,19,19,19,19,19,19,18,18,18,18,18,18,19,18,18,18,18,18,15,15,15,18,18,18,18,18,18,18,21,21,21,22,22,22,24,24,24,26,26,26,26,26,26,26,26,26,26,26,26,26,26,27,27,25,25,25,23,23,23,23,21,21,21,21,21,21,21,21,21,21,21,21,23,23,23,23,20,20,20,20,22,22,22,21,21,21,21,21,21,21,22,22,22,22,22,22,21,23,23,23,23,23,22,22,22,19,19,19,19,22,22,22,27,27,27,26,26,26,26,26,26,23,23,23,23,21,21,21,21,21,21,21,19,19,19,20,20,23,23,23,21,21,21,21,16,16,16,16,16,16,16,16,21,21,21,21,20,20,20,20,19,19,19,19,20,20,20,23,23,23,23,23,23,23,23,23,23,23,23,23,20,19,19,19,20,20,20,20,20,17,17,17,17,15,15,15,18,18,18,19,19,19,18,18,18,18,18,18,18,19,19,19,20,20,20,20,23,23,23,24,24,23,23,23,24,24,24,24,24,24,24,24,24,24,24,24,25,25,25,25,26,26,26,26,26,26,26,26,22,22,22,24,24,24,24,24,24,24,24,24,24,24,24,24,26,25,25,25,25,25,27,27,27,27,27,27,27,24,24,24,23,23,23,22,22,22,21,21,21,18,18,18,18,22,22,22,19,19,19,19,17,17,17,13,13,14,14,14,14,14,14,14,13,13,13,13,13,13,13,13,12,12,12,12,12,12,12,12,14,14,14,14,14,14,14,15,15,15,15,15,15,15,13,13,13,13,13,13,13,15,15,15,16,16,16,16,16,15,15,15,15,15,15,15,16,16,16,19,19,19,19,19,19,20,20,20,20,19,19,19,18,18,18,18,16,16,16,17,17,16,16,16,14,14,14,14,15,15,15,15,15,15,15,15,16,16,16,16,20,20,20,20,18,18,18,18,21,21,21,20,20,20,20,20,20,20,16,16,16,16,16,16,17,15,15,15,18,18,20,20,20,19,19,19,19,17,17,17,17,17,17,17,17,17,16,16,16,21,21,21,21,20,20,20,21,21,21,21,21,21,21,20,20,17,17,17,18,18,18,18,16,16,16,16,16,16,16,16,15,15,15,15,16,16,16,16,13,13,13,13,11,11,11,11,11,11,11,11,11,11,11,11,11,11,11,11,11,10,10,10,13,13,13,13,13,15,15,15,15,17,17,17,17,17,17,15,15,15,17,17,17,19,19,19,19,17,17,17,17,17,17,17,18,18,18,16,16,15,15,15,17,17,17,17,17,17,17,17,17,17,17,17,17,17,17,17,17,17,17,17,16,16,16,16,17,17,17,17,17,17,17,17,17,17,16,16,16,16,16,16,14,14,14,14,15,15,15,15,15,21,21,21,21,17,17,17,16,16,16,16,16,16,17,17,17,17,17,17,17,16,16,16,18,18,18,18,19,19,19,20,20,19,19,19,18,18,18,18,19,19,19,19,19,19,19,19,16,16,16,16,14,14,14,14,13,13,13,13,18,18,18,16,16,16,16,16,16,16,16,16,16,16,16,16,17,19,19,19,18,18,18,18,18,19,19,19,19,19,19,19,22,22,22,26,26,26,27,27,27,29,29,29,29,27,27,27,28,28,28,28,27,27,27,26,26,27,27,27,26,26,26,26,27,27,27,27,27,27,27,27,25,25,25,25,23,23,23,23,25,25,25,25,26,26,26,27,27,27,27,27,27,27,25,25,25,25,25,25,28,24,24,24,22,22,22,22,22,23,23,23,23,21,21,21,20,20,20,21,21,21,22,22,22,23,23,23,23,24,24,24,23,23,23,23,28,28,28,24,24,20,20,20,20,20,20,20,19,19,19,19,19,19,19,19,17,17,17,17,15,15,15,15,14,14,14,14,13,13,13,15,15,15,15,15,15,15,15,15,15,15,15,15,14,17,17,17,15,15,16,16,16,16,16,16,16,15,15,15,14,14,14,16,16,16,13,13,13,15,15,15,15,15,15,15,15,15,15,15,19,19,19,20,20,21,21,21,22,22,22,22,23,23,23,23,23,23,23,23,25,25,25,25,26,26,26,26,26,26,26,26,24,24,24,21,21,21,21,21,21,21,21,21,21,21,21,21,23,23,23,23,23,23,22,22,22,22,22,22,22,20,20,20,21,21,21,20,20,20,19,19,19,20,20,20,20,22,22,22,20,20,20,20,17,17,17,18,18,16,16,16,13,13,13,13,13,13,13,13,13,13,13,13,15,15,15,15,14,14,14,14,11,11,11,11,9,9,9,10,10,10,10,10,10,10,13,13,13,13,13,13,12,11,11,11,12,12,13,13,13,11,11,11,11,11,11,11,11,11,11,11,11,11,7,7,7,8,8,8,8,8,8,8,8,8,8,8,7,7,7,5,5,5,5,5,2,2,2,2,1,1,1,1,1,1,1,1,1,1,1,1,1,1,1,1,1,1,1,1,1,1,1,1,1,1,1,1,1,1,1,1,1,1,1,1,0,0,0,0,0,0,0,0,0,0,0,0,0,0,0,0,0,0
Shuttle2,	0,0,0,0,0,0,0,0,0,0,4,4,4,5,5,5,5,7,7,7,8,8,10,10,10,10,10,10,10,10,10,10,10,10,10,10,10,11,11,11,11,13,13,13,13,14,14,14,14,16,16,16,16,16,16,16,16,16,16,16,16,16,16,16,16,18,20,20,20,23,23,22,22,22,21,21,21,21,21,21,21,21,21,21,23,23,23,23,23,23,23,23,23,23,23,23,23,23,23,23,23,24,24,24,23,23,23,23,23,24,24,24,24,27,27,27,27,27,27,27,27,29,29,29,29,27,27,27,27,27,27,27,27,30,30,30,28,28,28,28,28,28,28,24,24,24,24,24,24,23,25,25,25,24,24,27,27,27,27,27,27,27,30,30,30,30,30,30,31,31,31,33,33,33,31,31,31,31,33,33,33,34,34,34,34,34,34,34,32,32,29,29,29,27,27,27,27,29,29,29,29,29,29,29,29,31,31,31,31,33,33,33,33,28,28,28,28,29,29,29,30,30,30,30,30,30,30,30,30,30,30,30,30,29,28,28,28,25,25,24,24,24,23,23,23,23,22,22,22,20,20,20,20,20,20,21,21,21,19,19,19,19,19,19,19,19,19,19,19,19,19,19,21,21,19,19,19,17,17,17,17,17,17,17,17,17,17,17,17,18,18,18,18,20,20,20,20,22,22,22,22,18,18,18,20,20,20,20,20,20,20,26,26,26,26,26,26,24,24,24,24,25,25,26,26,26,26,26,26,26,25,25,25,26,26,26,25,25,25,27,27,27,25,25,25,25,26,26,26,30,30,30,30,27,27,27,25,25,24,24,24,23,23,23,23,24,24,24,24,24,24,24,24,24,24,24,24,21,21,21,21,20,20,20,20,22,22,22,17,17,17,17,17,17,17,16,16,16,16,16,16,15,15,15,15,14,14,13,13,13,13,13,13,13,14,14,14,13,13,13,13,13,13,12,12,12,13,13,13,13,10,10,10,13,13,13,13,13,13,13,12,12,14,14,14,19,19,19,19,21,21,21,21,21,21,21,21,21,21,21,21,21,21,21,21,24,24,24,24,25,25,25,27,27,27,27,27,27,27,25,25,25,25,25,25,25,24,24,24,25,25,24,24,24,24,24,24,24,23,23,23,21,21,21,21,21,21,22,22,22,24,24,24,24,23,23,23,25,25,25,25,24,24,24,26,26,21,21,21,22,22,22,22,22,22,22,22,22,22,22,22,22,22,22,22,20,20,20,20,18,18,18,18,17,17,17,17,17,17,17,17,17,17,13,13,13,13,13,13,12,14,14,14,16,16,17,17,17,18,18,18,18,18,18,18,19,19,19,15,15,15,15,15,15,16,16,16,16,15,15,15,18,18,18,18,19,19,19,17,17,16,16,16,17,17,17,17,17,17,17,17,17,17,17,17,19,19,19,19,18,18,18,18,17,17,17,17,17,17,17,17,17,17,17,17,17,17,18,18,18,18,18,18,19,22,22,22,23,23,22,22,22,22,22,22,22,20,20,20,18,18,18,18,18,18,22,22,22,23,23,23,23,21,21,21,21,21,21,21,22,22,22,24,24,22,22,22,22,22,22,22,21,21,21,21,21,21,21,21,22,22,22,22,21,21,21,21,19,19,19,19,22,22,22,20,20,20,20,20,20,20,23,23,23,23,23,23,22,23,23,23,25,25,25,25,25,26,26,26,26,25,25,25,26,26,26,27,27,27,31,31,31,28,28,28,28,27,27,27,26,26,26,26,25,25,25,27,27,23,23,23,23,23,23,23,20,20,20,20,20,20,20,20,17,17,17,17,19,19,19,19,21,21,21,21,21,21,21,21,21,21,21,21,21,21,18,18,18,18,18,18,18,21,21,21,22,22,22,22,22,21,21,21,21,21,21,21,20,20,20,19,19,19,20,20,20,19,19,19,19,20,20,20,20,20,20,20,23,23,23,23,23,23,23,23,22,22,22,22,23,23,23,23,23,23,23,23,23,23,23,23,21,21,21,21,20,20,20,20,15,15,15,15,15,15,15,15,15,15,15,15,15,15,15,15,15,15,15,15,17,17,11,11,11,8,8,8,8,11,11,11,11,11,11,10,10,10,11,11,11,14,14,14,14,15,15,15,15,15,15,15,15,15,15,17,17,17,17,17,18,18,18,18,19,19,19,19,19,19,19,19,20,20,20,20,17,17,17,17,20,20,20,20,22,22,22,24,24,24,24,24,24,24,23,23,23,23,23,23,26,25,25,25,23,23,20,20,20,21,21,21,21,22,22,22,22,22,22,24,24,24,26,26,26,30,30,30,30,30,30,30,33,33,33,33,33,33,33,27,27,29,29,29,24,24,24,24,24,24,24,24,24,24,24,24,23,23,23,23,24,24,24,24,26,26,26,26,27,27,27,29,29,29,29,29,29,29,32,32,32,32,32,32,30,28,28,28,30,30,29,29,29,27,27,27,27,26,26,26,25,25,25,28,28,28,29,29,29,28,28,28,28,28,28,28,29,29,29,29,27,27,27,24,24,25,25,25,25,25,25,25,29,29,29,29,29,29,29,29,28,28,28,28,28,28,28,28,32,32,32,32,28,28,28,28,28,28,28,28,28,28,24,24,24,24,24,24,24,25,25,25,25,25,24,24,24,25,25,25,25,27,27,27,28,28,28,29,29,29,28,28,28,27,27,27,27,29,29,29,28,28,28,28,29,29,29,27,27,27,27,27,27,27,27,27,25,25,25,25,25,25,25,25,23,23,23,23,21,21,21,21,23,23,23,23,22,22,22,22,22,22,22,22,22,22,26,26,26,26,26,26,26,26,26,26,27,27,27,27,27,25,25,25,25,25,25,25,21,21,21,24,24,24,26,26,26,27,27,27,27,24,24,24,25,25,25,25,20,20,20,19,19,16,16,16,17,17,17,17,12,12,12,12,12,12,12,12,13,13,13,13,14,14,14,14,13,13,13,13,13,13,13,10,10,10,10,10,10,10,11,11,11,11,11,11,11,10,10,10,9,9,9,9,9,9,9,9,9,9,9,9,7,7,7,8,8,8,8,8,8,9,9,9,9,9,9,9,7,7,7,7,7,7,7,5,5,5,5,5,3,3,3,3,3,3,3,3,3,3,3,3,2,2,2,2,2,2,2,2,2,2,2,2,1,1,1,1,1,1,1,1,1,1,1,1,1,1,1,1,1,0,0,0,0,0,0,0,0,0,0,0,0,0,0,0,0,0,0,0,0,0,0,0,0,0,0,0,0,0,0
Shuttle3,	0,0,0,0,1,1,1,1,1,1,1,1,0,0,0,0,0,0,0,0,0,0,0,0,0,0,0,0,2,2,2,2,3,3,3,3,7,7,7,9,9,9,9,9,9,9,9,9,9,9,9,9,9,12,12,12,11,11,12,12,12,15,15,15,15,17,17,17,19,19,19,20,20,20,22,22,22,25,25,25,25,23,23,23,21,21,21,21,18,18,18,22,22,21,21,21,23,23,23,23,22,22,22,22,22,22,22,22,23,23,23,23,22,22,22,22,21,21,21,21,21,21,21,23,23,23,23,23,23,23,24,24,24,24,24,24,28,30,30,30,30,30,34,34,34,31,31,31,31,39,39,39,36,36,36,38,38,38,37,37,37,43,43,43,43,40,40,40,35,35,35,35,34,34,34,33,33,32,32,32,33,33,33,33,34,34,34,34,34,34,34,34,36,36,36,36,36,36,36,36,34,34,34,34,34,34,34,32,32,32,32,32,32,32,35,35,35,35,35,35,31,30,30,30,24,24,23,23,23,22,22,22,22,21,21,21,20,20,20,19,19,19,21,21,21,22,22,22,22,23,23,23,19,19,19,19,17,17,17,15,15,16,16,16,16,16,16,16,17,17,17,17,17,17,17,17,15,15,15,15,17,17,17,17,17,17,17,17,16,16,16,14,14,14,14,14,14,14,14,14,14,14,14,14,17,18,18,18,15,15,14,14,14,17,17,17,17,21,21,21,21,21,21,22,22,22,24,24,24,26,26,26,26,25,25,25,28,28,28,28,26,26,26,25,25,24,24,24,23,23,23,23,22,22,22,22,22,22,22,22,22,22,22,22,25,25,25,25,26,26,26,26,24,24,24,26,26,26,26,26,26,26,25,25,25,25,25,25,24,26,26,26,24,24,25,25,25,25,25,25,25,25,25,25,27,27,27,23,23,23,21,21,21,19,19,19,19,15,15,15,12,12,12,12,15,15,15,15,15,19,19,19,25,25,25,25,32,32,32,32,32,32,32,32,32,32,32,32,33,33,33,33,33,33,33,33,32,32,32,33,33,33,33,33,33,33,33,33,33,33,33,33,33,32,32,32,28,28,27,27,27,25,25,25,25,23,23,23,23,23,23,20,20,20,19,19,19,19,19,19,19,19,19,19,17,17,17,17,22,22,22,24,24,28,28,28,31,31,31,31,32,32,32,32,32,32,32,32,31,31,31,31,30,30,30,30,30,30,30,30,36,36,36,34,34,34,34,34,34,34,33,33,33,33,33,33,32,25,25,25,25,25,22,22,22,24,24,24,24,19,19,19,21,21,21,25,25,25,26,26,26,27,27,27,27,26,26,26,23,23,23,23,22,22,22,22,22,21,21,21,22,22,22,22,21,21,21,21,21,21,21,21,20,20,20,20,21,21,21,21,19,19,19,19,17,17,17,16,16,16,16,16,16,16,18,18,18,18,18,18,17,17,17,17,17,17,18,18,18,17,17,17,17,20,20,20,19,19,19,19,19,19,18,18,18,18,18,18,18,16,16,16,16,16,16,16,14,14,14,16,16,19,19,19,18,18,18,18,21,21,21,21,21,21,21,21,22,22,22,22,23,23,23,23,22,22,22,22,21,21,21,21,21,21,21,21,21,21,23,23,23,23,23,23,23,25,25,25,26,26,26,26,26,23,23,23,23,24,24,24,23,23,23,22,22,22,23,23,23,21,21,21,21,21,21,21,24,24,24,24,27,27,27,30,30,29,29,29,30,30,30,30,28,28,28,28,28,28,28,28,28,28,28,28,35,35,35,35,34,34,34,34,34,34,34,30,30,30,30,30,30,30,27,27,27,27,27,27,26,24,24,24,23,23,23,23,23,30,30,30,30,30,30,30,28,28,28,28,28,28,24,24,24,23,23,23,23,22,22,22,22,22,22,22,24,24,24,25,25,28,28,28,31,31,31,31,32,32,32,32,32,32,32,32,29,29,29,29,30,30,30,30,31,31,31,31,31,31,31,29,29,29,29,29,29,29,28,28,28,28,28,28,27,29,29,29,25,25,23,23,23,23,23,23,23,22,22,22,22,22,22,29,29,29,31,31,31,32,32,32,32,33,33,33,33,33,33,33,27,27,27,26,26,24,24,24,20,20,20,20,18,18,18,18,18,18,18,18,16,16,16,16,17,17,17,17,17,17,17,17,18,18,18,21,21,21,21,21,21,21,22,22,22,22,22,22,24,27,27,27,30,30,28,28,28,25,25,25,25,31,31,31,32,32,32,31,31,31,28,28,28,27,27,27,27,26,26,26,27,27,27,27,27,27,27,26,26,26,26,26,24,24,24,24,26,26,26,26,26,26,26,26,25,25,25,25,23,23,23,23,20,20,20,20,21,21,21,20,20,20,20,20,20,20,19,19,19,19,19,19,21,24,24,24,26,26,24,24,24,32,32,32,32,32,32,32,31,31,31,32,32,32,32,32,32,37,37,37,37,38,38,38,37,37,37,37,38,38,38,35,35,35,35,35,31,31,31,31,33,33,33,33,33,33,33,33,33,33,33,33,37,37,37,37,36,36,36,36,41,41,41,43,43,43,43,43,43,43,39,39,39,39,39,39,39,38,38,38,36,36,29,29,29,29,29,29,29,25,25,25,24,24,24,22,22,22,20,20,20,21,21,21,21,19,19,19,18,18,18,18,20,20,20,19,19,19,19,19,19,19,19,19,17,17,17,17,17,17,17,17,16,16,16,16,14,14,14,14,13,13,13,13,12,12,12,13,13,13,13,13,13,13,14,14,14,14,14,14,14,11,11,11,13,13,15,15,15,17,17,17,17,16,16,16,17,17,17,15,15,15,14,14,14,14,14,14,14,15,15,15,15,15,15,15,17,17,17,26,26,23,23,23,23,23,23,23,26,26,26,26,26,26,26,26,27,27,27,27,27,27,27,27,30,30,30,30,30,30,30,29,29,29,29,29,29,29,30,30,30,30,30,30,33,29,29,29,35,35,32,32,32,32,32,32,32,33,33,33,30,30,30,31,31,31,28,28,28,26,26,26,26,28,28,28,27,27,27,27,23,23,23,21,21,20,20,20,16,16,16,16,14,14,14,14,14,14,14,14,12,12,12,12,11,11,11,11,10,10,10,10,10,10,10,7,7,7,7,7,7,7,6,6,6,6,6,6,4,3,3,3,3,3,2,2,2,1,1,1,1,1,1,1,1,1,1,1,1,1,0,0,0,0,0,0,0,0,0,0,0,0,0,0,0,0,0,0,0,0,0,0
Shuttle4,	0,0,0,0,0,0,0,0,0,0,0,0,0,0,0,0,3,3,3,3,8,8,8,8,11,11,11,13,13,13,13,13,13,13,16,16,16,16,16,16,18,21,21,21,23,23,31,31,31,35,35,35,35,40,40,40,42,42,42,42,42,42,40,40,40,37,37,37,37,36,36,36,37,37,37,37,33,33,33,34,34,31,31,31,30,30,30,30,31,31,31,31,31,31,31,31,31,31,31,31,28,28,28,28,25,25,25,25,28,28,28,30,30,30,30,30,30,30,35,35,35,35,35,35,36,44,44,44,45,45,45,45,45,45,45,45,45,45,45,45,45,45,45,45,45,45,45,45,45,45,45,45,45,43,43,43,45,45,45,45,45,45,45,45,45,45,45,45,45,45,45,45,45,45,45,45,45,45,45,45,45,45,45,45,44,44,44,44,44,44,44,44,41,41,41,37,37,37,37,37,37,37,39,39,39,39,39,39,40,38,38,38,39,39,34,34,34,35,35,35,35,36,36,36,33,33,33,31,31,31,32,32,32,36,36,36,36,33,33,33,31,31,31,31,32,32,32,32,32,31,31,31,37,37,37,37,37,37,37,37,37,37,37,37,36,36,36,36,37,37,37,37,31,31,31,31,31,31,31,31,31,31,31,31,31,31,27,27,27,27,27,27,29,31,31,31,34,34,35,35,35,30,30,30,30,34,34,34,33,33,33,32,32,32,39,39,39,38,38,38,38,34,34,34,36,36,36,36,36,36,36,36,36,33,33,33,36,36,36,36,31,31,31,31,31,31,31,31,30,30,30,30,29,29,29,29,25,25,25,25,26,26,26,27,27,27,27,27,27,27,31,31,31,31,31,31,27,27,27,27,29,29,29,29,29,27,27,27,27,30,30,30,30,30,30,36,36,36,39,39,39,40,40,40,40,43,43,43,45,45,45,45,45,45,45,45,45,45,45,45,45,45,45,45,45,45,45,45,45,45,45,45,44,44,44,44,42,42,42,42,37,37,37,37,37,37,37,45,45,45,45,45,45,45,39,39,39,39,39,39,38,40,40,40,42,42,44,44,44,44,44,44,44,39,39,39,42,42,42,41,41,41,40,40,40,39,39,39,39,42,42,42,45,45,45,45,45,45,45,45,45,45,45,45,42,42,42,42,42,42,42,42,42,42,42,42,44,44,44,44,44,44,44,44,44,44,44,44,45,45,45,42,42,42,42,42,42,42,43,43,43,43,43,43,41,43,43,43,43,43,45,45,45,45,45,45,45,43,43,43,45,45,45,45,45,45,35,35,35,34,34,34,34,40,40,40,42,42,42,42,41,41,41,42,42,36,36,36,33,33,33,33,32,32,32,32,32,32,32,32,34,34,34,34,36,36,36,36,39,39,39,39,37,37,37,34,34,34,34,34,34,34,33,33,33,33,33,33,31,29,29,29,25,25,25,25,25,30,30,30,30,35,35,35,35,35,35,34,34,34,34,34,34,39,39,39,39,33,33,33,34,34,34,34,33,33,33,32,32,37,37,37,40,40,40,40,40,40,40,40,40,40,40,40,39,39,39,39,44,44,44,44,43,43,43,43,45,45,45,45,45,45,45,45,45,45,43,43,43,43,43,43,42,41,41,41,41,41,41,41,41,41,41,41,41,45,45,45,45,45,45,44,44,44,43,43,43,44,44,44,44,45,45,45,45,45,45,45,45,45,45,39,39,41,41,41,44,44,44,44,45,45,45,45,45,45,45,45,43,43,43,43,45,45,45,45,41,41,41,41,37,37,37,38,38,38,38,38,38,38,34,34,34,34,34,34,33,38,38,38,40,40,45,45,45,40,40,40,40,39,39,39,34,34,34,38,38,38,40,40,40,41,41,41,41,40,40,40,42,42,42,42,44,44,44,45,45,45,45,45,45,45,45,45,45,45,45,45,45,45,45,45,45,45,45,45,43,43,43,43,42,42,42,42,45,45,45,41,41,41,41,41,41,41,40,40,40,40,40,40,40,40,40,40,42,42,40,40,40,44,44,44,44,44,44,44,42,42,42,45,45,45,45,45,45,45,45,45,45,45,45,45,42,42,42,42,44,44,44,40,40,35,35,35,29,29,29,29,30,30,30,30,30,30,30,30,33,33,33,33,36,36,36,36,34,34,34,34,37,37,37,41,41,41,41,41,41,41,42,42,42,42,42,42,45,44,44,44,41,41,34,34,34,41,41,41,41,41,41,41,38,38,38,40,40,40,40,40,40,39,39,39,39,39,39,39,40,40,40,40,40,40,40,43,43,42,42,42,36,36,36,36,37,37,37,37,37,37,37,37,36,36,36,36,37,37,37,37,39,39,39,39,45,45,45,40,40,40,40,40,40,40,41,41,41,41,41,41,44,42,42,42,45,45,45,45,45,45,45,45,45,45,45,45,42,42,42,45,45,45,44,44,44,45,45,45,45,45,45,45,41,41,41,41,37,37,37,35,35,38,38,38,41,41,41,41,45,45,45,45,45,45,45,45,45,45,45,45,42,42,42,42,45,45,45,45,44,44,44,43,43,43,43,43,43,43,45,45,45,45,45,45,45,42,42,42,37,37,36,36,36,40,40,40,40,44,44,44,42,42,42,40,40,40,39,39,39,41,41,41,41,36,36,36,42,42,42,42,41,41,41,43,43,39,39,39,40,40,40,40,40,40,40,40,40,40,40,40,40,40,40,40,42,42,42,42,38,38,38,38,36,36,36,42,42,42,42,42,42,42,43,43,43,43,43,43,39,38,38,38,39,39,40,40,40,34,34,34,34,36,36,36,37,37,37,43,43,43,43,43,43,41,41,41,41,42,42,42,43,43,43,43,45,45,45,45,45,43,43,43,39,39,39,39,40,40,40,40,40,40,40,40,43,43,43,43,43,43,43,43,45,45,45,45,45,45,45,45,45,45,45,45,45,45,45,45,45,45,45,45,45,43,43,43,45,45,41,41,41,39,39,39,39,37,37,37,40,40,40,39,39,39,42,42,42,44,44,44,44,40,40,40,44,44,44,44,40,40,40,36,36,35,35,35,34,34,34,34,33,33,33,33,33,33,33,33,31,31,31,31,26,26,26,26,29,29,29,29,27,27,27,23,23,23,23,23,23,23,19,19,19,19,19,19,19,17,17,17,14,14,13,13,13,10,10,10,10,8,8,8,6,6,6,5,5,5,5,5,5,5,5,5,5,1,1,1,1,1,1,1,0,0,0,0,0,0,0,0,0,0,0,0,0,0,0,0,0,0,0,0
Shuttle5,	0,0,0,0,0,0,0,0,0,0,0,0,0,0,0,0,0,0,0,0,0,0,0,0,0,0,0,0,0,0,0,0,0,0,0,0,0,0,0,0,0,0,0,0,0,0,0,0,0,2,2,2,2,2,2,2,2,2,2,2,2,1,1,1,1,1,3,3,3,3,3,3,3,3,3,3,3,3,3,3,3,3,3,3,3,3,3,3,3,3,3,3,3,4,4,4,4,4,4,4,4,4,4,4,4,4,4,4,4,4,4,4,4,4,4,4,4,4,4,4,4,6,6,6,6,6,6,6,6,6,6,7,7,7,7,7,7,7,7,7,7,7,7,7,7,7,7,7,7,7,7,7,7,7,7,7,7,7,7,7,7,8,8,8,8,8,8,8,8,8,9,9,9,9,9,9,9,9,9,9,9,9,9,9,9,11,11,11,11,11,11,15,15,15,15,15,15,15,15,15,15,15,15,15,15,15,15,15,15,15,15,15,15,16,16,16,16,16,16,16,16,17,17,17,17,17,17,17,17,17,17,17,17,17,17,17,17,17,17,17,17,17,17,17,17,17,17,15,15,15,15,15,15,15,15,15,16,16,16,16,16,16,16,16,16,16,16,16,16,16,16,16,16,16,16,16,16,16,16,16,16,16,14,14,14,14,14,14,14,14,14,14,14,14,14,14,14,12,12,12,12,12,12,12,12,12,12,11,9,9,9,9,9,9,9,9,9,9,9,9,10,10,10,10,10,10,10,10,10,10,11,11,11,13,13,13,13,13,13,13,13,13,13,13,13,13,13,13,16,16,16,16,16,16,16,16,16,17,17,17,17,17,17,17,17,17,17,17,17,17,17,17,17,16,16,16,16,16,16,16,16,16,16,16,16,16,16,16,16,16,16,16,16,16,16,16,16,16,16,16,16,16,19,19,19,19,19,19,19,19,19,19,19,19,19,19,19,18,18,18,18,18,18,18,18,18,18,18,18,18,18,18,18,18,18,18,18,18,18,18,18,18,18,18,18,18,18,18,18,18,18,18,18,18,18,17,17,17,17,17,17,17,17,17,17,17,17,17,17,17,17,15,15,15,15,15,15,15,15,15,15,15,15,15,15,15,15,17,17,17,17,17,17,17,17,17,17,17,17,17,17,17,17,17,17,18,18,18,18,18,18,17,17,17,17,17,17,17,17,17,17,17,17,17,17,17,17,17,17,17,17,17,17,17,17,17,17,17,16,16,16,16,16,16,16,16,16,16,16,16,16,16,16,16,16,16,18,18,18,18,18,18,18,19,19,19,19,19,19,19,19,19,21,21,21,21,21,21,21,21,21,21,21,21,21,21,21,21,21,21,21,23,23,23,23,23,23,23,23,23,23,22,22,22,22,22,22,22,22,22,22,22,20,20,20,20,20,20,20,20,20,20,20,20,20,20,20,20,20,20,20,19,19,19,19,19,19,19,19,19,19,20,20,20,20,20,20,20,20,20,20,20,20,20,20,20,20,21,21,21,21,21,21,21,21,21,21,21,21,21,21,21,21,19,19,19,19,19,19,16,16,16,16,16,16,16,16,16,16,16,16,16,16,16,16,17,17,17,17,17,17,19,19,19,19,19,19,19,19,19,19,19,20,20,20,19,19,19,19,19,19,19,19,19,19,19,19,19,19,19,19,19,19,19,19,19,17,17,16,16,16,16,16,16,16,16,16,16,16,16,16,16,16,16,16,16,16,16,16,16,16,16,16,16,16,16,16,16,16,14,14,14,14,14,14,14,14,14,14,14,14,14,14,14,18,18,18,18,18,18,18,17,17,17,17,17,17,17,17,17,17,17,17,17,17,17,17,17,17,17,17,17,16,16,16,16,16,16,16,16,16,13,13,13,13,13,13,13,13,13,13,13,13,13,13,13,13,13,13,13,13,13,13,13,13,13,13,13,13,13,13,13,13,13,13,13,13,13,13,13,13,13,13,13,13,13,13,12,12,12,13,13,13,13,13,13,13,13,13,13,13,13,13,13,12,12,12,12,12,12,12,12,12,12,12,12,12,12,12,12,12,12,12,12,12,12,12,12,12,12,12,12,12,12,12,13,13,13,13,13,13,13,13,13,13,13,13,13,13,13,14,14,13,13,13,13,13,13,13,13,13,13,13,13,13,13,13,13,13,13,11,11,11,11,11,11,11,11,11,11,11,11,11,11,11,13,13,13,13,13,13,13,13,13,13,13,13,13,13,13,13,13,13,13,13,13,13,13,13,13,13,13,13,13,13,13,13,13,13,13,13,13,13,13,14,14,14,14,14,14,14,14,14,14,14,14,15,15,15,15,15,15,15,16,16,16,16,16,16,16,16,16,16,16,16,16,16,16,16,16,16,16,16,16,16,16,16,16,16,16,15,15,15,15,15,15,15,15,15,15,15,15,15,15,15,15,15,15,15,15,15,15,15,15,15,15,15,15,15,15,15,15,15,15,16,16,16,16,16,16,16,16,16,16,16,16,16,16,16,16,16,16,16,16,16,16,16,16,16,16,16,16,16,16,16,16,16,16,16,16,16,16,18,18,18,18,18,18,18,18,18,18,18,18,18,18,18,18,18,18,18,18,18,20,20,20,20,20,20,20,20,20,20,20,20,20,20,20,20,20,20,22,22,22,22,22,22,22,22,22,22,22,22,22,22,23,23,23,20,20,20,20,20,20,20,20,20,20,20,20,20,20,20,20,20,20,21,21,21,21,21,21,21,21,21,21,21,21,21,17,17,17,17,17,17,17,17,17,17,17,17,17,17,17,17,17,17,17,17,17,16,16,16,16,16,16,13,13,13,13,13,15,15,15,15,15,15,15,15,15,15,15,15,15,15,15,15,15,15,15,15,15,15,15,15,15,15,15,15,15,15,15,15,15,15,15,15,15,15,15,15,15,15,15,15,15,15,15,15,15,16,16,16,16,16,16,16,16,16,16,16,16,16,16,16,16,16,16,15,15,15,15,15,15,15,9,9,9,9,9,9,9,9,9,9,9,9,9,9,9,9,9,9,9,9,9,9,9,9,6,6,6,6,6,6,6,6,6,4,4,4,4,4,4,4,4,4,2,2,2,2,2,2,2,2,2,2,2,2,2,2,2,2,2,2,2,2,2,2,2,2,2,0,0,0,0,0,0,0,0,0,0,0,0,0,0,0,0,0,0,0,0,0,0,0,0,0,0,0,0,0,0,0,0,0,0,0,0,0,0,0,0,0,0,0,0,0,0,0,0,0,0,0,0,0,0,0,0,0,0
Shuttle6,	0,0,0,0,0,0,0,0,0,0,0,0,0,0,0,0,0,0,0,0,1,1,1,1,1,1,1,1,1,1,1,1,1,1,1,1,1,1,1,2,2,2,2,2,2,2,2,2,2,2,2,2,2,2,2,2,2,2,7,7,7,7,7,7,7,7,7,7,7,7,7,7,7,10,10,10,10,10,10,10,10,10,10,10,10,10,10,10,10,10,10,10,10,10,10,10,10,10,10,10,10,10,10,10,10,10,10,10,10,10,10,10,10,10,10,10,10,10,10,10,10,10,10,10,10,10,10,10,10,10,10,10,10,10,10,12,12,12,12,12,12,12,12,12,12,12,12,12,13,13,13,13,13,13,13,13,13,13,13,13,13,13,13,14,14,13,13,13,13,13,13,15,15,15,15,15,15,15,18,18,18,18,18,18,18,18,18,18,18,18,18,18,18,18,17,17,17,17,17,17,17,17,17,17,17,17,21,21,21,21,21,21,21,21,21,23,23,23,23,23,23,23,23,23,23,23,23,23,23,23,23,23,23,23,23,23,23,23,23,23,22,22,22,22,22,22,22,22,22,22,22,22,22,22,22,22,22,22,22,22,22,22,22,22,22,22,21,21,21,21,21,21,21,21,21,21,21,21,21,21,21,21,21,21,21,22,22,22,22,22,22,22,22,22,22,19,19,19,19,19,17,17,17,17,17,17,17,17,17,17,17,17,17,17,17,19,19,19,19,19,19,19,19,19,19,19,19,19,19,19,19,19,19,19,19,19,19,21,21,21,21,21,21,21,22,22,22,22,22,22,22,22,22,22,22,22,22,22,22,22,24,24,24,24,24,24,24,24,24,24,24,24,24,24,24,24,24,24,24,24,24,24,24,24,24,24,24,24,22,22,22,22,22,22,22,22,22,22,22,22,22,22,22,22,20,20,20,20,20,20,20,20,20,20,20,20,20,17,17,17,17,17,17,17,17,17,17,17,21,21,21,21,21,21,21,21,21,21,21,21,21,21,21,21,21,21,21,21,21,21,21,21,21,21,21,21,21,21,21,24,24,24,24,24,24,24,23,23,23,23,23,23,24,24,24,24,24,24,24,24,24,24,24,24,24,24,26,26,26,26,26,26,26,23,23,23,22,22,22,22,22,22,22,22,22,22,24,24,24,24,24,24,24,24,24,24,24,23,23,23,23,23,23,23,23,23,23,20,20,20,20,20,20,20,20,20,20,20,20,20,20,20,20,21,21,21,21,21,21,21,21,21,21,21,21,21,21,21,21,21,21,21,21,21,21,21,21,21,21,21,23,23,23,23,23,23,23,23,23,23,23,23,23,23,23,23,23,23,24,24,24,24,24,24,24,26,26,26,26,26,26,26,26,26,25,25,25,25,25,25,25,25,25,25,25,25,25,25,25,25,25,25,25,28,28,28,28,31,31,31,31,31,31,31,31,31,31,29,29,29,29,29,29,29,29,29,29,29,29,29,29,29,30,30,30,30,30,30,30,30,30,30,30,30,30,30,30,28,28,28,28,28,28,28,28,28,28,28,28,28,28,28,28,28,28,28,28,28,28,28,35,35,35,35,35,35,35,35,35,35,35,35,35,35,35,35,35,35,35,35,35,35,35,35,35,35,35,35,35,34,34,34,34,34,34,34,34,34,34,34,34,34,34,35,35,35,35,35,35,35,35,35,35,35,35,35,35,35,31,31,31,31,31,31,31,31,31,31,32,32,32,32,32,32,32,32,32,32,29,29,29,29,29,29,29,26,26,26,26,26,26,25,25,25,25,25,25,27,27,27,28,28,28,28,28,28,28,30,30,30,30,30,30,30,30,30,30,30,30,30,30,30,28,28,28,28,28,28,32,32,32,32,32,32,32,32,32,32,32,32,32,32,32,32,32,32,26,26,26,26,26,26,26,26,26,26,26,26,26,26,26,26,26,26,26,26,26,26,26,26,26,26,26,26,26,26,26,26,26,26,26,21,21,22,22,22,22,22,22,22,22,22,22,22,22,22,22,22,22,22,22,22,22,22,22,22,20,20,20,20,20,20,20,20,21,21,21,21,21,21,21,21,21,21,21,21,21,21,21,25,25,25,25,25,25,25,25,25,25,25,25,25,25,25,25,25,25,25,25,25,25,25,25,25,25,25,25,25,25,25,25,25,25,25,25,25,25,25,25,25,25,24,24,27,27,27,27,27,27,27,27,27,27,27,27,23,23,23,23,23,23,23,23,23,23,23,23,23,23,23,24,24,24,24,24,24,24,24,24,24,24,24,24,24,24,28,28,28,28,28,28,28,28,28,28,28,28,28,28,27,27,27,27,27,27,27,27,27,27,27,27,27,27,27,27,27,27,27,27,27,27,27,27,23,23,23,23,23,23,23,23,23,23,23,23,23,23,24,24,24,24,24,24,24,24,24,24,24,24,24,24,24,25,25,27,27,27,27,27,27,27,27,27,27,27,27,27,27,27,27,27,27,24,24,24,24,24,24,24,24,24,24,24,24,24,24,24,25,25,24,24,24,24,24,24,24,24,24,24,24,24,25,25,25,25,25,25,25,25,25,25,25,25,25,25,25,25,27,27,27,27,27,27,27,27,27,27,28,28,28,28,28,28,28,28,28,28,28,32,32,32,32,32,32,32,32,32,32,32,32,32,32,32,32,32,32,32,32,27,27,27,27,27,27,27,27,27,27,27,27,27,25,25,25,25,25,25,25,25,25,25,25,25,25,25,25,25,25,25,25,25,25,25,25,25,23,23,23,23,23,23,23,23,23,23,23,23,23,23,25,25,25,25,25,25,25,25,25,25,24,24,24,24,21,21,21,19,19,19,19,19,19,19,19,19,19,19,19,19,19,19,19,19,19,18,18,18,18,18,18,18,18,18,18,18,18,18,19,19,19,19,19,19,19,16,16,16,16,16,16,16,16,16,16,16,16,16,16,16,11,11,11,11,11,11,11,11,11,11,11,11,11,11,11,11,11,11,11,11,11,11,11,11,11,11,11,11,11,11,11,11,11,11,11,11,11,10,10,10,10,10,10,10,10,10,10,10,10,10,10,10,10,10,10,8,8,8,8,8,8,8,8,8,8,8,8,8,8,8,8,8,8,8,8,8,8,8,8,8,8,8,8,8,8,8,8,8,8,8,8,8,6,6,6,6,6,6,6,6,6,6,6,6,6,6,6,6,6,5,5,5,5,5,5,1,1,1,1,1,1,1,1,1,1,1,1,1,1,1,1,0,0,0,0,0,0,0,0,0,0
Shuttle7,	0,0,0,0,0,0,0,0,0,0,0,0,0,0,0,0,0,0,0,0,0,6,6,6,7,7,7,7,7,7,7,7,7,7,7,7,7,7,7,7,7,7,7,7,7,8,8,8,8,8,8,8,8,8,8,8,8,9,9,9,9,9,12,12,12,12,12,12,12,12,12,12,12,12,12,12,12,12,12,12,12,12,12,12,12,12,12,12,12,13,13,13,13,13,13,13,13,13,13,13,13,13,13,13,13,13,13,13,13,13,13,13,13,13,13,13,13,13,13,13,13,13,13,13,13,13,13,13,13,13,13,13,13,14,14,14,14,14,14,14,14,14,14,14,14,14,14,14,14,14,14,14,15,15,15,15,16,16,16,16,18,18,18,18,18,18,18,18,18,18,18,18,18,18,18,20,20,20,20,20,20,20,20,20,20,20,20,23,23,23,23,23,23,23,24,24,23,23,23,23,23,23,23,23,23,23,23,23,23,23,23,23,23,23,23,23,23,23,23,23,23,23,23,23,24,24,24,24,24,24,24,24,25,25,25,25,25,25,25,25,25,25,25,25,25,25,25,25,25,25,25,24,24,24,24,24,24,24,24,23,23,23,23,23,23,23,23,23,23,23,23,23,23,23,23,23,23,23,23,23,23,23,23,23,22,22,22,22,22,22,22,22,22,20,20,20,20,20,20,20,20,20,20,20,20,21,21,21,21,21,21,21,21,21,21,21,21,21,21,21,21,21,21,21,21,21,21,21,21,21,21,21,21,18,18,18,18,18,18,18,18,18,18,18,18,18,18,18,18,19,19,19,19,19,19,19,19,19,19,19,19,19,19,19,20,20,20,20,20,20,20,20,20,20,20,20,20,20,20,20,20,20,20,20,20,20,20,20,20,20,20,20,18,18,18,18,18,18,18,18,18,18,18,18,18,18,18,18,17,17,17,17,17,17,17,17,17,17,17,17,17,17,17,17,17,17,18,18,18,16,16,16,16,16,16,17,17,17,17,17,17,17,17,17,17,17,17,17,17,17,17,17,17,17,17,17,17,17,17,17,17,17,17,17,17,17,17,17,17,17,17,17,17,17,17,17,17,22,22,22,22,22,22,22,22,22,22,22,22,22,23,23,23,23,23,23,23,23,23,23,23,23,23,24,24,24,24,24,24,24,24,24,24,24,24,24,24,24,24,24,24,24,27,27,27,27,27,27,27,27,27,27,27,27,27,27,28,28,28,28,28,28,28,28,28,28,28,28,28,28,28,28,28,30,30,30,30,30,30,30,30,30,30,36,36,36,36,36,36,36,36,41,41,41,41,41,41,41,41,41,41,41,41,41,41,41,41,41,41,41,41,41,41,41,41,41,41,41,41,41,41,41,41,41,41,41,41,41,41,40,40,40,40,40,40,40,40,40,40,42,42,42,42,42,42,42,42,42,42,44,44,44,44,44,44,44,45,45,45,45,45,45,45,45,45,45,41,41,41,41,41,42,42,42,42,42,42,42,42,42,42,42,42,42,42,42,42,42,42,42,42,42,42,42,41,41,41,41,41,41,41,41,41,41,41,41,41,41,41,41,41,41,41,41,41,41,41,41,41,41,41,39,39,39,39,39,39,39,39,39,39,39,39,39,39,39,39,39,39,42,42,42,42,42,42,42,45,45,45,45,45,45,45,45,45,45,45,45,45,45,45,45,45,45,45,45,45,45,45,45,45,45,45,45,44,44,44,44,44,44,44,44,44,44,42,42,42,42,42,42,42,42,42,42,42,42,42,42,42,43,43,43,43,43,43,45,45,45,45,45,45,45,45,45,45,45,45,36,36,36,34,34,34,34,34,34,34,34,34,34,34,34,34,34,34,29,29,29,29,29,29,29,29,29,29,28,28,28,28,28,28,28,28,28,28,21,21,21,21,21,21,21,21,21,21,21,21,21,21,21,21,21,21,21,21,21,21,21,21,21,21,21,21,21,21,21,21,21,21,21,21,21,21,21,22,22,22,22,22,22,22,22,22,22,22,22,21,21,21,21,21,21,21,21,21,21,21,20,20,20,20,20,20,20,20,20,20,20,20,20,20,20,20,20,20,21,21,21,21,21,21,21,21,21,21,21,21,21,21,21,21,21,21,21,21,21,21,21,21,21,21,21,21,21,21,21,21,21,21,21,21,21,21,21,20,20,20,20,20,20,20,20,20,20,20,20,20,20,20,17,17,17,17,17,17,17,17,17,17,17,14,14,14,13,13,13,13,13,13,13,13,13,13,13,13,13,13,13,13,13,13,13,13,13,13,13,13,13,13,13,13,13,13,13,13,13,13,13,13,13,13,13,13,13,13,13,13,13,13,13,13,13,13,13,13,13,13,12,12,12,12,12,12,12,12,12,12,12,12,12,12,12,12,12,12,12,12,12,12,12,12,12,13,13,13,13,13,13,13,13,13,13,13,13,8,8,8,8,8,8,8,8,8,8,8,8,6,6,6,6,6,6,6,6,6,6,6,6,6,6,6,6,6,6,6,6,6,6,6,6,6,6,6,6,6,5,5,5,5,5,5,5,5,5,5,5,5,4,4,4,4,4,4,4,4,4,4,4,4,4,4,4,4,4,4,4,4,4,4,4,4,4,4,4,4,4,4,4,5,5,5,5,5,5,5,5,5,5,5,5,9,9,9,9,9,9,9,9,9,9,9,9,9,9,9,9,9,9,9,9,9,9,9,9,9,9,9,9,9,9,9,9,9,9,9,9,9,9,9,9,9,9,9,9,9,9,9,9,9,9,9,9,9,9,9,9,9,9,9,9,9,9,9,9,11,11,11,11,11,11,11,11,11,11,12,12,12,12,12,12,12,12,12,13,13,13,13,13,13,13,13,13,13,13,13,13,13,13,13,13,13,13,13,13,13,13,13,13,13,13,13,13,13,13,13,13,12,12,12,12,12,12,12,12,12,12,12,12,12,12,12,12,12,12,12,12,12,12,12,12,13,13,13,13,12,12,12,12,12,12,12,12,12,12,10,10,10,10,10,10,10,7,7,7,7,7,7,7,7,7,4,4,4,4,4,4,4,4,4,4,4,4,4,4,4,1,1,1,1,1,1,1,1,1,1,1,1,1,1,1,1,1,1,1,1,1,1,1,1,1,1,1,1,1,1,1,1,1,1,1,1,1,1,1,1,1,1,1,1,1,1,1,1,1,1,1,1,1,1,1,1,1,1,1,0,0,0,0,0,0,0,0,0,0,0,0,0,0,0,0,0,0,0,0,0,0,0,0,0,0
Shuttle8,	0,0,0,0,0,0,0,0,0,0,0,0,0,0,0,0,0,0,0,0,0,0,0,0,0,0,0,0,0,0,0,0,0,0,0,0,0,0,0,0,0,0,0,0,0,0,0,0,0,0,0,2,2,2,2,2,2,2,2,2,2,2,2,2,2,2,2,2,2,2,2,2,2,2,2,4,4,4,4,4,4,4,4,4,4,4,4,4,4,4,4,6,6,6,6,6,6,6,6,6,6,6,6,6,6,6,6,6,6,6,6,6,8,8,8,8,8,8,8,8,8,8,8,8,10,10,10,10,10,10,10,10,10,10,10,10,10,10,10,11,11,11,11,11,11,11,11,11,11,11,11,15,15,15,15,15,15,15,15,15,15,15,15,18,18,18,18,18,18,18,18,18,18,18,18,17,17,17,17,17,17,17,17,17,17,18,18,18,18,18,18,18,18,18,18,18,17,17,17,17,17,17,17,17,17,17,17,17,17,17,17,17,17,17,17,17,17,17,19,19,19,19,19,19,19,19,20,20,20,20,20,20,20,20,20,20,20,20,20,19,19,19,19,19,19,19,19,19,19,19,19,19,19,19,19,14,14,14,14,14,14,14,14,14,14,14,14,14,14,14,14,14,14,14,14,14,14,14,14,14,14,14,14,14,14,14,14,14,14,17,17,17,17,17,17,17,17,17,17,17,17,18,18,18,18,18,18,18,18,18,18,18,18,18,18,18,18,18,18,18,18,18,18,18,18,18,18,18,18,18,18,18,18,18,18,18,18,18,18,14,14,14,14,14,14,14,14,14,14,14,14,14,14,14,14,14,14,14,14,14,14,14,14,14,14,14,14,14,17,19,19,19,19,19,19,19,19,19,19,19,19,21,21,21,24,24,24,24,24,24,24,24,24,24,23,23,23,23,23,23,23,23,23,23,23,23,23,23,23,23,23,23,22,22,22,22,22,22,26,26,26,26,26,26,26,26,26,26,26,26,26,26,26,28,28,28,28,28,28,28,28,28,29,29,29,29,29,29,31,31,31,31,31,31,31,31,31,31,30,30,30,30,30,30,30,30,30,30,30,30,30,31,31,31,31,31,31,31,31,31,31,31,31,31,31,31,31,30,30,30,30,30,30,30,30,30,30,30,30,30,30,30,28,28,28,28,28,28,28,28,28,28,28,30,30,30,30,30,30,30,30,30,30,30,30,30,30,30,30,30,30,30,30,30,30,30,30,30,30,30,30,30,30,29,29,29,29,29,29,29,29,29,29,29,29,29,29,29,29,29,29,29,29,29,29,29,29,28,28,28,28,28,28,28,28,28,28,28,28,28,28,28,28,28,28,28,28,28,29,29,29,29,29,29,29,29,29,31,31,31,31,31,31,31,31,31,31,31,31,26,26,26,26,26,26,26,26,26,26,26,26,26,26,26,26,26,26,26,26,26,26,26,26,26,26,26,26,26,26,26,26,26,26,26,26,26,26,26,26,26,26,26,26,24,24,24,24,24,24,27,27,27,27,27,27,27,27,27,27,27,27,29,29,29,29,29,29,29,29,29,29,29,29,29,29,29,29,29,29,29,29,29,29,26,26,26,26,26,26,26,26,26,26,25,25,25,25,25,25,25,22,22,22,22,22,22,23,23,23,23,23,23,23,23,23,23,23,23,23,23,23,23,23,23,23,23,23,23,23,23,23,23,24,24,24,24,24,24,24,24,24,24,24,24,25,25,25,25,25,25,25,25,25,25,25,24,24,24,24,24,24,24,24,24,24,24,24,24,24,24,24,24,24,23,23,23,23,23,23,23,23,23,23,23,23,23,23,24,24,24,24,24,24,24,24,24,24,24,24,24,24,24,25,25,25,25,25,25,25,25,25,25,25,25,25,25,25,25,25,25,25,25,25,25,25,25,25,25,25,25,25,25,25,25,25,25,25,27,27,27,27,27,27,27,27,27,27,27,27,20,20,20,20,20,20,20,20,20,20,20,20,20,20,20,20,25,25,25,25,25,25,23,23,23,23,23,23,23,23,23,23,23,22,22,22,22,22,22,22,22,22,22,22,22,22,22,22,22,22,22,22,22,22,22,22,22,24,24,28,28,28,28,28,28,28,28,28,28,28,28,28,28,28,28,28,28,28,28,28,28,28,29,29,29,29,29,29,29,29,27,27,27,27,27,27,27,27,27,27,27,27,27,27,27,27,27,27,27,27,27,27,27,27,27,27,27,24,24,24,24,24,24,24,24,24,24,24,24,24,24,24,24,24,24,24,24,24,24,24,24,24,23,23,23,23,23,23,23,23,23,23,23,23,23,23,18,18,18,18,18,18,18,18,18,18,18,18,18,18,18,18,18,18,18,18,18,18,18,18,18,18,18,19,19,19,21,21,21,21,21,21,19,19,19,19,19,19,19,19,19,19,19,18,18,18,18,18,18,18,18,18,18,18,18,18,18,18,18,18,18,17,17,17,17,17,17,17,17,17,17,17,17,17,17,17,17,17,17,17,17,17,17,17,17,17,17,17,17,17,21,21,21,21,21,21,21,21,21,21,21,21,21,21,21,21,21,21,21,21,21,21,21,21,21,21,21,21,21,21,21,21,21,21,21,21,21,21,21,21,21,21,21,21,21,21,21,21,21,21,21,21,21,21,21,21,21,21,21,21,21,21,21,21,21,21,21,21,21,21,21,21,21,21,21,21,21,21,21,19,19,19,19,19,19,19,19,19,19,19,19,19,12,12,12,12,12,12,12,12,12,12,12,12,12,13,13,13,13,13,13,13,13,13,13,13,13,17,17,17,17,17,16,16,16,16,16,16,16,16,16,16,16,16,16,16,16,16,16,16,16,14,14,14,14,14,14,14,14,14,14,14,14,14,14,14,14,14,14,14,14,14,14,14,14,14,14,14,14,14,14,14,14,14,14,12,12,12,12,12,12,12,12,12,12,12,12,12,12,12,12,12,12,12,12,12,12,12,12,12,12,12,12,12,12,12,12,12,12,12,12,12,12,12,12,12,12,12,12,12,12,12,12,12,12,12,12,12,12,12,12,12,12,12,12,12,12,12,12,12,12,12,12,12,12,12,12,12,12,12,9,9,9,9,9,9,9,9,9,9,9,9,9,9,4,4,4,4,4,3,3,3,3,3,3,3,3,3,3,3,3,3,3,3,3,3,3,3,3,3,3,2,2,2,2,2,2,2,2,2,2,2,2,2,2,2,2,0,0,0,0,0,0,0,0,0,0,0,0,0,0,0,0,0,0,0,0,0,0,0,0
Shuttle9,	0,0,0,0,0,0,0,0,0,0,0,0,0,0,0,0,0,0,0,0,0,0,0,0,0,0,0,0,0,0,0,0,0,0,0,0,0,0,0,0,0,0,0,0,0,0,0,0,0,0,0,0,0,0,0,0,0,0,0,0,0,0,0,0,0,0,0,0,0,0,0,0,0,0,0,0,0,0,0,0,0,0,0,0,0,0,0,0,0,0,0,0,0,0,0,0,0,0,0,0,0,0,0,0,0,0,0,0,0,0,0,0,0,0,0,0,0,0,0,0,0,0,0,0,0,0,0,0,0,0,0,0,0,0,0,0,0,0,0,0,0,0,0,0,0,0,0,0,0,0,0,0,0,0,0,0,0,0,0,0,0,0,0,0,0,0,0,0,0,0,0,0,0,0,0,0,0,0,0,0,0,0,0,0,0,0,0,0,0,0,0,0,0,0,0,0,0,0,0,0,0,0,0,0,0,0,0,0,0,0,0,0,0,0,0,0,0,0,0,0,0,0,0,0,0,0,0,0,0,0,0,0,0,0,0,0,0,0,0,0,0,0,0,0,0,0,0,0,0,0,0,0,0,0,0,0,0,0,0,0,0,0,0,0,0,0,0,0,0,0,0,0,0,0,0,0,0,0,0,0,0,0,0,0,0,0,0,0,0,0,0,0,0,0,0,0,0,0,0,0,0,0,0,0,0,0,0,0,0,0,0,0,0,0,0,0,0,0,0,0,0,0,0,0,0,0,0,0,0,0,0,0,0,0,0,0,0,0,0,0,0,0,0,0,0,0,0,0,0,0,0,0,0,0,0,0,0,0,0,0,0,0,0,0,0,0,0,0,0,0,0,0,0,0,0,0,0,0,0,0,0,0,0,0,0,0,0,0,0,0,0,0,0,0,0,0,0,0,0,0,0,0,0,0,0,0,0,0,0,0,0,0,0,0,0,0,0,0,0,0,0,0,0,0,0,0,0,0,0,0,0,0,0,0,0,0,0,0,0,0,0,0,0,0,0,0,0,0,0,0,0,0,0,0,0,0,0,0,0,0,0,0,0,0,0,0,0,0,0,0,0,0,0,0,0,0,0,0,0,0,0,0,0,0,0,0,0,0,0,0,0,0,0,0,0,0,0,0,0,0,0,0,0,0,0,0,0,0,0,0,0,0,0,0,0,0,0,0,0,0,0,0,0,0,0,0,0,0,0,0,0,0,0,0,0,0,0,0,0,0,0,0,0,0,0,0,0,0,0,0,0,0,0,0,0,0,0,0,0,0,0,0,0,0,0,0,0,0,0,0,0,0,0,0,0,0,0,0,0,0,0,0,0,0,0,0,0,0,0,0,0,0,0,0,0,0,0,0,0,0,0,0,0,0,0,0,0,0,0,0,0,0,0,0,0,0,0,0,0,0,0,0,0,0,0,0,0,0,0,0,0,0,0,0,0,0,0,0,0,0,0,0,0,0,0,0,0,0,0,0,0,0,0,0,0,0,0,0,0,0,0,0,0,0,0,0,0,0,0,0,0,0,0,0,0,0,0,0,0,0,0,0,0,0,0,0,0,0,0,0,0,0,0,0,0,0,0,0,0,0,0,0,0,0,0,0,0,0,0,0,0,0,0,0,0,0,0,0,0,0,0,0,0,0,0,0,0,0,0,0,0,0,0,0,0,0,0,0,0,0,0,0,0,0,0,0,0,0,0,0,0,0,0,0,0,0,0,0,0,0,0,0,0,0,0,0,0,0,0,0,0,0,0,0,0,0,0,0,0,0,0,0,0,0,0,0,0,0,0,0,0,0,0,0,0,0,0,0,0,0,0,0,0,0,0,0,0,0,0,0,0,0,0,0,0,0,0,0,0,0,0,0,0,0,0,0,0,0,0,0,0,0,0,0,0,0,0,0,0,0,0,0,0,0,0,0,0,0,0,0,0,0,0,0,0,0,0,0,0,0,0,0,0,0,0,0,0,0,0,0,0,0,0,0,0,0,0,0,0,0,0,0,0,0,0,0,0,0,0,0,0,0,0,0,0,0,0,0,0,0,0,0,0,0,0,0,0,0,0,0,0,0,0,0,0,0,0,0,0,0,0,0,0,0,0,0,0,0,0,0,0,0,0,0,0,0,0,0,0,0,0,0,0,0,0,0,0,0,0,0,0,0,0,0,0,0,0,0,0,0,0,0,0,0,0,0,0,0,0,0,0,0,0,0,0,0,0,0,0,0,0,0,0,0,0,0,0,0,0,0,0,0,0,0,0,0,0,0,0,0,0,0,0,0,0,0,0,0,0,0,0,0,0,0,0,0,0,0,0,0,0,0,0,0,0,0,0,0,0,0,0,0,0,0,0,0,0,0,0,0,0,0,0,0,0,0,0,0,0,0,0,0,0,0,0,0,0,0,0,0,0,0,0,0,0,0,0,0,0,0,0,0,0,0,0,0,0,0,0,0,0,0,0,0,0,0,0,0,0,0,0,0,0,0,0,0,0,0,0,0,0,0,0,0,0,0,0,0,0,0,0,0,0,0,0,0,0,0,0,0,0,0,0,0,0,0,0,0,0,0,0,0,0,0,0,0,0,0,0,0,0,0,0,0,0,0,0,0,0,0,0,0,0,0,0,0,0,0,0,0,0,0,0,0,0,0,0,0,0,0,0,0,0,0,0,0,0,0,0,0,0,0,0,0,0,0,0,0,0,0,0,0,0,0,0,0,0,0,0,0,0,0,0,0,0,0,0,0,0,0,0,0,0,0,0,0,0,0,0,0,0,0,0,0,0,0,0,0,0,0,0,0,0,0,0,0,0,0,0,0,0,0,0,0,0,0,0,0,0,0,0,0,0,0,0,0,0,0,0,0,0,0,0,0,0,0,0,0,0,0,0,0,0,0,0,0,0,0,0,0,0,0,0,0,0,0,0,0,0,0,0,0,0,0,0,0,0,0,0,0,0,0,0,0,0,0,0,0,0,0,0,0,0,0,0,0,0,0,0,0,0,0,0,0,0,0,0,0,0,0,0,0,0,0,0,0,0,0,0,0,0,0,0,0,0,0,0,0,0,0,0,0,0,0,0,0,0,0,0,0,0,0,0,0,0,0,0,0,0,0,0,0,0,0,0,0,0,0,0,0,0,0,0,0,0,0,0,0,0,0,0,0,0,0,0,0,0,0,0,0,0,0,0,0,0,0,0,0,0,0,0,0,0,0,0,0,0,0,0,0,0,0,0,0,0,0,0,0,0,0,0,0,0,0,0,0,0,0,0,0

How early,	186028/4497,	92,72,39,105,100,74,82,76,58,50,16,51,61,65,43,-3,83,8,72,23,115,118,7,34,125,31,27,62,68,83,-18,50,65,-246,84,-26,-217,136,49,56,5,86,68,-145,11,34,107,50,73,-17,74,37,93,40,78,84,47,115,70,35,69,115,104,-15,-5,50,25,90,136,29,16,87,113,11,35,73,60,50,144,-8,5,18,24,-115,54,28,86,101,95,48,18,111,98,31,28,45,65,125,31,46,59,106,-201,-9,-16,49,105,23,9,55,56,72,49,13,41,47,47,87,33,61,89,45,101,-176,144,108,40,-137,29,105,50,45,35,66,57,96,121,98,92,98,33,121,50,78,71,37,-127,75,110,60,53,101,-302,-110,-54,-31,-141,128,61,38,70,20,114,129,128,84,108,76,80,77,-629,5,7,-165,7,71,63,40,82,80,-2,114,30,60,49,74,8,72,99,41,-93,100,128,-10,9,22,-36,101,49,67,63,93,35,51,119,64,56,115,125,-23,56,90,54,77,-49,-58,-207,8,85,57,42,53,114,79,-706,-70,48,125,-15,42,131,43,83,126,-30,2,50,42,17,33,110,60,-12,26,13,97,76,49,31,62,137,49,142,54,108,119,71,-6,13,98,70,122,-559,63,96,59,62,89,21,37,110,-22,31,50,75,125,-73,-223,-90,79,23,122,-10,60,102,45,115,7,89,46,5,1,36,94,29,61,72,36,118,20,105,-9,80,6,42,12,52,123,128,20,31,74,6,69,58,111,-13,26,132,17,59,25,-9,36,45,90,45,-68,56,37,-17,62,61,104,83,21,56,24,0,63,-1,129,67,56,-25,41,5,90,68,98,73,45,101,-17,50,103,50,93,-71,70,108,69,115,107,136,34,46,29,66,-6,29,119,-19,-330,75,33,61,33,18,52,90,123,124,-410,-13,37,-46,35,-40,55,31,57,54,47,68,20,-28,18,31,36,21,77,36,-9,63,37,68,79,101,-174,35,10,65,97,61,109,118,61,-3,-142,-6,49,76,9,-7,35,100,105,69,94,50,49,89,29,55,33,54,73,89,80,128,29,30,5,11,-11,-6,15,70,69,38,49,110,104,96,52,68,69,78,72,116,38,30,92,37,88,42,18,55,52,-142,84,62,-3,52,73,2,28,108,63,94,70,62,-37,-23,38,-15,31,68,90,92,98,-225,23,92,49,80,133,68,40,102,19,9,66,40,65,52,81,83,78,111,41,59,129,93,36,22,67,72,44,-17,70,-92,34,87,106,116,70,-532,-160,112,15,34,23,34,43,97,75,136,-113,7,41,44,48,51,51,-10,89,97,98,-177,-3,26,97,87,23,14,49,123,69,15,-4,6,42,19,114,82,102,53,80,46,77,67,102,-510,75,29,17,43,124,81,98,117,54,-463,4,54,-13,100,125,97,10,-446,-749,41,24,59,-19,29,55,58,40,80,108,10,5,48,50,129,108,-579,-31,106,61,110,70,106,-10,-6,33,65,57,62,42,48,47,14,45,50,118,109,53,63,59,130,7,64,98,55,28,-3,82,104,-225,6,-114,99,101,53,126,-814,-32,41,58,52,63,51,128,54,47,78,61,31,111,72,-37,23,-40,-343,-15,63,77,38,89,130,72,127,33,-5,-6,54,113,-209,72,48,106,93,-3,63,36,90,78,-22,72,56,99,59,31,97,18,72,57,-17,5,46,124,78,41,1,49,96,5,34,93,57,89,89,29,-258,-419,-502,-268,12,40,42,60,125,122,38,89,62,79,-499,-21,-653,87,31,17,45,96,128,50,22,57,35,114,119,87,83,107,49,-12,22,-513,85,-28,45,44,43,71,98,26,27,49,130,87,-24,103,57,41,35,63,-5,17,115,96,30,57,-7,62,63,-23,-283,76,74,-331,45,103,37,66,66,25,36,114,100,33,15,5,59,25,-7,68,45,67,-2,-431,7,75,86,36,60,42,33,19,39,39,89,93,107,63,96,66,96,119,-2,67,97,67,100,50,41,53,38,-432,53,-190,42,80,-10,-13,78,14,51,51,93,44,51,26,50,31,50,82,65,37,57,121,22,67,21,90,84,68,65,50,98,53,75,29,20,46,50,63,129,24,48,-33,50,35,91,87,76,-149,-92,70,-4,83,131,-2,22,36,56,91,-1,-6,64,131,64,46,96,45,85,99,59,52,117,2,101,35,94,46,43,110,-10,23,58,66,75,-2,48,-5,67,84,91,36,56,51,45,112,92,70,42,65,123,93,62,102,92,29,31,48,98,44,39,114,74,105,72,114,110,76,72,58,74,-16,74,100,99,-249,-234,-37,-186,-436,67,79,43,121,55,29,22,82,89,73,46,26,-16,28,104,94,28,79,124,94,-16,37,51,91,129,107,26,65,33,57,25,49,16,61,67,86,51,10,55,-71,-244,38,40,34,48,62,15,42,53,106,89,43,65,61,41,80,94,78,108,-200,77,53,3,106,28,-316,32,27,82,29,111,82,73,128,27,74,33,42,68,87,40,12,43,-14,27,26,87,33,117,116,-294,-580,105,125,10,15,22,86,88,105,120,79,108,46,101,40,88,5,114,-4,92,115,100,31,-6,51,73,33,38,122,45,80,109,4,33,50,12,36,42,108,59,128,108,89,49,20,-18,80,1,93,51,77,64,55,96,-5,110,-12,-39,-427,63,19,45,33,75,81,30,60,49,131,129,28,-4,30,94,26,37,-34,51,46,33,47,60,94,114,49,108,76,83,55,42,7,65,112,3,81,-27,58,57,97,40,26,89,86,63,37,49,20,25,-132,-119,-739,4,69,-19,0,42,110,23,80,144,91,39,83,93,2,77,20,84,44,-171,-326,78,117,39,50,46,91,-93,-601,-178,48,73,79,113,44,26,13,64,0,16,34,102,110,98,124,-134,37,15,52,62,11,87,69,77,68,110,148,-964,-389,42,54,1,-352,-21,50,-4,81,97,44,54,106,129,63,47,70,57,95,123,-192,-184,-27,73,99,99,-20,94,80,-23,-10,57,33,73,131,5,80,26,74,126,111,73,47,87,87,62,35,-217,-143,-385,74,72,104,134,93,107,84,69,83,95,50,69,48,-12,-11,46,12,54,59,92,7,82,35,18,41,39,59,40,93,38,59,122,48,-2,16,31,50,123,49,120,135,-28,56,71,76,58,76,32,60,129,31,-11,66,93,61,118,69,-384,64,59,-10,42,86,92,-379,61,-131,44,16,58,1,52,25,68,117,18,-32,44,19,-30,30,37,58,51,-30,-8,23,30,110,56,87,57,111,112,34,23,75,-6,14,28,36,35,93,77,6,-25,8,18,57,37,118,112,-389,-602,-161,119,37,83,28,9,11,44,88,-41,2,-24,19,58,55,-70,127,-141,24,133,51,45,66,81,-6,27,108,-454,6,23,21,64,89,0,-2,28,65,80,147,42,35,33,114,115,105,141,73,60,47,73,55,97,-213,3,118,-13,39,-177,30,38,21,45,62,57,77,46,15,92,19,133,19,106,49,73,75,74,95,125,-186,-194,-29,89,76,60,64,53,80,-4,91,35,92,130,-26,-44,37,40,13,70,9,13,84,98,105,39,53,67,66,58,-196,72,43,74,59,140,28,80,78,59,64,83,35,89,42,52,52,57,56,97,45,67,117,96,120,13,74,133,25,6,99,-218,-133,-451,101,79,98,83,54,20,85,66,80,99,95,92,44,53,-39,26,25,76,69,108,78,24,81,83,116,75,41,16,102,130,6,32,93,25,102,39,69,47,51,30,87,69,64,53,86,-302,-2,9,30,73,94,-33,135,44,6,66,49,96,28,52,40,59,-534,-426,-242,-144,-29,-40,0,-5,46,6,123,20,10,85,56,40,7,73,133,110,50,93,84,23,53,31,122,62,58,45,47,5,59,41,58,51,50,-156,-15,55,48,7,16,73,29,54,70,68,-429,24,35,65,39,66,-17,8,72,25,25,43,52,40,26,30,81,79,32,3,106,94,23,20,82,109,66,49,32,83,-188,89,56,121,77,102,16,-3,87,-214,-33,14,90,44,61,109,60,51,53,53,-27,56,15,21,37,56,72,108,97,113,60,111,10,43,86,94,101,-141,3,8,111,92,100,126,-235,-18,89,-44,31,66,99,80,44,140,53,25,113,51,34,93,61,119,23,40,26,5,75,136,-6,98,90,114,119,-5,-1,59,75,105,41,57,59,50,59,-250,79,88,16,44,-15,5,128,29,21,29,21,35,76,77,80,70,88,114,24,-16,47,65,50,80,16,22,21,27,57,9,88,129,36,86,71,-74,-21,62,96,84,52,85,20,14,100,139,59,20,1,74,63,88,52,103,78,76,128,105,99,-563,28,57,57,42,101,84,48,43,21,8,55,35,101,111,28,49,102,79,77,-8,74,131,57,84,38,91,88,70,49,31,122,131,14,61,9,85,-450,35,-204,-109,23,4,77,121,7,47,72,53,108,116,36,72,59,64,18,33,25,62,40,89,55,27,42,46,37,31,44,83,-4,-90,12,-357,-188,-176,-89,-84,77,49,52,65,30,77,68,-696,35,71,100,86,79,23,72,51,67,62,62,107,88,77,-80,102,-113,-147,13,70,-130,-121,38,97,-283,-145,-25,103,-4,34,72,25,4,62,44,28,16,90,101,63,119,129,72,2,22,45,30,84,78,115,36,119,25,20,71,39,87,93,26,37,28,75,98,49,45,83,61,122,57,52,88,116,8,11,71,56,120,8,120,16,66,108,51,64,84,-143,78,-148,34,-458,76,67,108,55,127,41,78,112,37,-218,-174,58,4,-159,61,48,36,115,-4,83,32,8,72,35,8,76,66,84,3,64,69,135,-459,87,74,85,103,80,107,110,86,59,35,19,105,-246,66,65,11,91,60,20,26,80,100,84,38,43,125,66,74,24,54,79,44,15,16,65,-7,136,49,-59,96,68,2,71,-62,-96,-244,71,34,48,109,102,114,-544,-61,-60,-229,2,47,105,73,129,63,74,93,129,-11,127,91,-69,-35,-5,-89,-5,-239,-17,125,112,86,130,52,100,89,-3,44,50,-256,32,6,12,45,83,101,51,35,102,27,-132,-146,35,78,76,43,35,7,56,93,42,84,73,64,138,51,48,64,72,93,108,65,35,129,94,68,76,97,112,20,104,122,73,78,71,-236,48,-5,62,140,30,67,-17,-13,71,115,-22,47,107,68,76,109,-13,127,112,110,124,-16,53,43,66,87,58,46,69,100,-210,70,59,111,129,25,29,78,61,111,52,41,87,49,106,47,45,101,50,27,77,10,59,-30,46,4,65,29,82,107,118,64,78,78,-285,-185,76,35,3,59,102,44,71,-41,12,46,39,2,42,52,61,100,60,95,38,123,98,-393,-10,96,77,59,133,132,26,21,22,115,38,74,62,55,62,130,37,53,139,35,-25,17,47,52,65,39,36,88,109,51,18,23,69,-12,29,51,113,5,76,91,108,124,81,54,61,41,36,-5,46,-2,-232,125,45,-21,114,100,120,50,46,128,135,45,107,55,18,108,127,52,14,18,105,102,107,87,34,74,68,53,114,102,18,-14,-1,25,109,100,42,48,102,44,68,-1,116,-74,113,30,33,41,-20,-13,94,73,116,74,45,24,121,72,75,74,97,57,82,44,96,-153,106,-21,4,86,50,-10,50,60,-14,72,58,135,-80,-28,7,45,42,-90,-50,13,47,72,-14,75,94,63,-6,73,-10,118,39,-267,17,36,42,33,28,53,94,113,42,62,104,-4,24,54,81,5,82,86,32,73,4,62,101,43,7,86,93,135,-39,-89,58,32,61,71,107,96,59,37,64,36,62,53,31,92,129,141,54,126,68,126,34,80,64,60,112,26,112,61,110,80,76,96,44,-207,18,108,60,47,83,110,102,52,46,64,58,-14,49,101,118,122,-17,12,87,68,53,-86,82,83,20,35,106,30,26,13,90,75,72,72,31,24,35,58,111,32,128,114,83,30,31,88,106,2,31,14,20,72,101,66,62,56,45,45,-80,72,76,100,94,99,132,-25,56,116,40,17,75,-10,61,64,97,72,70,-19,80,112,63,15,108,92,97,34,45,41,41,0,1,71,84,-386,51,13,72,83,81,106,145,38,38,113,-14,-63,48,132,58,55,51,67,26,60,34,27,98,25,31,55,91,67,107,56,40,-12,82,105,22,-14,16,-21,24,61,111,74,105,24,17,21,39,51,104,49,69,133,-30,42,107,114,112,-361,-237,87,109,67,82,-31,7,131,43,26,111,35,14,71,22,87,49,73,68,-461,-321,-256,29,28,47,53,15,113,-14,40,84,41,74,-363,79,111,98,53,109,4,65,114,71,10,48,41,96,39,24,34,71,77,63,114,113,-170,123,137,60,89,24,11,57,101,14,14,129,79,69,41,91,13,90,50,59,105,58,26,37,56,52,87,125,83,51,63,32,32,130,122,73,40,26,57,109,53,107,63,116,126,117,-261,-11,50,63,44,42,-4,2,83,101,100,22,-23,0,9,25,57,85,114,99,18,-3,26,15,56,89,-199,-28,-19,52,18,43,69,-31,44,31,72,123,38,102,61,69,98,12,74,66,47,66,125,38,105,21,90,69,14,59,93,113,65,51,-40,-52,-44,-43,-26,31,62,55,106,125,14,49,64,-20,20,44,37,-35,2,105,42,-1,1,46,101,77,38,39,104,78,38,70,1,-8,13,64,0,-18,101,95,89,76,29,34,24,40,61,27,48,-13,-12,5,1,57,36,91,-170,53,18,-234,78,18,79,68,85,67,4,-367,41,18,62,49,81,12,-7,57,92,44,51,132,126,-25,66,129,-30,89,89,133,-18,10,38,105,-16,35,76,98,79,49,55,89,65,11,100,71,101,-342,10,12,89,25,105,-19,64,38,119,97,13,55,4,25,89,121,5,88,74,-229,65,83,-281,-352,129,-102,-42,-32,98,70,56,91,73,95,111,109,-9,24,100,105,-29,47,83,-10,45,25,69,93,124,18,99,73,83,93,83,57,36,12,81,89,95,44,111,66,97,53,116,46,48,2,50,35,29,55,27,76,32,55,95,74,64,63,40,98,-89,81,115,-38,23,65,101,52,50,25,7,51,47,53,20,-36,71,55,55,35,102,60,117,75,108,113,29,-19,39,-29,102,122,46,-23,21,51,-8,14,65,134,3,68,70,50,132,31,-26,9,15,97,60,2,58,13,69,82,90,62,82,59,36,60,81,-18,51,40,85,29,108,19,-199,94,67,56,45,110,65,3,-186,-145,53,121,59,33,90,69,66,66,72,58,-256,-378,-29,14,-9,-209,-163,-109,39,121,-320,28,-148,-198,12,68,2,19,63,87,72,33,127,37,61,88,70,102,75,85,68,86,135,61,-15,-3,82,79,40,86,131,106,86,-7,115,24,65,137,50,46,51,88,95,128,82,123,18,39,92,132,61,37,51,45,101,113,44,69,-54,-130,41,23,102,62,110,62,115,113,78,98,72,96,105,15,56,90,71,40,88,107,75,57,58,2,90,-214,-5,-5,27,-7,60,24,65,128,22,38,111,-13,105,-5,63,115,-13,72,114,134,58,17,27,117,107,117,110,112,56,-2,61,21,73,76,58,97,-26,-22,51,85,-58,-143,-309,40,-1,52,109,74,-45,-284,-122,-123,92,24,31,3,20,38,2,68,43,57,130,105,25,41,123,53,46,49,35,53,12,41,79,114,112,124,76,43,108,135,36,64,80,58,56,106,51,69,125,29,5,27,53,85,66,38,125,11,105,11,125,95,-7,-1,6,50,95,76,89,107,116,128,-18,15,54,84,120,-2,37,31,87,103,15,73,22,40,78,105,50,34,46,64,42,62,99,31,68,11,91,92,89,52,-382,67,71,105,107,15,7,58,85,21,95,62,2,60,65,62,40,82,65,20,5,98,75,117,122,46,-34,45,112,36,17,138,-76,38,67,61,-14,52,17,43,88,-73,84,-8,-126,-235,-194,82,47,142,37,60,80,116,33,66,88,109,17,54,25,58,102,86,32,43,44,17,73,41,11,7,66,20,31,25,37,137,79,81,73,-46,-168,120,137,16,17,115,96,-18,41,94,-31,60,47,79,59,8,30,57,90,15,12,55,84,122,9,24,54,82,33,109,97,68,26,32,111,79,75,107,58,74,80,72,50,12,92,77,104,38,61,91,51,59,96,90,19,67,47,37,-15,69,42,77,53,78,76,108,21,101,37,29,105,71,82,-2,32,45,33,63,54,13,50,63,61,67,55,56,128,107,-17,116,-26,28,57,-3,25,67,22,-87,62,77,99,83,107,30,-211,119,61,31,89,8,-38,-21,61,59,87,78,87,37,64,66,-7,10,65,109,137,45,13,7,64,84,-3,28,38,58,15,97,34,66,56,91,125,120,-14,51,59,68,55,79,122,34,100,71,111,-11,83,-5,62,63,73,49,91,66,-45,31,78,86,33,81,91,68,39,95,136,99,-16,28,101,51,109,29,45,64,139,102,106,-20,63,-11,20,13,-36,49,38,17,41,75,11,90,88,48,48,123,83,38,36,51,124,63,39,17,38,139,32,26,42,21,86,-151,-83,-20,-117,9,61,98,57,111,5,44,21,3,81,110,-24,22,53,-2,76,-59,70,2,41,61,131,38,17,66,122,58,81,120,-45,61,-4,19,57,42,112,73,102,71,72,131,60,62,46,92,35,30,34,107,73,61,71,140,91,82,86,135,61,38,72,-1,24,55,109,68,109,-2,10,43,70,20,21,47,40,107,64,-4,32,21,55,28,57,59,64,71,56,80,45,27,88,30,116,29,68,56,-8,57,44,86,98,128,-10,35,-8,67,65,-17,17,98,118,-6,76,-13,101,123,80,47,93,121,75,89,108,67,76,-3,-204,-36,-62,85,91,76,53,-2,38,44,73,86,46,55,29,68,87,60,19,38,87,122,-6,19,81,30,136,0,58,55,94,65,65,45,17,52,42,39,24,50,59,96,73,121,-154,-26,72,41,85,116,71,-164,-20,56,33,115,115,95,76,104,110,16,30,96,82,18,69,-9,16,62,70,90,-3,68,42,37,92,50,75,66,125,22,139,58,39,53,125,99,66,34,42,22,48,71,92,47,35,71,62,98,-173,-162,139,87,55,49,58,3,23,21,36,41,45,63,64,17,76,108,108,15,147,-15,8,12,55,102,101,86,-17,2,69,82,106,26,60,-11,76,52,127,16,93,53,49,-43,81,83,83,127,28,34,47,89,96,59,125,-3,56,64,93,-156,-191,78,100,77,135,-45,-171,-104,-27,-34,100,112,57,4,-137,48,84,94,44,68,55,45,63,33,21,39,50,86,125,33,81,121,16,119,131,49,89,94,20,25,-5,47,84,3,29,22,116,3,46,78,35,60,-89,-79,-99,-82,53,76,55,7,54,120,110,-56,3,58,65,63,96,-38,-11,67,29,-38,91,55,23,47,65,-18,35,62,100,107,7,92,-2,39,93,128,-6,52,85,85,72,51,45,91,107,65,113,91,90,142,54,30,85,46,43,9,134,42,30,129,112,101,20,93,60,124,84,51,29,99,65,-1,81,130,42,74,78,67,40,44,91,85,56,86,80,73,112,21,-38,24,105,2,74,44,3,97,3,67,-13,-6,32,0,35,33,48,56,50,28,45,68,116,101,19,39,70,27,-2,16,-1,31,21,-6,42,115,86,67,84,31,36,45,97,58,143,113,76,126,50,71,74,49,41,58,106,59,107,26,110,93,134,58,54,81,91,91,142,52,82,91,-13,32,41,98,110,28,78,102,37,68,50,130,-109,45,-67,-54,83,85,39,119,26,93,87,47,70,74,64,24,102,60,85,86,3,9,42,5,40,36,11,-4,48,25,42,49,44,8,30,112,76,41,49,46,66,52,73,11,20,-17,-4,90,79,101,-54,64,4,13,77,55,87,107,34,39,-2,53,-40,-10,97,85,86,121,50,49,3,98,101,45,73,42,81,94,-83,57,79,83,95,102,28,66,113,50,82,53,30,-7,88,100,80,119,39,0,-60,63,122,36,78,77,27,-30,-11,55,57,-3,92,81,53,80,51,55,75,97,-1,60,36,79,51,83,56,59,-32,-13,48,34,82,107,8,86,96,84,123,64,99,-9,11,48,47,105,103,85,88,42,124,118,-6,7,-6,-7,42,94,58,49,50,120,17,139,102,126,75,56,95,33,100,14,40,102,114,104,26,3,77,66,63,60,121,54,39,88,51,68,79,79,81,35,100,34,53,59,37,42,65,62,17,88,48,14,75,57,35,32,49,26,59,75,39,58,36,53,78,123,44,68,78,-22,59,6,103,103,55,24,66,-8,12,52,18,67,34,82,81,30,48,39,59,54,59,83,27,77,60,87,42,88,65,14,57,81,62,44,41,26,70,43,46,-24,22,46,119,37,73,55,111,20,-21,6,38,56,43,99,36,87,71,9,106,4,22,57,32,119,28,19,30,99,45,36,67,45,67,79,80,93,115,76,29,17,30,17,28,-7,6,-16,21,4,28,82,45,34,91,48,77,27,45,0,16,97,62,54,38,15,31,32,54,15,2,24,95,98,36,-15,97,4,61,84,37,83,48,95,71,42,54,40,53,18,4,-5,58,59,39,65,-4,54,32,57,82,36,41,78,77,28,81,1,-37,21,5,48,64,28,-37,45,66,79,43,51,58,46,-10,23,55,75,-19,70,49,50,55,46,36,34,47,18,20,16,-2,11,32,17,16,3

How wait,	41663/4497,	3,5,2,4,3,2,9,10,6,6,2,5,5,2,11,7,11,5,7,12,14,11,0,1,2,0,9,16,14,5,2,13,14,2,13,7,14,1,4,3,14,16,18,6,0,6,0,9,1,0,1,5,6,3,2,11,3,4,7,11,32,2,13,4,9,7,0,1,1,7,8,5,5,10,8,3,9,3,0,5,0,5,2,2,19,33,32,8,12,8,3,6,7,11,3,9,23,12,8,1,7,3,22,13,16,4,5,15,15,8,6,26,7,32,8,7,10,5,14,20,27,21,12,3,1,1,8,3,0,10,0,6,6,29,27,20,21,15,5,25,4,10,8,2,1,4,8,5,2,9,4,4,17,19,0,21,10,6,10,14,25,1,4,7,9,1,0,11,7,5,10,4,8,7,11,1,8,1,4,3,2,3,2,9,4,12,12,10,3,0,3,6,0,3,9,1,25,13,8,10,11,7,2,11,8,10,1,8,4,28,22,26,20,4,2,4,5,6,3,2,9,7,0,5,3,18,10,8,4,3,2,10,7,4,10,24,4,20,4,12,22,2,13,4,5,4,1,8,6,11,2,8,1,11,3,1,7,3,10,14,4,22,2,9,5,1,12,12,5,10,10,11,6,10,0,7,10,13,4,3,0,1,12,4,8,2,9,33,12,7,9,3,0,8,3,5,11,11,3,5,1,2,6,6,9,7,8,4,6,10,12,10,1,7,6,8,8,6,2,7,6,15,26,6,25,2,24,3,5,10,8,1,5,1,0,4,9,25,2,22,3,1,3,1,0,4,12,6,11,12,11,10,10,12,9,1,4,11,2,10,13,14,17,14,0,7,12,1,1,12,5,11,7,4,1,11,10,2,16,25,26,7,1,5,4,9,22,25,29,23,2,31,1,0,0,23,18,30,22,24,1,5,20,32,8,3,3,3,12,10,6,7,6,6,31,27,15,8,1,3,12,2,1,5,1,9,3,2,8,1,11,10,11,3,0,32,23,4,9,1,3,7,5,1,6,14,19,10,25,8,8,43,23,13,28,14,15,19,19,2,23,2,1,0,0,4,3,7,3,12,5,7,4,15,39,24,38,27,4,15,20,34,5,25,17,19,31,2,11,10,3,0,14,21,12,7,27,11,1,1,0,23,10,16,33,13,9,10,2,2,7,3,0,2,5,14,33,17,6,27,15,25,5,3,9,39,24,2,0,3,8,29,11,2,26,2,8,2,5,11,0,4,12,8,9,11,12,8,15,17,2,1,3,1,2,10,8,5,4,9,11,5,11,3,0,1,11,12,26,22,13,15,11,1,0,6,7,7,9,9,0,3,3,4,2,9,3,2,0,1,6,2,10,7,12,15,10,11,7,9,1,12,11,2,12,7,8,2,7,4,22,4,8,9,10,13,34,29,32,16,0,19,5,4,12,0,0,10,10,0,8,4,12,9,7,11,18,16,16,16,9,1,5,2,4,1,10,8,7,7,4,0,1,8,1,1,7,1,1,1,1,0,10,1,1,2,3,5,17,6,3,15,20,24,11,26,2,4,12,7,8,0,11,6,5,11,2,11,8,3,0,11,9,2,10,4,2,0,4,11,6,10,18,23,33,10,6,4,2,10,5,9,4,9,2,9,10,9,23,6,0,16,31,27,13,7,0,2,7,12,12,5,3,5,1,7,2,2,13,6,4,1,0,4,11,1,10,10,15,5,11,6,7,6,1,2,0,0,6,3,11,5,7,9,2,2,4,1,6,6,0,3,32,20,19,17,6,8,0,7,7,6,3,0,2,1,7,12,18,21,10,12,11,30,7,9,2,12,8,26,7,9,31,5,3,3,0,3,5,8,2,9,28,20,14,31,0,5,17,6,4,2,8,6,2,8,2,30,18,6,6,1,6,5,5,3,0,7,9,1,8,33,24,2,9,11,4,5,6,4,10,1,30,9,7,10,0,8,2,19,4,8,11,7,9,6,3,22,25,16,26,14,11,4,9,17,4,7,5,2,21,0,9,7,7,7,2,11,10,10,9,7,8,10,4,1,7,6,0,24,19,11,4,8,4,12,10,1,4,11,18,1,9,6,6,7,7,12,10,5,2,2,1,7,6,3,4,7,4,4,0,1,3,9,2,12,1,10,7,11,12,2,1,0,10,2,2,6,1,1,2,12,3,6,3,11,12,9,6,17,20,14,0,0,0,1,2,17,31,2,7,8,5,1,33,28,13,11,11,3,8,11,4,24,33,33,20,2,8,2,10,12,9,1,27,4,8,30,1,5,5,1,0,5,10,6,8,1,6,11,2,0,4,1,33,9,33,11,15,21,6,0,11,9,1,5,9,0,6,11,0,8,12,7,2,0,2,5,8,0,6,9,5,10,5,21,30,25,24,1,20,21,3,9,1,3,7,2,3,8,6,8,2,1,10,1,8,3,0,5,11,10,0,6,8,22,6,21,13,7,19,12,8,0,5,9,11,0,8,7,2,31,17,2,6,7,5,5,7,3,1,19,14,6,5,5,5,13,8,8,8,4,4,8,6,8,10,2,2,0,2,0,0,19,24,15,7,5,5,10,4,5,10,3,1,11,4,4,25,3,6,4,2,4,1,8,1,11,4,0,4,4,5,8,12,7,4,5,6,1,6,5,21,5,1,8,2,6,1,3,5,7,3,0,20,5,22,12,6,2,11,1,7,0,0,2,6,10,5,19,1,9,5,9,0,5,8,7,24,10,18,8,9,10,0,5,5,3,5,12,0,6,2,5,11,10,3,7,3,0,19,25,11,6,8,0,21,4,27,27,20,20,14,8,0,9,7,3,8,2,2,4,2,5,2,8,7,1,5,9,25,18,21,27,3,15,1,2,9,10,10,0,8,7,6,14,4,12,9,5,16,2,8,5,0,0,8,9,6,9,8,8,1,4,18,13,5,14,11,10,9,3,1,10,3,11,3,2,5,2,9,10,1,9,8,10,13,12,13,2,11,0,9,8,3,3,11,4,12,8,2,33,12,3,1,28,23,7,0,6,7,9,11,0,6,6,11,1,3,2,0,6,23,33,11,7,9,11,4,1,32,12,6,1,2,6,7,31,2,4,10,4,11,8,3,10,9,6,28,23,31,7,23,10,0,5,20,33,2,8,6,10,1,5,10,4,5,9,6,0,4,21,26,3,24,44,13,40,30,6,2,5,4,7,2,2,4,8,4,19,2,3,0,22,28,17,24,3,6,11,8,5,2,1,0,14,28,27,5,6,3,11,2,2,3,12,3,2,0,1,7,4,2,11,4,3,25,15,33,11,25,2,6,8,4,10,4,3,3,2,1,10,5,1,3,0,8,12,22,2,3,4,8,9,9,0,7,9,27,29,3,0,11,10,12,24,8,8,9,3,5,7,8,21,0,0,2,10,0,8,4,9,4,8,16,3,1,10,4,0,6,4,7,0,5,9,9,10,2,9,9,10,10,2,5,16,13,0,6,1,2,12,15,9,20,21,10,20,11,9,9,16,16,33,17,2,1,2,4,6,3,9,7,8,18,20,2,2,7,2,11,1,9,7,26,6,2,1,4,4,0,0,0,6,12,1,11,4,5,2,9,4,2,4,0,26,4,1,13,0,8,21,20,24,25,1,4,5,25,2,2,7,10,1,1,8,7,2,7,9,9,6,12,0,5,4,7,1,1,9,11,2,7,7,0,2,5,7,1,4,6,18,3,27,22,8,27,2,9,4,5,3,3,7,8,21,14,32,7,8,4,15,15,31,27,3,7,1,7,16,32,1,10,22,0,3,2,10,11,9,1,6,13,7,9,8,4,13,15,1,7,1,0,2,16,13,17,20,7,2,7,3,3,7,1,6,10,4,1,4,27,13,44,3,6,6,19,21,4,13,5,6,10,1,6,4,5,4,1,0,8,11,6,7,19,4,1,7,12,6,6,5,8,3,5,6,2,5,5,9,8,9,6,11,3,30,22,13,28,4,17,3,6,4,2,11,10,1,11,15,17,14,9,2,2,9,11,3,8,14,17,9,19,33,0,11,27,4,3,0,11,0,8,6,5,7,0,5,1,3,0,5,12,0,0,4,4,7,18,25,15,9,34,3,0,0,8,8,1,4,2,23,0,1,0,4,19,0,22,0,8,20,1,15,21,0,6,7,19,8,3,9,10,18,21,27,1,17,7,7,10,2,2,8,30,14,23,4,2,4,1,10,2,5,6,11,7,3,5,1,0,29,25,18,10,7,6,3,2,10,4,12,24,23,14,31,12,3,7,2,5,22,22,13,15,16,6,6,0,12,3,6,11,0,2,7,3,12,0,1,20,20,16,4,3,7,0,1,2,13,2,9,2,12,3,9,8,4,6,21,6,3,3,0,1,10,27,9,33,19,0,23,26,7,4,4,11,29,11,11,11,25,19,19,8,2,10,30,5,17,14,0,3,0,4,2,33,8,8,6,0,11,9,6,6,9,5,2,8,12,2,1,5,13,0,9,2,2,8,1,9,3,0,8,3,14,6,3,5,9,0,6,7,0,0,3,2,0,0,7,4,2,2,1,6,5,11,11,9,24,24,4,30,0,10,10,2,7,1,33,25,32,26,1,2,5,0,13,10,3,0,9,5,8,2,9,2,1,5,12,4,7,4,9,15,26,9,12,6,7,30,21,26,6,2,11,10,9,0,2,7,0,21,9,9,17,13,0,10,7,2,18,28,14,5,3,0,3,6,11,7,0,5,9,5,8,8,2,9,3,8,1,5,8,10,0,1,11,8,10,5,31,1,1,28,19,31,28,4,4,1,9,11,10,4,10,11,0,2,19,18,3,4,29,30,11,5,3,2,5,6,8,7,15,6,16,2,0,9,5,1,10,5,11,4,5,13,24,10,21,25,9,3,3,2,0,11,7,10,11,31,29,5,6,32,4,12,10,7,7,3,7,4,3,10,6,2,5,2,14,1,8,24,33,15,9,12,5,5,0,23,6,27,30,5,7,11,4,11,4,10,23,12,27,25,24,9,27,7,14,21,0,6,1,3,2,11,11,1,0,0,7,5,33,16,17,9,0,0,10,4,1,1,5,0,4,7,3,7,7,11,0,7,3,1,0,3,3,7,11,8,12,2,5,5,6,9,17,11,17,0,17,1,12,3,10,11,7,9,2,1,11,0,11,7,15,26,3,9,4,9,8,6,27,12,13,17,8,29,0,17,9,4,10,2,6,7,12,1,1,1,0,10,4,0,28,21,4,8,31,0,21,11,7,9,6,7,3,18,21,24,7,7,21,4,11,9,9,8,10,5,1,5,4,10,7,15,15,11,31,4,0,2,1,2,2,1,1,18,9,4,0,7,4,0,31,2,18,3,9,2,1,12,7,0,10,2,25,24,1,15,0,10,10,6,0,3,4,3,1,25,10,5,3,13,1,21,6,11,11,5,9,2,1,8,8,6,5,7,11,3,16,19,28,30,15,0,11,7,12,2,6,4,2,0,24,15,1,3,1,25,32,7,11,1,7,5,7,4,1,11,2,4,6,5,6,12,11,5,12,0,33,20,8,30,22,5,13,7,9,2,28,45,9,17,17,4,8,6,6,1,2,3,6,10,3,21,1,4,11,4,25,1,10,9,0,9,30,25,4,5,1,1,10,2,20,7,5,8,6,8,12,3,0,7,3,4,22,39,12,2,2,5,9,4,4,5,3,3,10,1,9,1,8,2,4,0,3,42,25,25,26,6,20,11,20,16,17,8,7,0,5,8,8,9,35,33,28,23,4,8,0,3,1,9,10,0,4,9,4,0,3,3,10,7,5,8,9,5,11,4,9,3,10,1,9,9,9,8,4,1,9,10,10,12,7,10,11,28,29,29,25,27,14,0,3,9,6,6,11,11,0,5,5,7,0,13,12,11,10,0,3,7,5,8,25,14,7,12,2,17,2,0,6,4,7,3,32,11,24,15,1,13,1,3,4,4,5,3,0,0,2,7,19,5,10,12,9,6,6,0,7,13,24,20,2,1,12,8,30,25,23,14,2,6,5,7,2,10,3,2,2,1,30,22,31,1,0,2,0,5,16,10,4,13,10,9,0,7,10,11,11,3,10,11,0,4,1,8,2,11,4,4,10,9,0,4,0,9,8,10,1,7,2,6,4,4,17,13,24,15,31,11,16,2,1,11,3,0,1,10,6,11,29,31,25,17,18,14,2,21,22,14,8,12,0,30,5,25,6,7,6,8,11,10,7,2,13,23,1,8,4,0,2,9,2,4,10,6,0,7,11,9,6,26,31,30,20,21,13,28,33,4,5,5,5,5,0,0,2,30,11,8,11,27,9,10,6,13,8,8,8,0,9,10,19,25,13,12,25,7,8,8,12,0,8,3,24,5,28,23,24,8,3,5,11,14,29,7,8,15,1,4,1,11,11,4,21,8,7,6,14,33,39,31,33,24,16,24,25,2,26,4,7,4,2,4,12,4,22,11,9,9,2,4,9,12,9,9,9,29,21,6,22,0,6,11,4,4,24,4,5,2,3,2,11,6,9,0,11,5,4,11,8,9,4,6,6,1,16,4,9,4,1,20,21,16,7,16,2,6,1,5,3,1,11,7,7,1,5,6,6,5,6,0,20,6,4,20,2,25,2,0,5,0,7,12,21,10,10,2,10,5,10,8,5,18,4,21,16,15,8,1,20,27,1,4,21,5,0,5,6,0,1,0,8,19,29,18,28,10,4,32,29,2,13,7,0,27,21,8,3,11,9,5,10,4,9,1,14,14,20,1,1,8,0,7,6,8,26,5,1,9,6,11,6,10,3,29,28,14,0,0,40,37,15,45,41,11,10,35,10,9,20,16,7,11,27,26,18,8,6,2,3,18,19,29,29,3,20,27,30,17,9,5,4,43,9,5,1,10,11,9,30,24,28,10,21,23,15,3,29,5,2,4,2,4,33,11,21,3,4,7,4,2,10,6,11,7,0,10,11,5,6,2,0,9,13,24,29,2,1,4,6,5,5,0,9,8,9,5,9,0,13,15,10,7,3,0,1,3,0,1,6,5,5,10,23,5,1,9,6,22,9,3,6,5,4,28,10,5,11,3,1,0,10,16,27,25,32,0,6,6,8,5,1,1,1,2,17,26,1,29,6,0,4,2,5,0,10,6,1,9,11,4,11,6,11,3,8,6,4,5,18,32,7,11,11,3,3,0,4,9,4,14,10,11,0,1,17,21,2,10,16,6,17,6,32,8,3,6,0,0,8,2,6,9,8,9,4,0,2,3,11,3,2,7,6,23,27,19,28,17,3,25,26,1,21,8,3,8,5,12,7,6,6,5,5,10,3,22,20,9,10,1,2,1,0,31,27,1,0,4,33,20,22,23,32,8,10,0,6,7,11,7,10,8,9,15,23,28,8,11,5,8,5,5,6,11,4,11,5,4,8,7,6,24,0,20,32,6,6,12,30,5,10,4,9,1,4,7,2,5,8,6,0,29,33,26,5,1,5,29,16,16,5,2,4,2,5,7,2,12,7,2,18,8,3,8,0,33,29,11,0,9,5,9,9,2,11,16,4,4,0,2,5,8,7,2,8,2,0,6,0,10,3,7,28,29,4,6,11,2,6,11,7,8,0,9,3,1,9,7,4,0,2,9,2,11,8,7,5,5,12,6,8,7,6,9,3,1,26,8,5,0,6,2,4,4,10,5,12,5,9,5,2,3,9,3,8,4,19,10,1,3,11,1,2,4,8,7,8,20,10,27,3,14,13,3,8,7,2,8,33,11,18,18,1,21,11,2,9,1,0,12,9,4,31,0,5,9,5,11,7,10,12,9,6,9,4,8,2,10,11,3,8,4,1,7,12,3,2,4,1,4,8,4,3,6,10,6,0,4,1,0,31,4,33,27,3,17,26,12,7,8,13,26,33,27,6,5,3,9,6,11,31,29,16,14,18,6,1,6,12,6,1,2,17,15,10,7,7,3,11,27,8,4,7,1,3,7,7,0,3,10,7,0,25,25,31,14,11,0,0,5,17,1,6,3,12,9,7,8,8,10,9,6,2,5,7,28,24,10,18,16,30,2,14,36,7,1,5,13,32,12,1,11,5,30,19,1,12,0,4,11,3,0,6,24,20,30,0,0,5,9,6,23,2,4,7,8,16,13,4,12,11,4,9,40,8,16,21,3,8,6,0,6,8,7,9,9,11,1,2,18,1,2,0,5,40,25,10,22,4,3,7,10,2,1,6,5,9,32,44,11,11,4,10,8,10,8,7,7,4,5,1,4,0,7,4,7,4,29,21,5,7,12,10,19,23,4,8,4,5,2,11,25,17,11,16,1,2,2,1,10,6,7,2,11,1,3,7,3,4,6,10,9,3,4,2,6,5,10,8,4,8,12,11,6,8,4,6,5,3,0,8,7,2,32,12,4,12,5,35,36,11,2,2,16,12,3,0,9,22,12,5,11,1,3,45,2,43,4,19,29,29,6,10,7,27,17,5,0,8,6,2,8,11,11,3,12,0,12,9,6,4,10,7,10,7,8,5,9,7,7,1,9,2,28,27,5,9,22,15,11,18,0,2,2,10,0,2,4,8,11,8,6,4,16,21,26,0,0,5,28,13,1,1,1,3,3,12,11,2,8,0,5,12,0,5,5,30,7,4,1,2,2,11,8,15,18,7,11,22,9,2,6,8,3,4,11,1,22,19,0,12,21,12,7,30,22,5,2,3,10,8,14,2,32,6,11,11,10,2,31,21,5,3,1,8,8,2,12,0,8,3,14,19,9,21,7,6,4,10,3,0,16,15,17,17,10,10,0,19,8,1,0,11,8,4,8,1,9,12,21,6,21,7,23,11,10,8,7,2,9,7,0,11,12,8,0,11,0,3,0,3,9,6,6,10,0,10,7,9,9,12,10,8,5,6,20,9,0,20,3,11,5,6,7,11,16,12,1,2,1,1,2,2,7,9,10,1,33,14,0,8,7,9,1,9,9,33,21,2,4,3,11,2,7,5,4,0,11,4,1,6,2,7,4,7,1,3,0,6,6,5,9,16,5,16,23,9,7,5,2,5,7,2,8,18,21,14,5,9,2,10,10,6,9,8,4,4,29,1,4,6,1,10,7,1,2,0,0,0,5,5,12,11,17,12,21,5,9,22,29,22,22,11,7,7,4,13,0,8,0,7,11,3,11,7,2,1,8,27,13,20,10,2,1,4,8,9,3,1,5,29,31,13,16,2,0,4,2,0,3,25,4,2,5,0,0,2,6,17,23,22,28,12,6,3,1,9,2,12,7,4,7,10,0,14,7,7,11,11,12,13,5,26,5,0,1,6,9,9,6,12,2,0,1,1,21,21,28,19,9,9,0,2,8,10,2,4,2,2,3,1,7,6,31,20,31,10,30,8,22,10,5,10,2,10,19,20,19,6,10,20,29,0,2,0,7,9,7,4,9,9,7,1,24,20,4,8,5,9,7,5,5,12,5,27,3,4,3,7,0,3,16,18,7,8,2,21,26,4,8,6,0,9,2,24,22,8,30,6,7,5,1,8,15,29,23,32,9,3,1,3,7,2,3,11,8,15,11,4,21,33,31,2,5,3,11,10,3,23,30,17,33,26,1,13,5,3,3,0,7,11,44,24,1,21,43,31,13,40,1,1,8,1,7,6,1,5,9,11,5,8,3,9,7,20,1,15,28,23,13,14,4,12,10,3,7,7,0,6,7,1,18,4,32,4,2,15,0,1,8,3,9,3,12,18,23,18,22,9,0,2,10,10,0,2,0,10,11,6,8,10,18,2,10,8,7,4,29,18,23,7,5,7,9,0,13,10,4,2,6,27,1,31,9,3,5,11,1,20,13,1,6,11,3,10,1,26,31,18,3,33,4,7,4,27,10,2,9,31,8,2,10,11,21,16,2,6,29,21,6,7,1,3,10,32,19,5,11,5,0,4,8,0,34,16,16,15,3,8,23,11,24,15,6,2,5,33,12,29,32,26,44,42,29,1,24,1,23,8,28,10,0,28,10,17,0,4,27,16,31,32,5,7,4,4,7,17,32,2,2,29,26,1,11,6,11,3,18,13,4,17,18,16,4,10,1,9,8,33,1,3,7,1,6,2,10,6,9,4,9,8,32,12,8,9,2,31,18,6,4,28,8,8,12,8,0,2,0,7,31,3,2,7,26,16,33,29,17,9,5,9,30


Missed people's location (Destination / Demand time) At 1439
A Station,	
B Station,	
C Station,	
D Station,	
E Station,	
F Station,	(M/1403/-1)
G Station,	
H Station,	
I Station,	
J Station,	
K Station,	(U/1429/-1)
L Station,	
M Station,	
N Station,	
O Station,	(M/1425/-1)
P Station,	
Q Station,	
R Station,	
S Station,	
T Station,	
U Station,	
V Station,	
W Station,	
