Proposed LR	Serviced: 2840, Unfair: 0, UserN :4500
Shuttle0,	0,0,0,0,0,0,0,0,0,0,2,2,2,2,2,2,2,2,2,2,2,2,3,3,3,3,3,3,3,3,3,4,4,4,4,5,5,5,5,5,5,5,4,4,4,3,3,4,4,4,3,3,3,3,3,3,3,3,3,3,3,3,4,4,4,4,4,4,4,4,5,5,5,5,5,5,5,5,5,5,5,5,5,5,6,6,6,6,6,6,6,6,6,6,5,5,6,6,6,5,5,5,5,6,6,6,5,5,5,5,5,5,5,5,5,5,5,5,5,6,6,6,7,7,7,7,4,4,4,4,4,4,4,4,5,5,5,5,5,5,5,5,5,5,5,5,6,6,6,6,8,8,8,8,8,8,8,8,5,5,5,6,6,6,6,6,6,6,6,6,6,6,6,6,6,6,6,6,6,6,6,6,6,6,6,6,6,5,5,5,5,5,5,5,5,5,4,4,4,5,5,5,5,5,5,5,6,6,6,6,4,4,4,4,4,4,4,4,4,4,4,4,4,4,4,4,4,4,4,4,4,4,4,4,4,4,4,4,5,5,5,5,4,4,4,6,6,6,6,6,6,6,7,7,7,7,7,7,8,8,8,8,8,8,8,8,8,9,9,9,9,10,10,10,9,9,9,9,9,9,8,8,8,8,8,8,8,7,7,7,6,6,6,6,5,5,5,5,5,4,4,4,4,4,4,4,4,4,4,4,4,4,4,4,5,5,5,5,5,5,5,5,4,4,4,4,5,5,5,5,5,5,5,5,5,5,5,5,5,5,5,5,6,6,6,6,6,6,3,3,3,3,3,3,3,5,5,5,5,5,5,4,4,4,5,5,5,5,5,5,5,7,7,7,7,7,7,7,7,7,7,7,7,8,8,8,7,7,7,7,7,7,7,7,7,7,7,7,5,5,5,5,6,6,6,6,7,7,7,7,6,6,6,6,6,6,6,6,6,6,5,5,5,5,5,5,6,8,8,8,6,6,7,7,7,6,6,6,6,7,7,7,6,6,6,7,7,7,7,7,7,6,6,6,6,8,8,8,8,8,8,8,7,7,7,5,5,7,7,7,6,6,6,6,6,6,6,6,6,6,6,6,6,6,6,6,32,32,32,32,45,45,45,45,45,45,45,45,45,45,45,45,45,45,45,45,45,45,45,45,45,45,45,45,45,45,45,45,45,45,45,45,45,41,41,41,45,45,45,45,45,45,45,45,45,45,45,45,45,45,45,45,45,45,45,45,45,45,45,45,45,45,45,45,45,45,45,45,45,45,45,45,45,45,45,45,45,45,45,45,45,45,45,45,45,45,45,45,45,45,45,45,45,45,45,45,45,45,45,45,45,45,45,45,45,45,45,45,45,45,45,45,45,45,45,45,45,45,45,45,45,45,45,45,45,45,45,45,45,45,45,45,45,45,45,45,45,45,45,45,45,45,45,45,45,45,45,45,45,45,45,45,45,45,45,45,45,45,45,45,45,45,45,45,45,45,45,45,45,45,45,45,45,45,45,45,45,45,45,45,45,45,45,45,45,45,45,45,45,45,45,45,45,45,45,45,45,45,45,45,45,45,45,45,45,45,45,45,45,45,45,45,45,45,45,45,45,45,45,45,45,45,45,45,45,45,45,45,45,45,45,45,45,45,45,45,45,45,45,45,45,45,45,45,45,45,45,45,45,45,45,45,45,45,45,45,45,45,45,45,45,45,45,45,45,45,45,45,45,45,45,45,45,45,45,45,45,45,45,45,45,45,45,45,45,45,45,45,45,45,45,45,45,45,45,45,45,45,45,45,45,45,45,45,45,45,45,45,45,45,45,45,45,45,45,45,45,45,45,45,45,45,45,45,45,45,45,45,45,45,45,45,45,45,45,45,45,45,45,45,45,45,45,45,45,45,45,45,45,45,45,45,45,45,45,45,45,45,45,45,45,45,45,45,45,45,45,45,45,45,45,45,45,45,45,45,45,45,45,45,45,45,45,45,45,45,45,45,45,45,45,45,45,45,45,45,45,45,45,45,45,45,45,45,45,45,45,45,45,45,45,45,45,45,45,45,45,45,45,45,45,45,45,45,45,45,45,45,45,45,45,45,45,45,45,45,45,45,45,45,45,45,45,45,45,45,45,45,45,45,45,45,45,45,45,45,45,45,45,45,45,45,45,45,45,45,45,45,45,45,45,45,45,45,45,45,45,45,45,45,45,45,45,45,45,45,45,45,45,45,45,45,45,45,45,45,45,45,45,45,45,45,45,45,45,45,45,45,45,45,45,45,45,45,45,45,45,45,45,45,45,45,45,45,45,45,45,45,45,45,45,45,45,45,45,45,45,45,45,45,45,45,45,45,45,45,45,45,45,45,45,45,45,45,45,45,45,45,45,45,45,45,45,45,45,45,45,45,45,45,45,45,45,45,45,45,45,45,45,45,45,45,45,45,45,45,45,45,45,45,45,45,45,45,45,45,45,45,45,45,45,45,45,45,45,45,45,45,45,45,45,45,45,45,45,45,45,45,45,45,45,45,45,45,45,45,45,45,45,45,45,45,45,45,45,45,45,45,45,45,45,45,45,45,45,45,45,45,45,45,45,45,45,45,45,45,45,45,45,45,45,45,45,45,45,45,45,45,45,45,45,45,45,45,45,45,45,45,45,45,45,45,45,45,45,45,45,45,45,45,45,45,45,45,45,45,45,45,45,45,45,45,45,45,45,45,45,45,45,45,45,45,45,45,45,45,45,45,45,45,45,45,45,45,45,45,45,45,45,45,45,45,45,45,45,45,45,45,45,45,45,45,45,45,45,45,45,45,45,45,45,45,45,45,45,45,45,45,45,45,45,45,45,45,45,45,45,45,45,45,45,45,45,45,45,45,45,45,45,45,45,45,45,45,45,45,45,45,45,45,45,45,45,45,45,45,45,45,45,45,45,45,45,45,45,45,45,45,45,45,45,45,45,45,45,45,45,45,45,45,45,45,45,45,45,45,45,45,45,45,45,45,45,45,45,45,45,45,45,45,45,45,45,45,45,45,45,45,45,45,45,45,45,45,45,45,45,45,45,45,45,45,45,45,45,45,45,45,45,45,45,45,45,45,45,45,45,45,45,45,45,45,45,45,45,45,45,45,45,45,45,45,45,45,45,45,45,45,45,45,45,45,45,45,45,45,45,45,45,45,45,45,45,45,45,45,45,45,45,45,45,45,45,45,45,45,45,45,42,42,42,45,45,45,45,45,45,45,45,45,45,45,45,45,45,3,3,3,0,0
Shuttle1,	0,0,0,0,0,0,0,1,1,1,2,2,2,2,2,2,2,2,2,2,2,2,2,2,2,2,2,2,2,2,2,2,2,2,2,1,1,1,1,2,2,2,3,3,3,3,3,3,3,3,3,3,3,3,3,3,4,4,4,4,4,5,5,5,4,4,4,4,5,5,5,7,7,7,7,7,7,8,8,8,9,9,9,9,10,10,10,11,11,11,11,12,12,12,11,11,14,14,14,14,14,14,14,13,13,13,13,13,13,13,13,12,12,12,12,11,11,11,11,12,12,12,12,10,10,10,10,10,10,10,10,10,10,10,10,10,10,10,10,10,9,9,9,9,9,8,8,8,9,9,9,9,9,9,9,8,8,8,9,9,9,9,9,9,11,11,11,11,10,10,10,10,10,10,10,10,10,10,10,10,10,10,10,13,13,13,13,12,12,12,12,12,12,12,12,14,14,14,14,13,13,13,13,13,13,13,13,11,11,11,11,11,11,11,11,11,11,9,9,9,9,9,9,8,8,8,8,7,7,8,8,8,5,5,5,5,6,6,6,6,6,6,5,5,5,5,5,5,5,5,5,5,5,5,5,6,6,6,6,7,7,7,6,6,5,5,5,7,7,7,7,8,8,8,8,8,8,8,8,6,6,6,6,6,6,6,6,8,8,8,8,10,10,10,10,10,10,10,10,10,10,11,11,11,11,11,11,10,10,10,10,10,10,9,9,9,8,8,8,8,9,9,9,12,12,12,14,14,14,11,11,11,10,10,10,10,11,11,11,13,13,13,13,14,14,14,14,14,16,16,16,15,15,15,15,14,14,14,14,14,14,14,14,12,12,12,12,12,12,12,12,12,12,12,12,10,10,10,11,11,11,11,11,11,11,12,12,12,12,12,12,11,13,13,13,12,12,11,11,11,10,10,10,10,8,8,8,7,7,7,6,6,6,6,6,6,5,5,5,5,9,9,9,8,8,8,8,8,8,8,8,8,9,9,9,9,9,9,9,8,8,8,8,8,8,8,8,7,7,7,7,7,7,7,7,7,7,7,7,8,8,8,7,7,7,7,7,7,7,8,8,8,8,8,8,7,6,6,6,4,4,4,4,4,3,3,3,3,34,34,34,45,45,45,45,45,45,45,45,45,45,45,45,45,45,45,45,45,45,45,45,45,45,45,45,45,45,45,45,45,45,45,45,45,45,45,45,45,45,45,45,45,45,45,45,40,40,40,40,39,39,39,39,45,45,45,45,45,45,45,45,45,45,45,45,45,45,45,45,45,45,45,45,45,45,45,45,45,45,45,45,45,45,45,45,45,45,45,45,45,45,45,45,45,45,45,45,45,45,45,45,45,45,45,45,45,45,45,45,45,45,45,45,45,45,45,45,45,45,45,45,45,45,45,45,45,45,45,45,45,45,45,45,45,45,45,45,45,45,45,45,45,45,45,45,45,45,45,45,45,45,45,45,45,45,45,45,45,45,45,45,45,45,45,45,45,45,45,45,45,45,45,45,45,45,45,45,45,45,45,45,45,45,45,45,45,45,45,45,45,45,45,45,45,45,45,45,45,45,45,45,45,45,45,45,45,45,45,45,45,45,45,45,45,45,45,45,45,45,45,45,45,45,45,45,45,45,45,45,45,45,45,45,45,45,45,45,45,45,45,45,45,45,45,45,45,45,45,45,45,45,45,45,45,45,45,45,45,45,45,45,45,45,45,45,45,45,45,45,45,45,45,45,45,45,45,45,45,45,45,45,45,45,45,45,45,45,45,45,45,45,45,45,45,45,45,45,45,45,45,45,45,45,45,45,45,45,45,45,45,45,45,45,45,45,45,45,45,45,45,45,45,45,45,45,45,45,45,45,45,45,45,45,45,45,45,45,45,45,45,45,45,45,45,45,45,45,45,45,45,45,45,45,45,45,45,45,45,45,45,45,45,45,45,45,45,45,45,45,45,45,45,45,45,45,45,45,45,45,45,45,45,45,45,45,45,45,45,45,45,45,45,45,45,45,45,45,45,45,45,45,45,45,45,45,45,45,45,45,45,45,45,45,45,45,45,45,45,45,45,45,45,45,45,45,45,45,45,45,45,45,45,45,45,45,45,45,45,45,45,45,45,45,45,45,45,45,45,45,45,45,45,45,45,45,45,45,45,45,45,45,45,45,45,45,45,45,45,45,45,45,45,45,45,45,45,45,45,45,45,45,45,45,45,45,45,45,45,45,45,45,45,45,45,45,45,45,45,45,45,45,45,45,45,45,45,45,45,45,45,45,45,45,45,45,45,45,45,45,45,45,45,45,45,45,45,45,45,45,45,45,45,45,45,45,45,45,45,45,45,45,45,45,45,45,45,45,45,45,45,45,45,45,45,45,45,45,45,45,45,45,45,45,45,45,45,45,45,45,45,45,45,45,45,45,45,45,45,45,45,45,45,45,45,45,45,45,45,45,45,45,45,45,45,45,45,45,45,45,45,45,45,45,45,45,45,45,45,45,45,45,45,45,45,45,45,45,45,45,45,45,45,45,45,45,45,45,45,45,45,45,45,45,45,45,45,45,45,45,45,45,45,45,45,45,45,45,45,45,45,45,45,45,45,45,45,45,45,45,45,45,45,45,45,45,45,45,45,45,45,45,45,45,45,45,45,45,45,45,45,45,45,45,45,45,45,45,45,45,45,45,45,45,45,45,45,45,45,45,45,45,45,45,45,45,45,45,45,45,45,45,45,45,45,45,45,45,45,45,45,45,45,45,45,45,45,45,45,45,45,45,45,45,45,45,45,45,45,45,45,45,45,45,45,45,45,45,45,45,45,45,45,45,45,45,45,45,45,45,45,45,45,45,45,45,45,45,45,45,45,45,45,45,45,45,45,45,45,45,45,45,45,45,45,45,45,45,45,45,45,45,45,45,45,45,45,45,45,45,45,45,45,45,45,45,45,45,45,45,45,45,45,45,45,45,45,45,45,45,45,45,45,45,45,45,45,45,45,45,45,45,45,45,45,45,45,45,45,45,45,45,45,45,45,45,45,45,45,45,45,45,45,45,45,45,45,45,45,45,45,45,45,45,45,45,45,45,45,45,45,45,45,45,45,45,45,45,45,45,45,45,45,45,45,45,45,45,45,45,45,45,45,45,45,45,45,45,45,45,45,45,45,45,45,45,45,45,45,45,45,45,45,45,45,45,45,45,45,45,45,45,45,45,45,45,45,45,45,45,45,45,45,45,45,32,32,32,32,33,33,33,30,30,30,30,3,3,3,0,0
Shuttle2,	0,0,0,0,0,0,0,0,0,0,0,0,0,0,0,0,0,0,0,0,0,0,0,0,0,0,0,0,0,0,0,0,0,0,0,0,0,0,0,0,0,0,0,0,0,0,0,0,0,0,0,0,0,0,0,0,0,0,0,0,0,0,0,0,0,0,0,0,0,0,0,0,0,0,0,0,0,0,0,0,0,0,0,0,0,0,0,0,0,0,0,0,0,0,0,0,0,0,0,0,0,0,0,0,0,0,0,0,0,0,0,0,0,0,0,0,0,0,0,0,0,0,0,0,0,0,0,0,0,0,0,0,0,0,0,0,0,0,0,0,0,0,0,0,0,0,0,0,0,0,0,0,0,0,0,0,0,0,0,0,0,0,0,0,0,0,0,0,0,0,0,0,0,0,0,0,0,0,0,0,0,0,0,0,0,0,0,0,0,0,0,0,0,0,0,0,0,0,0,0,0,0,0,0,0,0,0,0,0,0,0,0,0,0,0,0,0,0,0,0,0,0,0,0,0,0,0,0,0,0,0,0,0,0,0,0,0,0,0,0,0,0,0,0,0,0,0,0,0,0,0,0,0,0,0,0,0,0,0,0,0,0,0,0,0,0,0,0,0,0,0,0,0,0,0,0,0,0,0,0,0,0,0,0,0,0,0,0,0,0,0,0,0,0,0,0,0,0,0,0,0,0,0,0,0,0,0,0,0,0,0,0,0,0,0,0,0,0,0,0,0,0,0,0,0,0,0,0,0,0,0,0,0,0,0,0,0,0,0,0,0,0,0,0,0,0,0,0,0,0,0,0,0,0,0,0,0,0,0,0,0,0,0,0,0,0,0,0,0,0,0,0,0,0,0,0,0,0,0,0,0,0,0,0,0,0,0,0,0,0,0,0,0,0,0,0,0,0,0,0,0,0,0,0,0,0,0,0,0,0,0,0,0,0,0,0,0,0,0,0,0,0,0,0,0,0,0,0,0,0,0,0,0,0,0,0,0,0,0,0,0,0,0,0,0,0,0,0,0,0,0,0,0,0,0,0,0,0,0,0,0,0,0,0,0,0,0,0,0,0,0,0,0,0,0,0,0,0,0,0,0,0,0,0,7,7,7,10,10,10,10,10,10,10,10,10,10,10,10,10,10,10,10,10,10,11,11,11,11,11,11,11,11,11,11,11,11,11,11,11,11,8,8,8,8,8,8,8,0,0,0,0,0,0,0,0,0,0,0,0,0,0,0,0,0,0,0,0,0,3,3,3,3,3,3,3,3,3,3,3,3,3,3,3,3,6,6,6,6,6,6,6,5,5,5,6,6,6,6,6,6,6,6,6,6,6,6,6,6,6,6,6,6,3,3,3,3,3,3,3,3,3,3,3,3,3,3,3,3,12,12,12,12,12,12,12,17,17,17,16,16,16,16,16,16,16,16,16,16,16,16,16,16,16,16,16,16,10,10,10,10,10,10,10,10,10,10,10,10,10,10,10,10,4,4,4,4,4,4,4,9,9,9,11,11,11,11,11,11,11,11,11,11,11,11,11,11,11,11,11,11,9,9,9,9,9,9,9,9,9,9,9,9,9,9,9,9,6,6,6,6,6,6,6,0,0,0,0,0,0,0,0,0,0,0,0,0,0,0,0,0,0,0,0,0,5,5,5,5,5,5,5,5,5,5,5,5,5,5,5,5,11,11,11,11,11,11,11,12,12,12,11,11,11,11,11,11,11,11,11,11,11,11,11,11,11,11,11,11,7,7,7,7,7,7,7,7,7,7,7,7,7,7,7,7,15,15,15,15,15,15,15,20,20,20,22,22,22,22,22,22,22,22,22,22,22,22,22,22,22,22,22,22,7,7,7,7,7,7,7,7,7,7,7,7,7,7,7,7,1,1,1,1,1,1,1,1,1,1,0,0,0,0,0,0,0,0,0,0,0,0,0,0,0,0,0,0,3,3,3,3,3,3,3,3,3,3,3,3,3,3,3,3,7,7,7,7,7,7,7,12,12,12,13,13,13,13,13,13,13,13,13,13,13,13,13,13,13,13,13,13,16,16,16,16,16,16,16,16,16,16,16,16,16,16,16,16,9,9,9,9,9,9,9,13,13,13,10,10,10,10,10,10,10,10,10,10,10,10,10,10,10,10,10,10,7,7,7,7,7,7,7,7,7,7,7,7,7,7,7,7,7,7,7,7,7,7,7,9,9,9,12,12,12,12,12,12,12,12,12,12,12,12,12,12,12,12,12,12,19,19,19,19,19,19,19,19,19,19,19,19,19,19,19,19,7,7,7,7,7,7,7,4,4,4,1,1,1,1,1,1,1,1,1,1,1,1,1,1,1,1,1,1,7,7,7,7,7,7,7,7,7,7,7,7,7,7,7,7,8,8,8,8,8,8,8,16,16,16,13,13,13,13,13,13,13,13,13,13,13,13,13,13,13,13,13,13,4,4,4,4,4,4,4,4,4,4,4,4,4,4,4,4,11,11,11,11,11,11,11,11,11,11,12,12,12,12,12,12,12,12,12,12,12,12,12,12,12,12,12,12,8,8,8,8,8,8,8,8,8,8,8,8,8,8,8,8,5,5,5,5,5,5,5,1,1,1,0,0,0,0,0,0,0,0,0,0,0,0,0,0,0,0,0,0,2,2,2,2,2,2,2,2,2,2,2,2,2,2,2,2,2,2,2,2,2,2,2,1,1,1,0,0,0,0,0,0,0,0,0,0,0,0,0,0,0,0,0,0,0,0,0,0,0,0,0,0,0,0,0,0,0,0,0,0,0,0,0,0,0,0,0,2,2,2,3,3,3,3,3,3,3,3,3,3,3,3,3,3,3,3,3,3,2,2,2,2,2,2,2,2,2,2,2,2,2,2,2,2,1,1,1,1,1,1,1,1,1,1,0,0,0,0,0,0,0,0,0,0,0,0,0,0,0,0,0,0,2,2,2,2,2,2,2,2,2,2,2,2,2,2,2,2,2,2,2,2,2,2,2,0,0,0,0,0,0,0,0,0,0,0,0,0,0,0,0,0,0,0,0,0,0,0,0,0,0,0,0,0,0,0,0,0,0,0,0,0,1,1,1,1,1,1,1,1,1,1,0,0,0,0,0,0,0,0,0,0,0,0,0,0,0,0,0,0,0,0,0,0,0,0,0,0,0,0,0,0,0,0,0,0,0,0,0,0,0,0,0,0,0,0,0,0,0,0,0,0,0,0,0,0,0,0,0,0,0,0,0,0,0,0,0,0,0,0,0,0,0,0,0
Shuttle3,	0,0,0,0,0,0,0,0,0,0,0,0,0,0,0,0,0,0,0,0,0,0,0,0,0,0,0,0,0,0,0,0,0,0,0,0,0,0,0,0,0,1,1,1,1,1,1,1,1,1,0,0,0,0,0,0,0,0,0,0,0,0,0,0,0,0,0,0,0,0,0,0,0,1,1,1,1,1,1,1,1,1,1,1,1,1,1,1,1,1,1,1,1,1,1,1,1,1,1,1,0,0,0,0,0,0,0,0,0,0,0,0,0,0,0,0,0,0,0,0,0,0,0,0,0,0,0,0,0,0,0,0,0,0,0,0,0,0,0,0,0,0,0,0,0,0,0,0,0,0,0,0,0,0,0,0,0,0,0,0,0,0,0,0,0,0,0,0,0,0,0,0,0,0,0,0,0,0,0,0,0,0,0,0,0,0,0,0,0,0,0,0,0,0,0,0,0,0,0,0,0,0,0,0,0,0,0,0,0,0,0,0,0,0,0,0,0,0,0,0,0,0,0,0,0,0,0,0,0,0,0,0,0,0,0,0,0,0,0,0,0,1,1,1,1,1,1,1,1,1,1,1,1,1,1,1,1,1,1,1,1,1,1,1,1,1,1,1,1,1,1,1,1,1,1,1,1,1,1,1,1,1,1,1,1,1,1,1,1,1,1,0,0,0,0,0,0,0,0,0,0,0,0,0,0,0,0,0,0,0,0,0,0,0,0,0,0,0,0,0,0,0,0,1,1,1,1,1,1,1,1,1,1,1,1,1,1,1,1,1,1,1,1,1,1,1,1,1,1,1,0,0,0,0,0,0,0,0,0,0,0,0,0,0,0,0,0,0,0,0,0,0,0,0,0,0,0,0,0,0,0,0,0,0,0,0,0,0,0,0,0,0,0,0,0,0,0,0,0,0,0,0,0,0,0,0,0,0,0,0,0,0,0,0,0,0,0,0,0,0,0,0,0,0,0,0,0,0,0,0,0,0,0,0,0,0,0,0,0,0,0,0,0,0,0,0,0,0,0,0,0,0,0,0,0,0,0,0,0,0,0,0,0,0,0,0,0,0,0,0,0,0,0,0,0,0,0,0,0,0,0,0,0,0,0,0,0,0,0,0,0,5,5,5,5,5,5,5,5,5,7,7,7,7,7,7,7,7,7,7,7,7,7,14,14,14,14,14,14,14,14,14,14,10,10,10,10,10,10,10,10,10,10,10,10,10,10,10,10,10,10,16,16,16,16,16,16,16,16,16,18,18,18,18,18,18,18,18,18,18,18,18,18,23,23,23,23,23,23,23,23,23,23,20,20,20,20,20,20,20,20,20,20,20,20,20,20,20,20,20,20,7,7,7,7,7,7,7,7,7,15,15,15,15,15,15,15,15,15,15,15,15,15,8,8,8,8,8,8,8,8,8,8,9,9,9,9,9,9,9,9,9,9,9,9,9,9,9,9,9,9,6,6,6,6,6,6,6,6,6,0,0,0,0,0,0,0,0,0,0,0,0,0,10,10,10,10,10,10,10,10,10,10,9,9,9,9,9,9,9,9,9,9,9,9,9,9,9,9,9,9,7,7,7,7,7,7,7,7,7,9,9,9,9,9,9,9,9,9,9,9,9,9,3,3,3,3,3,3,3,3,3,3,8,8,8,8,8,8,8,8,8,8,8,8,8,8,8,8,8,8,4,4,4,4,4,4,4,4,4,16,16,16,16,16,16,16,16,16,16,16,16,16,14,14,14,14,14,14,14,14,14,14,8,8,8,8,8,8,8,8,8,8,8,8,8,8,8,8,8,8,11,11,11,11,11,11,11,11,11,8,8,8,8,8,8,8,8,8,8,8,8,8,5,5,5,5,5,5,5,5,5,5,4,4,4,4,4,4,4,4,4,4,4,4,4,4,4,4,4,4,16,16,16,16,16,16,16,16,16,23,23,23,23,23,23,23,23,23,23,23,23,23,14,14,14,14,14,14,14,14,14,14,13,13,13,13,13,13,13,13,13,13,13,13,13,13,13,13,13,13,7,7,7,7,7,7,7,7,7,9,9,9,9,9,9,9,9,9,9,9,9,9,13,13,13,13,13,13,13,13,13,13,10,10,10,10,10,10,10,10,10,10,10,10,10,10,10,10,10,10,8,8,8,8,8,8,8,8,8,2,2,2,2,2,2,2,2,2,2,2,2,2,4,4,4,4,4,4,4,4,4,4,6,6,6,6,6,6,6,6,6,6,6,6,6,6,6,6,6,6,6,6,6,6,6,6,6,6,6,10,10,10,10,10,10,10,10,10,10,10,10,10,7,7,7,7,7,7,7,7,7,7,9,9,9,9,9,9,9,9,9,9,9,9,9,9,9,9,9,9,5,5,5,5,5,5,5,5,5,7,7,7,7,7,7,7,7,7,7,7,7,7,12,12,12,12,12,12,12,12,12,12,7,7,7,7,7,7,7,7,7,7,7,7,7,7,7,7,7,7,15,15,15,15,15,15,15,15,15,19,19,19,19,19,19,19,19,19,19,19,19,19,14,14,14,14,14,14,14,14,14,14,8,8,8,8,8,8,8,8,8,8,8,8,8,8,8,8,8,8,6,6,6,6,6,6,6,6,6,3,3,3,3,3,3,3,3,3,3,3,3,3,1,1,1,1,1,1,1,1,1,1,0,0,0,0,0,0,0,0,0,0,0,0,0,0,0,0,0,0,0,0,0,0,0,0,0,0,0,0,0,0,0,0,0,0,0,0,0,0,0,0,0,0,0,0,0,0,0,0,0,0,0,0,0,0,0,0,0,0,0,0,0,0,0,0,0,0,0,0,0,0,0,0,0,0,0,0,0,0,0,0,0,0,0,0,0,0,0,0,0,0,1,1,1,1,1,1,1,1,1,1,0,0,0,0,0,0,0,0,0,0,0,0,0,0,0,0,0,0,0,0,0,0,0,0,0,0,0,0,0,0,0,0,0,0,0,0,0,0,0,0,0,0,0,0,0,0,0,0,0,0,0,0,0,0,0,0,0,0,0,0,0,0,0,0,0,0,0,0,0,0,0,0,0,0,0,0,0,0,0,0,0,0,0,0,0,0,0,0,0,0,0,0,0,0,0,0,0,0,0,0,0,0,0,0,0,0,0,0,0,0,0,0,0,0,0,0,0,0,0,0,0,0,0,0,0,0,0,0,0,0,0,0,0,0,0,0,0,0,0,0,0,0,0,0,0,0,0,0,0,0,0,0,0,0,0,0,0,0,0,0,0,0,0,0,0,0,0

How early,	-596273/2840,	28,-32,14,1,8,-42,25,-39,7,-48,-27,7,4,-30,-2,-56,-27,-32,11,-1,-2,-14,-20,-57,-20,-36,-50,-23,5,-81,-54,25,-61,-6,-16,-33,-15,21,16,38,-6,0,-85,-8,14,6,-29,-3,-13,5,-40,-61,-47,-26,-51,12,-43,19,-10,-4,-58,-16,-5,-2,-1,-61,-16,14,25,-59,-56,-11,-63,-18,20,-12,-9,-26,3,5,-67,16,-12,6,-24,-54,-44,-14,-40,-5,-9,-28,-38,-5,-60,-1,-27,-14,-12,21,32,-64,-65,-51,5,30,-10,-26,-3,-29,16,-24,-20,6,-17,2,37,-4,-12,-54,-37,11,-44,13,-1,8,-42,-16,-5,-25,32,15,-22,24,18,13,1,-78,-31,29,-34,35,-44,-2,-38,-13,9,-2,-62,36,0,-22,12,10,-21,-11,22,14,-59,-17,12,-68,8,-18,-41,15,-44,34,34,34,34,34,34,4,24,32,32,32,32,30,30,30,30,19,-28,19,-28,-28,21,21,-10,7,-10,1,-10,13,13,13,13,18,-7,-7,-7,-7,7,7,31,31,31,30,30,-36,30,30,30,24,-36,24,24,16,16,16,16,16,-13,-13,-13,-13,10,-13,10,-13,-5,-5,-5,-5,1,1,1,1,-48,-48,28,-48,28,28,28,28,28,17,17,11,5,-24,11,5,-24,11,-51,27,-51,-51,-33,-33,-33,-33,27,-33,-33,-31,27,27,27,21,13,-52,1,-5,-5,-5,1,1,1,-54,-54,-54,-48,24,-49,-49,-49,-17,10,10,-54,-48,4,4,-14,18,18,10,10,5,5,5,5,8,-53,2,-75,-75,-75,-75,-54,1,-63,-63,1,1,1,1,-45,5,5,5,-19,-19,-19,-7,-7,-7,-7,-71,-71,-57,-57,-5,-29,-29,-29,-17,-17,-66,-16,-16,-45,-45,-22,-45,-22,-37,-37,-83,-11,-11,-83,-11,-83,-48,-13,0,-21,-31,-83,-83,-83,-48,-48,-65,-58,-38,-30,37,37,37,31,31,31,23,23,23,23,23,-48,-54,-76,-42,-80,35,35,35,35,35,-80,-80,-80,-80,-62,-62,-98,-98,-98,-33,-33,-39,-74,-51,21,21,21,-4,-4,28,28,28,28,20,20,20,25,-12,-17,-67,-47,-47,-47,-64,-64,-62,-74,-74,-80,-47,-48,-48,-103,-48,-48,-48,-48,-103,-95,-54,-89,-89,-89,15,15,15,-9,-9,-9,-9,3,3,3,3,3,13,13,13,0,0,8,8,6,6,6,0,0,-60,6,-60,6,-60,6,0,-60,6,-24,0,0,0,-25,-25,-25,5,5,5,5,5,29,4,-72,4,4,4,-86,-86,-86,-80,-80,-80,-101,-75,-75,3,-35,-35,-76,-70,-11,-70,-11,-11,-17,-29,-23,-29,-17,-17,-114,-97,-114,-97,-114,-74,-109,-109,-109,-74,-74,-109,-97,-97,-89,-89,-89,-83,-83,-14,-14,-78,-48,-82,-82,-82,-88,-123,-123,-89,-83,-111,-111,-111,-111,-97,-97,-83,-83,-83,-86,-109,-78,6,6,6,6,38,38,38,38,38,38,30,30,-93,-43,-72,-72,-49,-49,-49,-58,-58,-58,-58,-44,-97,-89,-89,9,29,29,29,29,17,17,17,17,17,-32,-32,-32,-32,-32,-32,-32,-92,-90,-109,-124,-113,-113,-113,-107,1,1,-38,-72,22,22,22,22,22,-8,-8,16,16,-107,-107,-113,-107,-107,-55,-55,-55,-101,-101,-101,-101,-52,-52,-52,-72,-60,-66,-83,-19,-19,-19,-5,19,19,19,-56,-56,-56,-54,-54,-54,-74,-97,-68,-68,-68,-97,-74,3,3,3,-66,-72,-100,-100,-132,-122,-122,-122,-123,-123,-123,-103,-7,1,1,1,-3,-124,-124,-158,-158,-158,-158,-168,-94,-130,-116,-64,-64,-64,-64,-88,-172,-172,-137,-172,-159,-159,-148,-127,-127,-72,-72,-72,-119,-119,-119,-78,-189,-163,-118,-101,-107,-107,-101,-107,-118,-95,-84,-69,-16,-16,-16,-18,-18,-18,-18,-18,-109,-109,-132,-132,-97,-132,-109,-97,-139,-139,-139,-89,-89,-118,-118,-118,-95,-118,38,38,38,38,8,32,32,32,32,-135,-101,-156,-84,-156,-156,-156,-84,11,11,11,35,35,35,-19,35,35,35,11,11,11,11,23,23,-158,-156,-104,-156,-156,-91,-138,-138,-97,13,13,-194,-194,-148,-148,-171,-107,-107,-107,9,9,9,17,17,-53,-119,-59,-119,-59,-53,-59,-137,-120,-137,-137,-120,-135,-135,-121,-147,-147,-153,-121,-147,-147,-121,-145,-145,-139,-102,-154,-134,-56,-56,-134,-56,-56,-156,-173,-156,-173,-134,-133,-133,-72,1,1,1,-34,-34,-34,-2,-2,-2,-2,-2,-2,-173,-173,-171,-171,-171,-156,-148,-148,-148,-142,-142,-149,-102,-111,-137,-131,-67,-67,-67,-59,-77,-152,-146,-166,-145,-135,-124,-149,-149,-149,-149,-143,-143,-84,-142,-142,-142,-188,-206,-206,-206,-206,-206,-206,-105,-56,-111,-149,-107,5,23,23,35,35,25,25,33,25,25,-156,-156,-182,-182,-156,-148,-148,-148,-148,-182,-196,-165,-149,-149,-149,-183,-155,-155,-155,-184,-170,-120,-133,-172,-96,-96,-96,-96,-265,-122,-115,-188,-191,-160,-160,-160,-160,-111,-102,-166,-166,-166,-102,-145,-145,-145,-145,-145,-145,-145,-122,-145,-122,17,17,17,5,5,5,5,17,-104,-104,-104,-180,-180,-104,-180,-104,-104,-104,-105,-165,-105,-165,-178,-155,-125,-125,-125,-131,-137,-186,-186,-186,10,10,-20,-20,4,-176,-176,-194,-182,-182,-217,-217,-24,-24,-24,-24,8,8,8,8,0,0,0,0,0,0,20,-31,-31,-31,1,-186,-180,-184,-128,-190,-190,-190,-190,-131,-131,-131,-186,-131,-131,-186,-131,-131,-237,-237,-237,-29,-29,-29,4,-164,-217,-172,19,-157,-172,-172,-172,-166,-161,-77,-77,-77,-77,-77,-82,-77,-143,-83,-152,-216,-203,-203,-200,-156,-198,-198,-198,-198,-148,-148,-177,-177,-177,-154,-177,-177,-154,-177,-143,-215,-143,-129,-224,33,33,33,33,33,33,21,21,21,21,21,21,-215,-215,-163,-197,-180,-160,-168,-174,-191,-191,-180,-180,-153,-153,-153,-170,-164,-170,-170,-170,27,27,27,27,21,13,13,26,26,26,-4,-4,-4,20,20,20,20,20,-208,-208,-174,-173,-1,-1,23,23,23,23,8,28,-254,-254,-231,-266,-231,-231,-231,-238,-201,-184,-14,18,18,18,6,-232,-201,-129,-212,-238,-224,-172,-172,-172,-172,-179,-196,-196,-196,-286,-286,-286,-286,-245,-245,-180,-235,-180,-227,-3,-19,-219,-173,-246,-203,-203,-182,-132,-132,-124,-124,-124,-124,-17,-192,-192,-132,-132,-132,-140,-140,-169,-217,-217,-240,-211,-205,-225,-205,-218,-218,-218,-212,-212,-212,-212,-212,-163,-168,-208,-208,-208,-143,-264,-192,-246,-265,-200,-200,-200,-200,-206,-218,-218,-218,-229,-244,-229,-229,-221,-221,-221,-221,15,-187,-192,13,37,37,37,37,37,31,31,31,31,31,31,31,23,-339,-280,-315,-280,-302,-208,-256,-256,-256,-221,-256,-256,-221,-256,-221,-243,-243,-243,-265,-189,-303,-275,-278,-278,-297,-279,-230,-286,-11,-4,-4,-4,-4,28,28,28,28,28,20,20,20,29,-248,-119,13,13,13,-204,-204,-204,-245,-228,-243,-243,-261,-197,-164,-242,-164,-170,-224,-164,-224,15,15,15,15,15,-264,-281,-241,-241,-256,-250,-187,-181,-181,-181,-181,-181,-181,-181,-239,-245,-239,-233,-233,-233,-233,-186,-184,5,5,5,5,-25,-25,-25,-25,-25,-7,-7,5,5,-175,-274,-254,-254,-254,-254,-274,-254,-254,-254,-274,-224,-256,-177,-253,-253,-345,-192,-251,-251,-192,-2,-2,-32,-32,-32,-32,-32,-8,-8,-8,-8,-8,-314,-314,-314,-314,-250,-296,-296,-296,-296,-290,-255,-255,-255,-43,-43,-43,-241,-296,-290,-290,-264,-290,-296,-256,-256,-290,-290,-263,-263,-263,-263,-263,-280,-280,-280,-280,-280,-204,-204,-259,-259,-259,-335,-333,6,6,38,30,29,29,37,37,37,37,29,29,-219,-219,-227,-239,-233,-250,-227,-233,-230,-253,-230,-253,-245,-223,-223,-221,-221,-261,-201,-264,-271,-271,-221,-221,-250,-250,-250,-250,-250,-250,-250,-227,-250,-227,25,25,25,25,25,1,1,1,13,13,-286,-245,-290,-290,-290,-317,-289,21,21,-294,3,3,15,14,14,14,14,-16,-16,-16,-16,8,8,8,-395,-42,-27,-27,-345,-345,-345,-304,-339,-239,-294,-286,-286,-280,-345,-345,-282,-327,-327,-333,-341,-3,-3,-3,-280,-274,-274,-185,-185,-191,-185,-191,-185,-191,-251,-311,-311,-311,-311,-297,-297,-297,-297,-245,-245,-245,-262,-277,-277,-277,-271,-271,-271,-212,-188,-334,-311,-353,-254,-329,-323,-251,-323,-28,4,-350,-323,-323,-323,-329,-323,-323,-323,-323,-271,-271,-271,-288,-288,-288,-288,-282,-282,-276,-221,-278,37,37,37,37,-288,-288,-288,-272,-316,-316,-316,11,11,11,-362,-338,-338,-338,-338,-321,-273,-5,30,30,0,0,0,24,24,-204,-11,3,3,3,27,27,27,13,13,-371,-280,-280,-287,-287,-304,-287,-388,-388,-388,-375,-375,-281,-287,-287,-294,-288,-329,-288,-288,-347,-289,1,1,9,9,9,9,9,9,1,1,1,1,-311,-311,-232,-232,-234,-245,-245,-245,-245,-292,-245,-243,7,-298,-248,-348,-319,-319,-319,-319,-313,-325,-313,-313,-313,-313,-333,-333,-333,-237,-315,-315,-272,-237,-351,-351,-351,-351,-372,-300,-300,-354,-337,-337,-354,-337,-314,-329,-34,-34,-34,-2,-2,-2,-10,-10,-10,-10,-308,-354,-337,-354,-337,-337,-337,-352,-337,-337,-337,-337,-329,-394,-293,-322,-323,-329,-329,-364,-351,-351,-351,-337,-337,-411,-383,-386,-410,-387,-23,-395,-384,23,23,23,23,35,35,-283,-312,-312,-312,-312,-312,-289,-289,-289,-289,-304,-336,-353,-369,-369,-363,-337,-332,-332,-272,-272,-332,-330,-280,-280,-364,-358,-358,-375,-353,-275,17,25,25,25,25,17,-241,-171,-325,-358,-358,-342,-361,-340,-289,-292,-313,-312,-323,-300,-312,-312,-323,-312,17,-362,-382,-285,-366,-366,-344,-337,-386,-352,-365,-365,-365,9,9,-3,-3,-3,-422,-358,-416,-404,-404,-404,-386,-386,-386,-363,-375,-375,-363,-375,-24,-24,0,0,0,0,0,2,2,2,2,-28,-4,-4,-4,-4,-4,29,-39,-39,-39,16,-404,-372,-398,-370,-370,-370,-356,-356,-356,-328,-311,-328,-311,-326,-326,-371,-371,-371,-29,-29,-29,-29,-29,-386,-386,-415,-388,-388,-388,-353,-363,-357,-415,-347,-335,-335,-362,-353,-353,-353,-353,-353,-347,-347,-347,-320,-320,-329,-358,-333,-319,-335,-358,-394,-394,-335,-394,-394,-353,-353,-347,-375,-396,-396,-398,-398,-398,-338,-338,-338,-402,-396,-402,-396,-396,-344,-396,27,27,21,21,21,21,21,21,13,13,-392,25,25,25,25,25,25,25,13,-485,-505,-425,-406,-453,-453,-453,-396,-402,-402,-347,-347,-347,-347,-347,-402,-435,-407,-407,-407,-407,-407,-407,-422,-422,-357,18,18,18,-12,-12,-12,12,-21,-14,-14,-14,-14,10,10,10,10,10,10,-23,-23,15,15,15,15,15,-421,-450,-344,-382,-382,-304,-303,-293,-299,-359,-359,-299,-359,-299,-299,-393,-393,-387,-353,-19,-370,-379,-379,-379,-296,-296,-431,-413,-413,-413,-213,-193,-351,-317,-359,-11,-11,-11,-431,-396,-396,-413,-396,-396,-413,-396,-396,-411,-411,-347,-344,-308,-313,-313,-313,-305,-305,-305,-307,-17,-17,-445,-445,-445,-445,-369,-369,-445,-369,-445,-369,-369,-369,-512,-447,-424,-424,-390,-390,-390,-390,-446,-446,-446,-459,-482,-447,-447,-447,-412,-446,-472,-3,34,12,8,-431,-422,-422,-422,-496,-483,-483,-443,-443,-6,11,-379,-432,-415,-191,-549,-342,-357,-353,-400,-400,-351,-359,-371,-371,-365,-371,-408,-408,-348,-356,-385,-385,-404,-404,-404,-423,-405,-405,-403,-403,-403,-406,-353,-382,-359,-359,23,28,-433,-424,-359,-359,-359,-359,-365,-377,-377,-422,-422,-422,-422,-422,-481,-481,-481,-481,-424,-290,-460,-460,-445,-501,-473,-518,-518,-453,-467,-437,-431,-431,-431,-437,-431,-437,-472,-437,-459,-459,-445,-445,-495,-431,-553,-611,-465,-420,-420,-420,-399,-443,-443,-443,-429,-429,-429,-377,-377,-384,-401,-384,-384,-411,-417,-394,-394,-409,-409,-409,-457,-472,-466,-466,-466,-480,-480,-480,-447,-472,-466,-425,-414,-397,-461,-455,-461,-392,-408,-431,-431,-414,-408,-408,-446,-399,-337,-337,-329,-434,-355,-464,-462,-462,-462,-462,-483,-335,-420,-426,-420,-414,-420,-420,-512,-512,-512,-512,-530,-530,-465,-574,-475,-391,-420,-446,-420,-452,-452,-412,-412,-412,-446,-467,-431,-418,-479,-479,-479,-526,-526,-526,-520,-520,-485,-494,-494,-494,-504,-461,-496,-496,8,1,-425,-6,4,-302,-627,-364,-364,-366,-366,-424,-377,-424,-424,-469,-446,-469,-469,-446,-505,-511,-517,-505,-505,-511,-517,-511,-540,-525,-505,-525,-458,-452,-456,-468,-460,-449,-449,-449,-452,-498,-436,-510,-510,-432,-518,-506,-541,-518,-506,-506,-506,-506,-506,-504,-452,-452,-504,-504,-452,-499,-486,-407,-388,12,-531,-561,-561,-561,-561,-561,-561,-543,-543,-515,-518,-329,-364,-437,0,-496,-496,-490,-490,-486,-490,-479,-439,-401,-401,-467,-467,-467,-453,-453,-478,-404,-404,-404,-404,-404,-482,-404,-404,-464,-462,-462,-467,-467,-467,-467,-539,-539,-521,-521,-481,-481,-481,-481,-490,-490,-320,-504,-521,-521,-521,-521,-504,-521,-519,-519,-519,-426,-426,-473,-438,-444,-554,-554,-574,-554,-552,-553,-553,-477,-6,26,-491,-553,-553,-554,-555,-554,-554,-554,-554,-554,-636,-576,-443,-443,-460,-443,-443,-443,-443,-460,-458,-458,-458,-604,-591,-580,-559,-559,-504,-559,-333,-650,-467,-490,-490,-490,-490,-450,-450,-450,-512,-512,-512,-512,-511,-510,-490,-490,-490,-467,-467,-490,-467,-467,-467,-482,-482,-476,-451,-507,-444,-393,-413,-526,-467,-467,-526,-467,-526,-526,-473,-534,-534,-589,-589,-589,-524,-568,-568,-553,-609,-513,-626,-626,-557,-571,-532,-532,-538,-538,-538,-585,-585,-586,-586,-545,-539,-580,-539,-545,-580,-567,-553,-553,-553,-553,-553,-534,-479,-534,-534,-603,-603,-603,-608,-539,-539,-585,-571,-681,-5,-491,-551,-551,-551,-485,-551,-491,-507,-493,-525,-519,-485,-485,-519,-478,-491,-488,-428,-428,-491,-528,-545,-588,-588,-580,-580,-580,-580,-574,-574,-516,-528,-516,-539,-516,-516,-516,-516,-516,-516,-561,-572,-572,-572,-528,-522,-522,-534,-522,-602,-602,-602,-602,-574,-574,-577,-577,-577,-579,-579,-579,-591,-591,-579,-629,-460,-460,-460,-460,-593,-593,-593,-521,-521,-527,-527,-528,-528,-528,-528,-528,-706,-495,-480,-480,-480,-472,-472,-472,-476,-474,-474,-474,-474,-485,-485,-485,-485,-540,-534,-548,-548,-548,-548,-474,-474,-474,-474,-474,-474,-488,-488,-488,-488,-607,-605,-605,-605,-601,-583,-540,-536,-536,-536,-536,-545,-520,-476,-476,-476,-477,-485,-485,-485,-417,-417,-417,-417,-425,-425,-425,-357,-357,-357,-357,-357,-491,-431,-431,-371,-371,-311,-311,-311,-311,-311,-297,-191,-480,-480,-420,-420,-360,-360,-360,-360,-300,-300,-300,-300,-260,-548,-548,-548,-488,-488,-488,-428,-428,-415,-308,-308,-554,-554,-554,-554,-494,-434,-434,-434,-394,-374,-374,-173,-156,-91,-397,-519,-515,-82,-432,-362,-549,-496,-496,-496,-225,-526

How wait,	631404/2840,	1,9,4,3,16,26,13,26,31,8,11,11,34,48,21,24,28,24,4,27,29,15,41,31,0,22,12,9,13,39,32,13,23,7,41,1,16,17,22,0,10,18,43,2,18,30,25,12,14,10,41,41,13,30,11,26,47,19,34,42,22,0,32,21,31,21,23,24,13,21,30,29,31,12,18,19,1,4,3,27,35,8,30,32,18,14,28,30,26,43,36,29,47,0,42,5,31,46,16,17,6,36,43,43,33,8,25,35,27,15,16,4,44,32,3,36,1,36,6,32,21,21,6,18,24,15,20,0,1,29,6,23,8,3,20,19,3,34,43,9,30,3,45,40,45,34,15,14,18,2,18,2,6,28,35,28,16,5,27,32,9,44,1,32,5,23,22,4,4,4,4,4,4,4,6,6,6,6,6,6,6,6,6,6,6,6,6,6,6,6,6,6,6,6,6,6,6,6,6,1,7,7,7,7,7,7,7,7,7,8,8,8,8,8,8,8,8,8,8,8,8,8,8,8,8,8,8,8,8,8,8,8,8,8,8,8,8,8,8,8,10,10,10,10,10,10,10,10,10,10,10,10,10,10,10,10,10,10,11,11,11,11,11,11,11,11,11,11,11,11,11,11,11,11,11,14,14,14,14,14,14,14,14,14,14,14,14,14,17,17,17,40,20,20,20,20,20,20,20,20,20,20,20,25,25,25,25,30,30,30,31,31,31,31,31,31,31,31,31,31,31,31,31,33,33,33,33,33,33,33,33,33,33,43,43,43,43,43,43,43,43,43,43,46,46,46,46,46,46,46,46,46,46,49,49,49,49,49,49,49,43,36,51,55,55,55,55,55,55,55,59,59,31,1,1,1,1,1,1,1,1,1,1,1,63,63,63,63,56,3,3,3,3,3,66,66,66,66,66,66,66,66,66,66,66,66,66,66,9,9,9,10,10,10,10,10,10,10,10,10,5,50,49,63,55,78,78,78,78,78,78,78,78,79,80,80,80,80,80,80,80,80,80,80,80,80,80,23,23,23,23,23,23,23,23,23,23,23,23,25,25,25,30,30,30,30,30,30,32,32,32,32,32,32,32,32,32,32,32,32,32,32,32,32,33,33,33,33,33,33,33,33,9,34,34,34,34,34,95,95,95,95,95,95,75,35,35,35,35,35,38,38,38,38,38,38,38,38,38,38,38,38,98,98,98,98,98,98,101,101,101,101,101,101,104,104,104,104,104,104,104,44,44,44,52,114,114,114,114,114,114,115,115,115,115,115,115,115,115,115,115,115,115,103,104,0,0,0,0,0,0,0,0,0,0,0,0,67,67,67,67,67,67,67,67,67,67,67,47,127,127,127,29,9,9,9,9,9,9,9,9,9,70,70,70,70,70,70,70,70,70,133,133,73,73,73,73,13,13,32,102,16,16,16,16,16,16,16,16,16,79,79,79,79,79,79,79,79,79,79,79,79,79,79,79,79,79,79,79,19,19,19,19,19,19,19,83,83,83,83,83,83,83,83,83,83,83,83,83,23,23,23,87,87,87,87,100,90,90,90,150,150,150,77,37,37,37,37,41,162,162,162,162,162,162,136,132,102,102,102,102,102,102,102,163,163,163,163,163,163,104,104,104,104,104,104,104,104,104,104,167,164,114,114,114,114,114,114,114,114,91,82,54,54,54,54,56,56,56,56,118,118,118,118,118,118,118,118,119,119,119,119,119,119,119,119,119,119,0,0,0,0,0,0,0,0,0,122,122,122,122,122,122,122,122,3,3,3,3,3,3,33,3,3,3,3,3,3,3,3,3,185,128,128,128,128,121,128,128,77,13,13,198,198,139,139,139,139,139,139,21,21,21,21,21,91,91,91,91,91,91,91,151,151,151,151,151,151,151,151,151,151,151,151,151,151,151,154,154,154,132,132,94,94,94,94,94,94,157,157,157,157,158,157,157,110,37,37,37,40,40,40,40,40,40,40,40,40,163,163,163,163,163,163,163,163,163,163,163,139,126,118,103,103,103,103,103,97,115,167,167,167,107,156,145,111,111,111,111,111,111,111,174,174,174,174,174,174,174,174,174,174,143,94,149,145,145,3,3,3,3,3,5,5,5,5,5,186,186,186,186,186,186,186,186,186,186,168,169,187,187,187,201,187,187,187,188,188,152,151,128,128,128,128,128,231,111,134,175,169,138,138,138,138,138,140,140,140,140,134,140,140,140,140,140,140,140,140,140,140,21,21,21,21,21,21,21,21,142,142,142,142,142,142,142,142,142,142,143,143,143,143,146,156,146,146,146,146,146,146,146,146,28,28,28,28,28,209,209,209,209,209,209,209,30,30,30,30,30,30,30,30,30,30,30,30,30,30,18,31,31,31,13,152,152,150,152,222,222,222,222,163,163,163,163,163,163,163,163,163,223,223,223,43,43,43,10,202,217,138,19,175,175,175,175,175,147,115,115,115,115,115,114,115,115,115,190,184,175,175,178,180,178,178,178,178,178,178,178,178,178,178,178,178,178,178,181,181,181,167,202,5,5,5,5,5,5,5,5,5,5,5,5,187,187,187,187,187,187,187,187,187,187,187,187,191,191,191,191,191,191,191,191,11,11,11,11,11,11,11,12,12,12,12,12,12,12,12,12,12,12,195,195,195,135,15,15,15,15,15,15,6,10,258,258,258,258,258,258,258,245,234,211,20,20,20,20,0,259,179,119,230,210,210,210,210,210,210,210,210,210,210,271,271,271,271,271,271,212,212,212,212,33,33,177,177,241,222,222,201,162,162,162,162,162,162,43,164,164,164,164,164,164,164,164,226,226,226,226,226,226,226,227,227,227,227,227,227,227,227,187,192,170,170,170,170,230,230,230,233,233,233,233,233,233,233,233,233,236,236,236,236,236,236,236,236,23,219,184,19,1,1,1,1,1,1,1,1,1,1,1,1,1,352,306,306,306,306,246,247,247,247,247,247,247,247,247,247,247,247,247,221,221,307,307,307,296,283,247,268,290,49,10,10,10,10,10,10,10,10,10,10,10,10,1,206,133,17,17,17,199,199,199,259,259,259,259,259,221,202,202,202,208,202,202,202,23,23,23,23,23,265,265,265,265,271,271,225,211,211,211,211,211,211,211,211,211,211,211,211,211,211,211,211,33,33,33,33,33,33,33,33,33,33,33,33,33,199,275,275,275,275,275,275,275,275,275,275,251,242,215,215,215,331,219,219,219,219,40,40,40,40,40,40,40,40,40,40,40,40,282,282,282,282,282,282,282,282,282,282,282,282,282,43,43,43,259,294,294,294,294,294,294,294,294,294,294,295,295,295,295,295,236,236,236,236,236,236,236,236,236,236,297,293,0,0,0,0,1,1,1,1,1,1,1,1,246,246,246,246,246,246,246,246,248,248,248,248,248,250,250,250,250,261,239,250,251,251,251,251,251,251,251,251,251,251,251,251,251,251,13,13,13,13,13,13,13,13,13,13,254,254,314,317,317,285,257,17,17,260,23,23,23,24,24,24,24,24,24,24,24,24,24,24,355,42,27,27,330,330,330,330,330,271,271,271,271,271,331,331,320,331,331,318,327,41,41,41,283,283,283,223,223,223,223,223,223,223,223,283,283,283,283,283,283,283,283,283,283,283,286,286,286,286,286,286,286,250,226,349,335,327,292,289,289,289,289,34,34,374,295,295,295,295,295,295,295,295,295,295,295,295,295,295,295,295,295,295,245,299,1,1,1,1,303,303,303,293,303,303,303,3,3,3,366,306,306,306,306,321,306,43,8,8,8,8,8,8,8,242,11,11,11,11,11,11,11,13,13,355,318,318,318,318,318,318,379,379,379,379,379,319,319,319,320,320,320,320,320,346,319,29,29,29,29,29,29,29,29,29,29,29,29,330,330,270,270,270,270,270,270,270,270,270,270,31,272,272,334,334,334,334,334,334,334,334,334,334,334,334,334,334,275,275,275,295,275,338,338,338,338,338,338,338,338,338,338,338,338,338,338,40,40,40,40,40,40,40,40,40,40,341,344,344,344,344,344,344,344,344,344,344,344,344,362,277,354,355,355,355,355,355,355,355,355,355,415,415,415,408,355,23,433,356,3,3,3,3,3,3,307,307,307,307,307,307,307,307,307,307,307,367,367,367,367,367,367,310,310,310,310,310,310,310,310,373,373,373,373,327,313,13,13,13,13,13,13,243,159,349,379,379,349,333,332,319,319,320,319,319,319,319,319,319,319,21,383,383,323,387,387,365,358,354,339,327,327,327,29,29,29,29,29,390,390,390,390,390,390,390,390,390,390,390,390,390,390,30,30,30,30,30,30,30,36,36,36,36,36,36,36,36,36,36,9,39,39,39,22,402,402,402,342,342,342,342,342,342,342,342,342,342,342,342,403,403,403,43,43,43,43,43,404,404,383,344,344,344,371,362,334,379,354,354,354,324,331,356,356,356,356,356,356,356,358,358,359,359,357,357,359,359,362,362,362,362,362,362,362,362,362,362,362,425,425,425,368,368,368,368,368,368,368,368,368,368,11,11,11,11,11,11,11,11,11,11,424,13,13,13,13,13,13,13,13,509,491,457,438,438,438,438,387,379,379,379,379,379,379,379,379,439,439,439,439,439,439,439,408,396,389,20,20,20,20,20,20,20,27,20,20,20,20,20,20,20,20,20,20,23,23,23,23,23,23,23,416,446,334,391,391,336,335,331,331,331,331,331,331,331,331,391,391,391,391,33,394,394,394,394,334,334,397,397,397,397,232,212,389,355,357,41,41,41,403,403,403,403,403,403,403,403,403,403,403,366,363,346,343,343,343,343,343,343,343,43,43,407,407,407,407,407,407,407,407,407,407,407,407,498,471,411,411,411,411,411,411,414,414,414,474,474,474,474,474,427,414,454,41,4,12,30,417,426,426,426,487,487,487,428,428,44,27,405,450,419,221,573,378,384,378,378,378,378,378,378,378,378,378,380,380,380,380,380,380,442,442,442,383,383,383,383,383,383,384,383,383,383,383,7,2,434,386,386,386,386,386,386,386,386,446,446,446,446,446,449,449,449,449,390,320,452,452,452,475,491,522,522,485,471,463,463,463,463,463,463,463,463,463,463,463,463,463,463,463,591,571,443,415,415,415,437,415,415,415,415,415,415,415,415,415,415,415,415,415,418,418,418,418,418,418,481,481,481,481,481,487,487,487,477,487,487,463,452,427,427,427,427,422,427,427,427,427,427,427,408,395,367,367,367,472,379,491,491,491,491,491,515,359,435,435,435,435,435,435,498,498,498,498,498,498,498,612,479,421,450,450,450,450,450,450,450,450,450,439,435,390,511,511,511,511,511,511,511,511,511,512,512,512,495,479,452,452,30,31,463,6,10,304,651,402,402,402,402,402,402,402,402,464,464,464,464,464,526,526,526,526,526,526,526,526,526,526,526,526,467,467,457,436,434,470,470,470,467,496,474,470,470,470,533,533,533,533,533,533,533,533,533,476,476,476,476,476,476,471,476,414,401,26,487,547,547,547,547,547,547,547,547,547,547,333,328,475,38,499,499,499,499,495,462,465,457,439,439,439,439,439,439,439,458,442,442,442,442,442,442,442,442,442,442,442,505,505,505,505,505,505,505,505,505,505,505,505,505,505,308,511,511,511,511,511,511,511,511,511,511,451,451,451,451,451,575,575,575,575,553,515,515,515,36,4,459,582,582,522,582,522,522,522,522,522,648,594,474,474,474,474,474,474,474,474,474,474,474,595,595,536,536,536,536,536,371,688,486,486,486,486,486,488,488,488,550,550,550,550,491,490,491,491,491,491,491,491,491,491,491,491,491,491,481,475,445,431,437,494,494,494,494,494,494,494,494,494,494,557,557,557,557,560,560,560,613,493,630,630,595,603,570,570,570,570,570,570,570,571,571,571,571,571,571,571,571,571,571,571,571,571,571,511,511,511,511,571,571,571,570,571,571,571,589,693,43,523,523,523,523,523,523,523,523,523,523,523,523,523,523,476,463,466,466,466,529,529,529,595,595,595,595,595,595,595,595,535,535,535,535,535,535,535,535,535,535,599,599,599,599,543,543,543,543,543,606,606,606,606,606,606,606,606,606,606,606,606,606,606,606,667,498,498,498,498,619,619,619,559,559,559,559,560,560,560,560,560,744,525,510,510,510,510,510,510,512,510,510,510,510,510,510,510,510,572,572,572,572,572,572,512,512,512,512,512,512,512,512,512,512,634,634,634,634,622,621,578,574,574,574,574,574,547,514,514,514,515,515,515,515,455,455,455,455,455,455,455,395,395,395,395,395,518,458,458,398,398,338,338,338,338,338,324,212,518,518,458,458,398,398,398,398,338,338,338,338,298,581,581,581,521,521,521,461,461,448,341,341,584,584,584,584,524,464,464,464,432,404,404,211,186,129,435,557,553,120,470,400,587,534,534,534,263,564


Missed people's location (Destination / Demand time) At 1439
A Station,	(F/866/-1), (I/868/-1), (F/874/-1), (T/891/-1), (R/904/-1), (P/912/-1), (W/944/-1), (R/966/-1), (B/969/-1), (J/975/-1), (S/995/-1), (G/1001/-1), (I/1015/-1), (E/1071/-1), (U/1076/-1), (O/1089/-1), (G/1095/-1), (W/1107/-1), (M/1127/-1), (T/1145/-1), (H/1160/-1), (P/1163/-1), (Q/1188/-1), (J/1276/-1)
B Station,	(N/833/-1), (N/833/-1), (N/833/-1), (N/833/-1), (M/848/-1), (L/881/-1), (L/881/-1), (L/881/-1), (O/885/-1), (O/885/-1), (O/885/-1), (O/885/-1), (N/893/-1), (N/893/-1), (N/893/-1), (H/893/-1), (N/893/-1), (N/893/-1), (H/893/-1), (W/893/-1), (I/896/-1), (O/945/-1), (O/945/-1), (N/953/-1), (H/953/-1), (P/953/-1), (H/953/-1), (N/953/-1), (H/953/-1), (W/953/-1), (H/953/-1), (O/1005/-1), (O/1005/-1), (O/1005/-1), (O/1005/-1), (O/1005/-1), (H/1013/-1), (N/1013/-1), (W/1013/-1), (H/1013/-1), (W/1013/-1), (H/1013/-1), (H/1013/-1), (H/1013/-1), (N/1013/-1), (W/1013/-1), (H/1013/-1), (W/1013/-1), (I/1016/-1), (I/1016/-1), (I/1016/-1), (I/1016/-1), (N/1017/-1), (N/1026/-1), (O/1041/-1), (G/1044/-1), (L/1061/-1), (L/1061/-1), (L/1061/-1), (O/1065/-1), (O/1065/-1), (O/1065/-1), (W/1073/-1), (N/1073/-1), (N/1073/-1), (N/1073/-1), (H/1073/-1), (N/1073/-1), (H/1073/-1), (I/1076/-1), (I/1076/-1), (I/1076/-1), (N/1084/-1), (V/1094/-1), (L/1121/-1), (L/1121/-1), (L/1121/-1), (L/1121/-1), (L/1121/-1), (W/1121/-1), (O/1125/-1), (O/1125/-1), (O/1125/-1), (O/1125/-1), (O/1125/-1), (D/1127/-1), (W/1133/-1), (N/1133/-1), (N/1133/-1), (H/1133/-1), (W/1133/-1), (N/1133/-1), (N/1133/-1), (H/1133/-1), (I/1136/-1), (I/1136/-1), (I/1136/-1), (I/1136/-1), (I/1136/-1), (I/1136/-1), (M/1138/-1), (K/1150/-1), (Q/1176/-1), (H/1300/-1), (U/1348/-1)
C Station,	(O/829/-1), (L/831/-1), (L/831/-1), (L/831/-1), (L/857/-1), (I/888/-1), (I/888/-1), (O/889/-1), (L/891/-1), (W/891/-1), (L/891/-1), (L/891/-1), (N/892/-1), (N/892/-1), (K/896/-1), (D/939/-1), (H/945/-1), (H/945/-1), (H/945/-1), (I/948/-1), (I/948/-1), (O/949/-1), (O/949/-1), (W/951/-1), (W/951/-1), (W/951/-1), (W/951/-1), (W/951/-1), (W/951/-1), (N/952/-1), (N/952/-1), (N/952/-1), (N/952/-1), (N/952/-1), (M/962/-1), (E/970/-1), (E/973/-1), (A/987/-1), (D/999/-1), (D/999/-1), (H/1005/-1), (I/1008/-1), (I/1008/-1), (I/1008/-1), (O/1009/-1), (L/1011/-1), (L/1011/-1), (L/1011/-1), (W/1011/-1), (N/1012/-1), (N/1012/-1), (N/1018/-1), (D/1059/-1), (H/1065/-1), (H/1065/-1), (H/1065/-1), (I/1068/-1), (I/1068/-1), (K/1068/-1), (O/1069/-1), (O/1069/-1), (O/1069/-1), (O/1069/-1), (L/1071/-1), (W/1071/-1), (W/1071/-1), (W/1071/-1), (W/1071/-1), (W/1071/-1), (L/1071/-1), (W/1071/-1), (L/1071/-1), (N/1072/-1), (N/1072/-1), (N/1072/-1), (G/1078/-1), (D/1119/-1), (I/1128/-1), (I/1128/-1), (O/1129/-1), (O/1129/-1), (O/1129/-1), (O/1129/-1), (O/1129/-1), (O/1129/-1), (O/1129/-1), (L/1131/-1), (W/1131/-1), (W/1131/-1), (W/1131/-1), (W/1131/-1), (L/1131/-1), (N/1132/-1), (N/1132/-1), (N/1132/-1), (N/1132/-1), (G/1137/-1), (K/1171/-1), (U/1174/-1), (E/1212/-1), (T/1223/-1), (S/1281/-1)
D Station,	(F/884/-1), (B/887/-1), (B/887/-1), (O/888/-1), (O/888/-1), (W/890/-1), (L/890/-1), (J/890/-1), (W/890/-1), (L/890/-1), (W/890/-1), (J/890/-1), (N/891/-1), (R/893/-1), (R/893/-1), (I/906/-1), (I/907/-1), (C/939/-1), (C/939/-1), (C/939/-1), (C/939/-1), (C/939/-1), (F/944/-1), (H/944/-1), (H/944/-1), (I/947/-1), (I/947/-1), (I/947/-1), (B/947/-1), (I/947/-1), (B/947/-1), (I/947/-1), (O/948/-1), (O/948/-1), (R/948/-1), (L/950/-1), (W/950/-1), (W/950/-1), (W/950/-1), (W/950/-1), (W/950/-1), (W/950/-1), (L/950/-1), (L/950/-1), (G/951/-1), (R/953/-1), (R/953/-1), (R/953/-1), (L/988/-1), (C/999/-1), (F/1004/-1), (I/1007/-1), (B/1007/-1), (B/1007/-1), (B/1007/-1), (B/1007/-1), (B/1007/-1), (O/1008/-1), (O/1008/-1), (O/1008/-1), (O/1008/-1), (J/1010/-1), (L/1010/-1), (W/1010/-1), (L/1010/-1), (L/1010/-1), (W/1010/-1), (L/1010/-1), (N/1011/-1), (N/1011/-1), (N/1011/-1), (L/1025/-1), (K/1030/-1), (C/1059/-1), (C/1059/-1), (F/1064/-1), (F/1064/-1), (F/1064/-1), (H/1064/-1), (F/1064/-1), (H/1064/-1), (H/1064/-1), (I/1067/-1), (B/1067/-1), (B/1067/-1), (I/1067/-1), (B/1067/-1), (O/1068/-1), (O/1068/-1), (O/1068/-1), (W/1070/-1), (L/1070/-1), (J/1070/-1), (L/1070/-1), (J/1070/-1), (L/1070/-1), (J/1070/-1), (J/1070/-1), (N/1071/-1), (N/1071/-1), (N/1071/-1), (R/1073/-1), (R/1073/-1), (R/1073/-1), (V/1078/-1), (V/1081/-1), (V/1090/-1), (A/1095/-1), (J/1103/-1), (C/1119/-1), (H/1124/-1), (F/1124/-1), (H/1124/-1), (I/1127/-1), (B/1127/-1), (O/1128/-1), (O/1128/-1), (O/1128/-1), (J/1130/-1), (W/1130/-1), (W/1130/-1), (J/1130/-1), (L/1130/-1), (L/1130/-1), (N/1131/-1), (N/1131/-1), (R/1133/-1), (R/1133/-1), (H/1157/-1), (H/1214/-1), (R/1262/-1), (J/1287/-1), (C/1306/-1), (L/1309/-1), (R/1337/-1), (A/1338/-1)
E Station,	(V/868/-1), (T/877/-1), (T/933/-1), (R/947/-1), (H/954/-1), (R/989/-1), (F/1006/-1), (U/1122/-1), (A/1261/-1), (B/1262/-1), (Q/1275/-1), (P/1293/-1), (T/1326/-1), (K/1330/-1), (W/1351/-1)
F Station,	(N/891/-1), (N/891/-1), (I/893/-1), (I/893/-1), (I/893/-1), (I/893/-1), (P/897/-1), (V/921/-1), (O/942/-1), (O/942/-1), (L/944/-1), (L/944/-1), (L/944/-1), (W/950/-1), (H/950/-1), (J/950/-1), (J/950/-1), (J/950/-1), (J/950/-1), (J/950/-1), (J/950/-1), (N/951/-1), (I/953/-1), (I/953/-1), (S/954/-1), (L/959/-1), (P/998/-1), (O/1002/-1), (O/1002/-1), (O/1002/-1), (O/1002/-1), (O/1002/-1), (O/1002/-1), (L/1004/-1), (L/1004/-1), (J/1010/-1), (J/1010/-1), (W/1010/-1), (H/1010/-1), (J/1010/-1), (W/1010/-1), (W/1010/-1), (H/1010/-1), (N/1011/-1), (I/1013/-1), (I/1013/-1), (I/1013/-1), (I/1013/-1), (J/1019/-1), (O/1062/-1), (O/1062/-1), (O/1062/-1), (L/1064/-1), (L/1064/-1), (L/1064/-1), (L/1064/-1), (J/1070/-1), (H/1070/-1), (J/1070/-1), (H/1070/-1), (H/1070/-1), (W/1070/-1), (H/1070/-1), (J/1070/-1), (W/1070/-1), (H/1070/-1), (N/1071/-1), (N/1071/-1), (I/1073/-1), (I/1073/-1), (O/1121/-1), (O/1122/-1), (O/1122/-1), (O/1122/-1), (L/1124/-1), (L/1124/-1), (J/1130/-1), (J/1130/-1), (J/1130/-1), (H/1130/-1), (W/1130/-1), (H/1130/-1), (H/1130/-1), (H/1130/-1), (J/1130/-1), (N/1131/-1), (I/1133/-1), (I/1133/-1), (I/1133/-1), (I/1133/-1), (W/1140/-1), (U/1200/-1), (W/1272/-1), (T/1278/-1), (U/1314/-1), (H/1328/-1)
G Station,	(U/682/-1), (Q/734/-1), (I/763/-1), (B/777/-1), (V/796/-1), (L/823/-1), (T/828/-1), (F/839/-1), (K/901/-1), (A/903/-1), (M/964/-1), (A/988/-1), (E/992/-1), (Q/999/-1), (L/1000/-1), (N/1001/-1), (I/1014/-1), (M/1020/-1), (N/1029/-1), (I/1077/-1), (M/1077/-1), (R/1084/-1), (I/1127/-1), (C/1164/-1), (S/1164/-1), (Q/1171/-1), (A/1173/-1), (I/1190/-1)
H Station,	(C/885/-1), (C/885/-1), (C/885/-1), (C/885/-1), (C/885/-1), (F/890/-1), (F/890/-1), (N/893/-1), (N/893/-1), (B/893/-1), (N/893/-1), (N/893/-1), (O/894/-1), (O/894/-1), (O/894/-1), (O/894/-1), (L/896/-1), (L/896/-1), (B/912/-1), (O/927/-1), (C/945/-1), (C/945/-1), (C/945/-1), (C/945/-1), (R/947/-1), (E/947/-1), (F/950/-1), (F/950/-1), (F/950/-1), (F/950/-1), (S/951/-1), (B/953/-1), (B/953/-1), (B/953/-1), (N/953/-1), (O/954/-1), (O/954/-1), (O/954/-1), (O/954/-1), (L/956/-1), (L/956/-1), (L/956/-1), (M/967/-1), (N/979/-1), (R/999/-1), (I/1001/-1), (I/1001/-1), (I/1001/-1), (I/1001/-1), (I/1001/-1), (D/1004/-1), (J/1004/-1), (J/1004/-1), (D/1004/-1), (J/1004/-1), (J/1004/-1), (J/1004/-1), (W/1004/-1), (J/1004/-1), (W/1004/-1), (C/1005/-1), (C/1005/-1), (C/1005/-1), (C/1005/-1), (C/1005/-1), (C/1005/-1), (R/1007/-1), (F/1008/-1), (F/1010/-1), (F/1010/-1), (F/1010/-1), (N/1013/-1), (B/1013/-1), (N/1013/-1), (B/1013/-1), (O/1014/-1), (O/1014/-1), (L/1016/-1), (L/1016/-1), (O/1034/-1), (I/1061/-1), (I/1061/-1), (R/1063/-1), (D/1064/-1), (J/1064/-1), (J/1064/-1), (J/1064/-1), (J/1064/-1), (W/1064/-1), (J/1064/-1), (J/1064/-1), (C/1065/-1), (C/1065/-1), (T/1066/-1), (R/1067/-1), (R/1067/-1), (F/1070/-1), (F/1070/-1), (F/1070/-1), (F/1070/-1), (N/1073/-1), (B/1073/-1), (B/1073/-1), (B/1073/-1), (N/1073/-1), (N/1073/-1), (B/1073/-1), (B/1073/-1), (N/1073/-1), (N/1073/-1), (B/1073/-1), (L/1076/-1), (F/1106/-1), (G/1110/-1), (I/1121/-1), (I/1121/-1), (J/1123/-1), (J/1124/-1), (W/1124/-1), (W/1124/-1), (J/1124/-1), (D/1124/-1), (D/1124/-1), (W/1124/-1), (W/1124/-1), (J/1124/-1), (U/1124/-1), (C/1125/-1), (C/1125/-1), (C/1125/-1), (C/1125/-1), (C/1125/-1), (R/1127/-1), (F/1130/-1), (F/1130/-1), (P/1133/-1), (B/1133/-1), (B/1133/-1), (B/1133/-1), (O/1134/-1), (O/1134/-1), (O/1134/-1), (L/1136/-1), (L/1136/-1), (J/1151/-1), (R/1152/-1), (E/1163/-1), (V/1189/-1), (U/1308/-1)
I Station,	(D/947/-1), (D/947/-1), (C/948/-1), (F/953/-1), (B/956/-1), (B/956/-1), (B/956/-1), (N/956/-1), (N/956/-1), (N/956/-1), (B/956/-1), (B/956/-1), (O/957/-1), (O/957/-1), (O/957/-1), (O/957/-1), (L/959/-1), (L/959/-1), (H/1001/-1), (H/1001/-1), (H/1001/-1), (H/1001/-1), (H/1001/-1), (H/1001/-1), (D/1007/-1), (C/1008/-1), (M/1008/-1), (F/1013/-1), (F/1013/-1), (F/1013/-1), (F/1013/-1), (F/1013/-1), (B/1016/-1), (N/1016/-1), (B/1016/-1), (N/1016/-1), (N/1016/-1), (N/1016/-1), (O/1017/-1), (O/1017/-1), (L/1019/-1), (L/1019/-1), (L/1019/-1), (L/1019/-1), (D/1028/-1), (L/1041/-1), (H/1061/-1), (H/1061/-1), (D/1067/-1), (D/1067/-1), (D/1067/-1), (D/1067/-1), (C/1068/-1), (R/1070/-1), (F/1073/-1), (F/1073/-1), (B/1076/-1), (B/1076/-1), (N/1076/-1), (B/1076/-1), (N/1076/-1), (O/1077/-1), (O/1077/-1), (L/1079/-1), (L/1079/-1), (G/1080/-1), (K/1090/-1), (H/1121/-1), (J/1121/-1), (H/1121/-1), (H/1121/-1), (H/1121/-1), (H/1121/-1), (J/1121/-1), (H/1121/-1), (D/1127/-1), (D/1127/-1), (D/1127/-1), (W/1127/-1), (W/1127/-1), (W/1127/-1), (D/1127/-1), (C/1128/-1), (R/1130/-1), (R/1130/-1), (F/1133/-1), (F/1133/-1), (W/1134/-1), (B/1136/-1), (B/1136/-1), (N/1136/-1), (N/1136/-1), (N/1136/-1), (B/1136/-1), (N/1136/-1), (B/1136/-1), (O/1137/-1), (L/1139/-1), (L/1139/-1), (L/1139/-1), (K/1179/-1), (S/1231/-1), (J/1263/-1), (H/1268/-1), (N/1296/-1), (B/1310/-1), (L/1312/-1), (M/1317/-1), (M/1332/-1), (N/1337/-1)
J Station,	(I/881/-1), (I/881/-1), (H/884/-1), (H/884/-1), (H/884/-1), (F/890/-1), (F/890/-1), (N/893/-1), (N/893/-1), (N/893/-1), (O/894/-1), (O/894/-1), (O/894/-1), (L/896/-1), (L/896/-1), (A/908/-1), (F/910/-1), (D/931/-1), (I/941/-1), (H/944/-1), (H/944/-1), (D/950/-1), (D/950/-1), (D/950/-1), (F/950/-1), (D/950/-1), (N/953/-1), (O/954/-1), (G/955/-1), (A/956/-1), (L/956/-1), (L/956/-1), (L/956/-1), (I/1001/-1), (H/1004/-1), (H/1004/-1), (D/1010/-1), (U/1013/-1), (N/1013/-1), (N/1013/-1), (N/1013/-1), (N/1013/-1), (O/1014/-1), (O/1014/-1), (O/1014/-1), (O/1014/-1), (L/1016/-1), (L/1016/-1), (F/1018/-1), (I/1061/-1), (I/1061/-1), (H/1064/-1), (P/1068/-1), (D/1069/-1), (D/1070/-1), (D/1070/-1), (N/1073/-1), (N/1073/-1), (O/1074/-1), (O/1074/-1), (O/1074/-1), (L/1076/-1), (L/1076/-1), (L/1076/-1), (I/1121/-1), (H/1124/-1), (H/1124/-1), (H/1124/-1), (H/1124/-1), (F/1128/-1), (D/1130/-1), (F/1130/-1), (F/1130/-1), (D/1130/-1), (D/1130/-1), (F/1130/-1), (N/1133/-1), (N/1133/-1), (N/1133/-1), (O/1134/-1), (O/1134/-1), (L/1136/-1), (L/1136/-1), (L/1136/-1), (Q/1175/-1), (M/1226/-1), (Q/1260/-1), (Q/1297/-1), (G/1352/-1), (P/1363/-1)
K Station,	(R/923/-1), (M/949/-1), (R/962/-1), (V/970/-1), (D/993/-1), (B/1088/-1), (L/1141/-1), (P/1158/-1), (G/1173/-1), (M/1176/-1), (F/1187/-1), (W/1192/-1), (C/1201/-1), (B/1214/-1), (L/1226/-1), (B/1324/-1), (C/1346/-1)
L Station,	(I/899/-1), (N/950/-1), (C/951/-1), (C/951/-1), (C/951/-1), (C/951/-1), (C/951/-1), (K/955/-1), (H/956/-1), (W/956/-1), (W/956/-1), (W/956/-1), (R/956/-1), (H/956/-1), (H/956/-1), (J/956/-1), (R/956/-1), (I/959/-1), (I/959/-1), (Q/1000/-1), (B/1001/-1), (B/1001/-1), (O/1002/-1), (O/1002/-1), (O/1002/-1), (O/1002/-1), (F/1004/-1), (F/1004/-1), (F/1004/-1), (F/1004/-1), (F/1004/-1), (N/1010/-1), (N/1010/-1), (D/1010/-1), (D/1010/-1), (C/1011/-1), (R/1016/-1), (W/1016/-1), (H/1016/-1), (R/1016/-1), (J/1016/-1), (W/1016/-1), (J/1016/-1), (H/1016/-1), (R/1016/-1), (R/1016/-1), (R/1016/-1), (I/1019/-1), (I/1019/-1), (M/1037/-1), (M/1055/-1), (B/1061/-1), (B/1061/-1), (B/1061/-1), (O/1062/-1), (O/1062/-1), (F/1064/-1), (F/1064/-1), (F/1064/-1), (F/1064/-1), (F/1064/-1), (M/1068/-1), (N/1070/-1), (D/1070/-1), (C/1071/-1), (C/1071/-1), (W/1076/-1), (J/1076/-1), (J/1076/-1), (J/1076/-1), (W/1076/-1), (H/1076/-1), (R/1076/-1), (H/1076/-1), (H/1076/-1), (R/1076/-1), (S/1079/-1), (I/1079/-1), (I/1079/-1), (D/1092/-1), (B/1121/-1), (B/1121/-1), (B/1121/-1), (B/1121/-1), (O/1122/-1), (O/1122/-1), (O/1122/-1), (O/1122/-1), (F/1124/-1), (D/1130/-1), (N/1130/-1), (N/1130/-1), (N/1130/-1), (N/1130/-1), (C/1131/-1), (H/1136/-1), (W/1136/-1), (W/1136/-1), (W/1136/-1), (R/1136/-1), (W/1136/-1), (W/1136/-1), (R/1136/-1), (I/1139/-1), (I/1139/-1), (I/1139/-1), (I/1139/-1), (I/1139/-1), (I/1139/-1), (I/1139/-1), (I/1139/-1), (B/1147/-1), (F/1181/-1), (C/1219/-1), (Q/1258/-1), (F/1264/-1), (R/1301/-1), (P/1306/-1), (W/1308/-1), (W/1308/-1), (K/1331/-1)
M Station,	(K/1047/-1), (D/1099/-1), (W/1112/-1), (N/1183/-1), (S/1213/-1), (K/1224/-1), (I/1265/-1), (O/1310/-1), (P/1324/-1), (U/1329/-1), (K/1332/-1), (Q/1347/-1), (G/1363/-1)
N Station,	(Q/898/-1), (Q/929/-1), (W/947/-1), (L/950/-1), (L/950/-1), (D/951/-1), (F/951/-1), (F/951/-1), (F/951/-1), (F/951/-1), (D/951/-1), (D/951/-1), (C/952/-1), (C/952/-1), (H/953/-1), (H/953/-1), (J/953/-1), (J/953/-1), (O/954/-1), (I/956/-1), (I/956/-1), (I/956/-1), (I/956/-1), (I/956/-1), (G/978/-1), (M/988/-1), (V/995/-1), (R/1004/-1), (R/1004/-1), (W/1007/-1), (W/1007/-1), (U/1009/-1), (L/1010/-1), (L/1010/-1), (L/1010/-1), (L/1010/-1), (D/1011/-1), (F/1011/-1), (D/1011/-1), (F/1011/-1), (C/1012/-1), (C/1012/-1), (J/1013/-1), (H/1013/-1), (B/1013/-1), (O/1014/-1), (O/1014/-1), (I/1016/-1), (I/1016/-1), (I/1016/-1), (I/1016/-1), (I/1016/-1), (Q/1018/-1), (P/1025/-1), (K/1036/-1), (E/1054/-1), (P/1064/-1), (R/1064/-1), (R/1064/-1), (R/1064/-1), (R/1064/-1), (R/1064/-1), (R/1064/-1), (W/1067/-1), (W/1067/-1), (P/1068/-1), (L/1070/-1), (L/1070/-1), (D/1071/-1), (D/1071/-1), (D/1071/-1), (F/1071/-1), (F/1071/-1), (D/1071/-1), (F/1071/-1), (D/1071/-1), (F/1071/-1), (D/1071/-1), (C/1072/-1), (H/1073/-1), (J/1073/-1), (J/1073/-1), (O/1074/-1), (O/1074/-1), (O/1074/-1), (I/1076/-1), (V/1093/-1), (R/1124/-1), (R/1124/-1), (R/1124/-1), (R/1124/-1), (W/1127/-1), (W/1127/-1), (W/1127/-1), (W/1127/-1), (W/1127/-1), (W/1127/-1), (L/1130/-1), (L/1130/-1), (L/1130/-1), (L/1130/-1), (F/1131/-1), (D/1131/-1), (F/1131/-1), (D/1131/-1), (D/1131/-1), (F/1131/-1), (C/1132/-1), (C/1132/-1), (B/1133/-1), (J/1133/-1), (B/1133/-1), (B/1133/-1), (H/1133/-1), (H/1133/-1), (B/1133/-1), (J/1133/-1), (B/1133/-1), (O/1134/-1), (O/1134/-1), (O/1134/-1), (I/1136/-1), (I/1136/-1), (I/1136/-1), (I/1136/-1), (I/1136/-1), (I/1136/-1), (K/1171/-1), (H/1185/-1), (P/1200/-1), (I/1230/-1), (H/1255/-1), (P/1256/-1), (I/1362/-1)
O Station,	(R/832/-1), (H/834/-1), (N/834/-1), (W/834/-1), (H/834/-1), (W/834/-1), (J/834/-1), (N/834/-1), (N/834/-1), (W/834/-1), (W/834/-1), (H/834/-1), (N/834/-1), (J/834/-1), (W/834/-1), (R/837/-1), (I/837/-1), (I/837/-1), (I/837/-1), (I/837/-1), (I/837/-1), (G/854/-1), (L/882/-1), (L/882/-1), (L/882/-1), (N/894/-1), (H/894/-1), (H/894/-1), (H/894/-1), (H/894/-1), (N/894/-1), (W/894/-1), (H/894/-1), (W/894/-1), (W/894/-1), (N/894/-1), (N/894/-1), (N/894/-1), (N/894/-1), (W/894/-1), (J/894/-1), (J/894/-1), (N/894/-1), (N/894/-1), (R/897/-1), (I/897/-1), (I/897/-1), (R/897/-1), (I/897/-1), (J/907/-1), (P/909/-1), (I/915/-1), (B/945/-1), (D/948/-1), (D/948/-1), (C/949/-1), (C/949/-1), (R/952/-1), (H/954/-1), (W/954/-1), (J/954/-1), (H/954/-1), (W/954/-1), (N/954/-1), (H/954/-1), (N/954/-1), (H/954/-1), (R/957/-1), (R/957/-1), (R/957/-1), (R/957/-1), (I/957/-1), (I/957/-1), (I/957/-1), (E/960/-1), (L/1002/-1), (F/1002/-1), (F/1002/-1), (L/1002/-1), (B/1005/-1), (D/1008/-1), (D/1008/-1), (D/1008/-1), (C/1009/-1), (C/1009/-1), (B/1011/-1), (J/1014/-1), (W/1014/-1), (N/1014/-1), (J/1014/-1), (W/1014/-1), (N/1014/-1), (J/1014/-1), (H/1014/-1), (J/1014/-1), (J/1014/-1), (H/1014/-1), (I/1017/-1), (I/1017/-1), (R/1017/-1), (I/1017/-1), (R/1017/-1), (I/1017/-1), (I/1017/-1), (M/1047/-1), (L/1062/-1), (L/1062/-1), (B/1065/-1), (B/1065/-1), (B/1065/-1), (D/1068/-1), (D/1068/-1), (C/1069/-1), (C/1069/-1), (N/1074/-1), (J/1074/-1), (H/1074/-1), (J/1074/-1), (W/1074/-1), (J/1074/-1), (N/1074/-1), (W/1074/-1), (W/1074/-1), (W/1074/-1), (W/1074/-1), (H/1074/-1), (N/1074/-1), (N/1074/-1), (W/1074/-1), (R/1077/-1), (I/1077/-1), (I/1077/-1), (N/1102/-1), (L/1122/-1), (F/1122/-1), (F/1122/-1), (L/1122/-1), (F/1122/-1), (F/1122/-1), (F/1122/-1), (B/1125/-1), (B/1125/-1), (B/1125/-1), (C/1129/-1), (N/1134/-1), (W/1134/-1), (W/1134/-1), (H/1134/-1), (J/1134/-1), (H/1134/-1), (W/1134/-1), (R/1137/-1), (I/1137/-1), (I/1137/-1), (B/1141/-1), (M/1143/-1), (B/1250/-1), (C/1253/-1), (Q/1304/-1), (E/1305/-1), (L/1333/-1), (Q/1335/-1)
P Station,	(B/920/-1), (M/949/-1), (U/955/-1), (O/1005/-1), (S/1013/-1), (K/1025/-1), (H/1051/-1), (V/1052/-1), (K/1093/-1), (M/1104/-1), (M/1112/-1), (D/1118/-1), (W/1132/-1), (D/1191/-1), (N/1244/-1), (T/1257/-1), (N/1310/-1), (S/1333/-1), (M/1349/-1), (C/1361/-1)
Q Station,	(N/860/-1), (T/907/-1), (U/947/-1), (S/1011/-1), (W/1080/-1), (L/1083/-1), (H/1104/-1), (S/1105/-1), (R/1136/-1), (J/1185/-1), (K/1191/-1), (E/1198/-1), (M/1204/-1), (O/1245/-1), (M/1254/-1), (B/1262/-1), (J/1326/-1), (U/1353/-1), (S/1354/-1), (H/1357/-1), (L/1362/-1), (F/1364/-1)
R Station,	(H/827/-1), (I/830/-1), (O/837/-1), (O/837/-1), (A/876/-1), (W/881/-1), (W/881/-1), (N/884/-1), (N/884/-1), (N/884/-1), (N/884/-1), (N/884/-1), (H/887/-1), (H/887/-1), (I/890/-1), (D/893/-1), (L/896/-1), (L/896/-1), (L/896/-1), (L/896/-1), (L/896/-1), (O/897/-1), (O/897/-1), (O/897/-1), (W/941/-1), (W/941/-1), (W/941/-1), (W/941/-1), (W/941/-1), (M/941/-1), (N/944/-1), (N/944/-1), (N/944/-1), (H/947/-1), (H/947/-1), (I/950/-1), (I/950/-1), (I/950/-1), (I/950/-1), (D/953/-1), (D/953/-1), (D/953/-1), (D/953/-1), (D/953/-1), (D/953/-1), (D/953/-1), (L/956/-1), (L/956/-1), (O/957/-1), (O/957/-1), (O/957/-1), (G/961/-1), (L/970/-1), (K/976/-1), (W/1001/-1), (W/1001/-1), (N/1004/-1), (N/1004/-1), (H/1007/-1), (I/1010/-1), (D/1013/-1), (D/1013/-1), (D/1013/-1), (D/1013/-1), (L/1016/-1), (L/1016/-1), (L/1016/-1), (L/1016/-1), (A/1028/-1), (W/1061/-1), (W/1061/-1), (H/1063/-1), (N/1064/-1), (N/1064/-1), (N/1064/-1), (K/1065/-1), (H/1067/-1), (H/1067/-1), (D/1073/-1), (D/1073/-1), (D/1073/-1), (D/1073/-1), (D/1073/-1), (L/1076/-1), (L/1076/-1), (L/1076/-1), (I/1098/-1), (W/1121/-1), (W/1121/-1), (W/1121/-1), (W/1121/-1), (H/1127/-1), (H/1127/-1), (I/1130/-1), (I/1130/-1), (I/1130/-1), (I/1130/-1), (L/1136/-1), (L/1136/-1), (L/1136/-1), (L/1136/-1), (L/1136/-1), (O/1137/-1), (G/1150/-1), (A/1226/-1), (U/1250/-1), (N/1337/-1)
S Station,	(I/924/-1), (N/989/-1), (N/994/-1), (A/996/-1), (O/1008/-1), (U/1033/-1), (C/1037/-1), (C/1040/-1), (W/1047/-1), (K/1067/-1), (C/1076/-1), (J/1096/-1), (U/1185/-1), (P/1198/-1), (B/1304/-1), (O/1365/-1)
T Station,	(J/909/-1), (N/923/-1), (B/958/-1), (F/1012/-1), (F/1015/-1), (L/1069/-1), (U/1072/-1), (A/1084/-1), (Q/1090/-1), (P/1101/-1), (O/1146/-1), (B/1151/-1), (E/1174/-1), (Q/1177/-1), (C/1188/-1), (N/1217/-1), (P/1271/-1), (E/1290/-1), (H/1300/-1), (A/1323/-1), (U/1354/-1), (U/1359/-1), (B/1360/-1)
U Station,	(C/1022/-1), (T/1087/-1), (H/1101/-1), (P/1121/-1), (E/1189/-1), (B/1208/-1), (B/1256/-1), (V/1296/-1), (W/1352/-1), (M/1366/-1)
V Station,	(R/719/-1), (R/767/-1), (A/808/-1), (H/847/-1), (M/859/-1), (N/882/-1), (C/907/-1), (U/940/-1), (U/948/-1), (M/967/-1), (A/971/-1), (R/983/-1), (L/986/-1), (M/991/-1), (Q/993/-1), (E/1019/-1), (T/1020/-1), (T/1035/-1), (D/1050/-1), (M/1054/-1), (M/1062/-1), (A/1070/-1), (J/1080/-1), (F/1097/-1), (G/1142/-1), (G/1231/-1), (Q/1239/-1), (S/1266/-1), (Q/1267/-1), (O/1306/-1), (B/1316/-1)
W Station,	(L/836/-1), (U/848/-1), (E/860/-1), (H/884/-1), (J/884/-1), (H/884/-1), (J/884/-1), (J/884/-1), (H/884/-1), (H/884/-1), (N/887/-1), (N/887/-1), (I/887/-1), (I/887/-1), (N/887/-1), (N/887/-1), (I/887/-1), (I/887/-1), (D/890/-1), (D/890/-1), (D/890/-1), (F/890/-1), (F/890/-1), (F/890/-1), (D/890/-1), (D/890/-1), (C/891/-1), (O/894/-1), (L/896/-1), (L/896/-1), (L/927/-1), (J/932/-1), (I/947/-1), (I/947/-1), (N/947/-1), (N/947/-1), (N/947/-1), (D/950/-1), (C/951/-1), (C/951/-1), (B/953/-1), (B/953/-1), (B/953/-1), (O/954/-1), (O/954/-1), (O/954/-1), (O/954/-1), (O/954/-1), (L/956/-1), (L/956/-1), (L/956/-1), (L/956/-1), (J/1004/-1), (H/1004/-1), (N/1007/-1), (I/1007/-1), (N/1007/-1), (I/1007/-1), (I/1007/-1), (I/1007/-1), (F/1010/-1), (C/1011/-1), (C/1011/-1), (B/1013/-1), (B/1013/-1), (B/1013/-1), (O/1014/-1), (O/1014/-1), (O/1014/-1), (O/1014/-1), (O/1014/-1), (O/1014/-1), (O/1014/-1), (L/1016/-1), (L/1016/-1), (L/1016/-1), (L/1016/-1), (H/1064/-1), (N/1067/-1), (N/1067/-1), (I/1067/-1), (I/1067/-1), (I/1067/-1), (I/1067/-1), (F/1070/-1), (D/1070/-1), (D/1070/-1), (F/1070/-1), (B/1073/-1), (B/1073/-1), (B/1073/-1), (O/1074/-1), (O/1074/-1), (O/1074/-1), (L/1076/-1), (L/1076/-1), (L/1076/-1), (H/1091/-1), (J/1124/-1), (J/1124/-1), (H/1124/-1), (H/1124/-1), (J/1124/-1), (H/1124/-1), (I/1127/-1), (N/1127/-1), (D/1130/-1), (F/1130/-1), (D/1130/-1), (F/1130/-1), (F/1130/-1), (F/1130/-1), (D/1130/-1), (C/1131/-1), (C/1131/-1), (C/1131/-1), (B/1133/-1), (B/1133/-1), (B/1133/-1), (O/1134/-1), (L/1136/-1), (L/1136/-1), (I/1197/-1), (U/1253/-1), (H/1285/-1), (Q/1296/-1), (K/1308/-1), (J/1317/-1), (B/1329/-1)
