Greedy 10 HS	Serviced: 1668, Unfair: 0, UserN :4500
Shuttle0,	0,0,0,0,0,0,0,2,2,2,0,0,0,0,0,0,0,0,0,0,0,2,2,2,0,0,0,1,1,1,0,0,0,1,1,1,1,1,1,1,1,0,0,0,0,0,0,0,0,0,0,0,0,0,0,0,0,0,0,0,0,0,0,0,0,0,3,3,3,3,3,3,3,3,3,3,3,3,3,1,1,1,1,1,1,1,1,1,1,1,1,1,1,1,1,1,1,1,2,2,2,2,2,2,2,2,2,2,2,2,2,2,2,1,1,1,0,0,0,0,0,0,0,0,0,0,0,0,0,0,0,0,0,0,0,0,0,0,0,0,0,0,0,1,1,1,0,0,0,0,0,0,0,0,0,0,0,0,0,0,0,1,1,1,0,0,0,0,0,0,0,0,0,1,1,1,0,0,0,0,0,0,0,0,0,1,1,1,0,0,0,2,2,2,0,0,0,1,1,1,4,4,4,4,9,9,9,2,2,2,2,2,2,2,2,2,2,2,2,2,1,0,0,0,0,0,0,0,0,0,0,0,1,0,0,0,0,0,0,0,0,0,0,0,0,0,0,2,2,2,0,0,0,0,0,0,0,0,0,0,0,0,0,0,0,0,0,0,0,0,0,0,0,0,0,0,0,0,0,0,0,0,0,0,0,0,0,0,0,0,0,0,0,0,0,0,0,0,0,0,0,0,1,1,1,17,17,17,0,0,0,0,0,0,4,4,4,4,4,4,4,40,40,40,40,40,40,27,27,27,27,27,27,27,27,27,27,27,27,27,27,27,27,27,27,27,0,0,0,0,0,0,0,0,0,0,0,0,0,0,0,0,0,0,0,0,0,0,0,0,0,0,0,0,0,0,0,0,0,0,0,0,0,0,0,0,0,18,18,18,2,2,2,2,2,2,2,2,2,2,2,0,0,0,0,0,0,17,17,17,17,17,17,45,45,45,45,45,45,45,45,45,45,45,45,45,45,8,8,8,0,0,0,1,1,1,0,0,0,7,7,7,5,5,45,45,45,45,45,45,45,45,45,45,45,2,2,2,2,2,2,6,6,6,0,0,0,3,3,3,3,45,45,45,45,45,45,1,1,1,1,1,1,1,1,1,1,5,5,5,0,0,0,1,1,1,0,0,0,2,2,2,0,0,0,0,0,0,0,0,0,0,0,0,0,0,1,1,1,13,13,13,4,4,4,4,4,4,4,4,4,4,4,4,2,2,2,2,2,2,2,2,2,2,2,2,6,6,6,0,0,0,0,0,0,0,0,0,15,15,15,45,45,45,45,45,45,45,45,45,45,45,45,45,45,7,7,7,7,33,33,33,33,33,33,2,2,2,2,2,2,2,2,2,2,2,2,2,2,2,2,8,8,8,8,8,8,8,8,8,8,8,8,8,8,8,8,45,45,45,45,45,45,45,45,45,45,45,45,45,45,45,45,45,45,6,6,6,3,3,3,3,3,3,0,0,0,0,0,0,0,0,0,0,0,0,0,0,0,0,0,0,0,0,0,0,0,0,0,0,0,0,0,0,0,0,0,0,0,0,0,0,0,0,0,0,0,0,0,0,0,0,0,0,0,0,0,0,0,0,3,3,3,3,3,3,3,3,3,3,3,3,3,3,3,3,3,3,3,3,3,3,5,5,5,5,5,5,5,5,5,5,5,5,5,5,5,5,5,5,0,0,0,0,0,0,0,0,0,0,0,0,0,0,0,0,0,0,0,0,0,0,0,0,0,0,0,0,0,0,0,0,0,0,0,0,0,0,0,0,0,0,0,0,0,0,0,0,0,0,0,0,0,0,0,1,1,1,1,1,1,1,1,1,1,1,0,0,0,0,0,0,0,22,22,22,22,22,22,0,0,0,0,0,0,0,0,0,0,0,0,0,0,0,0,0,0,0,0,0,0,0,0,0,0,0,0,0,0,0,0,0,0,0,0,0,0,0,0,0,0,0,0,0,0,0,0,0,0,0,0,0,0,0,0,0,0,0,0,0,0,0,0,0,0,0,0,0,0,0,0,0,0,0,0,0,0,0,12,12,12,12,12,12,15,15,15,15,1,1,1,1,1,1,1,1,1,1,1,1,1,1,1,1,1,1,1,1,1,1,0,0,0,0,0,0,0,0,0,0,0,0,0,0,0,0,0,0,0,0,0,0,0,0,0,0,0,0,0,0,6,6,6,6,6,6,6,6,6,6,4,4,4,4,4,4,4,4,4,4,1,1,1,1,1,1,1,0,0,0,0,0,0,0,0,0,0,0,0,0,0,0,0,0,0,0,0,0,0,0,0,0,0,0,0,0,0,0,0,0,0,0,0,0,0,0,0,0,0,0,0,0,0,0,0,0,0,0,0,0,0,0,0,0,0,0,0,0,0,0,0,0,0,0,0,0,0,0,0,0,0,0,0,0,0,0,0,0,0,0,0,0,0,0,0,0,0,0,0,0,0,0,0,0,0,0,0,0,0,0,0,0,0,0,0,0,0,0,0,0,0,0,0,0,0,0,0,0,0,0,0,0,0,0,0,0,0,0,0,0,0,0,0,0,0,0,0,0,0,0,0,6,6,6,6,6,6,7,12,12,11,11,11,11,0,0,0,0,0,0,0,0,0,0,0,0,0,0,0,0,0,0,0,0,0,0,0,0,0,0,0,0,0,0,0,0,0,0,0,0,0,0,0,0,0,0,0,0,0,0,0,0,0,0,0,0,0,0,0,0,0,0,0,0,0,0,0,0,0,0,0,0,0,0,0,0,0,0,0,0,0,0,0,0,0,0,0,0,0,0,0,0,0,0,0,0,0,0,0,0,0,0,0,0,0,0,0,0,0,0,0,0,0,0,0,0,0,0,0,0,0,0,0,0,0,0,0,0,0,0,0,0,0,0,0,0,0,0,0,0,0,0,0,0,0,0,0,0,0,0,0,0,0,0,0,0,0,0,0,0,0,0,0,0,0,0,0,0,0,0,0,0,0,0,0,0,0,0,0,0,0,0,0,0,0,0,0,0,0,0,0,0,0,0,0,0,0,0,0,0,0,0,0,0,0,0,0,0,0,0,0,0,0,0,0,0,0,0,0,0,0,0,0,0,0,0,0,0,0,0,0,0,0,0,0,0,0,0,0,0,0,0,0,0,0,0,0,0,0,0,0,0,0,0,0,0,0,0,0,0,0,0,0,0,0,0,0,0,0,0,0,0,0,0,0,0,0,0,0,0,0,0,0,0,0,0,0,0,0,0,0,0,0,0,0,0,0,0,0,0
Shuttle1,	0,0,0,2,2,2,2,2,2,2,2,2,0,0,0,0,0,0,0,0,0,0,0,0,0,0,0,0,0,0,0,0,0,0,0,0,0,0,0,0,0,0,0,0,0,0,0,0,0,0,0,0,0,0,0,0,0,0,0,0,0,0,0,0,0,0,0,0,0,0,0,0,0,0,0,0,0,0,0,0,0,0,0,0,0,0,1,1,1,0,0,0,0,0,0,0,0,0,0,0,0,0,0,0,0,0,0,0,1,1,1,0,0,0,0,0,0,0,0,0,1,1,1,0,0,0,0,0,0,0,0,0,0,0,0,0,0,0,1,1,1,0,0,0,0,0,0,0,0,0,0,0,0,0,0,0,1,1,1,0,0,0,0,0,0,0,0,0,0,0,0,0,0,0,1,1,1,0,0,0,0,0,0,0,0,0,0,0,0,0,0,0,3,3,3,0,0,0,0,0,0,0,0,0,0,0,0,0,1,1,1,1,1,1,1,1,1,1,1,1,1,1,1,1,1,1,1,0,0,0,0,0,0,0,0,0,0,0,0,0,0,0,0,0,0,0,0,0,0,0,0,0,0,0,0,0,0,0,0,0,0,0,0,0,0,0,0,0,0,0,0,0,0,0,0,0,0,0,0,0,0,0,0,0,0,0,0,0,0,0,0,0,0,0,0,0,0,0,0,0,0,0,0,0,0,0,0,0,0,0,0,0,0,0,0,0,0,0,0,0,0,0,0,0,0,0,0,0,0,0,0,0,0,0,0,0,0,0,0,0,0,0,0,0,0,0,0,0,0,0,0,0,0,0,0,0,0,0,0,0,0,0,0,0,0,0,0,0,0,0,0,0,0,0,0,0,0,0,0,0,0,0,0,0,0,0,0,0,0,0,0,0,0,0,0,0,0,0,0,0,0,0,0,0,0,0,0,0,0,0,1,1,1,1,1,1,0,0,0,0,0,0,0,0,0,0,0,0,0,0,0,0,0,0,0,0,0,0,0,0,0,0,0,0,0,0,0,0,0,0,0,0,0,0,0,0,0,0,0,0,0,0,0,0,0,0,0,0,45,45,45,45,45,45,45,45,45,45,45,45,45,45,45,45,45,45,4,4,4,4,4,4,4,4,4,4,4,2,2,2,2,2,2,7,7,8,8,8,0,0,0,0,0,0,0,0,0,0,0,0,0,0,0,0,0,0,0,0,0,0,0,0,0,0,0,0,0,0,0,0,0,0,0,0,0,0,0,0,0,0,0,0,0,0,0,0,0,0,0,0,0,0,0,0,0,0,1,1,1,1,1,1,1,2,2,2,0,0,0,0,0,0,0,0,0,0,0,0,0,0,0,0,0,0,0,0,0,0,0,0,0,0,0,0,0,0,0,0,0,0,0,0,0,0,0,0,0,0,6,6,6,6,6,6,6,6,6,6,9,9,9,0,0,0,0,0,0,0,0,0,0,0,0,0,0,1,1,1,1,1,1,1,1,1,1,1,1,1,1,1,1,1,1,1,1,1,1,1,1,1,0,0,0,0,0,0,0,0,0,0,0,0,0,0,0,0,0,0,0,0,0,0,0,0,0,0,0,0,0,0,0,0,0,0,0,0,0,0,4,4,4,4,4,4,4,4,4,4,4,4,4,4,4,37,37,37,37,37,37,37,37,37,37,37,38,38,38,0,0,0,4,4,4,0,0,0,0,0,0,0,0,0,0,0,0,0,0,0,0,0,0,0,0,0,0,0,0,0,0,0,0,0,0,0,0,0,0,0,0,0,0,0,0,0,0,0,0,0,0,0,1,1,1,1,1,1,1,0,0,0,0,0,0,0,0,17,17,17,17,17,17,15,15,15,12,12,12,12,12,12,11,11,11,11,11,11,11,11,11,11,11,11,11,3,3,3,3,0,0,0,0,0,0,0,0,0,0,0,0,0,0,0,0,0,0,0,0,0,0,0,0,0,0,0,0,0,0,0,0,0,0,0,0,0,0,0,0,0,0,0,0,0,0,0,0,0,0,0,0,0,0,0,0,0,0,0,0,0,0,0,0,0,0,2,2,2,2,2,2,0,0,0,0,0,0,0,0,0,0,0,0,0,0,0,0,0,0,0,0,0,0,0,0,0,0,0,0,0,0,0,0,0,0,0,0,0,0,0,0,0,0,0,0,0,0,0,0,0,0,0,0,0,0,0,0,0,0,0,0,0,0,0,0,0,0,2,2,2,2,2,2,2,3,3,3,3,3,3,3,3,3,3,3,3,3,3,3,3,0,0,0,0,0,0,0,0,0,0,0,0,0,0,0,0,0,0,0,0,0,0,0,0,0,0,0,0,0,0,0,0,0,0,0,0,0,0,0,0,0,0,0,0,0,0,0,0,0,0,0,0,0,0,0,0,0,0,0,0,0,0,0,0,0,0,0,0,0,0,0,0,0,0,0,0,0,0,0,0,0,0,0,0,0,0,0,0,0,0,0,0,0,0,0,0,0,0,0,0,1,0,0,0,0,0,0,0,0,0,1,1,1,10,10,10,10,28,28,28,8,8,8,8,8,8,8,8,8,8,8,8,8,8,8,8,0,0,0,0,0,0,0,0,0,0,0,0,0,0,0,0,0,0,0,0,0,0,0,0,0,0,0,0,0,0,0,0,0,0,0,0,0,0,0,0,0,0,0,0,0,0,0,0,0,0,0,0,0,0,0,0,0,0,0,0,0,0,0,0,0,0,0,0,0,0,0,0,0,0,0,0,0,0,0,0,0,0,0,0,0,0,0,0,0,0,0,0,0,0,0,0,0,0,0,0,0,0,0,0,0,0,0,0,0,0,0,0,0,0,0,0,0,0,0,0,0,0,0,0,0,0,0,0,0,0,0,0,0,1,1,1,1,1,1,1,1,1,3,3,3,3,5,5,5,5,5,5,5,5,5,5,5,5,5,3,3,3,3,3,3,0,0,0,0,0,0,0,0,0,0,0,0,0,0,0,0,0,0,0,0,0,0,0,0,0,0,0,0,0,0,0,0,0,0,0,0,0,0,0,0,0,0,0,0,0,0,0,0,0,0,0,0,0,0,0,0,0,0,0,0,0,0,0,0,0,0,0,0,0,0,0,0,0,0,0,0,0,0,0,0,0,0,0,0,0,0,0,0,0,0,0,0,0,0,0,0,0,0,0,0,0,0,0,0,0,0,0,0,0,0,0,0,0,0,0,0,0,0,0,0,0,0,0,0,0,0,0,0,0,0,0,0,0,0,0,0,0,0,0,0,0
Shuttle2,	0,0,0,0,0,0,0,1,1,1,0,0,0,0,0,0,0,0,0,0,0,0,0,0,0,0,0,0,0,0,0,0,0,0,0,0,0,0,0,0,0,0,0,0,1,1,1,0,0,0,0,0,0,0,0,0,0,0,0,0,0,0,0,0,0,0,0,0,0,0,0,0,0,0,0,0,0,0,0,0,0,0,0,0,0,0,0,0,0,0,0,0,0,0,0,0,0,0,0,0,0,0,0,0,0,0,0,0,0,0,0,0,0,0,0,0,0,0,0,0,0,0,0,0,0,0,0,0,0,0,0,0,0,0,0,0,0,0,0,0,0,0,3,3,3,0,0,0,0,0,0,0,0,0,0,0,0,0,0,0,2,2,2,0,0,0,2,2,2,2,2,2,2,2,2,2,1,1,1,1,1,1,1,1,1,1,1,1,1,3,3,3,3,3,3,3,1,1,1,2,2,2,26,26,26,26,26,26,3,3,3,0,0,0,0,0,0,0,0,0,0,0,0,0,0,0,0,0,0,0,0,0,0,0,0,0,0,0,0,0,0,0,0,0,0,0,0,0,0,0,0,0,0,0,0,0,0,0,0,0,0,0,0,0,0,0,0,0,0,0,0,0,0,0,0,0,0,0,0,0,0,0,0,0,0,0,0,0,0,0,0,0,0,0,0,0,0,0,0,0,0,0,0,0,0,0,0,0,0,0,0,0,0,0,0,0,0,0,0,0,0,0,0,0,0,0,0,0,0,0,0,0,0,0,0,0,0,0,0,0,0,0,0,0,0,0,0,0,0,0,0,0,0,0,0,0,0,0,0,0,0,0,0,0,0,0,0,0,0,0,0,0,0,0,0,0,0,0,0,0,0,0,0,0,0,0,0,0,0,0,0,0,0,0,0,0,0,0,0,0,0,0,0,0,0,0,0,0,0,0,0,0,0,0,0,0,0,0,0,0,0,0,0,0,0,0,0,0,0,0,0,0,0,0,0,0,0,0,0,0,0,0,0,0,0,0,0,0,0,0,0,0,0,0,0,0,0,0,0,0,0,0,0,0,0,0,0,0,41,41,41,41,41,41,41,41,41,41,41,41,41,41,41,41,41,41,41,41,41,41,41,41,41,42,42,42,42,42,42,1,0,0,0,0,0,0,0,0,0,0,0,0,0,2,2,2,2,2,2,2,2,2,2,2,2,2,2,0,0,0,0,0,0,0,0,0,0,0,0,0,0,0,0,0,0,0,0,0,0,0,0,0,0,0,0,0,0,0,0,0,0,0,0,0,0,0,0,0,0,0,0,0,0,0,0,0,0,0,0,0,0,0,0,0,0,0,0,0,0,0,0,0,0,0,0,0,0,0,0,0,0,0,0,0,0,0,0,0,0,0,0,0,0,0,0,0,0,0,0,0,0,0,0,0,0,0,0,0,2,2,2,2,19,19,19,19,19,19,38,38,38,38,38,38,38,38,38,38,3,3,3,0,0,0,1,1,1,0,0,0,0,0,0,0,0,0,0,0,0,0,0,0,0,0,0,0,0,0,0,0,0,0,9,9,9,0,0,0,0,0,0,0,0,0,0,0,0,0,0,0,0,0,0,0,0,0,0,0,0,0,0,0,0,0,0,0,0,0,0,0,0,0,0,0,14,14,14,0,0,0,0,0,0,0,0,0,0,0,0,0,0,0,0,0,0,0,0,0,0,0,0,0,0,0,0,0,0,0,0,0,0,0,0,2,2,2,2,2,2,2,2,2,2,2,2,2,6,6,6,6,6,6,6,6,6,6,6,6,6,0,0,0,0,0,0,0,0,0,0,0,0,0,0,0,0,0,0,0,0,0,0,0,0,0,0,0,0,0,0,0,0,0,0,0,0,0,0,0,0,0,0,0,0,0,0,0,0,0,0,0,0,0,0,0,0,0,0,0,0,0,0,0,0,0,0,0,0,0,0,0,0,0,0,0,0,0,0,0,0,0,0,0,0,0,0,0,0,0,0,0,0,0,0,0,0,0,0,0,0,0,0,0,0,0,0,0,0,0,0,0,0,0,0,0,0,0,0,0,0,0,0,0,0,0,0,0,0,0,0,0,0,0,0,0,0,0,0,0,0,0,0,0,0,0,0,0,0,0,0,0,0,0,0,0,0,0,0,0,0,0,0,0,0,0,0,0,0,0,0,0,0,0,0,0,0,0,0,0,0,0,0,0,0,0,0,0,0,0,0,0,0,0,0,0,0,0,0,0,0,0,0,0,0,0,0,0,0,0,0,0,0,0,0,0,0,0,0,0,0,0,0,0,0,0,0,0,0,0,0,0,0,0,0,0,0,0,0,0,0,0,0,0,0,0,0,0,0,0,0,0,0,0,0,0,0,0,0,0,0,0,0,0,0,0,0,0,0,0,0,0,0,0,0,0,0,0,0,0,0,0,0,0,0,0,0,0,0,0,0,0,0,0,0,0,0,0,0,0,0,0,0,0,0,0,0,0,0,0,8,10,10,10,20,20,20,20,20,45,45,45,18,18,18,18,18,18,18,18,18,16,16,16,16,4,4,4,4,4,4,4,4,4,4,4,4,4,0,0,0,0,0,0,1,1,1,1,1,1,1,0,0,0,0,0,0,0,0,0,0,0,0,0,0,0,0,0,0,0,0,0,0,0,0,0,0,0,0,0,0,0,0,0,0,0,0,0,0,0,0,0,0,0,0,0,0,0,0,0,0,0,0,0,0,0,0,0,0,0,0,0,0,0,0,0,0,0,0,0,0,0,0,0,0,0,0,0,0,0,0,0,0,0,0,0,0,0,0,0,0,0,0,0,0,0,0,0,0,0,0,0,0,0,0,0,0,0,0,0,0,0,0,0,0,0,0,0,0,0,0,0,0,0,0,0,0,0,0,0,0,0,0,0,0,0,0,0,0,0,0,0,0,0,0,0,0,0,0,0,0,0,0,0,0,0,0,0,0,0,0,0,0,0,0,0,0,0,0,0,0,0,0,0,0,0,0,0,0,0,0,0,0,0,0,0,0,0,0,0,0,0,0,0,0,0,0,0,0,0,0,0,0,0,0,0,0,0,0,0,0,0,0,0,0,0,0,0,0,0,0,0,0,0,0,0,0,0,0,0,0,0,0,0,0,0,0,0,0,0,0,0,0,0,0,0,0,0,0,0,0,0,0,0,0,0,0,0,0,0,0,0,0,0,0,0,0,0,0,0,0,0,0,0,0,0,0,0,0,0,0,0,0,0,0,0,0,0,0,0,0,0
Shuttle3,	0,0,0,0,0,0,0,0,0,0,0,0,0,0,0,0,0,0,0,0,0,0,1,1,1,0,0,0,0,0,0,0,0,0,0,0,0,0,0,0,0,0,0,0,0,0,0,0,0,0,0,0,0,0,0,0,0,0,0,0,0,0,0,0,0,0,0,0,0,0,0,0,0,0,0,0,0,0,2,2,2,2,2,2,2,1,1,1,1,1,1,0,0,0,0,0,0,0,0,0,0,0,0,0,0,0,0,0,0,0,0,0,0,0,0,0,0,0,0,0,0,0,0,0,0,0,0,0,0,0,0,0,0,0,0,0,0,0,0,0,0,0,0,0,0,0,0,0,0,0,0,0,0,0,0,0,0,0,0,0,0,0,0,0,0,0,0,0,0,0,0,0,0,0,0,0,0,0,0,0,0,0,0,0,0,0,0,0,0,0,0,0,0,0,0,0,0,0,0,0,0,0,41,41,41,41,41,41,41,41,41,41,41,41,41,41,41,41,41,41,42,42,42,42,42,42,42,42,42,43,43,43,43,43,43,43,43,43,43,0,0,0,0,0,0,0,0,0,0,0,0,0,0,0,0,0,0,0,0,0,0,0,0,0,0,0,0,0,0,0,0,0,0,0,0,0,0,0,0,0,0,0,0,0,0,0,0,0,0,0,0,0,0,0,0,0,0,0,0,0,0,0,0,0,0,0,0,0,0,0,0,0,0,0,0,1,1,1,1,1,1,1,1,1,1,1,1,1,1,1,1,1,1,1,1,1,1,1,1,1,0,0,0,0,0,0,0,0,0,0,0,0,0,0,0,0,0,0,0,0,0,0,0,0,0,0,0,0,0,0,0,0,0,0,0,0,0,0,0,0,0,0,0,0,0,0,0,0,0,0,0,0,0,0,0,0,0,0,0,0,0,0,0,0,0,0,0,0,0,0,0,0,0,0,0,0,0,0,0,0,0,0,0,0,0,0,0,0,0,0,0,0,0,0,0,0,0,0,0,0,0,0,0,0,0,0,0,0,0,0,0,0,0,0,0,0,0,0,0,0,0,0,0,0,0,0,0,0,0,0,0,0,0,0,0,0,0,0,0,0,0,0,0,0,0,0,0,0,0,0,0,0,0,0,0,0,0,0,0,0,0,0,0,0,0,0,0,0,0,0,0,0,0,0,0,0,0,0,0,0,0,0,0,0,0,0,0,0,0,0,0,0,0,0,0,0,0,0,0,0,0,0,0,0,0,0,0,0,0,0,0,0,0,0,0,0,0,0,0,0,0,0,0,0,0,0,0,0,0,0,0,0,0,0,0,0,0,0,0,0,0,0,0,0,0,0,0,0,0,0,0,0,0,0,0,0,0,0,0,0,0,0,0,0,0,0,0,0,0,0,0,0,0,0,0,0,0,0,0,0,0,0,0,0,0,0,0,0,0,0,0,0,0,0,0,0,0,0,0,0,0,0,0,0,0,0,0,0,0,0,0,0,0,0,0,0,0,0,0,0,0,0,0,0,0,0,0,0,0,0,0,0,0,0,0,0,0,0,0,0,0,0,0,0,0,0,0,0,0,0,0,0,0,0,0,0,0,1,1,1,1,1,1,1,3,3,3,3,3,3,3,0,0,0,0,0,0,0,0,0,0,0,0,0,0,0,0,0,0,0,0,0,0,0,0,0,1,1,1,1,1,1,1,0,0,0,0,0,0,0,0,0,0,0,0,0,0,0,0,0,0,3,3,3,3,3,3,3,3,3,3,0,0,0,0,0,0,0,0,0,0,0,0,0,0,5,5,5,45,45,45,45,45,45,45,45,45,45,45,45,45,45,21,21,21,0,0,0,1,1,1,2,2,2,13,13,13,12,12,45,45,45,45,45,45,45,45,45,45,45,0,0,0,0,0,0,0,0,0,0,0,0,0,0,0,0,0,0,0,0,0,0,0,0,0,0,0,0,0,0,0,0,0,0,0,0,0,0,0,0,0,0,0,0,0,0,0,0,0,0,0,0,0,0,0,0,0,0,0,0,0,0,0,0,0,0,0,0,0,0,0,0,0,0,0,0,0,0,0,0,0,0,0,0,0,0,0,0,0,0,0,0,0,0,0,0,0,0,0,0,0,0,0,0,0,0,0,0,0,0,0,0,0,0,0,0,0,0,0,0,0,0,0,0,0,0,0,0,0,0,0,0,0,0,0,0,0,0,0,0,0,0,0,0,0,0,0,0,0,0,0,0,0,0,0,0,0,0,0,0,0,0,0,0,0,0,0,0,0,0,0,0,0,0,0,0,0,0,0,0,0,0,0,0,0,0,0,0,0,0,0,0,0,0,0,0,0,0,0,0,0,0,0,0,0,0,0,0,0,0,0,0,0,0,0,0,0,0,0,0,0,0,0,0,0,0,0,0,0,0,0,0,0,0,0,0,0,0,0,0,0,0,0,0,0,0,0,0,0,0,0,0,0,0,0,0,0,0,0,0,0,0,0,0,0,0,0,0,0,0,0,0,0,0,0,0,0,0,0,0,0,0,0,0,1,1,1,0,0,0,0,0,0,0,0,0,0,0,0,0,0,0,0,0,0,0,0,0,0,0,0,0,0,0,0,0,0,0,0,0,0,0,0,0,0,0,0,0,0,0,0,0,0,0,0,0,0,0,0,0,0,0,0,0,2,2,2,4,4,4,4,4,4,4,0,0,0,0,0,0,0,0,0,0,0,0,0,0,0,0,0,0,0,0,0,0,0,0,0,0,0,0,0,0,0,0,0,0,0,0,0,0,0,0,0,0,0,0,0,0,0,0,0,0,0,0,0,0,0,0,0,0,0,0,0,0,0,0,0,0,0,0,0,0,0,0,0,0,0,0,0,0,0,0,0,0,0,0,0,0,0,0,0,0,0,0,0,0,0,0,0,0,0,0,0,0,0,0,0,0,0,0,0,0,0,0,0,0,0,0,0,0,0,0,0,0,0,0,0,0,0,0,0,0,0,0,0,0,0,0,0,0,0,0,0,0,0,0,0,0,0,0,0,0,0,0,0,0,0,0,0,0,0,0,0,0,0,0,0,0,0,0,0,0,0,0,0,0,0,0,0,0,0,0,0,0,0,0,0,0,0,0,0,0,0,0,0,0,0,0,0,0,0,0,0,0,0,0,0,0,0,0,0,0,0,0,0,0,0,0,0,0,0,0,0,0,0,0,0,0,0,0,0,0,0,0,0,0,0,0,0,0,0,0,0,0,0,0,0,0,0,0,0,0,0,0,0,0,0,0
Shuttle4,	0,0,0,0,0,0,3,3,3,3,1,1,1,0,0,0,2,2,2,0,0,0,0,0,0,0,0,0,0,0,0,0,0,0,0,0,0,0,0,0,0,0,0,0,0,0,0,0,0,0,0,0,0,0,0,0,0,0,0,0,0,0,0,0,0,0,0,0,0,0,0,0,0,0,0,0,0,0,0,0,0,0,0,0,0,0,0,0,0,0,0,0,0,0,0,0,0,0,0,0,0,0,0,0,0,0,0,0,0,0,0,0,0,0,0,0,0,0,0,0,0,0,0,0,0,0,0,0,0,0,0,0,0,0,0,0,0,0,0,0,0,0,0,0,0,0,0,0,0,0,0,0,0,0,0,0,0,0,0,0,0,0,0,0,0,0,0,0,0,0,0,0,0,0,0,0,0,0,0,0,0,0,0,0,0,0,0,0,0,0,0,0,0,0,0,0,0,0,0,0,0,0,0,0,0,0,0,0,0,0,0,0,0,0,0,0,0,0,0,0,2,2,2,2,2,2,2,2,2,2,2,0,0,0,0,0,0,0,0,0,0,0,0,0,0,0,0,0,0,0,0,0,0,0,0,0,0,0,0,0,0,0,0,0,0,0,0,0,0,0,0,0,0,0,0,0,0,0,0,0,0,0,0,0,0,0,0,0,0,0,0,0,0,0,0,0,0,0,0,0,0,0,0,0,0,0,0,0,0,0,0,0,0,0,0,0,1,1,1,1,1,1,1,0,0,0,0,0,0,0,2,2,2,2,2,2,2,2,2,0,0,0,0,0,0,0,0,0,0,0,0,0,0,0,0,0,0,0,0,0,0,0,0,0,0,0,0,0,0,0,0,0,0,0,0,0,0,0,0,0,0,0,0,0,0,0,0,0,0,0,0,0,0,0,0,0,0,0,0,0,0,0,0,0,0,0,0,0,0,0,0,0,0,0,0,0,0,0,0,0,0,0,0,0,0,0,0,0,0,0,0,0,0,0,0,0,0,0,1,1,1,1,1,1,1,1,1,4,4,4,2,2,2,2,2,2,2,4,4,4,3,3,3,3,3,3,3,1,1,1,2,2,45,45,45,45,45,45,45,45,45,45,45,0,0,0,0,0,0,2,2,2,0,0,0,1,1,1,0,0,0,1,1,1,0,0,0,0,0,0,0,0,0,0,0,0,0,2,2,2,2,2,2,2,2,11,11,11,1,1,1,3,3,3,3,3,1,1,1,1,1,1,0,0,0,0,0,0,0,0,0,0,0,0,0,0,0,0,0,0,0,0,0,0,0,0,0,0,0,0,0,0,0,0,0,0,0,0,0,0,0,0,0,0,0,0,0,0,0,0,0,0,0,0,0,0,0,0,0,0,0,0,0,0,0,0,0,0,0,0,0,0,0,0,0,0,0,0,0,0,0,0,0,0,0,0,0,0,0,0,0,0,0,0,0,1,1,1,1,1,1,1,1,1,1,1,1,1,1,1,1,0,0,0,0,0,0,0,0,0,0,0,0,0,0,0,0,0,0,0,0,0,0,0,0,0,0,0,0,0,0,0,0,0,0,0,0,0,0,0,0,0,0,0,0,0,0,0,0,0,0,0,0,0,0,0,0,0,0,0,0,0,0,0,0,0,0,0,0,0,0,0,0,0,0,0,0,0,0,0,0,0,0,0,0,0,0,0,0,0,0,0,0,0,0,0,0,0,0,0,0,0,0,0,0,0,0,0,0,0,0,0,0,0,0,0,0,0,0,0,0,0,0,0,0,0,0,0,0,0,0,0,0,0,0,0,0,0,0,0,0,0,0,0,0,0,0,0,0,0,0,0,0,0,0,0,0,0,0,0,0,0,0,0,0,0,0,0,0,45,45,45,45,45,45,45,45,45,45,45,45,45,45,45,45,45,45,45,3,3,3,3,3,3,3,3,3,3,3,3,3,3,3,3,0,0,0,0,0,0,0,0,0,0,0,0,0,0,0,0,0,0,0,0,0,0,0,0,0,0,0,0,0,0,0,0,0,0,0,0,0,0,0,0,0,9,9,9,9,9,9,9,9,9,9,9,9,2,2,2,2,2,2,2,2,2,2,2,2,2,2,2,2,2,2,2,1,1,1,1,1,1,0,0,0,0,0,0,0,0,0,0,0,0,0,0,0,0,0,0,0,0,0,0,0,0,0,0,0,0,0,0,0,0,0,0,0,0,0,0,0,0,0,0,0,0,0,0,0,0,0,0,0,0,0,0,0,0,0,0,0,0,0,0,0,0,0,0,0,0,0,0,0,0,0,0,0,0,0,0,0,0,0,0,0,0,0,0,0,0,0,0,0,0,0,0,0,0,0,0,0,0,0,0,0,0,0,0,0,0,0,0,0,0,0,0,0,0,0,0,0,0,0,0,0,0,0,0,0,0,0,0,0,0,0,0,0,0,0,0,0,0,0,0,0,0,0,0,0,0,0,0,0,0,0,0,0,0,0,0,0,0,0,0,0,0,0,0,0,0,0,0,0,0,0,0,0,1,1,1,2,2,2,2,2,2,0,0,0,0,0,0,0,0,0,0,0,0,0,0,0,0,0,0,0,0,0,0,0,0,0,0,0,0,0,0,0,0,0,0,0,0,0,0,0,0,0,0,0,0,0,0,0,0,0,0,0,0,0,0,0,0,0,0,0,0,0,0,0,0,0,0,0,0,0,0,0,0,0,0,0,0,0,0,0,0,0,0,0,0,0,0,0,0,0,0,0,0,0,0,0,0,0,0,0,0,0,0,0,0,0,0,0,0,0,0,0,0,0,0,0,0,0,0,0,0,0,0,0,0,0,0,0,0,0,0,0,0,0,0,0,0,0,0,0,0,0,0,0,0,0,0,0,0,0,0,0,0,0,0,0,0,0,0,0,0,0,0,0,0,0,0,0,0,0,0,0,0,0,0,0,0,0,0,0,0,0,0,0,0,0,0,0,0,0,0,0,0,0,0,0,0,0,0,0,0,0,0,0,0,0,0,0,0,0,0,0,0,0,0,0,0,0,0,0,0,0,0,0,0,0,0,0,0,0,0,0,0,0,0,0,0,0,0,0,0,0,0,0,0,0,0,0,0,0,0,0,0,0,0,0,0,0,0,0,0,0,0,0,0,0,0,0,0,0,0,0,0,0,0,0,0,0,0,0,0,0,0,0,0,0,0,0,0,0,0,0,0,0,0,0,0,0,0,0,0,0,0,0,0,0,0,0,0,0,0,0,0,0,0,0,0,0,0,0,0,0,0,0,0
Shuttle5,	0,0,0,0,0,0,0,0,0,0,0,0,0,0,0,0,0,0,1,1,1,0,0,0,1,1,1,0,0,0,1,1,1,0,0,0,0,0,0,0,0,0,0,0,0,0,0,0,0,0,0,0,0,0,0,0,0,0,0,0,0,0,0,0,0,0,0,0,0,0,0,0,0,0,0,0,0,0,0,0,0,0,0,0,0,0,0,0,0,0,0,0,0,0,0,0,0,0,0,0,0,0,0,0,0,0,0,0,0,0,0,0,0,0,0,0,0,0,0,0,0,0,0,0,0,0,0,0,0,0,0,0,0,0,0,0,0,0,0,0,0,0,0,0,0,0,0,0,0,0,0,0,0,0,0,0,0,0,0,0,0,0,0,0,0,0,0,0,0,0,0,0,0,0,0,0,0,0,0,0,0,0,0,0,0,0,0,0,0,0,0,0,0,0,0,0,0,0,0,0,0,0,0,0,0,0,0,0,0,0,0,0,0,0,0,0,0,0,0,0,0,0,0,0,0,0,0,0,0,0,0,0,0,0,0,0,0,0,0,0,0,0,0,0,0,0,0,0,0,0,0,0,0,0,0,0,0,0,0,0,0,0,0,0,0,0,0,0,0,0,0,0,0,0,0,0,0,0,0,0,0,0,0,0,0,0,0,0,0,0,0,0,0,0,0,0,0,0,0,0,0,0,0,0,0,0,0,0,0,0,0,0,0,0,0,0,0,0,0,0,0,0,0,0,0,0,0,0,0,0,0,0,0,0,0,0,0,0,0,0,0,0,0,0,0,0,0,0,0,0,0,0,0,0,0,0,0,0,0,0,0,0,0,0,0,0,0,0,0,0,0,0,0,0,0,0,0,0,0,0,0,0,0,0,0,0,0,0,0,0,0,0,0,0,0,0,0,0,0,0,0,0,0,0,0,0,0,0,0,0,0,0,0,0,0,0,0,0,0,0,0,0,0,0,0,0,0,0,0,0,0,0,0,0,0,0,0,0,0,0,0,0,0,0,0,0,0,0,0,0,0,0,0,0,0,0,0,0,0,0,0,0,0,0,0,0,0,0,0,0,1,1,1,1,1,1,1,1,1,1,1,1,1,1,1,1,1,1,0,0,0,0,0,0,0,0,0,0,0,0,0,0,0,0,0,0,0,0,0,0,0,0,0,1,1,1,1,1,1,1,1,1,1,1,1,1,5,5,5,5,5,5,5,5,5,5,1,1,1,1,1,1,1,1,1,1,1,1,1,1,1,1,0,0,0,0,0,0,0,0,0,0,0,0,0,0,0,0,0,0,0,0,0,0,0,0,0,0,0,0,0,0,0,0,0,0,0,0,0,0,0,0,0,0,0,0,0,0,0,0,0,0,0,0,0,0,0,0,0,0,0,0,0,0,0,0,0,0,0,0,0,0,0,0,0,0,0,0,0,0,0,0,0,0,0,0,0,0,0,0,0,0,0,0,0,0,0,0,0,0,0,0,0,0,0,0,0,0,0,0,0,0,0,0,0,0,0,0,0,0,0,0,0,0,0,0,0,0,0,0,0,0,0,0,0,0,0,0,0,0,0,0,0,0,0,0,0,0,0,0,0,0,0,0,0,0,0,0,0,0,0,0,0,0,0,0,0,0,0,0,0,0,0,0,0,0,0,0,0,0,0,0,0,0,0,0,0,0,0,0,0,0,0,0,0,0,0,0,0,0,0,0,0,0,0,0,0,0,0,0,0,0,0,0,0,0,0,0,0,0,0,0,0,0,0,0,0,0,0,0,0,0,0,0,0,0,0,0,0,0,0,0,0,0,0,0,0,0,0,0,0,0,0,0,0,0,0,0,0,0,0,0,0,0,0,0,0,0,0,41,41,41,41,41,41,41,41,41,41,41,41,41,41,41,41,41,41,1,1,1,1,1,1,1,1,1,1,1,1,1,0,0,0,0,0,0,0,0,0,0,0,0,0,0,0,0,0,0,0,0,0,7,7,7,7,7,7,7,7,7,7,7,7,2,2,2,2,2,2,2,2,1,1,1,1,1,1,1,1,1,5,5,5,5,5,5,5,1,1,1,1,1,1,1,0,0,0,0,0,0,1,1,1,1,1,1,0,0,0,0,0,0,0,0,0,0,0,0,0,0,0,0,0,0,0,0,0,0,0,0,0,0,0,0,0,0,0,0,0,0,0,0,0,0,0,0,0,0,3,3,3,3,3,3,3,3,3,3,3,3,3,3,3,3,2,2,2,2,2,2,2,2,2,2,2,2,2,2,2,2,0,0,0,0,0,0,0,0,0,0,0,0,0,0,0,0,0,0,0,0,0,0,0,0,0,0,0,0,0,0,0,0,0,0,0,0,0,0,0,0,0,0,0,0,0,0,0,0,0,0,0,0,0,0,0,0,0,0,0,0,0,0,0,0,0,0,0,0,0,0,0,0,0,0,0,0,0,0,0,0,0,0,0,0,0,0,0,0,0,0,0,0,0,0,0,0,0,0,0,0,0,0,0,0,0,0,0,0,0,0,0,0,0,0,0,0,0,0,0,0,0,0,0,0,0,0,0,0,0,0,0,0,0,0,0,0,0,0,0,0,0,0,0,0,0,0,0,0,0,0,0,0,0,0,0,0,0,0,0,0,0,0,0,0,0,0,0,0,0,0,0,0,0,0,0,0,0,0,0,0,0,0,0,0,0,0,0,0,0,0,0,0,0,0,0,0,0,0,0,0,0,0,0,0,0,0,0,0,0,0,0,0,0,0,0,0,0,0,0,0,0,0,0,0,0,0,0,0,0,0,0,0,0,0,0,0,0,0,0,0,0,0,0,0,0,0,0,0,0,0,0,0,0,0,0,0,0,0,0,0,0,0,0,0,0,0,0,0,0,0,0,0,0,0,0,0,0,0,0,0,0,0,0,0,0,0,0,0,0,0,0,0,0,0,0,0,0,0,0,0,0,0,0,0,0,0,0,0,0,0,0,0,0,0,0,0,0,0,0,0,0,0,0,0,0,0,0,0,0,0,0,0,0,0,0,0,0,0,0,0,0,0,0,0,0,0,0,0,0,0,0,0,0,0,0,0,0,0,0,0,0,0,0,0,0,0,0,0,0,0,0,0,0,0,0,0,0,0,0,0,0,0,0,0,0,0,0,0,0,0,0,0,0,0,0,0,0,0,0,0,0,0,0,0,0,0,0,0,0,0,0,0,0,0,0,0,0,0,0,0,0,0,0,0,0,0,0,0,0,0,0,0,0,0,0,0,0,0,0,0
Shuttle6,	0,0,0,0,0,0,0,4,4,4,4,4,0,0,0,0,0,0,0,0,0,0,0,0,0,0,0,0,0,0,0,0,0,0,0,0,0,0,0,0,0,0,0,0,0,0,0,0,0,0,0,0,0,0,0,0,0,0,0,0,0,0,0,1,1,1,0,0,0,0,0,0,0,0,0,1,1,1,0,0,0,1,1,1,0,0,24,24,24,24,24,24,24,24,24,24,24,2,2,2,2,2,2,1,1,1,0,0,0,0,0,0,0,0,0,2,2,2,0,0,0,2,2,2,0,0,0,0,0,0,0,0,0,0,0,0,0,0,0,0,0,0,0,0,0,0,0,0,0,0,0,0,0,0,0,0,0,0,0,0,0,0,0,0,0,0,0,0,0,0,0,0,0,0,0,0,0,0,0,0,0,1,1,1,0,0,0,1,1,1,0,0,0,0,0,0,0,0,0,0,0,0,0,0,0,0,0,0,0,0,0,0,0,0,0,0,0,0,0,0,0,0,0,0,0,0,0,0,0,1,1,1,0,0,0,0,0,0,0,0,0,0,0,0,0,0,0,0,0,0,0,0,0,0,0,0,0,0,0,0,0,0,0,0,0,0,0,0,0,0,0,0,0,0,0,0,0,0,0,0,0,0,0,0,0,0,0,0,0,0,0,0,0,0,0,0,0,0,0,0,0,0,0,0,0,0,0,0,0,0,0,0,0,0,0,0,0,0,0,0,0,0,0,0,0,0,0,0,0,0,0,0,0,0,0,0,0,0,0,0,0,0,0,0,0,0,0,0,0,0,0,0,0,0,0,0,0,0,0,0,0,0,0,0,0,0,0,0,0,0,0,4,4,4,9,9,12,12,12,17,17,17,1,1,1,1,1,1,0,0,0,0,0,0,0,0,0,0,0,0,0,0,0,0,0,0,0,0,0,0,0,0,0,0,0,0,0,0,0,0,0,0,0,0,0,0,0,0,0,0,0,0,0,0,0,0,0,0,0,0,0,0,0,0,0,0,0,4,4,4,4,4,4,4,4,4,4,4,4,4,3,3,3,3,3,3,3,0,0,0,4,4,4,4,4,4,4,4,4,4,4,4,4,4,4,2,2,2,2,2,2,2,2,2,2,2,2,2,2,2,2,2,2,0,0,0,0,0,0,0,0,0,3,3,3,3,3,5,5,5,5,5,5,5,4,4,4,4,4,4,4,4,4,4,4,0,0,0,0,0,0,0,0,0,0,0,0,0,0,0,0,0,0,0,0,0,0,0,0,1,1,1,1,1,1,1,1,1,1,1,14,14,14,0,0,0,2,2,2,0,0,0,2,2,2,2,2,36,36,36,36,36,36,36,36,36,36,36,6,6,1,1,1,1,0,0,0,0,5,5,5,5,5,5,5,5,5,5,5,5,5,5,5,5,5,5,0,0,0,0,0,0,0,0,0,0,0,0,0,0,0,0,0,0,0,0,0,0,0,0,0,0,0,0,0,0,0,0,0,0,0,0,0,0,0,0,0,0,0,0,0,0,0,0,0,0,0,0,0,0,0,0,0,0,0,0,0,0,0,0,0,0,0,0,0,0,0,0,0,0,0,0,0,0,0,0,0,0,0,0,0,0,0,0,0,0,0,0,0,0,0,0,0,0,0,0,0,0,0,0,0,0,0,0,0,0,0,0,0,0,0,0,0,0,0,0,0,0,0,0,0,0,0,0,0,0,0,0,0,0,0,0,0,0,0,0,0,0,0,0,0,0,0,0,0,0,1,1,1,1,5,5,5,20,20,23,23,23,23,23,23,7,7,7,7,7,7,7,7,7,7,7,7,7,7,7,7,7,7,13,13,13,45,45,45,45,45,45,4,4,4,4,4,4,4,4,4,4,4,4,4,4,4,4,4,4,4,4,4,4,4,4,4,0,0,0,0,0,0,0,0,0,0,0,0,0,0,0,0,0,0,0,0,0,0,0,0,0,0,0,0,0,0,0,0,0,0,0,0,0,0,0,0,0,0,0,0,0,0,0,0,0,0,0,0,0,0,0,0,0,0,0,0,0,0,0,0,0,0,0,0,0,0,0,0,0,0,0,0,0,0,0,0,0,0,0,0,0,0,0,0,0,0,0,0,0,0,0,0,0,0,0,0,0,0,0,0,0,0,0,0,0,0,0,0,0,0,0,0,0,0,0,0,0,0,0,0,0,0,0,0,0,0,0,0,0,0,0,0,0,0,0,0,0,0,0,0,0,0,0,0,0,0,0,0,0,0,0,0,0,0,0,0,0,0,0,0,0,0,0,0,0,0,0,0,0,0,0,0,0,0,0,0,0,0,0,0,0,0,0,0,0,0,0,0,0,0,0,0,0,0,0,0,0,0,0,0,0,0,0,0,0,0,0,0,0,0,0,0,0,0,0,0,0,0,0,0,0,0,0,0,0,0,0,0,0,0,0,0,0,0,0,0,0,0,0,0,0,0,0,0,0,0,0,0,0,0,0,0,0,0,0,0,0,0,0,0,29,29,29,0,0,0,0,0,0,0,0,0,0,0,0,0,0,0,0,0,0,0,0,0,0,0,0,0,0,0,0,0,0,0,0,0,0,0,0,0,0,0,0,0,0,0,0,0,0,0,0,0,0,0,0,0,0,0,0,0,0,0,0,0,0,0,0,0,0,0,0,0,0,0,0,0,0,0,0,0,0,0,0,0,0,0,0,0,0,0,0,0,0,0,0,0,0,0,0,0,0,0,0,0,0,0,0,0,0,0,0,0,0,0,0,0,0,0,0,0,0,0,0,0,0,0,0,0,0,0,0,0,0,0,0,0,0,0,0,0,0,0,0,0,0,0,0,0,0,0,0,0,0,0,0,0,0,0,0,0,0,0,0,0,0,0,0,0,0,0,0,0,0,0,0,0,0,0,0,0,0,0,0,0,0,0,0,0,0,0,0,0,0,0,0,0,0,0,0,0,0,0,0,0,0,0,0,0,0,0,0,0,0,0,0,0,0,0,0,0,0,0,0,0,0,0,0,0,0,0,0,0,0,0,0,0,0,0,0,0,0,0,0,0,0,0,0,0,0,0,0,0,0,0,0,0,0,0,0,0,0,0,0,0,0,0,0,0,0,0,0,0,0,0,0,0,0,0,0,0,0,0,0,0,0,0,0,0,0,0,0,0,0,0,0,0,0,0,0,0,0,0,0,0,0,0,0,0,0,0,0,0,0,0,0,0,0,0,0,0,0,0,0,0,0,0,0,0,0,0,0,0,0
Shuttle7,	0,0,0,0,0,0,0,0,0,0,0,0,0,0,0,0,0,0,0,0,0,0,0,0,0,0,0,0,0,0,0,0,0,0,0,0,0,0,0,0,0,0,0,0,0,0,0,0,0,0,0,0,0,0,0,0,0,0,0,0,0,0,0,0,0,0,0,0,0,0,0,0,0,0,0,0,0,0,0,0,0,0,1,1,1,1,1,1,0,0,0,0,0,0,0,0,0,0,0,0,0,0,0,0,0,0,0,0,0,0,0,0,0,0,0,0,0,0,0,0,0,0,0,1,1,1,0,0,0,0,0,0,0,0,0,0,0,0,0,0,0,0,0,0,0,0,0,0,0,0,0,0,0,0,0,0,0,0,0,0,0,0,0,0,0,2,2,2,0,0,0,3,3,3,0,0,0,0,0,0,0,0,0,3,3,3,0,0,0,5,5,5,5,5,5,5,5,5,5,32,32,32,32,32,32,32,32,32,32,32,32,32,32,32,32,32,32,0,0,0,0,0,0,0,0,10,10,10,2,2,2,2,2,2,2,2,2,2,2,0,0,0,0,0,0,0,0,0,0,0,0,0,0,0,0,0,0,0,0,0,0,0,0,0,0,0,0,0,0,0,0,0,0,0,0,0,0,0,0,0,0,0,0,0,0,0,0,0,0,0,0,0,0,0,0,0,0,0,0,0,0,0,0,0,0,0,0,0,0,0,0,0,0,0,0,0,0,0,0,0,0,0,0,0,0,0,0,0,0,0,0,0,0,0,0,0,0,0,0,0,0,0,0,0,0,0,0,0,0,0,0,0,0,0,0,0,0,0,0,0,0,0,0,0,0,0,0,0,0,0,0,0,0,0,0,0,0,0,0,0,0,0,0,0,0,0,0,0,0,0,0,0,0,0,0,0,0,0,0,0,0,0,0,0,0,0,0,0,0,0,0,0,0,3,3,3,3,3,3,3,3,3,3,3,3,3,1,0,0,0,0,0,0,0,0,0,0,0,0,0,0,0,0,0,0,0,0,0,0,0,0,0,0,0,0,0,0,0,0,0,1,1,1,1,1,1,1,1,0,0,0,3,3,3,2,2,7,7,7,7,7,7,7,7,7,7,7,0,0,0,0,0,0,0,0,0,0,0,0,0,0,0,0,0,0,0,0,0,0,0,0,0,0,0,0,0,0,0,0,0,0,0,0,0,0,0,0,1,1,1,0,0,0,0,0,0,0,0,0,0,0,0,0,0,0,0,0,0,0,0,0,0,0,0,0,0,0,0,0,0,0,0,0,0,0,0,0,0,0,0,0,0,0,0,0,0,0,0,0,0,0,0,0,0,0,0,0,24,24,24,24,24,24,24,24,24,24,24,24,24,24,24,24,24,24,24,0,0,0,0,0,0,0,0,0,0,0,0,0,0,0,0,0,0,0,0,0,0,0,0,0,0,0,0,0,0,0,0,0,0,0,0,0,6,6,6,6,6,6,1,1,1,1,1,1,1,1,1,0,0,0,0,0,0,0,0,0,0,0,0,0,0,0,0,0,0,0,0,0,0,0,0,0,0,0,0,0,0,0,0,0,0,0,0,0,0,0,0,0,0,0,0,0,0,0,0,0,0,0,0,0,0,0,0,0,0,0,0,0,0,0,0,1,1,1,1,1,1,1,1,1,1,1,1,1,1,1,0,0,0,0,0,0,0,0,0,0,0,0,0,0,0,0,0,0,0,0,0,0,0,0,0,3,3,3,3,3,3,3,3,3,3,3,7,7,7,7,7,7,7,7,7,0,0,0,0,0,0,0,0,0,0,0,0,0,0,0,0,0,0,0,0,0,3,3,3,3,6,6,6,6,6,6,6,6,6,6,2,2,2,2,2,2,2,2,2,2,2,2,2,2,2,2,2,2,2,2,2,2,2,2,2,2,2,2,2,2,2,2,2,2,2,2,2,2,2,2,2,2,2,2,2,2,2,2,2,0,0,0,0,0,3,3,3,3,3,3,3,12,12,12,3,3,3,3,3,3,3,3,3,3,3,2,0,0,0,0,0,0,0,0,0,0,0,0,0,0,0,0,0,2,2,2,0,0,0,0,0,0,0,0,0,0,0,0,0,0,0,0,0,0,0,0,0,0,0,0,0,0,0,0,0,0,0,0,0,0,0,0,0,0,0,0,0,0,0,0,0,0,0,0,0,0,0,0,0,0,0,0,0,0,0,0,0,0,0,0,0,0,0,0,0,0,0,0,0,0,0,0,0,0,0,0,0,0,0,0,0,0,0,0,0,0,0,0,0,0,0,0,0,0,0,0,0,0,0,0,0,0,0,0,0,0,0,0,0,0,0,0,0,0,0,0,0,0,0,0,0,0,0,0,0,0,0,0,0,0,0,0,0,0,0,0,0,0,0,0,0,0,0,0,0,0,0,0,0,0,0,0,0,0,0,0,0,0,0,0,0,0,0,0,0,0,0,0,0,0,0,0,0,0,0,0,0,0,0,0,0,0,0,0,0,0,0,0,0,0,0,1,1,1,5,5,5,5,5,5,5,5,5,5,5,5,5,5,5,5,5,5,3,3,3,3,3,3,3,3,3,3,3,3,3,3,3,3,4,4,4,4,4,4,4,11,11,11,11,11,11,11,11,11,11,4,4,4,4,4,4,0,0,0,0,0,0,0,1,1,1,1,1,1,1,1,1,1,0,0,0,0,0,0,0,0,0,0,0,0,0,0,0,0,0,0,0,0,0,0,0,0,0,0,0,0,0,0,0,0,0,0,0,0,0,0,0,0,0,0,0,0,0,0,0,0,0,0,0,0,0,0,0,0,0,0,0,0,0,0,0,0,0,0,0,0,0,0,0,0,0,0,0,0,0,0,0,0,0,0,0,0,0,0,0,0,0,0,0,0,0,0,0,0,0,0,0,0,0,0,0,0,0,0,0,0,0,0,0,0,0,0,0,0,0,0,0,0,0,0,0,0,0,0,0,0,0,0,0,0,0,0,0,0,0,0,0,0,0,0,0,0,0,0,0,0,0,0,0,0,0,0,0,0,0,0,0,0,0,0,0,0,0,0,0,0,0,0,0,0,0,0,0,0,0,0,0,0,0,0,0,0,0,0,0,0,0,0,0,0,0,0,0,0,0,0,0,0,0,0,0,0,0,0,0,0,0,0,0,0,0,0,0,0,0,0,0,0,0,0,0,0,0,0,0,0,0,0,0,0,0,0,0,0,0,0,0,0,0,0,0,0,0,0,0,0,0,0,0,0,0,0,0
Shuttle8,	0,0,0,0,2,2,2,2,2,2,2,2,0,0,0,0,0,0,0,0,0,0,0,0,0,2,2,2,0,0,0,0,0,0,0,0,0,0,0,0,0,0,0,0,0,0,0,0,0,0,0,0,0,0,0,0,0,0,0,0,0,0,0,0,0,0,0,0,0,0,0,0,0,0,0,0,0,0,0,0,0,0,0,0,0,0,0,0,0,0,0,0,0,0,0,0,0,0,0,0,0,0,0,0,0,19,19,19,19,19,19,30,30,30,30,30,30,30,30,30,30,30,30,30,30,30,30,30,30,2,2,2,2,2,2,2,2,2,2,2,2,2,2,0,0,0,0,0,0,0,0,0,0,0,0,0,0,0,0,0,0,0,0,0,0,0,0,0,0,0,0,0,0,0,0,0,0,0,0,0,0,0,0,0,0,0,0,0,0,0,0,0,0,0,0,0,0,0,0,0,0,0,0,0,0,0,0,0,0,0,0,0,0,0,0,0,0,0,0,0,0,0,0,0,0,0,0,0,0,0,0,0,0,0,0,0,0,0,0,0,0,0,0,2,2,2,0,0,0,0,0,0,0,0,0,0,0,0,0,0,0,0,0,0,0,0,0,0,0,0,0,0,0,0,0,0,0,0,0,0,0,0,0,0,0,0,0,0,0,0,0,0,0,0,0,0,0,0,0,0,0,0,0,0,0,0,0,0,1,1,1,1,1,1,1,1,1,1,1,0,0,0,0,0,0,0,1,1,1,1,1,1,0,0,0,0,0,0,0,0,0,0,0,0,0,0,0,0,0,0,0,0,0,0,0,0,0,0,0,0,0,0,0,0,0,0,0,0,0,0,0,0,0,0,0,0,0,0,0,0,0,0,0,0,0,0,0,0,0,0,0,0,0,0,0,0,0,0,0,0,0,0,0,0,0,0,0,0,0,0,0,0,0,0,0,0,0,0,0,0,0,0,0,0,0,0,0,0,0,0,0,0,0,0,0,0,0,0,0,0,0,0,0,0,0,0,0,0,0,0,0,0,0,0,0,0,0,0,0,0,0,0,0,0,0,0,0,0,0,0,0,0,0,0,0,0,0,0,0,0,0,0,0,0,0,0,0,0,0,0,0,0,0,0,0,0,0,0,0,0,0,0,0,0,0,0,0,0,0,0,0,0,0,0,0,0,0,0,0,0,0,0,0,0,0,0,0,0,0,0,0,0,0,0,0,0,0,0,0,0,0,0,0,0,0,0,0,0,0,0,0,0,0,0,0,0,0,0,0,0,0,0,0,0,0,0,0,0,0,0,0,0,0,0,0,0,0,0,0,0,0,0,0,0,0,0,0,0,0,0,0,0,0,0,0,0,0,0,0,0,0,0,0,0,0,0,0,0,0,0,0,0,0,0,0,0,0,0,0,0,0,0,0,0,0,0,0,0,0,0,0,0,0,0,0,0,0,0,0,0,0,0,0,0,0,0,0,0,0,0,0,0,0,0,0,0,0,0,0,0,0,0,0,0,0,0,0,0,0,0,0,0,0,0,0,0,0,0,0,0,0,0,0,0,0,0,0,0,0,0,0,0,0,0,0,0,0,0,0,0,0,0,0,0,0,0,0,0,0,0,0,0,0,0,0,0,0,0,0,0,0,0,0,0,0,0,0,0,0,0,0,0,0,0,0,0,0,0,0,0,0,0,0,0,0,0,0,0,0,0,0,0,0,0,0,0,0,0,0,0,0,0,0,0,0,0,0,0,0,0,0,0,0,0,0,0,0,0,0,0,0,0,0,0,0,0,0,0,0,0,0,0,0,0,0,0,0,0,0,0,0,0,0,0,0,0,0,0,0,0,0,0,0,0,0,0,0,0,0,1,1,1,1,1,1,1,1,1,1,3,3,3,3,3,3,3,3,3,0,0,0,0,0,0,0,0,0,0,0,0,0,0,0,0,0,0,0,0,0,0,0,0,0,0,0,0,0,0,0,0,0,0,0,0,0,0,0,0,0,0,0,0,0,0,0,0,0,0,0,0,0,0,0,0,0,8,8,11,11,11,21,21,21,32,32,32,9,9,9,9,9,9,9,9,9,9,9,9,9,9,9,9,9,9,7,7,7,7,7,7,0,0,0,0,0,0,0,0,0,0,0,0,0,0,0,0,0,0,0,0,0,0,0,0,0,0,0,0,0,0,0,0,0,0,0,0,0,0,0,0,0,0,0,0,0,0,0,0,0,0,0,0,0,0,0,0,0,0,0,0,0,0,0,0,0,0,0,0,0,0,0,0,0,0,0,0,0,0,0,0,0,0,0,0,0,0,0,0,0,0,0,0,0,0,0,0,0,0,0,0,0,0,0,0,0,0,0,0,0,0,0,0,0,0,0,0,0,0,0,0,0,0,0,0,0,0,0,0,0,0,0,0,0,0,0,0,0,0,0,0,0,0,0,0,0,0,0,0,0,0,0,0,0,0,0,0,0,0,0,0,0,0,0,0,0,0,0,0,0,0,0,0,0,0,0,0,0,0,0,0,0,0,0,0,0,0,0,0,0,0,0,0,0,0,0,0,0,0,0,0,0,0,0,0,0,0,0,0,0,0,0,0,0,0,0,0,0,0,0,0,0,0,0,0,0,0,0,0,0,0,0,0,0,0,0,0,0,0,0,0,0,0,0,0,0,0,0,0,0,0,0,0,0,0,0,0,0,0,0,0,0,0,0,0,0,0,0,0,0,0,0,0,0,0,0,0,0,0,0,0,0,0,0,0,0,0,0,0,0,0,0,0,0,0,0,0,0,0,0,0,0,0,0,0,0,0,0,0,0,0,0,0,0,0,0,0,0,0,0,0,0,0,0,0,0,0,0,0,0,0,0,0,0,0,0,0,0,0,0,0,0,0,0,0,0,0,0,0,0,0,0,0,0,0,0,0,0,0,0,0,0,0,0,0,0,0,0,0,0,0,0,0,0,0,0,0,0,0,0,0,0,0,0,0,0,0,0,0,0,0,0,0,0,0,0,0,0,0,0,0,0,0,0,0,0,0,0,0,0,0,0,0,0,0,0,0,0,0,0,0,0,0,0,0,0,0,0,0,0,0,0,0,0,0,0,0,0,0,0,0,0,0,0,0,0,0,0,0,0,0,0,0,0,0,0,0,0,0,0,0,0,0,0,0,0,0,0,0,0,0,0,0,0,0,0,0,0,0,0,0,0,0,0,0,0,0,0,0,0,0,0,0,0,0,0,0,0,0,0,0,0,0,0,0,0,0,0,0,0,0
Shuttle9,	0,0,0,0,2,2,2,2,3,3,3,3,2,2,2,2,2,2,2,2,2,2,2,2,2,2,0,0,0,0,0,0,0,0,0,0,0,0,0,0,0,0,0,0,0,0,0,0,0,0,2,2,2,0,0,0,0,0,0,0,0,0,2,2,2,0,0,0,1,1,1,0,0,0,0,0,0,0,0,0,0,0,0,0,0,0,0,0,0,0,1,1,1,0,0,0,0,0,0,0,0,0,0,0,0,0,0,0,0,0,0,0,0,0,0,0,0,0,0,0,0,0,0,0,0,0,0,0,0,0,0,0,0,0,0,0,0,0,0,0,0,0,0,0,0,0,0,0,0,0,0,0,0,0,0,0,0,0,0,0,0,0,0,0,0,0,0,0,0,0,0,0,0,0,0,0,0,0,0,0,0,0,0,0,0,0,0,0,0,0,0,0,0,0,0,0,0,0,0,0,0,0,0,0,0,0,0,0,0,0,0,0,0,0,0,0,0,0,0,0,0,0,0,0,0,0,0,0,0,0,0,0,0,0,0,0,0,0,0,0,0,0,0,0,0,0,0,0,0,0,0,0,0,0,0,0,0,0,0,0,0,0,0,0,0,0,0,0,0,0,0,0,0,0,0,0,0,0,0,0,0,0,0,0,0,0,0,0,0,0,0,0,0,0,0,0,0,0,0,0,0,0,0,0,0,0,0,0,0,0,0,0,0,0,0,0,0,0,0,0,0,0,0,0,0,0,0,0,0,0,0,0,0,0,0,0,0,0,0,0,0,0,0,0,0,0,0,0,0,0,0,0,0,0,0,0,0,0,0,0,0,0,0,0,0,0,0,0,0,0,0,0,0,0,0,0,0,0,0,0,0,0,0,0,0,0,0,0,0,0,0,0,0,0,0,0,0,0,0,0,0,0,0,0,0,0,0,0,0,0,0,0,0,0,0,0,0,0,0,0,0,0,0,0,0,0,0,0,0,0,0,0,0,0,0,0,0,0,0,0,0,0,0,0,0,0,0,0,0,0,0,0,0,0,0,0,0,0,0,0,0,0,0,0,0,0,0,0,0,0,0,0,0,0,0,0,0,0,0,0,0,0,0,0,0,0,0,0,0,0,0,0,0,0,0,0,0,0,0,0,0,0,0,0,0,0,0,0,0,0,0,0,0,0,0,0,0,0,0,0,0,0,0,0,0,0,0,0,0,0,0,0,0,0,0,0,0,0,0,0,0,0,0,0,0,0,0,0,0,0,0,0,0,0,0,0,0,0,0,0,0,0,0,0,0,0,0,0,0,0,0,0,0,0,0,0,0,0,0,0,0,0,0,0,0,0,0,0,0,0,0,0,0,0,0,0,0,0,0,0,0,0,0,0,0,0,0,0,0,0,0,0,0,0,0,0,0,0,0,0,0,0,0,0,0,0,0,0,0,0,0,0,0,0,0,0,0,0,0,0,0,0,0,0,0,0,0,0,0,0,0,0,0,0,0,0,0,0,0,0,0,0,0,0,0,0,0,0,0,0,0,0,0,0,0,0,0,0,0,0,0,0,0,0,0,0,0,0,0,0,0,0,0,0,0,0,0,0,0,0,0,0,0,0,0,0,0,0,0,0,0,0,0,0,0,0,0,0,0,0,0,0,0,0,0,0,0,0,0,0,0,0,0,0,0,0,0,0,0,0,0,0,0,0,0,0,0,0,0,0,0,0,0,0,0,0,0,0,0,0,0,0,0,0,0,0,0,0,0,0,0,0,0,0,0,0,0,0,0,0,0,0,0,0,0,0,0,0,45,45,45,45,45,45,45,45,45,45,45,45,45,45,5,5,5,5,5,5,5,1,1,1,1,1,8,8,8,8,8,8,8,8,8,8,8,8,8,8,8,8,8,8,8,8,8,8,8,8,8,8,8,0,0,0,0,0,0,0,0,0,0,0,0,0,0,0,0,0,0,0,0,0,0,0,0,0,0,0,0,0,0,0,0,0,0,0,0,1,1,1,2,2,2,0,0,0,0,0,0,0,0,0,0,0,0,0,0,0,0,0,0,0,0,0,0,0,0,0,0,0,0,0,0,0,0,0,0,0,0,0,0,0,0,0,0,0,0,0,0,0,0,0,0,0,0,0,0,0,0,0,0,0,0,0,0,0,0,0,0,0,0,0,0,0,0,0,0,0,0,0,0,0,0,0,0,0,0,0,0,0,0,0,0,0,0,0,0,0,0,0,0,0,0,0,0,0,0,0,0,0,0,0,0,0,0,0,0,0,0,0,0,0,0,0,0,0,0,0,0,0,0,0,0,0,0,0,0,0,0,0,0,0,0,0,0,0,0,0,0,0,0,0,0,0,0,0,0,0,0,0,0,0,0,0,0,0,0,0,0,0,0,0,0,0,0,0,0,0,0,0,0,0,0,0,0,0,0,0,0,0,0,0,0,0,0,0,0,0,0,0,0,0,0,0,0,0,0,0,0,0,0,0,0,0,0,0,0,0,0,0,0,0,0,0,0,0,0,0,0,0,0,0,0,0,0,0,0,0,0,0,0,0,0,0,0,0,0,0,0,0,0,0,0,0,0,0,0,0,0,0,0,0,0,0,0,0,0,0,0,0,0,0,0,0,0,0,0,0,0,0,0,0,0,0,0,0,0,0,0,0,0,0,0,0,0,0,0,0,0,0,0,0,0,0,0,0,0,0,0,0,0,0,0,0,0,0,0,0,0,0,0,0,0,0,0,0,0,0,0,0,0,0,0,0,0,0,0,0,0,0,0,0,0,0,0,0,0,0,0,0,0,0,0,0,0,0,0,0,0,0,0,0,0,0,0,0,0,0,0,0,0,0,0,0,0,0,0,0,0,0,0,0,0,0,0,0,0,0,0,0,0,0,0,0,0,0,0,0,0,0,0,0,0,0,0,0,0,0,0,0,0,0,0,0,0,0,0,0,0,0,0,0,0,0,0,0,0,0,0,0,0,0,0,0,0,0,0,0,0,0,0,0,0,0,0,0,0,0,0,0,0,0,0,0,0,0,0,0,0,0,0,0,0,0,0,0,0,0,0,0,0,0,0,0,0,0,0,0,0,0,0,0,0,0,0,0,0,0,0,0,0,0,0,0,0,0,0,0,0,0,0,0,0,0,0,0,0,0,0,0,0,0,0,0,0,0,0,0,0,0,0,0,0,0,0,0,0,0,0,0,0,0,0,0,0,0,0,0,0,0,0,0,0,0,0,0,0,0,0,0,0,0,0,0,0,0,0,0,0,0

How early,	-87223/1668,	96,82,102,104,140,105,98,132,140,124,109,117,63,88,107,110,116,141,21,77,102,104,115,131,117,18,59,59,82,83,90,90,90,101,101,109,120,77,127,88,56,67,102,107,118,129,114,67,135,85,92,93,142,98,62,117,147,107,67,68,-94,-48,47,101,77,149,83,18,46,46,63,65,82,90,92,99,102,117,118,124,135,142,148,-128,-31,21,21,29,50,62,68,73,77,83,88,90,99,39,50,51,51,54,58,101,113,127,126,134,126,-105,-101,-88,-48,-38,-19,21,32,36,40,52,58,83,93,109,126,19,88,93,99,117,122,133,137,134,139,113,60,102,94,116,65,22,29,38,52,57,67,82,89,113,114,114,115,118,17,-29,-29,-10,-9,1,18,18,29,32,36,47,51,52,63,64,65,66,70,74,74,77,77,86,90,104,107,113,117,118,118,-38,-9,-5,2,2,26,47,62,69,73,74,97,144,28,-38,-16,-9,-5,2,2,15,26,45,47,62,69,73,74,97,121,144,91,95,-29,44,103,-16,86,71,58,-88,20,25,28,29,46,65,65,74,77,85,93,111,112,134,141,65,82,-259,-201,46,33,27,61,70,-335,-333,-324,-322,-297,-292,-283,-259,-254,-241,-234,-229,-227,-211,-208,-206,-192,-195,-188,-186,-185,-182,-177,-176,-172,-172,-171,-161,-156,-210,62,74,81,104,110,112,119,111,-207,-66,-4,113,128,139,-261,-252,-246,-236,-227,-225,-225,-224,-201,-189,-183,-190,-170,-161,-161,-159,-151,-151,-143,-125,-118,-114,-112,-97,-94,-91,-87,-83,-67,-67,-62,63,68,147,-190,1,9,-190,-146,-100,106,-22,20,-256,-234,12,22,56,71,83,92,138,73,147,-156,-153,-108,93,-186,-183,-170,-136,-133,-127,-116,-91,-88,-84,-70,-60,-59,-59,-36,-34,-23,-6,-5,10,-297,-234,-67,-52,-50,-23,-14,9,20,25,29,32,33,40,42,45,46,59,64,67,68,71,78,79,80,94,99,106,-99,33,28,-127,-84,-323,-283,-269,-88,-69,-53,-52,-12,-8,-6,-5,-4,8,12,-10,17,25,26,28,31,35,35,38,50,52,54,61,67,67,77,78,81,90,102,93,141,-312,-139,-69,-67,-63,-62,-59,-59,-57,-55,-47,-34,-27,-22,-10,-10,2,12,18,25,29,29,33,36,40,40,44,46,60,69,70,94,50,100,101,104,113,120,20,23,97,-52,95,133,139,59,99,117,127,53,74,72,-135,-67,-52,-50,-45,-39,-35,-25,-23,-15,-15,-14,-14,-7,4,9,20,24,25,29,32,33,40,42,45,46,59,64,67,68,71,75,78,79,80,94,99,106,134,113,-346,81,87,23,97,120,-123,-64,-35,36,-35,100,-276,-262,-69,-308,-278,45,-34,25,-185,-163,-34,-46,70,55,89,-413,-353,-94,19,-345,38,43,50,64,88,103,121,139,140,-389,-53,118,59,91,120,-193,-63,-413,-334,-193,-109,-75,-37,-273,-259,-189,-170,-147,-125,-82,-82,34,53,60,-303,-302,-300,-298,-296,-295,-288,-286,-283,-283,-282,-281,-272,-253,-252,-250,-240,-221,-221,-218,-215,-204,-202,-201,-190,-182,-175,-168,-162,27,31,39,44,54,60,60,61,81,87,105,110,122,130,72,-214,-173,-125,-82,-81,-20,43,104,121,-31,-13,2,10,12,13,14,24,32,41,42,46,53,57,58,72,79,81,86,92,94,103,131,96,113,33,48,-236,-43,-29,-21,-9,9,11,17,29,31,33,36,42,52,52,56,57,57,58,64,73,77,78,83,94,94,95,110,119,123,-41,10,13,13,17,18,18,27,34,35,35,40,53,56,60,62,65,74,74,102,125,126,-304,-254,-252,-69,135,-307,-174,-80,-6,-139,-226,19,65,-530,-429,-424,-293,-174,-119,-116,-109,-108,-104,-101,-99,-98,-97,-95,-94,-80,-80,-78,-76,-69,-64,-60,-60,-38,-38,-40,-25,-24,-26,-16,-186,21,24,49,54,55,58,65,70,84,98,114,-11,36,38,47,53,57,62,68,75,43,93,93,97,97,118,126,141,148,-463,-443,-423,-411,-293,-40,98,-535,-293,-45,-77,-35,-30,-15,-15,-11,1,6,8,10,10,13,13,7,31,31,37,42,48,49,50,53,53,56,61,71,64,78,79,81,84,85,91,92,126,111,-464,-432,-417,-251,-34,-64,113,114,142,81,94,48,63,80,94,95,96,98,105,109,-155,-8,3,-510,-56,-188,-153,-23,9,56,-158,-116,-109,-80,-75,-73,-71,-71,-68,-50,-50,-39,-32,-31,-25,-20,-17,-3,-2,0,3,4,10,11,33,45,65,66,37,43,43,51,56,64,79,79,86,87,93,119,124,124,-519,-158,-116,-109,-96,-96,-80,-75,-73,-71,-71,-68,-68,-53,-50,-50,-39,-33,-32,-31,-28,-28,-25,-20,-17,-3,-2,0,3,4,10,11,33,45,65,66,60,-390,-23,9,53,1,15,80,-517,-166,-108,-493,-270,26,-419,-411,-205,-195,-133,-56,-550,-247,61,-448,-252,-222,-127,-59,-40,-462,-334,-217,-80,-87,-68,-36,4,68,94,-263,5,25,-273,-173,-386,-382,-379,-372,-370,-370,-368,-381,-360,-358,-352,-350,-350,-343,-326,-309,-314,-305,-296,-294,-291,-287,-277,-273,-268,-261,-250,-247,-246,-245,-231,-229,-224,-223,-212,-208,-204,-201,-195,-192,-190,-190,-181,-181,-177,-173,-165,-164,-164,-161,-158,-154,-153,-151,-151,-148,-141,-138,-125,-124,-118,-112,-107,-103,-95,-84,-71,-69,-59,-55,-52,-44,-44,-42,-562,-394,-227,-211,-121,-62,36,69,-485,-20,-6,-5,25,31,35,49,61,63,67,72,74,76,77,79,89,93,94,109,123,-34,-5,41,55,65,-149,-57,18,-637,-622,-428,-129,-124,-63,21,68,95,-109,-96,23,110,-463,-360,-311,-285,121,-513,-300,-155,-87,-75,54,64,70,-167,-137,-106,-103,-99,-74,-63,-60,-47,-44,-42,-35,-30,-29,-26,-23,-21,-19,-16,-13,-9,-9,-6,-1,1,3,4,5,8,8,8,10,10,-581,-305,-171,-120,-18,10,5,14,20,22,22,31,33,37,48,53,61,63,63,76,82,86,87,90,94,97,97,-604,-428,-393,-354,-360,-326,-317,-276,-114,-7,13,50,-335,-272,-204,-3,76,-416,-192,-1,31,75,-165,-162,-162,-147,-141,-121,-116,-116,-103,-85,-75,-67,-65,-59,-52,-50,-49,-48,-44,-44,-44,-41,-34,-31,-23,-20,-20,-17,-14,-11,-10,-8,-7,-7,-3,-1,17,17,19,-144,-143,-141,-138,-137,-136,-135,-125,-122,-111,-108,-107,-105,-96,-86,-82,-81,-80,-72,-68,-66,-57,-56,-84,-50,-47,-42,-35,-29,-21,-14,-13,-12,-6,1,10,13,16,-96,-80,-71,-62,-51,-40,-27,-17,-15,-12,1,2,4,6,7,13,15,20,23,25,27,31,33,38,38,39,41,41,43,57,73,85,86,86,89,91,91,110,99,124,127,125,-662,-563,-543,-517,-422,-392,-230,-147,-94,-84,44,-275,-127,10,-178,-117,-35,-231,51,57,-133,-520,-133,-637,-420,-188,-33,66,-207,-43,-38,35,31,32,41,56,64,70,76,96,113,116,136,89,92,-64,46,49,-334,-268,49,24,46,49,-19,-359,-13,11,86,-231,-220,-111,-103,-1,72,-240,-113,-723,-465,-362,-321,-301,-279,-144,-126,-8,5,-583,-53,-27,18,26,-152,-137,-72,-47,-56,-44,52,-709,-564,-440,-185,-53,46,54,61,35,114,115,121,-253,-19,18,33,-149,-111,-54,118,-449,-11,50,88,148,-58,-620,-782,-696,-675,-498,-111,-54,-11,-822,-765,-626,-391,-323,-533,-99,-23,-657,-398,-215,-479,-398,-325,-26,-141,-396,-393,-379,-141,-93,135,-306,-149,-133,-113,-62,-48,4,91,-64,-15,-219,-173,-165,-130,-88,-93,44,72,-37,41,57,-136,-154,-116,-113,-107,-91,-93,-71,-54,-40,-39,-36,-32,-28,-20,-20,-13,-12,-7,-4,-2,5,6,6,8,12,26,28,-5,29,33,34,35,37,41,24,58,59,61,62,65,68,73,74,82,80,93,98,100,102,103,106,108,111,111,128,131,132,-153,46,-578,-407,-374,-294,-199,-149,-148,-111,-111,-76,-33,-51,7,23,126,-20,-675,-606,-605,-512,-407,-132,-15,48,-131,-131,-42,-57,112,-781,-630,-446,-386,-337,-168,-132,-77,-64,-19,-26,-19,0,44,47,-521,-227,-154,44,-215,-178,-115,-415,-244,-131,-285,-69,-7,29,-136,-134,64,84,106,114,-178,46,80,124,-232,-114,31,-934,-795,-588,-539,-475,-245,-232,-172,-131,-484,-245,-194,136,-168,-77,22,-284,-75,-40,-12,21,93,-196,-43,-13,48,76,-196,-43,-13

How wait,	249044/1668,	0,0,0,0,1,0,0,0,1,2,70,50,46,69,2,3,2,5,1,3,54,49,3,13,12,69,52,35,12,44,15,9,5,5,34,52,12,15,9,15,9,47,0,0,0,0,0,1,62,0,62,43,0,0,0,0,0,0,0,0,0,1,0,0,0,0,0,0,0,1,1,1,0,2,1,0,0,0,34,3,78,46,44,47,10,39,6,10,10,8,3,3,0,39,178,66,35,59,66,29,50,49,42,54,58,60,36,52,3,10,0,79,79,150,133,181,182,87,157,65,60,65,64,55,36,42,52,3,10,0,137,16,7,12,3,25,15,6,125,107,0,0,3,12,2,2,23,32,46,15,5,0,39,18,6,23,35,21,1,80,60,76,70,89,82,76,55,92,43,26,87,51,6,44,3,29,69,42,3,45,64,8,30,26,30,15,7,21,8,23,232,107,71,28,28,42,3,24,4,137,89,107,117,100,105,91,71,91,28,99,28,91,38,56,67,42,3,24,4,56,32,291,282,196,13,31,375,27,58,42,42,49,23,29,28,49,20,11,49,7,13,42,34,17,11,7,44,65,398,343,380,160,97,65,113,52,83,24,56,39,0,391,387,396,403,408,366,373,405,370,338,318,338,291,362,297,291,320,351,297,349,346,338,251,288,290,292,241,267,279,242,366,333,34,9,3,29,3,21,23,17,5,12,378,341,146,1,18,5,349,340,320,291,350,303,336,311,281,251,311,321,320,308,245,302,223,216,242,240,157,212,163,150,154,180,178,210,117,4,1,0,245,246,47,157,216,210,190,33,113,97,55,328,73,37,1,11,6,12,11,2,2,220,1,266,260,255,264,210,255,260,249,249,242,220,160,172,167,172,202,143,172,173,154,192,91,157,130,158,82,63,113,75,61,42,122,355,380,112,112,132,63,81,114,92,76,65,26,51,37,66,75,85,73,17,67,64,7,4,14,33,49,20,28,32,45,255,160,150,303,341,125,107,111,111,91,70,141,129,91,73,81,54,27,67,28,37,83,20,66,31,52,31,7,20,5,292,1,8,358,287,218,197,161,207,146,177,115,157,108,158,135,96,122,92,85,140,143,121,86,83,69,32,36,32,10,32,66,18,4,54,29,51,7,1,13,34,22,26,112,45,38,91,36,8,10,15,11,5,3,0,0,1,2,112,112,90,85,132,94,81,63,121,81,114,92,76,127,65,14,26,51,102,37,68,66,75,85,73,17,67,64,7,4,14,33,49,20,22,28,0,0,433,8,1,3,45,38,0,115,66,29,412,402,127,10,108,48,319,220,212,114,150,0,508,454,182,406,207,193,18,18,15,3,15,1,18,3,5,406,210,15,0,27,3,4,315,151,469,315,174,540,524,371,375,284,248,201,140,55,76,32,447,434,355,444,360,437,397,354,397,401,384,358,377,349,353,310,321,322,277,290,302,265,241,317,321,246,283,286,245,83,394,27,42,10,34,35,17,9,17,0,36,4,18,7,164,5,0,107,104,86,55,115,68,69,120,37,86,55,45,44,87,29,71,38,11,35,48,30,3,22,16,42,3,18,12,110,85,104,110,107,61,30,69,22,11,12,77,3,13,14,32,72,50,63,34,43,9,40,31,26,27,19,118,118,104,72,110,85,92,46,64,50,56,102,68,64,32,20,47,10,44,70,34,14,23,430,403,402,333,161,1,192,78,196,314,192,7,32,573,388,192,285,246,259,212,202,209,248,237,215,245,177,161,223,185,184,142,185,206,166,173,91,77,145,87,87,344,79,22,45,20,7,7,26,37,5,31,14,84,22,35,25,17,32,42,30,22,14,60,27,44,28,47,0,14,0,0,539,487,475,443,388,103,2,346,116,116,124,83,84,72,57,96,73,100,19,22,23,40,72,90,36,87,20,93,44,76,77,60,40,28,21,23,30,45,11,2,8,2,2,484,489,282,127,140,6,5,6,13,1,123,16,13,19,14,14,2,15,8,4,285,128,527,356,167,496,252,210,106,99,84,258,199,158,176,132,175,115,147,111,168,151,152,115,103,96,98,105,120,86,77,74,83,77,40,28,30,32,27,31,33,4,31,33,34,4,3,15,25,625,258,191,234,199,158,147,176,132,171,148,175,149,98,115,147,111,162,95,168,151,152,115,103,96,98,105,120,86,77,74,83,77,40,69,496,106,99,87,126,131,54,664,232,169,330,64,569,556,260,304,186,124,669,392,328,276,63,525,317,297,234,138,515,370,331,192,203,166,99,109,106,4,31,25,13,335,105,93,355,215,243,440,526,440,459,453,449,503,494,501,408,472,481,399,441,430,405,397,372,393,374,323,344,363,374,321,382,331,307,350,328,352,330,288,315,330,267,307,238,299,320,279,283,294,287,245,268,296,294,218,262,224,264,203,252,250,238,224,156,188,169,186,220,218,123,122,165,132,150,121,640,515,364,331,234,166,4,25,41,564,71,57,67,52,22,28,27,10,66,15,30,25,27,57,44,39,47,3,26,134,77,15,10,54,211,141,54,732,423,185,230,183,178,81,3,35,195,166,84,16,588,469,419,5,575,424,218,236,131,74,46,31,283,166,173,156,165,135,119,107,137,142,139,156,135,86,90,130,131,92,86,125,151,143,79,81,66,80,85,60,107,88,93,645,573,440,227,96,45,76,103,122,42,46,90,59,68,23,2,3,84,9,61,29,34,29,50,6,31,717,500,394,411,443,426,319,117,105,4,554,410,286,101,2,481,270,142,26,33,38,224,213,221,208,211,205,207,204,224,166,180,125,126,144,170,111,158,105,169,112,137,165,184,160,117,149,105,136,124,101,96,100,58,124,136,143,56,127,56,507,208,215,193,204,205,208,198,181,226,207,208,175,195,180,222,149,218,216,176,121,136,129,175,123,140,183,121,194,134,111,81,166,135,139,75,129,55,82,54,42,150,140,175,177,158,148,164,100,151,91,96,74,67,114,94,112,89,65,63,82,24,87,64,51,59,79,48,91,23,79,40,19,29,30,56,11,22,19,14,12,11,14,789,645,635,639,460,423,327,265,183,167,76,420,204,53,313,247,120,351,68,17,611,229,611,229,700,602,337,116,42,255,142,182,35,37,39,48,50,56,59,54,49,13,9,2,0,1,114,16,41,416,319,4,52,16,41,126,400,38,56,23,307,214,159,62,39,271,217,800,519,400,428,387,236,266,200,114,100,654,160,90,95,61,439,293,170,209,102,109,97,1,812,622,578,266,136,62,11,15,88,0,11,11,320,278,75,120,66,719,518,295,217,109,16,538,121,63,0,1,148,670,827,794,719,734,518,217,109,121,911,861,673,448,428,405,576,181,136,805,472,414,296,578,462,414,114,197,161,520,520,525,197,161,0,388,239,218,191,181,174,118,41,180,153,310,295,278,152,23,4,108,53,2,196,182,193,186,186,172,169,148,160,112,90,143,144,115,125,166,118,145,101,91,137,125,87,95,91,127,80,115,83,79,47,52,50,69,99,6,7,68,26,82,70,16,72,57,10,2,3,27,17,6,17,6,15,11,12,11,8,9,223,0,668,470,497,286,263,292,278,189,169,140,153,143,102,53,18,120,689,720,596,460,504,220,146,10,470,299,182,200,116,118,0,850,791,523,243,153,132,186,109,126,95,61,96,97,517,538,257,249,24,268,252,200,470,299,200,556,133,70,21,204,214,18,20,18,26,291,69,4,0,294,220,66,965,844,711,659,556,275,294,268,267,216,535,275,268,4,118,40,393,181,92,88,96,21,300,88,114,8,27,300,88,114


Missed people's location (Destination / Demand time) At 1439
A Station,	(P/249/-1), (J/269/-1), (M/278/-1), (I/286/-1), (U/360/-1), (O/369/-1), (P/431/-1), (I/443/-1), (O/604/-1), (J/631/-1), (M/767/-1), (U/839/-1), (O/849/-1), (F/913/-1), (L/979/-1), (S/1026/-1), (E/1026/-1), (M/1027/-1), (R/1094/-1), (E/1117/-1), (F/1122/-1), (Q/1156/-1), (N/1184/-1), (Q/1208/-1), (I/1233/-1), (U/1242/-1), (O/1265/-1), (I/1289/-1), (U/1312/-1), (P/1360/-1), (E/1375/-1)
B Station,	(R/126/-1), (R/218/-1), (Q/220/-1), (N/243/-1), (I/255/-1), (N/272/-1), (P/325/-1), (G/362/-1), (R/386/-1), (I/386/-1), (Q/426/-1), (H/439/-1), (Q/472/-1), (N/479/-1), (N/488/-1), (U/527/-1), (G/551/-1), (O/553/-1), (Q/566/-1), (P/585/-1), (H/647/-1), (G/651/-1), (G/659/-1), (J/671/-1), (W/692/-1), (R/699/-1), (U/700/-1), (N/726/-1), (H/754/-1), (N/754/-1), (L/754/-1), (G/773/-1), (U/781/-1), (K/785/-1), (P/796/-1), (U/812/-1), (G/828/-1), (O/836/-1), (H/883/-1), (L/888/-1), (L/917/-1), (S/942/-1), (N/947/-1), (P/1007/-1), (V/1030/-1), (R/1051/-1), (P/1059/-1), (C/1067/-1), (C/1082/-1), (M/1093/-1), (S/1093/-1), (R/1100/-1), (R/1123/-1), (D/1124/-1), (N/1230/-1), (S/1269/-1), (S/1274/-1), (I/1288/-1), (J/1300/-1), (A/1343/-1), (D/1360/-1), (G/1360/-1), (P/1367/-1), (D/1378/-1), (L/1385/-1), (R/1386/-1), (V/1397/-1), (H/1405/-1), (S/1423/-1), (S/1423/-1)
C Station,	(I/84/-1), (J/104/-1), (J/166/-1), (J/234/-1), (J/359/-1), (I/386/-1), (M/518/-1), (I/556/-1), (P/590/-1), (O/622/-1), (M/627/-1), (M/654/-1), (I/741/-1), (N/753/-1), (P/773/-1), (P/862/-1), (Q/978/-1), (O/979/-1), (Q/986/-1), (L/988/-1), (P/991/-1), (M/992/-1), (O/1018/-1), (J/1020/-1), (N/1047/-1), (J/1077/-1), (L/1132/-1), (P/1178/-1), (E/1213/-1), (S/1253/-1), (J/1258/-1), (L/1331/-1), (L/1345/-1), (Q/1357/-1), (F/1378/-1), (M/1378/-1), (U/1381/-1), (M/1403/-1), (P/1405/-1), (K/1410/-1)
D Station,	(M/219/-1), (I/275/-1), (P/341/-1), (I/452/-1), (P/478/-1), (M/493/-1), (P/497/-1), (I/548/-1), (M/630/-1), (N/671/-1), (J/771/-1), (N/780/-1), (M/824/-1), (O/853/-1), (P/1017/-1), (N/1031/-1), (J/1113/-1), (I/1141/-1), (M/1178/-1), (P/1190/-1), (A/1194/-1), (M/1199/-1), (Q/1206/-1), (K/1233/-1), (H/1291/-1), (Q/1323/-1), (A/1382/-1), (W/1415/-1), (K/1415/-1), (G/1418/-1), (R/1421/-1), (J/1426/-1), (B/1439/-1)
E Station,	(I/179/-1), (Q/182/-1), (M/222/-1), (I/227/-1), (Q/236/-1), (Q/255/-1), (H/280/-1), (W/289/-1), (K/315/-1), (P/321/-1), (I/325/-1), (P/391/-1), (J/423/-1), (I/433/-1), (Q/446/-1), (P/499/-1), (I/511/-1), (H/614/-1), (P/663/-1), (H/669/-1), (O/679/-1), (O/694/-1), (J/697/-1), (M/716/-1), (P/755/-1), (J/789/-1), (J/813/-1), (H/867/-1), (I/910/-1), (W/981/-1), (Q/989/-1), (J/1015/-1), (L/1016/-1), (J/1060/-1), (M/1090/-1), (W/1116/-1), (N/1173/-1), (F/1210/-1), (W/1211/-1), (L/1260/-1), (G/1264/-1), (Q/1265/-1), (I/1278/-1), (T/1285/-1), (W/1299/-1), (F/1309/-1), (K/1318/-1), (B/1321/-1), (B/1321/-1), (G/1332/-1), (P/1359/-1), (T/1387/-1), (S/1389/-1), (P/1396/-1), (T/1405/-1), (U/1410/-1), (W/1418/-1), (A/1428/-1), (A/1436/-1)
F Station,	(U/102/-1), (W/130/-1), (J/169/-1), (R/176/-1), (W/188/-1), (R/245/-1), (W/252/-1), (V/262/-1), (Q/272/-1), (W/296/-1), (W/344/-1), (I/348/-1), (K/349/-1), (U/352/-1), (I/363/-1), (H/397/-1), (K/454/-1), (O/640/-1), (J/680/-1), (K/681/-1), (H/698/-1), (I/706/-1), (G/708/-1), (V/742/-1), (Q/743/-1), (V/787/-1), (W/798/-1), (V/816/-1), (D/830/-1), (G/854/-1), (U/864/-1), (H/877/-1), (K/882/-1), (T/956/-1), (O/962/-1), (W/967/-1), (R/981/-1), (L/1030/-1), (W/1080/-1), (J/1082/-1), (M/1119/-1), (Q/1134/-1), (U/1162/-1), (T/1172/-1), (U/1172/-1), (P/1201/-1), (Q/1229/-1), (R/1238/-1), (S/1242/-1), (H/1256/-1), (V/1260/-1), (H/1280/-1), (A/1286/-1), (U/1287/-1), (I/1299/-1), (R/1326/-1), (T/1346/-1), (D/1366/-1), (Q/1409/-1), (B/1418/-1), (P/1430/-1)
G Station,	(O/423/-1), (M/495/-1), (J/523/-1), (O/526/-1), (I/685/-1), (I/755/-1), (O/782/-1), (F/892/-1), (A/1016/-1), (B/1020/-1), (P/1079/-1), (J/1106/-1), (E/1140/-1), (E/1210/-1), (D/1228/-1), (S/1229/-1), (B/1235/-1), (A/1240/-1), (O/1242/-1), (D/1252/-1), (J/1262/-1), (A/1269/-1), (P/1292/-1), (S/1311/-1), (I/1321/-1), (Q/1351/-1), (R/1363/-1), (A/1370/-1), (I/1384/-1), (C/1393/-1), (Q/1394/-1)
H Station,	(P/83/-1), (D/119/-1), (P/167/-1), (N/233/-1), (I/314/-1), (I/325/-1), (M/345/-1), (N/384/-1), (D/516/-1), (S/526/-1), (O/558/-1), (K/573/-1), (W/577/-1), (Q/588/-1), (K/622/-1), (N/623/-1), (I/643/-1), (K/654/-1), (I/659/-1), (W/725/-1), (I/728/-1), (V/728/-1), (D/731/-1), (J/739/-1), (P/750/-1), (V/761/-1), (S/766/-1), (M/794/-1), (V/841/-1), (I/849/-1), (K/862/-1), (D/879/-1), (M/893/-1), (T/925/-1), (K/927/-1), (U/935/-1), (M/939/-1), (V/944/-1), (V/987/-1), (W/1014/-1), (W/1016/-1), (V/1024/-1), (V/1024/-1), (O/1039/-1), (V/1059/-1), (K/1078/-1), (V/1102/-1), (U/1140/-1), (V/1142/-1), (R/1144/-1), (V/1158/-1), (O/1161/-1), (V/1207/-1), (T/1210/-1), (V/1220/-1), (V/1240/-1), (L/1266/-1), (O/1269/-1), (K/1271/-1), (F/1274/-1), (W/1279/-1), (F/1329/-1), (Q/1355/-1), (S/1371/-1), (W/1379/-1), (W/1403/-1), (J/1409/-1), (R/1412/-1), (K/1413/-1), (D/1427/-1)
I Station,	(Q/77/-1), (S/87/-1), (P/98/-1), (R/132/-1), (H/178/-1), (Q/183/-1), (B/187/-1), (J/193/-1), (D/217/-1), (U/261/-1), (V/267/-1), (W/337/-1), (J/344/-1), (S/409/-1), (A/409/-1), (J/420/-1), (W/431/-1), (H/452/-1), (G/461/-1), (N/461/-1), (R/465/-1), (V/469/-1), (K/486/-1), (A/497/-1), (P/519/-1), (U/565/-1), (W/579/-1), (A/582/-1), (O/586/-1), (L/599/-1), (G/610/-1), (R/610/-1), (A/631/-1), (R/642/-1), (N/664/-1), (P/671/-1), (H/695/-1), (U/724/-1), (F/733/-1), (V/743/-1), (D/748/-1), (W/748/-1), (U/750/-1), (S/778/-1), (R/878/-1), (L/911/-1), (T/924/-1), (T/954/-1), (A/974/-1), (L/999/-1), (V/1003/-1), (S/1038/-1), (G/1082/-1), (V/1142/-1), (S/1153/-1), (T/1159/-1), (E/1164/-1), (S/1184/-1), (F/1192/-1), (J/1195/-1), (F/1198/-1), (M/1200/-1), (S/1252/-1), (F/1296/-1), (C/1303/-1), (O/1315/-1), (R/1348/-1), (E/1362/-1), (R/1376/-1), (P/1377/-1), (S/1378/-1), (W/1388/-1), (F/1402/-1), (M/1418/-1), (N/1425/-1)
J Station,	(P/115/-1), (L/145/-1), (W/172/-1), (Q/191/-1), (K/192/-1), (B/200/-1), (A/208/-1), (E/224/-1), (P/242/-1), (K/258/-1), (L/285/-1), (O/290/-1), (G/291/-1), (S/297/-1), (L/308/-1), (A/310/-1), (P/320/-1), (A/330/-1), (N/357/-1), (H/357/-1), (G/386/-1), (K/442/-1), (N/443/-1), (Q/463/-1), (I/464/-1), (R/488/-1), (R/511/-1), (E/521/-1), (A/546/-1), (K/553/-1), (P/562/-1), (Q/564/-1), (C/573/-1), (E/583/-1), (U/584/-1), (O/595/-1), (F/597/-1), (G/604/-1), (V/609/-1), (K/644/-1), (Q/651/-1), (K/654/-1), (M/663/-1), (W/677/-1), (G/683/-1), (K/704/-1), (W/725/-1), (Q/732/-1), (O/732/-1), (A/743/-1), (E/746/-1), (R/750/-1), (W/752/-1), (C/754/-1), (Q/755/-1), (G/786/-1), (V/816/-1), (N/826/-1), (H/860/-1), (M/884/-1), (E/912/-1), (E/912/-1), (O/919/-1), (O/934/-1), (Q/936/-1), (S/986/-1), (U/1002/-1), (N/1009/-1), (Q/1021/-1), (H/1023/-1), (M/1026/-1), (I/1037/-1), (S/1059/-1), (L/1084/-1), (L/1108/-1), (A/1119/-1), (F/1144/-1), (F/1200/-1), (K/1209/-1), (Q/1225/-1), (W/1249/-1), (U/1259/-1), (E/1269/-1), (M/1279/-1), (D/1290/-1), (S/1300/-1), (Q/1311/-1), (I/1322/-1), (C/1348/-1), (N/1366/-1), (F/1379/-1), (R/1379/-1), (B/1426/-1)
K Station,	(W/84/-1), (C/128/-1), (U/132/-1), (I/148/-1), (V/156/-1), (V/177/-1), (V/178/-1), (G/182/-1), (D/218/-1), (W/241/-1), (I/257/-1), (W/293/-1), (R/298/-1), (V/305/-1), (R/306/-1), (O/321/-1), (T/347/-1), (P/355/-1), (W/419/-1), (V/425/-1), (P/429/-1), (W/442/-1), (J/449/-1), (Q/456/-1), (N/458/-1), (N/458/-1), (J/464/-1), (M/464/-1), (C/469/-1), (S/491/-1), (I/494/-1), (G/497/-1), (V/497/-1), (W/549/-1), (N/565/-1), (J/567/-1), (H/589/-1), (L/591/-1), (Q/615/-1), (W/625/-1), (L/650/-1), (R/656/-1), (C/668/-1), (W/683/-1), (C/700/-1), (W/704/-1), (W/714/-1), (W/718/-1), (C/760/-1), (V/773/-1), (W/785/-1), (N/787/-1), (V/790/-1), (G/813/-1), (D/831/-1), (V/866/-1), (I/881/-1), (Q/903/-1), (V/922/-1), (W/929/-1), (H/939/-1), (W/945/-1), (F/953/-1), (D/958/-1), (S/971/-1), (V/972/-1), (C/978/-1), (H/1013/-1), (G/1017/-1), (H/1036/-1), (D/1049/-1), (N/1084/-1), (V/1101/-1), (T/1103/-1), (S/1120/-1), (F/1120/-1), (G/1130/-1), (G/1149/-1), (C/1152/-1), (W/1165/-1), (W/1169/-1), (L/1171/-1), (M/1171/-1), (H/1198/-1), (I/1222/-1), (A/1269/-1), (F/1273/-1), (E/1279/-1), (M/1343/-1), (V/1363/-1), (J/1365/-1), (E/1366/-1), (B/1381/-1), (R/1429/-1)
L Station,	(H/174/-1), (H/180/-1), (Q/181/-1), (R/250/-1), (J/268/-1), (H/275/-1), (P/293/-1), (O/344/-1), (K/383/-1), (U/430/-1), (O/437/-1), (Q/447/-1), (V/454/-1), (H/461/-1), (A/480/-1), (F/578/-1), (K/590/-1), (R/609/-1), (V/629/-1), (V/635/-1), (W/657/-1), (F/660/-1), (Q/662/-1), (H/714/-1), (C/757/-1), (T/760/-1), (H/762/-1), (T/765/-1), (T/769/-1), (W/774/-1), (W/775/-1), (O/776/-1), (T/777/-1), (T/778/-1), (D/779/-1), (T/781/-1), (T/784/-1), (T/791/-1), (T/795/-1), (T/798/-1), (T/801/-1), (T/812/-1), (T/818/-1), (T/824/-1), (T/831/-1), (T/832/-1), (T/837/-1), (T/839/-1), (T/841/-1), (T/841/-1), (T/843/-1), (T/844/-1), (T/844/-1), (T/851/-1), (T/853/-1), (P/854/-1), (O/857/-1), (T/857/-1), (T/862/-1), (T/864/-1), (M/867/-1), (T/868/-1), (T/868/-1), (T/872/-1), (T/873/-1), (T/876/-1), (T/882/-1), (T/883/-1), (T/888/-1), (W/889/-1), (T/892/-1), (V/899/-1), (T/900/-1), (T/903/-1), (T/918/-1), (T/921/-1), (Q/934/-1), (T/937/-1), (T/938/-1), (T/939/-1), (T/941/-1), (T/943/-1), (T/946/-1), (A/947/-1), (T/948/-1), (T/953/-1), (T/955/-1), (T/956/-1), (T/957/-1), (T/968/-1), (T/970/-1), (T/972/-1), (Q/975/-1), (T/975/-1), (T/981/-1), (E/983/-1), (I/985/-1), (F/988/-1), (T/989/-1), (T/994/-1), (R/996/-1), (T/997/-1), (T/997/-1), (T/1000/-1), (T/1001/-1), (T/1002/-1), (T/1011/-1), (T/1014/-1), (T/1017/-1), (T/1018/-1), (T/1024/-1), (T/1028/-1), (T/1029/-1), (T/1033/-1), (B/1034/-1), (T/1037/-1), (T/1038/-1), (T/1039/-1), (T/1045/-1), (H/1045/-1), (T/1049/-1), (T/1049/-1), (T/1054/-1), (D/1055/-1), (T/1055/-1), (K/1056/-1), (T/1057/-1), (T/1073/-1), (T/1075/-1), (T/1078/-1), (T/1082/-1), (T/1082/-1), (T/1089/-1), (T/1089/-1), (R/1094/-1), (T/1098/-1), (T/1101/-1), (T/1104/-1), (T/1106/-1), (T/1112/-1), (T/1114/-1), (N/1118/-1), (T/1123/-1), (T/1126/-1), (P/1134/-1), (T/1136/-1), (T/1138/-1), (T/1144/-1), (T/1154/-1), (T/1159/-1), (T/1164/-1), (D/1169/-1), (T/1175/-1), (T/1178/-1), (T/1178/-1), (T/1179/-1), (T/1180/-1), (T/1183/-1), (T/1187/-1), (T/1192/-1), (N/1195/-1), (T/1196/-1), (T/1198/-1), (T/1199/-1), (T/1201/-1), (T/1201/-1), (T/1208/-1), (O/1208/-1), (K/1219/-1), (T/1224/-1), (B/1225/-1), (T/1233/-1), (T/1235/-1), (Q/1238/-1), (T/1249/-1), (T/1255/-1), (T/1255/-1), (T/1256/-1), (T/1260/-1), (T/1261/-1), (T/1261/-1), (T/1265/-1), (T/1267/-1), (T/1270/-1), (T/1270/-1), (S/1272/-1), (T/1279/-1), (T/1280/-1), (T/1283/-1), (V/1285/-1), (K/1285/-1), (T/1285/-1), (T/1286/-1), (T/1286/-1), (T/1288/-1), (T/1293/-1), (T/1298/-1), (T/1299/-1), (T/1310/-1), (M/1313/-1), (T/1318/-1), (O/1329/-1), (T/1332/-1), (T/1333/-1), (T/1334/-1), (T/1345/-1), (Q/1357/-1), (T/1357/-1), (T/1366/-1), (T/1367/-1), (A/1369/-1), (T/1369/-1), (T/1372/-1), (T/1373/-1), (T/1375/-1), (T/1382/-1), (T/1384/-1), (T/1386/-1), (B/1388/-1), (T/1397/-1), (T/1403/-1), (E/1407/-1), (T/1409/-1), (T/1411/-1), (E/1411/-1), (H/1415/-1), (T/1416/-1), (T/1431/-1), (T/1434/-1), (T/1436/-1)
M Station,	(G/75/-1), (F/99/-1), (O/165/-1), (U/177/-1), (F/183/-1), (S/190/-1), (G/205/-1), (W/211/-1), (B/237/-1), (J/243/-1), (F/260/-1), (T/275/-1), (H/312/-1), (L/331/-1), (E/365/-1), (W/367/-1), (K/372/-1), (T/419/-1), (D/462/-1), (P/468/-1), (U/476/-1), (B/499/-1), (C/539/-1), (I/554/-1), (E/567/-1), (U/594/-1), (L/598/-1), (T/610/-1), (A/610/-1), (G/639/-1), (W/644/-1), (U/654/-1), (A/662/-1), (T/704/-1), (O/742/-1), (V/745/-1), (H/746/-1), (O/764/-1), (S/777/-1), (S/779/-1), (P/823/-1), (Q/828/-1), (J/856/-1), (S/865/-1), (G/914/-1), (F/963/-1), (B/978/-1), (W/984/-1), (P/996/-1), (H/1010/-1), (B/1016/-1), (I/1037/-1), (Q/1044/-1), (I/1063/-1), (K/1083/-1), (W/1109/-1), (I/1114/-1), (G/1124/-1), (P/1140/-1), (H/1145/-1), (U/1176/-1), (Q/1182/-1), (A/1192/-1), (F/1211/-1), (F/1216/-1), (S/1267/-1), (A/1288/-1), (B/1289/-1), (W/1311/-1), (S/1315/-1), (T/1366/-1), (R/1368/-1), (G/1388/-1), (D/1403/-1), (O/1410/-1), (C/1423/-1), (R/1424/-1), (J/1433/-1), (T/1437/-1)
N Station,	(H/96/-1), (U/108/-1), (I/121/-1), (U/220/-1), (P/241/-1), (I/267/-1), (U/307/-1), (M/444/-1), (K/509/-1), (M/611/-1), (U/619/-1), (K/635/-1), (J/730/-1), (L/731/-1), (H/771/-1), (M/800/-1), (E/816/-1), (D/847/-1), (G/856/-1), (G/860/-1), (G/861/-1), (G/863/-1), (G/865/-1), (G/866/-1), (G/871/-1), (G/871/-1), (G/874/-1), (H/879/-1), (G/879/-1), (G/882/-1), (D/882/-1), (G/883/-1), (G/887/-1), (G/889/-1), (A/889/-1), (G/890/-1), (G/890/-1), (G/890/-1), (G/891/-1), (G/893/-1), (G/896/-1), (E/898/-1), (G/898/-1), (F/899/-1), (G/903/-1), (G/903/-1), (V/906/-1), (G/907/-1), (G/907/-1), (G/911/-1), (G/911/-1), (G/914/-1), (G/916/-1), (G/919/-1), (G/928/-1), (G/932/-1), (G/932/-1), (G/935/-1), (G/941/-1), (G/945/-1), (G/946/-1), (G/949/-1), (G/951/-1), (G/959/-1), (G/972/-1), (G/976/-1), (G/979/-1), (G/980/-1), (G/987/-1), (G/989/-1), (K/990/-1), (S/991/-1), (G/994/-1), (G/1000/-1), (G/1001/-1), (V/1005/-1), (I/1014/-1), (G/1015/-1), (D/1015/-1), (G/1019/-1), (G/1019/-1), (G/1019/-1), (I/1023/-1), (G/1027/-1), (Q/1039/-1), (G/1069/-1), (G/1072/-1), (G/1075/-1), (G/1078/-1), (G/1081/-1), (T/1086/-1), (C/1090/-1), (G/1091/-1), (G/1093/-1), (G/1093/-1), (G/1095/-1), (E/1107/-1), (G/1109/-1), (G/1109/-1), (G/1113/-1), (K/1117/-1), (G/1121/-1), (G/1124/-1), (G/1126/-1), (G/1131/-1), (W/1132/-1), (G/1132/-1), (G/1133/-1), (T/1140/-1), (A/1141/-1), (G/1144/-1), (G/1149/-1), (P/1150/-1), (G/1155/-1), (V/1160/-1), (G/1160/-1), (G/1162/-1), (G/1164/-1), (M/1168/-1), (L/1169/-1), (J/1169/-1), (G/1173/-1), (G/1173/-1), (G/1175/-1), (J/1176/-1), (G/1176/-1), (G/1181/-1), (G/1182/-1), (G/1183/-1), (W/1190/-1), (G/1196/-1), (G/1198/-1), (G/1199/-1), (G/1199/-1), (G/1208/-1), (G/1209/-1), (G/1210/-1), (G/1212/-1), (G/1216/-1), (G/1218/-1), (G/1225/-1), (G/1226/-1), (G/1227/-1), (E/1229/-1), (G/1230/-1), (G/1235/-1), (G/1237/-1), (G/1241/-1), (G/1249/-1), (G/1249/-1), (G/1250/-1), (G/1252/-1), (G/1253/-1), (G/1260/-1), (G/1261/-1), (G/1268/-1), (G/1268/-1), (G/1277/-1), (L/1281/-1), (G/1282/-1), (G/1288/-1), (G/1289/-1), (G/1291/-1), (G/1294/-1), (E/1295/-1), (G/1297/-1), (G/1297/-1), (D/1298/-1), (G/1299/-1), (H/1302/-1), (G/1307/-1), (G/1308/-1), (G/1310/-1), (G/1311/-1), (G/1313/-1), (G/1315/-1), (G/1317/-1), (G/1331/-1), (G/1332/-1), (G/1333/-1), (P/1334/-1), (T/1342/-1), (G/1343/-1), (O/1345/-1), (G/1349/-1), (G/1355/-1), (G/1356/-1), (M/1359/-1), (G/1362/-1), (S/1365/-1), (C/1373/-1), (O/1375/-1), (G/1376/-1), (G/1376/-1), (G/1386/-1), (G/1398/-1), (V/1401/-1), (M/1401/-1), (G/1416/-1), (G/1417/-1), (G/1419/-1), (G/1423/-1), (G/1425/-1), (G/1426/-1), (D/1426/-1), (G/1427/-1), (G/1428/-1), (G/1434/-1), (G/1439/-1)
O Station,	(J/147/-1), (T/179/-1), (M/179/-1), (Q/180/-1), (A/191/-1), (V/200/-1), (J/256/-1), (E/314/-1), (F/330/-1), (C/342/-1), (B/352/-1), (G/360/-1), (T/361/-1), (L/362/-1), (L/374/-1), (F/392/-1), (M/418/-1), (S/418/-1), (Q/422/-1), (R/439/-1), (F/440/-1), (D/443/-1), (F/451/-1), (T/453/-1), (L/456/-1), (C/460/-1), (H/472/-1), (E/473/-1), (M/499/-1), (F/514/-1), (D/514/-1), (H/528/-1), (L/531/-1), (U/538/-1), (C/555/-1), (Q/578/-1), (C/580/-1), (V/627/-1), (H/639/-1), (D/698/-1), (J/712/-1), (B/717/-1), (R/723/-1), (N/725/-1), (T/728/-1), (Q/731/-1), (H/750/-1), (J/779/-1), (C/797/-1), (P/819/-1), (H/840/-1), (U/858/-1), (S/892/-1), (J/903/-1), (D/947/-1), (A/957/-1), (A/992/-1), (I/1056/-1), (F/1058/-1), (D/1079/-1), (D/1081/-1), (Q/1087/-1), (S/1093/-1), (K/1100/-1), (F/1105/-1), (M/1110/-1), (A/1113/-1), (A/1116/-1), (U/1129/-1), (S/1140/-1), (S/1172/-1), (B/1177/-1), (G/1182/-1), (U/1187/-1), (S/1224/-1), (L/1247/-1), (R/1259/-1), (L/1263/-1), (S/1325/-1), (P/1335/-1), (W/1336/-1), (R/1340/-1), (V/1371/-1), (V/1395/-1)
P Station,	(C/100/-1), (F/116/-1), (C/134/-1), (F/138/-1), (O/163/-1), (D/206/-1), (U/284/-1), (I/287/-1), (I/301/-1), (J/344/-1), (R/350/-1), (C/397/-1), (T/426/-1), (J/428/-1), (K/436/-1), (S/473/-1), (A/488/-1), (I/525/-1), (O/531/-1), (G/532/-1), (J/540/-1), (M/574/-1), (T/576/-1), (W/581/-1), (E/604/-1), (B/639/-1), (U/653/-1), (I/690/-1), (O/692/-1), (G/696/-1), (M/748/-1), (A/764/-1), (D/797/-1), (K/800/-1), (E/806/-1), (I/810/-1), (W/887/-1), (B/902/-1), (O/905/-1), (R/909/-1), (C/975/-1), (T/985/-1), (V/988/-1), (S/989/-1), (O/1010/-1), (U/1016/-1), (N/1058/-1), (F/1143/-1), (J/1148/-1), (Q/1149/-1), (J/1164/-1), (J/1166/-1), (B/1171/-1), (B/1178/-1), (O/1178/-1), (D/1186/-1), (W/1201/-1), (N/1204/-1), (Q/1214/-1), (C/1230/-1), (S/1230/-1), (N/1266/-1), (M/1275/-1), (W/1281/-1), (H/1319/-1), (A/1329/-1), (L/1332/-1), (O/1335/-1), (J/1352/-1), (K/1370/-1), (N/1411/-1), (S/1418/-1), (M/1420/-1), (M/1428/-1), (A/1437/-1)
Q Station,	(G/124/-1), (D/278/-1), (J/365/-1), (J/370/-1), (J/385/-1), (W/387/-1), (D/393/-1), (H/418/-1), (D/436/-1), (I/519/-1), (P/555/-1), (V/570/-1), (J/599/-1), (L/602/-1), (U/617/-1), (N/652/-1), (L/657/-1), (P/680/-1), (D/688/-1), (D/748/-1), (K/780/-1), (D/806/-1), (G/861/-1), (U/868/-1), (J/872/-1), (H/892/-1), (K/899/-1), (E/911/-1), (C/942/-1), (A/953/-1), (P/963/-1), (L/965/-1), (B/980/-1), (N/1037/-1), (T/1050/-1), (L/1061/-1), (T/1067/-1), (B/1072/-1), (F/1084/-1), (K/1121/-1), (O/1125/-1), (H/1137/-1), (J/1160/-1), (S/1175/-1), (L/1194/-1), (E/1201/-1), (B/1208/-1), (F/1213/-1), (M/1221/-1), (H/1230/-1), (T/1254/-1), (I/1266/-1), (O/1270/-1), (D/1288/-1), (J/1320/-1), (G/1324/-1), (R/1353/-1), (U/1358/-1), (L/1397/-1)
R Station,	(H/88/-1), (K/100/-1), (E/148/-1), (H/148/-1), (I/164/-1), (H/205/-1), (U/232/-1), (U/251/-1), (M/253/-1), (U/299/-1), (U/352/-1), (O/384/-1), (U/388/-1), (G/470/-1), (H/490/-1), (N/502/-1), (K/538/-1), (N/548/-1), (I/562/-1), (U/594/-1), (D/612/-1), (I/697/-1), (N/720/-1), (E/731/-1), (N/731/-1), (K/755/-1), (I/785/-1), (E/821/-1), (U/828/-1), (C/841/-1), (K/845/-1), (O/854/-1), (K/901/-1), (M/919/-1), (G/930/-1), (N/958/-1), (O/971/-1), (O/979/-1), (L/1001/-1), (I/1013/-1), (L/1018/-1), (Q/1058/-1), (W/1095/-1), (O/1120/-1), (W/1140/-1), (F/1153/-1), (P/1154/-1), (W/1163/-1), (C/1173/-1), (O/1175/-1), (T/1177/-1), (B/1195/-1), (I/1197/-1), (P/1198/-1), (W/1200/-1), (W/1236/-1), (M/1240/-1), (W/1254/-1), (F/1265/-1), (M/1269/-1), (D/1274/-1), (N/1314/-1), (W/1316/-1), (K/1325/-1), (U/1336/-1), (N/1352/-1), (K/1423/-1), (W/1431/-1)
S Station,	(M/215/-1), (R/237/-1), (R/295/-1), (R/305/-1), (R/336/-1), (R/387/-1), (R/409/-1), (O/470/-1), (I/475/-1), (I/512/-1), (I/538/-1), (R/580/-1), (O/648/-1), (D/693/-1), (F/695/-1), (M/703/-1), (M/726/-1), (U/792/-1), (D/796/-1), (F/803/-1), (R/807/-1), (U/812/-1), (U/822/-1), (F/836/-1), (U/845/-1), (O/859/-1), (R/863/-1), (R/895/-1), (R/949/-1), (I/959/-1), (U/988/-1), (M/996/-1), (I/1000/-1), (F/1034/-1), (L/1037/-1), (O/1046/-1), (R/1050/-1), (M/1063/-1), (Q/1087/-1), (G/1088/-1), (G/1125/-1), (N/1127/-1), (U/1166/-1), (C/1183/-1), (J/1189/-1), (R/1194/-1), (R/1205/-1), (D/1209/-1), (Q/1213/-1), (R/1233/-1), (P/1236/-1), (T/1284/-1), (P/1294/-1), (V/1299/-1), (A/1307/-1), (N/1310/-1), (O/1316/-1), (R/1331/-1), (V/1332/-1), (G/1341/-1), (N/1379/-1), (U/1384/-1), (I/1399/-1), (K/1404/-1), (C/1413/-1), (U/1416/-1)
T Station,	(L/185/-1), (H/253/-1), (M/266/-1), (H/319/-1), (M/335/-1), (J/374/-1), (M/381/-1), (M/455/-1), (L/470/-1), (M/481/-1), (K/558/-1), (L/651/-1), (L/669/-1), (L/669/-1), (I/674/-1), (L/681/-1), (K/701/-1), (M/742/-1), (H/766/-1), (I/846/-1), (F/862/-1), (O/879/-1), (K/886/-1), (I/949/-1), (O/969/-1), (I/969/-1), (A/1000/-1), (P/1013/-1), (K/1019/-1), (W/1081/-1), (M/1084/-1), (M/1086/-1), (H/1103/-1), (K/1108/-1), (J/1108/-1), (H/1149/-1), (N/1167/-1), (Q/1187/-1), (S/1196/-1), (A/1213/-1), (S/1216/-1), (Q/1223/-1), (S/1230/-1), (S/1236/-1), (S/1239/-1), (S/1242/-1), (S/1253/-1), (S/1254/-1), (F/1261/-1), (S/1263/-1), (S/1268/-1), (S/1269/-1), (S/1269/-1), (S/1273/-1), (S/1273/-1), (D/1273/-1), (S/1279/-1), (O/1279/-1), (S/1284/-1), (S/1286/-1), (S/1288/-1), (S/1293/-1), (S/1295/-1), (S/1298/-1), (I/1304/-1), (S/1310/-1), (S/1314/-1), (S/1315/-1), (S/1316/-1), (R/1318/-1), (S/1318/-1), (S/1323/-1), (S/1329/-1), (O/1334/-1), (S/1336/-1), (S/1337/-1), (B/1338/-1), (S/1340/-1), (N/1344/-1), (S/1350/-1), (S/1352/-1), (S/1353/-1), (S/1356/-1), (S/1357/-1), (S/1358/-1), (I/1358/-1), (S/1362/-1), (S/1364/-1), (S/1365/-1), (S/1375/-1), (S/1376/-1), (K/1380/-1), (S/1383/-1), (S/1394/-1), (S/1398/-1), (D/1400/-1), (S/1407/-1), (S/1414/-1), (S/1414/-1), (S/1419/-1), (S/1437/-1)
U Station,	(A/115/-1), (M/141/-1), (Q/165/-1), (Q/181/-1), (P/259/-1), (M/259/-1), (I/277/-1), (H/305/-1), (O/465/-1), (Q/492/-1), (Q/508/-1), (Q/569/-1), (A/673/-1), (O/721/-1), (I/818/-1), (F/844/-1), (M/988/-1), (Q/994/-1), (H/1033/-1), (K/1035/-1), (K/1050/-1), (Q/1057/-1), (L/1061/-1), (A/1063/-1), (M/1068/-1), (H/1106/-1), (N/1139/-1), (I/1153/-1), (K/1156/-1), (W/1197/-1), (B/1264/-1), (C/1277/-1), (J/1281/-1), (H/1284/-1), (T/1289/-1), (R/1322/-1), (O/1329/-1), (O/1332/-1), (F/1337/-1), (J/1349/-1), (A/1351/-1), (T/1389/-1), (E/1391/-1), (F/1395/-1), (O/1401/-1), (S/1423/-1), (W/1435/-1)
V Station,	(Q/115/-1), (H/118/-1), (Q/187/-1), (R/212/-1), (Q/226/-1), (Q/255/-1), (E/281/-1), (Q/325/-1), (U/333/-1), (I/372/-1), (K/386/-1), (E/404/-1), (E/408/-1), (O/417/-1), (J/428/-1), (E/428/-1), (J/480/-1), (R/507/-1), (R/568/-1), (U/572/-1), (K/614/-1), (Q/653/-1), (R/674/-1), (Q/693/-1), (Q/698/-1), (O/726/-1), (R/753/-1), (R/765/-1), (Q/778/-1), (Q/819/-1), (R/831/-1), (C/854/-1), (C/864/-1), (C/870/-1), (C/872/-1), (C/872/-1), (C/876/-1), (Q/884/-1), (C/886/-1), (C/886/-1), (C/888/-1), (C/888/-1), (Q/893/-1), (O/900/-1), (U/901/-1), (C/901/-1), (C/902/-1), (O/905/-1), (C/905/-1), (C/911/-1), (C/917/-1), (C/918/-1), (C/918/-1), (C/922/-1), (K/923/-1), (F/926/-1), (L/929/-1), (C/930/-1), (F/932/-1), (F/933/-1), (C/933/-1), (S/935/-1), (C/935/-1), (C/940/-1), (F/941/-1), (F/946/-1), (F/948/-1), (C/953/-1), (F/953/-1), (L/956/-1), (C/964/-1), (C/965/-1), (C/965/-1), (C/966/-1), (C/967/-1), (E/969/-1), (F/969/-1), (F/971/-1), (F/973/-1), (F/973/-1), (F/974/-1), (F/979/-1), (C/989/-1), (F/993/-1), (F/994/-1), (F/996/-1), (C/1002/-1), (F/1003/-1), (C/1004/-1), (C/1005/-1), (F/1007/-1), (F/1007/-1), (F/1010/-1), (F/1012/-1), (F/1016/-1), (C/1018/-1), (C/1019/-1), (C/1020/-1), (F/1024/-1), (C/1034/-1), (F/1035/-1), (C/1036/-1), (R/1038/-1), (C/1041/-1), (F/1045/-1), (C/1045/-1), (F/1045/-1), (C/1048/-1), (F/1050/-1), (F/1051/-1), (C/1053/-1), (F/1053/-1), (C/1055/-1), (F/1059/-1), (F/1060/-1), (C/1060/-1), (C/1060/-1), (C/1060/-1), (C/1060/-1), (C/1060/-1), (C/1060/-1), (C/1060/-1), (C/1060/-1), (C/1060/-1), (C/1060/-1), (C/1060/-1), (C/1060/-1), (C/1060/-1), (C/1060/-1), (C/1060/-1), (C/1060/-1), (C/1060/-1), (C/1060/-1), (C/1060/-1), (C/1060/-1), (C/1060/-1), (C/1060/-1), (C/1060/-1), (C/1060/-1), (C/1060/-1), (C/1060/-1), (C/1060/-1), (C/1060/-1), (C/1060/-1), (C/1060/-1), (C/1060/-1), (C/1060/-1), (C/1060/-1), (C/1060/-1), (C/1060/-1), (C/1060/-1), (C/1060/-1), (C/1060/-1), (C/1060/-1), (C/1060/-1), (C/1060/-1), (C/1060/-1), (C/1060/-1), (C/1060/-1), (C/1060/-1), (C/1060/-1), (C/1060/-1), (C/1060/-1), (C/1060/-1), (C/1060/-1), (C/1060/-1), (C/1060/-1), (C/1060/-1), (C/1060/-1), (C/1060/-1), (C/1060/-1), (C/1060/-1), (C/1060/-1), (C/1060/-1), (C/1060/-1), (C/1060/-1), (C/1060/-1), (C/1060/-1), (C/1060/-1), (C/1060/-1), (C/1060/-1), (C/1060/-1), (C/1060/-1), (C/1060/-1), (C/1060/-1), (C/1060/-1), (C/1060/-1), (C/1060/-1), (C/1060/-1), (C/1060/-1), (C/1060/-1), (C/1060/-1), (C/1060/-1), (C/1060/-1), (C/1060/-1), (C/1060/-1), (C/1060/-1), (C/1060/-1), (C/1060/-1), (C/1060/-1), (C/1060/-1), (C/1060/-1), (C/1060/-1), (C/1060/-1), (C/1060/-1), (C/1060/-1), (C/1060/-1), (C/1060/-1), (C/1060/-1), (C/1060/-1), (C/1060/-1), (C/1060/-1), (C/1060/-1), (C/1060/-1), (C/1060/-1), (C/1060/-1), (C/1060/-1), (C/1060/-1), (C/1060/-1), (C/1060/-1), (C/1060/-1), (C/1060/-1), (C/1060/-1), (C/1060/-1), (C/1060/-1), (C/1060/-1), (C/1060/-1), (C/1060/-1), (C/1060/-1), (C/1060/-1), (C/1060/-1), (C/1060/-1), (C/1060/-1), (C/1060/-1), (C/1060/-1), (C/1060/-1), (C/1060/-1), (C/1060/-1), (C/1060/-1), (C/1060/-1), (C/1060/-1), (C/1060/-1), (C/1060/-1), (C/1060/-1), (C/1060/-1), (C/1060/-1), (C/1060/-1), (C/1060/-1), (C/1060/-1), (C/1060/-1), (C/1060/-1), (C/1060/-1), (C/1060/-1), (C/1060/-1), (C/1060/-1), (C/1060/-1), (C/1060/-1), (C/1060/-1), (C/1060/-1), (C/1060/-1), (C/1060/-1), (C/1060/-1), (C/1060/-1), (C/1060/-1), (C/1060/-1), (C/1060/-1), (C/1060/-1), (C/1060/-1), (C/1060/-1), (C/1060/-1), (C/1060/-1), (C/1060/-1), (C/1060/-1), (C/1060/-1), (C/1060/-1), (C/1060/-1), (C/1060/-1), (C/1060/-1), (C/1060/-1), (C/1060/-1), (C/1060/-1), (C/1060/-1), (C/1060/-1), (C/1060/-1), (C/1060/-1), (C/1060/-1), (C/1060/-1), (C/1060/-1), (C/1060/-1), (C/1060/-1), (C/1060/-1), (C/1060/-1), (C/1060/-1), (C/1060/-1), (C/1060/-1), (C/1060/-1), (C/1060/-1), (C/1060/-1), (C/1060/-1), (C/1060/-1), (C/1060/-1), (C/1060/-1), (C/1060/-1), (C/1060/-1), (C/1060/-1), (C/1060/-1), (C/1060/-1), (C/1060/-1), (C/1060/-1), (C/1060/-1), (C/1060/-1), (C/1060/-1), (C/1060/-1), (C/1060/-1), (C/1060/-1), (C/1060/-1), (C/1060/-1), (C/1060/-1), (C/1060/-1), (C/1060/-1), (C/1060/-1), (C/1060/-1), (C/1060/-1), (C/1060/-1), (C/1060/-1), (C/1060/-1), (C/1060/-1), (C/1060/-1), (C/1060/-1), (C/1060/-1), (C/1060/-1), (C/1060/-1), (C/1060/-1), (C/1060/-1), (C/1060/-1), (C/1060/-1), (C/1060/-1), (C/1060/-1), (C/1060/-1), (C/1060/-1), (C/1060/-1), (C/1060/-1), (C/1060/-1), (C/1060/-1), (C/1060/-1), (C/1060/-1), (C/1060/-1), (C/1060/-1), (C/1060/-1), (C/1060/-1), (C/1060/-1), (C/1060/-1), (C/1060/-1), (C/1060/-1), (C/1060/-1), (C/1060/-1), (C/1060/-1), (C/1060/-1), (C/1060/-1), (C/1060/-1), (C/1060/-1), (C/1060/-1), (C/1060/-1), (C/1060/-1), (C/1060/-1), (C/1060/-1), (C/1060/-1), (C/1060/-1), (C/1060/-1), (C/1060/-1), (C/1060/-1), (C/1060/-1), (C/1060/-1), (C/1060/-1), (C/1060/-1), (C/1060/-1), (C/1060/-1), (C/1060/-1), (C/1060/-1), (C/1060/-1), (C/1060/-1), (C/1060/-1), (C/1060/-1), (C/1060/-1), (C/1060/-1), (C/1060/-1), (C/1060/-1), (C/1060/-1), (C/1060/-1), (C/1060/-1), (C/1060/-1), (C/1060/-1), (C/1060/-1), (C/1060/-1), (C/1060/-1), (C/1060/-1), (C/1060/-1), (C/1060/-1), (C/1060/-1), (C/1060/-1), (C/1060/-1), (C/1060/-1), (C/1060/-1), (C/1060/-1), (C/1060/-1), (C/1060/-1), (C/1060/-1), (C/1060/-1), (C/1060/-1), (C/1060/-1), (C/1060/-1), (C/1060/-1), (C/1060/-1), (C/1060/-1), (C/1060/-1), (C/1060/-1), (C/1060/-1), (C/1060/-1), (C/1060/-1), (C/1060/-1), (C/1060/-1), (C/1060/-1), (C/1060/-1), (C/1060/-1), (C/1060/-1), (C/1060/-1), (C/1060/-1), (C/1060/-1), (C/1060/-1), (C/1060/-1), (C/1060/-1), (C/1060/-1), (C/1060/-1), (C/1060/-1), (C/1060/-1), (C/1060/-1), (C/1060/-1), (C/1060/-1), (C/1060/-1), (C/1060/-1), (C/1060/-1), (C/1060/-1), (C/1060/-1), (C/1060/-1), (C/1060/-1), (C/1060/-1), (C/1060/-1), (C/1060/-1), (C/1060/-1), (C/1060/-1), (C/1060/-1), (C/1060/-1), (C/1060/-1), (C/1060/-1), (C/1060/-1), (C/1060/-1), (C/1060/-1), (C/1060/-1), (C/1060/-1), (C/1060/-1), (C/1060/-1), (C/1060/-1), (C/1060/-1), (C/1060/-1), (C/1060/-1), (C/1060/-1), (C/1060/-1), (C/1060/-1), (C/1060/-1), (C/1060/-1), (C/1060/-1), (C/1060/-1), (C/1060/-1), (C/1060/-1), (C/1060/-1), (C/1060/-1), (C/1060/-1), (C/1060/-1), (C/1060/-1), (C/1060/-1), (C/1060/-1), (C/1060/-1), (C/1060/-1), (C/1060/-1), (C/1060/-1), (C/1060/-1), (C/1060/-1), (C/1060/-1), (C/1060/-1), (C/1060/-1), (C/1060/-1), (C/1060/-1), (C/1060/-1), (C/1060/-1), (C/1060/-1), (C/1060/-1), (C/1060/-1), (C/1060/-1), (C/1060/-1), (C/1060/-1), (C/1060/-1), (C/1060/-1), (C/1060/-1), (C/1060/-1), (C/1060/-1), (C/1060/-1), (C/1060/-1), (C/1060/-1), (C/1060/-1), (C/1060/-1), (C/1060/-1), (C/1060/-1), (C/1060/-1), (C/1060/-1), (C/1060/-1), (C/1060/-1), (C/1060/-1), (C/1060/-1), (C/1060/-1), (C/1060/-1), (C/1060/-1), (C/1060/-1), (C/1060/-1), (C/1060/-1), (C/1060/-1), (C/1060/-1), (C/1060/-1), (C/1060/-1), (C/1060/-1), (C/1060/-1), (C/1060/-1), (C/1060/-1), (C/1060/-1), (C/1060/-1), (C/1060/-1), (C/1060/-1), (C/1060/-1), (C/1060/-1), (C/1060/-1), (C/1060/-1), (C/1060/-1), (C/1060/-1), (C/1060/-1), (C/1060/-1), (C/1060/-1), (C/1060/-1), (C/1060/-1), (C/1060/-1), (C/1060/-1), (C/1060/-1), (C/1060/-1), (C/1060/-1), (C/1060/-1), (C/1060/-1), (C/1060/-1), (C/1060/-1), (C/1060/-1), (C/1060/-1), (C/1060/-1), (C/1060/-1), (C/1060/-1), (C/1060/-1), (C/1060/-1), (C/1060/-1), (C/1060/-1), (C/1060/-1), (C/1060/-1), (C/1060/-1), (C/1060/-1), (C/1060/-1), (C/1060/-1), (C/1060/-1), (C/1060/-1), (C/1060/-1), (C/1060/-1), (C/1060/-1), (C/1060/-1), (C/1060/-1), (C/1060/-1), (C/1060/-1), (C/1060/-1), (C/1060/-1), (C/1060/-1), (C/1060/-1), (C/1060/-1), (C/1060/-1), (C/1060/-1), (C/1060/-1), (C/1060/-1), (C/1060/-1), (C/1060/-1), (C/1060/-1), (C/1060/-1), (C/1060/-1), (C/1060/-1), (C/1060/-1), (C/1060/-1), (C/1060/-1), (C/1060/-1), (C/1060/-1), (C/1060/-1), (C/1060/-1), (C/1060/-1), (C/1060/-1), (C/1060/-1), (C/1060/-1), (C/1060/-1), (C/1060/-1), (C/1060/-1), (C/1060/-1), (C/1060/-1), (C/1060/-1), (C/1060/-1), (C/1060/-1), (C/1060/-1), (C/1060/-1), (C/1060/-1), (C/1060/-1), (C/1060/-1), (C/1060/-1), (C/1060/-1), (C/1060/-1), (C/1060/-1), (C/1060/-1), (C/1060/-1), (C/1060/-1), (C/1060/-1), (C/1060/-1), (C/1060/-1), (C/1060/-1), (C/1060/-1), (C/1060/-1), (C/1060/-1), (C/1060/-1), (C/1060/-1), (C/1060/-1), (C/1060/-1), (C/1060/-1), (C/1060/-1), (C/1060/-1), (C/1060/-1), (C/1060/-1), (C/1060/-1), (C/1060/-1), (C/1060/-1), (C/1060/-1), (C/1060/-1), (C/1060/-1), (C/1060/-1), (C/1060/-1), (C/1060/-1), (C/1060/-1), (C/1060/-1), (C/1060/-1), (C/1060/-1), (C/1060/-1), (C/1060/-1), (C/1060/-1), (C/1060/-1), (C/1060/-1), (C/1060/-1), (C/1060/-1), (C/1060/-1), (C/1060/-1), (C/1060/-1), (C/1060/-1), (C/1060/-1), (C/1060/-1), (C/1060/-1), (C/1060/-1), (C/1060/-1), (C/1060/-1), (C/1060/-1), (C/1060/-1), (C/1060/-1), (C/1060/-1), (C/1060/-1), (C/1060/-1), (C/1060/-1), (C/1060/-1), (C/1060/-1), (C/1060/-1), (C/1060/-1), (C/1060/-1), (C/1060/-1), (C/1060/-1), (C/1060/-1), (C/1060/-1), (C/1060/-1), (C/1060/-1), (C/1060/-1), (C/1060/-1), (C/1060/-1), (C/1060/-1), (C/1060/-1), (C/1060/-1), (C/1060/-1), (C/1060/-1), (C/1060/-1), (C/1060/-1), (C/1060/-1), (C/1060/-1), (C/1060/-1), (C/1060/-1), (C/1060/-1), (C/1060/-1), (C/1060/-1), (C/1060/-1), (C/1060/-1), (C/1060/-1), (C/1060/-1), (C/1060/-1), (C/1060/-1), (C/1060/-1), (C/1060/-1), (C/1060/-1), (C/1060/-1), (C/1060/-1), (C/1060/-1), (C/1060/-1), (C/1060/-1), (C/1060/-1), (C/1060/-1), (C/1060/-1), (C/1060/-1), (C/1060/-1), (C/1060/-1), (C/1060/-1), (C/1060/-1), (C/1060/-1), (C/1060/-1), (C/1060/-1), (C/1060/-1), (C/1060/-1), (C/1060/-1), (C/1060/-1), (C/1060/-1), (C/1060/-1), (C/1060/-1), (C/1060/-1), (C/1060/-1), (C/1060/-1), (C/1060/-1), (C/1060/-1), (C/1060/-1), (C/1060/-1), (C/1060/-1), (C/1060/-1), (C/1060/-1), (C/1060/-1), (C/1060/-1), (C/1060/-1), (C/1060/-1), (C/1060/-1), (C/1060/-1), (C/1060/-1), (C/1060/-1), (C/1060/-1), (C/1060/-1), (C/1060/-1), (C/1060/-1), (C/1060/-1), (C/1060/-1), (C/1060/-1), (C/1060/-1), (C/1060/-1), (C/1060/-1), (C/1060/-1), (C/1060/-1), (C/1060/-1), (C/1060/-1), (C/1060/-1), (C/1060/-1), (C/1060/-1), (C/1060/-1), (C/1060/-1), (C/1060/-1), (C/1060/-1), (C/1060/-1), (C/1060/-1), (C/1060/-1), (C/1060/-1), (C/1060/-1), (C/1060/-1), (C/1060/-1), (C/1060/-1), (C/1060/-1), (C/1060/-1), (C/1060/-1), (C/1060/-1), (C/1062/-1), (F/1064/-1), (F/1069/-1), (F/1070/-1), (F/1075/-1), (C/1075/-1), (C/1080/-1), (C/1081/-1), (C/1082/-1), (F/1084/-1), (C/1087/-1), (C/1089/-1), (C/1089/-1), (F/1091/-1), (F/1093/-1), (F/1097/-1), (C/1097/-1), (C/1098/-1), (F/1100/-1), (F/1101/-1), (F/1103/-1), (F/1105/-1), (F/1108/-1), (F/1108/-1), (F/1108/-1), (F/1109/-1), (C/1114/-1), (C/1116/-1), (C/1120/-1), (F/1121/-1), (F/1121/-1), (F/1122/-1), (F/1122/-1), (F/1126/-1), (C/1130/-1), (F/1133/-1), (L/1139/-1), (F/1143/-1), (C/1145/-1), (C/1150/-1), (C/1151/-1), (F/1151/-1), (C/1156/-1), (F/1158/-1), (C/1159/-1), (C/1161/-1), (C/1164/-1), (C/1165/-1), (F/1166/-1), (C/1170/-1), (C/1171/-1), (A/1174/-1), (C/1174/-1), (C/1174/-1), (F/1175/-1), (F/1178/-1), (F/1182/-1), (C/1184/-1), (F/1187/-1), (F/1188/-1), (F/1190/-1), (C/1194/-1), (L/1199/-1), (C/1202/-1), (C/1203/-1), (I/1205/-1), (F/1206/-1), (F/1214/-1), (F/1215/-1), (F/1217/-1), (C/1221/-1), (C/1221/-1), (C/1222/-1), (C/1223/-1), (F/1223/-1), (F/1227/-1), (F/1228/-1), (F/1229/-1), (C/1230/-1), (C/1230/-1), (C/1232/-1), (C/1235/-1), (C/1235/-1), (C/1236/-1), (C/1237/-1), (C/1240/-1), (C/1241/-1), (C/1243/-1), (F/1249/-1), (H/1250/-1), (C/1251/-1), (F/1252/-1), (F/1253/-1), (F/1255/-1), (T/1256/-1), (O/1256/-1), (C/1259/-1), (F/1260/-1), (F/1264/-1), (C/1264/-1), (F/1265/-1), (F/1265/-1), (C/1269/-1), (F/1269/-1), (C/1276/-1), (C/1278/-1), (W/1279/-1), (C/1279/-1), (F/1285/-1), (F/1286/-1), (F/1287/-1), (F/1289/-1), (F/1290/-1), (F/1297/-1), (F/1298/-1), (F/1298/-1), (C/1300/-1), (C/1301/-1), (F/1305/-1), (F/1309/-1), (C/1310/-1), (F/1312/-1), (F/1315/-1), (F/1316/-1), (C/1317/-1), (C/1320/-1), (F/1321/-1), (F/1323/-1), (F/1326/-1), (F/1327/-1), (F/1330/-1), (C/1330/-1), (G/1330/-1), (F/1331/-1), (F/1333/-1), (F/1333/-1), (F/1334/-1), (C/1335/-1), (F/1339/-1), (C/1343/-1), (F/1347/-1), (C/1350/-1), (C/1352/-1), (F/1353/-1), (C/1354/-1), (F/1355/-1), (F/1362/-1), (T/1368/-1), (C/1370/-1), (F/1372/-1), (F/1377/-1), (F/1379/-1), (F/1383/-1), (C/1387/-1), (F/1388/-1), (F/1388/-1), (C/1390/-1), (F/1391/-1), (C/1391/-1), (C/1393/-1), (F/1393/-1), (C/1395/-1), (C/1397/-1), (L/1399/-1), (F/1400/-1), (C/1401/-1), (M/1408/-1), (C/1408/-1), (C/1410/-1), (C/1413/-1), (R/1414/-1), (C/1414/-1), (F/1416/-1), (C/1418/-1), (F/1419/-1), (C/1420/-1), (C/1422/-1), (C/1426/-1), (C/1430/-1), (M/1432/-1), (F/1434/-1), (C/1435/-1), (C/1435/-1), (C/1437/-1)
W Station,	(I/98/-1), (G/139/-1), (O/147/-1), (E/181/-1), (U/189/-1), (K/199/-1), (N/218/-1), (N/231/-1), (U/241/-1), (N/250/-1), (H/362/-1), (U/363/-1), (N/371/-1), (U/396/-1), (O/402/-1), (U/407/-1), (D/422/-1), (N/482/-1), (I/490/-1), (K/503/-1), (M/519/-1), (G/558/-1), (M/564/-1), (O/568/-1), (N/568/-1), (U/579/-1), (O/603/-1), (E/626/-1), (K/679/-1), (U/687/-1), (J/688/-1), (S/736/-1), (U/762/-1), (T/780/-1), (S/888/-1), (V/897/-1), (V/899/-1), (J/902/-1), (V/906/-1), (V/912/-1), (V/918/-1), (V/920/-1), (K/929/-1), (M/938/-1), (V/940/-1), (V/945/-1), (V/948/-1), (V/950/-1), (K/953/-1), (D/956/-1), (V/961/-1), (E/963/-1), (V/970/-1), (K/972/-1), (V/974/-1), (V/977/-1), (V/978/-1), (V/979/-1), (V/984/-1), (V/988/-1), (V/989/-1), (V/993/-1), (V/994/-1), (V/997/-1), (V/999/-1), (V/1000/-1), (V/1010/-1), (V/1015/-1), (V/1018/-1), (V/1023/-1), (K/1024/-1), (V/1024/-1), (I/1030/-1), (V/1032/-1), (V/1036/-1), (V/1038/-1), (V/1046/-1), (V/1048/-1), (V/1048/-1), (V/1053/-1), (V/1054/-1), (V/1056/-1), (S/1058/-1), (V/1062/-1), (V/1076/-1), (V/1079/-1), (V/1083/-1), (V/1084/-1), (N/1087/-1), (I/1093/-1), (V/1100/-1), (V/1105/-1), (V/1116/-1), (Q/1119/-1), (V/1120/-1), (V/1128/-1), (V/1128/-1), (V/1130/-1), (E/1132/-1), (V/1132/-1), (V/1133/-1), (V/1133/-1), (V/1138/-1), (V/1138/-1), (V/1138/-1), (V/1139/-1), (H/1140/-1), (V/1148/-1), (S/1149/-1), (V/1153/-1), (V/1155/-1), (V/1161/-1), (V/1180/-1), (V/1185/-1), (E/1190/-1), (V/1193/-1), (V/1193/-1), (E/1196/-1), (V/1201/-1), (V/1219/-1), (V/1223/-1), (T/1229/-1), (T/1234/-1), (V/1239/-1), (V/1243/-1), (V/1249/-1), (V/1249/-1), (V/1250/-1), (V/1260/-1), (V/1261/-1), (V/1266/-1), (V/1271/-1), (V/1271/-1), (V/1274/-1), (V/1281/-1), (V/1283/-1), (V/1284/-1), (V/1286/-1), (V/1287/-1), (V/1291/-1), (V/1306/-1), (V/1308/-1), (V/1311/-1), (V/1312/-1), (V/1312/-1), (V/1318/-1), (V/1320/-1), (V/1324/-1), (V/1324/-1), (J/1328/-1), (V/1329/-1), (G/1330/-1), (V/1333/-1), (V/1345/-1), (V/1351/-1), (V/1352/-1), (V/1353/-1), (V/1355/-1), (V/1356/-1), (V/1357/-1), (V/1357/-1), (V/1361/-1), (V/1362/-1), (V/1369/-1), (V/1370/-1), (M/1375/-1), (K/1376/-1), (V/1376/-1), (C/1380/-1), (V/1386/-1), (V/1388/-1), (V/1393/-1), (V/1394/-1), (V/1410/-1), (V/1411/-1), (V/1413/-1), (V/1420/-1), (V/1423/-1), (V/1426/-1), (V/1427/-1), (V/1429/-1), (N/1430/-1), (V/1433/-1)
