Greedy -30 LR	Serviced: 2639, Unfair: 1, UserN :4500
Shuttle0,	0,0,0,0,0,0,0,0,0,0,2,2,2,2,2,2,2,2,2,2,2,2,3,3,3,3,3,3,3,3,3,4,4,4,4,5,5,5,5,5,5,5,4,4,4,3,3,4,4,4,3,3,3,3,3,3,3,3,3,3,3,3,5,5,5,5,5,5,5,5,6,6,6,6,6,6,6,7,7,7,7,7,7,7,7,7,7,7,7,7,7,7,7,7,6,6,7,7,7,6,6,6,6,7,7,7,6,6,6,4,4,4,3,3,3,3,3,3,3,4,4,4,5,5,5,5,2,2,2,2,2,2,2,2,3,3,3,3,3,3,3,3,3,3,3,3,4,4,4,4,6,6,6,6,6,6,6,6,5,5,5,6,6,6,6,6,6,6,6,6,6,6,6,6,6,6,6,6,6,6,6,6,6,6,6,6,6,5,5,5,5,5,5,5,5,5,4,4,4,5,5,5,5,5,5,5,5,5,5,5,3,3,3,3,3,3,3,3,3,3,3,3,3,3,3,3,3,3,3,3,3,3,3,3,3,3,3,3,4,4,4,4,3,3,3,5,5,5,5,5,5,5,6,6,6,6,6,6,7,7,7,7,7,7,7,7,7,8,8,8,8,9,9,9,8,8,8,9,9,9,8,8,8,8,8,8,8,7,7,7,7,7,7,7,5,5,5,5,5,4,4,4,4,4,4,4,4,4,4,4,4,4,4,4,5,5,5,5,5,5,5,5,4,4,4,4,5,5,5,6,6,6,6,6,6,6,6,6,6,6,6,6,7,7,7,7,7,7,4,4,4,4,4,4,4,6,6,6,6,6,6,5,5,5,6,6,6,6,6,6,6,8,8,8,8,8,8,8,7,7,7,7,7,8,8,8,7,7,7,7,7,7,7,7,7,7,7,7,5,5,5,5,6,6,6,6,7,7,7,7,6,6,6,6,6,6,6,6,6,6,5,5,5,5,5,5,6,8,8,8,6,6,7,7,7,6,6,6,6,7,7,7,6,6,6,7,7,7,7,7,7,6,6,6,6,8,8,8,8,8,8,8,7,7,7,5,5,7,7,7,6,6,6,6,6,6,6,6,6,6,6,6,6,6,6,6,32,32,32,32,45,45,45,45,45,45,45,45,45,45,45,45,45,45,45,45,45,45,45,45,45,45,45,45,45,45,45,45,45,45,45,45,45,38,38,38,45,45,45,45,45,45,45,45,45,45,45,45,45,45,45,45,45,45,45,45,45,45,45,45,45,45,45,45,45,45,45,45,45,45,45,45,45,45,45,45,45,45,45,45,45,45,45,45,45,45,45,45,45,45,45,45,45,45,45,45,45,45,45,45,45,45,45,45,45,45,45,45,45,45,45,45,45,45,45,45,45,45,45,45,45,45,45,45,45,45,45,45,45,45,45,45,45,45,45,45,45,45,45,45,45,45,45,45,45,45,45,45,45,45,45,45,45,45,45,45,45,45,45,45,45,45,45,45,45,45,45,45,45,45,45,45,45,45,45,45,45,45,45,45,45,45,45,45,45,45,45,45,45,45,45,45,45,45,45,45,45,45,45,45,45,45,45,45,45,45,45,45,45,45,45,45,45,45,45,45,45,45,45,45,45,45,45,45,45,45,45,45,45,45,45,45,45,45,45,45,45,45,45,45,45,45,45,45,45,45,45,45,45,45,45,45,45,45,45,45,45,45,45,45,45,45,45,45,45,45,45,45,45,45,45,45,45,45,45,45,45,45,45,45,45,45,45,45,45,45,45,45,45,45,45,45,45,45,45,45,45,45,45,45,45,45,45,45,45,45,45,45,45,45,45,45,45,45,45,45,45,45,45,45,45,45,45,45,45,45,45,45,45,45,45,45,45,45,45,45,45,45,45,45,45,45,45,45,45,45,45,45,45,45,45,45,45,45,45,45,45,45,45,45,45,45,45,45,45,45,45,45,45,45,45,45,45,45,45,45,45,45,45,45,45,45,45,45,45,45,45,45,45,45,45,45,45,45,45,45,45,45,45,45,45,45,45,45,45,45,45,45,45,45,45,45,45,45,45,45,45,45,45,45,45,45,45,45,45,45,45,45,45,45,45,45,45,45,45,45,45,45,45,45,45,45,45,45,45,45,45,45,45,45,45,45,45,45,45,45,45,45,45,45,45,45,45,45,45,45,45,45,45,45,45,45,45,45,45,45,45,45,45,45,45,45,45,45,45,45,45,45,45,45,45,45,45,45,45,45,45,45,45,45,45,45,45,45,45,45,45,45,45,45,45,45,45,45,45,45,45,45,45,45,45,45,45,45,45,45,45,45,45,45,45,45,45,45,45,45,45,45,45,45,45,45,45,45,45,45,45,45,45,45,45,45,45,45,45,45,45,45,45,45,45,45,45,45,45,45,45,45,45,45,45,45,45,45,45,45,45,45,45,45,45,45,45,45,45,45,45,45,45,45,45,45,45,45,45,45,45,45,45,45,45,45,45,45,45,45,45,45,45,45,45,45,45,45,45,45,45,45,45,45,45,45,45,45,45,45,45,45,45,45,45,45,45,45,45,45,45,45,45,45,45,45,45,45,45,45,45,45,45,45,45,45,45,45,45,45,45,45,45,45,45,45,45,45,45,45,45,45,45,45,45,45,45,45,45,45,45,45,45,45,45,45,45,45,45,45,45,45,45,45,45,45,45,45,45,45,45,45,45,45,45,45,45,45,45,45,45,45,45,45,45,45,45,45,45,45,45,45,45,45,45,45,45,45,45,45,45,45,45,45,45,45,45,45,45,45,45,45,45,45,45,45,45,45,45,45,45,45,45,45,45,45,45,45,45,45,45,45,45,45,45,45,45,45,45,45,45,45,45,45,45,45,45,45,45,45,45,45,45,45,45,45,45,45,45,45,45,45,45,45,45,45,45,45,45,45,45,45,45,45,45,45,45,45,45,45,45,45,45,45,45,45,45,45,45,45,45,45,45,45,45,45,45,45,45,45,45,45,45,45,45,45,45,45,45,45,45,45,45,45,45,45,45,45,45,45,45,45,45,45,45,45,45,45,45,45,45,45,45,45,45,45,45,45,45,45,45,45,45,45,45,45,45,45,45,45,45,45,45,45,45,45,45,45,45,45,45,45,45,45,45,45,45,45,45,45,45,45,45,45,45,45,45,45,45,45,45,45,45,45,45,45,45,45,45,45,45,45,45,45,45,45,45,45,45,45,45,45,45,45,45,39,39,39,39,39,39,39,37,37,37,37,37,37,21,7,7,7,0,0
Shuttle1,	0,0,0,0,0,0,0,1,1,1,2,2,2,2,2,2,2,2,2,2,2,2,2,2,2,2,2,2,2,2,2,2,2,2,2,1,1,1,1,2,2,2,3,3,3,3,3,3,3,3,3,3,3,3,3,3,4,4,4,4,4,4,4,4,3,3,3,3,4,4,4,5,5,5,6,6,6,7,7,7,8,8,8,8,9,9,9,10,10,10,10,11,11,11,10,10,13,13,13,13,13,13,13,12,12,12,12,12,12,12,12,11,11,11,11,10,10,10,10,11,11,11,11,9,9,9,9,9,9,9,9,9,9,10,10,10,10,10,10,10,9,9,9,9,9,8,8,8,9,9,9,9,9,9,9,8,8,8,9,9,9,8,8,8,10,10,10,10,9,9,9,9,9,9,9,9,9,9,8,8,8,8,8,11,11,11,11,10,10,10,10,10,10,10,10,12,12,12,12,11,11,11,11,11,11,11,11,10,10,10,10,10,10,10,10,10,10,8,8,8,8,8,8,7,7,7,7,6,6,7,7,7,5,5,5,5,6,6,6,6,6,6,5,5,5,5,5,5,5,5,5,5,5,5,5,6,6,6,6,7,7,7,6,6,5,5,5,7,7,7,7,8,8,8,8,8,8,8,8,6,6,6,6,6,6,6,6,8,8,8,8,10,10,10,10,10,10,10,10,10,10,11,11,11,11,11,11,10,10,10,10,9,9,8,8,8,7,7,7,7,8,8,8,9,9,9,11,11,11,8,8,8,7,7,7,7,8,8,8,10,10,10,10,12,12,12,12,12,14,14,14,13,13,13,13,13,13,13,13,13,13,13,13,11,11,11,11,11,11,11,11,11,11,11,11,9,9,9,10,10,10,10,10,10,10,12,12,12,12,12,12,11,13,13,13,13,13,12,12,12,11,11,11,11,9,9,9,8,8,8,6,6,6,6,6,6,5,5,5,5,9,9,9,8,8,8,8,8,8,8,8,8,9,9,9,9,9,9,9,8,8,8,8,8,8,8,8,7,7,7,7,7,7,7,7,7,7,7,7,8,8,8,7,7,7,7,7,7,7,8,8,8,8,8,8,7,6,6,6,4,4,4,4,4,3,3,3,3,34,34,34,45,45,45,45,45,45,45,45,45,45,45,45,45,45,45,45,45,45,45,45,45,45,45,45,45,45,45,45,45,45,45,45,45,45,45,45,45,45,45,45,45,45,45,45,44,44,44,44,45,45,45,45,45,45,45,45,45,45,45,45,45,45,45,45,45,45,45,45,45,45,45,45,45,45,45,45,45,45,45,45,45,45,45,45,45,45,45,45,45,45,45,45,45,45,45,45,45,45,45,45,45,45,45,45,45,45,45,45,45,45,45,45,45,45,45,45,45,45,45,45,45,45,45,45,45,45,45,45,45,45,45,45,45,45,45,45,45,45,45,45,45,45,45,45,45,45,45,45,45,45,45,45,45,45,45,45,45,45,45,45,45,45,45,45,45,45,45,45,45,45,45,45,45,45,45,45,45,45,45,45,45,45,45,45,45,45,45,45,45,45,45,45,45,45,45,45,45,45,45,45,45,45,45,45,45,45,45,45,45,45,45,45,45,45,45,45,45,45,45,45,45,45,45,45,45,45,45,45,45,45,45,45,45,45,45,45,45,45,45,45,45,45,45,45,45,45,45,45,45,45,45,45,45,45,45,45,45,45,45,45,45,45,45,45,45,45,45,45,45,45,45,45,45,45,45,45,45,45,45,45,45,45,45,45,45,45,45,45,45,45,45,45,45,45,45,45,45,45,45,45,45,45,45,45,45,45,45,45,45,45,45,45,45,45,45,45,45,45,45,45,45,45,45,45,45,45,45,45,45,45,45,45,45,45,45,45,45,45,45,45,45,45,45,45,45,45,45,45,45,45,45,45,45,45,45,45,45,45,45,45,45,45,45,45,45,45,45,45,45,45,45,45,45,45,45,45,45,45,45,45,45,45,45,45,45,45,45,45,45,45,45,45,45,45,45,45,45,45,45,45,45,45,45,45,45,45,45,45,45,45,45,45,45,45,45,45,45,45,45,45,45,45,45,45,45,45,45,45,45,45,45,45,45,45,45,45,45,45,45,45,45,45,45,45,45,45,45,45,45,45,45,45,45,45,45,45,45,45,45,45,45,45,45,45,45,45,45,45,45,45,45,45,45,45,45,45,45,45,45,45,45,45,45,45,45,45,45,45,45,45,45,45,45,45,45,45,45,45,45,45,45,45,45,45,45,45,45,45,45,45,45,45,45,45,45,45,45,45,45,45,45,45,45,45,45,45,45,45,45,45,45,45,45,45,45,45,45,45,45,45,45,45,45,45,45,45,45,45,45,45,45,45,45,45,45,45,45,45,45,45,45,45,45,45,45,45,45,45,45,45,45,45,45,45,45,45,45,45,45,45,45,45,45,45,45,45,45,45,45,45,45,45,45,45,45,45,45,45,45,45,45,45,45,45,45,45,45,45,45,45,45,45,45,45,45,45,45,45,45,45,45,45,45,45,45,45,45,45,45,45,45,45,45,45,45,45,45,45,45,45,45,45,45,45,45,45,45,45,45,45,45,45,45,45,45,45,45,45,45,45,45,45,45,45,45,45,45,45,45,45,45,45,45,45,45,45,45,45,45,45,45,45,45,45,45,45,45,45,45,45,45,45,45,45,45,45,45,45,45,45,45,45,45,45,45,45,45,45,45,45,45,45,45,45,45,45,45,45,45,45,45,45,45,45,45,45,45,45,45,45,45,45,45,45,45,45,45,45,45,45,45,45,45,45,45,45,45,45,45,45,45,45,45,45,45,45,45,45,45,45,45,45,45,45,45,45,45,45,45,45,45,45,45,45,45,45,45,45,45,45,45,45,45,45,45,45,45,45,45,45,45,45,45,45,45,45,45,45,45,45,45,45,45,45,45,45,45,45,45,45,45,45,45,45,45,45,45,45,45,45,45,45,45,45,45,45,45,45,45,45,45,45,45,45,45,45,45,45,45,45,45,45,45,45,45,45,45,45,45,45,45,45,45,45,45,45,45,45,45,45,45,45,45,45,45,45,45,45,45,45,45,45,45,45,45,45,45,45,45,45,45,45,45,45,45,45,45,45,45,45,45,45,45,45,45,45,45,45,45,45,45,45,45,45,45,45,45,45,45,45,45,45,45,45,45,45,45,45,45,45,45,45,45,45,45,45,45,45,45,45,45,45,45,38,38,38,38,39,39,39,38,38,38,38,4,4,4,0,0
Shuttle2,	0,0,0,0,0,0,0,0,0,0,0,0,0,0,0,0,0,0,0,1,1,1,1,1,1,1,1,1,1,1,1,1,0,0,0,0,0,0,0,0,0,0,0,0,0,0,0,0,0,0,0,0,0,0,0,0,0,0,0,0,0,0,0,0,0,0,0,0,0,0,0,0,0,0,0,0,0,0,0,0,0,0,0,0,0,0,0,0,0,0,0,0,0,0,0,0,0,0,0,0,0,0,0,0,0,0,0,0,0,0,0,0,0,0,0,0,0,0,0,0,1,1,1,1,1,1,1,1,1,0,0,0,0,0,0,0,0,0,0,0,0,0,0,0,0,0,0,0,0,0,0,0,0,0,0,0,0,0,0,0,0,1,1,1,1,1,1,1,1,1,1,1,1,1,1,1,1,1,1,1,1,0,0,0,0,0,0,0,0,0,0,0,0,0,0,0,0,0,0,0,0,0,0,0,0,0,0,0,0,0,0,0,0,0,0,0,0,0,0,0,0,0,0,0,0,0,0,0,0,0,0,0,0,0,0,0,0,0,0,0,0,0,0,0,0,0,0,0,0,0,0,0,0,0,0,0,0,0,0,0,0,0,0,0,0,0,0,0,0,0,0,0,0,0,0,0,0,0,0,0,1,1,1,1,1,1,1,1,1,1,1,1,1,1,1,1,0,0,0,0,0,0,0,0,0,0,0,0,0,0,0,0,0,0,0,0,0,0,0,0,0,0,0,0,0,0,0,0,0,0,0,0,0,0,0,0,0,0,0,0,0,0,0,0,0,0,0,0,0,0,0,0,0,0,0,0,0,0,0,0,0,0,0,0,0,0,0,0,0,0,0,0,0,0,0,0,0,0,0,0,0,0,0,0,0,0,0,0,0,0,0,0,0,0,0,0,0,0,0,0,0,0,0,0,0,0,0,0,0,0,0,0,0,0,0,0,0,0,0,0,0,0,0,0,0,0,0,0,0,0,0,0,0,0,0,0,0,0,0,0,0,0,0,0,0,0,0,0,0,0,0,0,0,0,0,0,0,0,0,0,0,0,0,0,0,0,0,0,0,0,0,0,0,0,0,0,0,0,0,0,1,0,0,0,0,0,0,0,0,0,0,0,4,4,4,4,4,4,4,3,3,3,0,0,0,0,0,0,0,0,0,0,0,0,0,0,0,0,0,0,0,0,0,0,0,0,0,0,0,0,0,0,0,0,0,0,0,0,0,0,0,0,0,0,0,0,0,0,0,0,0,0,0,0,0,0,0,0,0,0,0,0,0,0,0,0,0,0,0,0,0,0,1,1,1,1,1,1,0,0,0,0,0,0,0,0,0,0,0,0,0,0,0,0,0,0,0,0,0,0,0,0,0,0,0,0,0,0,0,0,0,0,0,0,0,0,0,0,0,11,11,11,11,11,11,11,11,11,6,4,0,0,0,0,0,0,0,0,0,0,0,0,0,0,0,0,0,0,0,0,0,0,0,0,0,0,0,0,0,0,0,0,0,0,0,0,0,0,0,3,3,3,3,3,3,3,3,3,3,2,2,2,2,2,2,2,2,2,5,1,0,0,0,0,0,0,0,0,0,0,0,0,0,0,0,0,0,0,0,20,20,20,20,20,20,20,20,20,20,20,20,20,26,26,26,11,11,11,0,0,0,0,0,0,0,0,0,0,0,0,24,24,24,24,24,24,24,24,24,24,24,24,22,22,22,6,6,6,0,0,0,0,0,0,0,0,0,0,0,0,5,5,5,7,7,7,7,7,7,7,7,7,7,3,3,3,3,3,3,3,3,3,3,3,3,3,3,3,3,3,3,3,3,0,0,0,0,0,0,1,1,1,1,1,1,1,0,0,0,0,0,0,0,0,0,0,0,0,0,0,0,0,0,0,0,0,0,0,0,0,0,0,0,0,0,0,0,0,0,0,0,0,0,0,0,0,0,0,0,0,0,0,0,0,0,0,0,0,0,0,0,0,0,0,0,0,0,0,0,0,0,0,0,0,0,0,0,0,0,0,0,0,0,0,0,0,0,0,0,0,0,0,0,0,0,0,0,0,0,0,0,0,0,0,0,0,0,0,0,0,0,0,0,0,0,0,0,0,0,0,0,0,0,0,0,0,0,0,0,0,0,0,0,0,0,0,0,0,0,0,0,0,0,0,0,0,0,0,0,0,0,0,0,0,0,0,0,0,0,0,0,0,0,0,0,0,0,0,0,0,0,0,0,0,0,0,0,0,0,0,0,0,0,0,0,0,0,0,0,0,0,0,0,0,0,0,0,0,0,0,0,0,0,0,0,0,0,0,0,0,0,0,0,0,0,0,0,0,0,0,0,0,0,0,0,0,0,0,0,0,0,0,0,0,0,0,0,0,0,0,0,0,0,0,0,0,0,0,0,0,0,0,0,0,0,0,0,0,0,0,0,0,0,0,0,0,0,0,0,0,0,0,0,0,0,0,0,0,0,0,0,0,0,0,0,0,0,0,0,0,0,0,0,0,0,0,0,0,0,0,0,0,0,0,0,0,0,0,0,0,0,0,0,0,0,0,0,0,0,0,0,0,0,0,0,0,0,0,0,0,0,0,0,0,0,0,0,0,0,0,0,0,0,0,0,0,0,0,0,0,0,0,0,0,0,0,0,0,0,0,0,0,0,0,0,0,0,0,0,0,0,0,0,0,0,0,0,0,0,0,0,0,0,0,0,0,0,0,0,0,0,0,0,0,0,0,0,0,0,0,0,0,0,0,0,0,0,0,0,0,0,0,22,22,22,22,22,22,22,22,22,21,14,0,0,0,0,0,0,0,0,0,0,0,0,0,0,0,0,0,0,0,17,17,17,17,17,17,16,16,16,16,16,16,16,0,0,0,0,0,0,0,0,0,0,0,0,0,0,0,0,0,0,0,0,0,0,0,0,0,0,0,0,0,0,0,0,0,0,0,0,0,0,0,0,0,0,0,0,0,0,0,0,0,0,0,0,0,0,0,0,2,2,2,2,2,2,2,2,2,2,3,3,3,1,1,1,0,0,0,0,0,0,0,0,0,0,0,0,0,0,0,0,0,0,0,0,0,0,0,0,0,0,0,0,0,0,0,0,0,0,0,0,0,0,0,0,0,0,0,0,0,5,5,5,5,20,20,20,15,15,15,0,0,0,0,0,0,0,0,0,0,0,0,0,0,0,0,0,0,0,0,0,15,15,15,15,15,15,15,15,15,15,15,15,15,15,15,15,15,15,0,0,0,0,0,0,0,0,0
Shuttle3,	0,0,0,0,0,0,0,0,0,0,0,1,1,1,1,1,1,1,1,1,1,1,1,1,1,1,1,1,1,1,1,0,0,0,0,0,0,0,0,0,0,0,0,0,0,0,0,0,0,0,0,0,0,0,0,0,1,1,1,1,1,1,1,1,1,1,1,1,1,1,1,1,1,1,1,1,1,1,1,1,1,1,0,0,0,0,0,0,0,0,0,0,0,0,0,0,0,0,0,0,0,0,0,0,0,0,0,0,0,1,1,1,1,1,1,1,1,1,0,0,0,0,0,0,0,0,0,0,0,0,0,0,0,0,0,0,0,0,0,0,0,0,0,0,0,0,0,0,0,0,0,0,0,0,0,0,0,0,0,0,0,0,0,0,0,0,0,0,0,0,0,0,0,0,0,0,0,0,0,0,0,0,0,0,0,0,0,0,0,0,0,1,1,1,1,1,1,1,1,0,0,0,0,0,0,0,0,0,0,0,0,0,0,0,0,0,0,0,0,0,0,0,0,0,0,1,1,1,1,1,1,1,1,1,0,0,0,0,0,0,0,0,0,0,0,0,0,0,0,0,0,0,0,0,0,0,0,0,0,0,0,0,0,0,0,0,0,0,0,0,0,0,0,0,0,0,0,0,0,0,0,0,0,0,0,0,0,1,1,1,1,1,1,1,1,1,1,1,1,1,1,1,1,1,1,1,1,1,1,0,0,0,0,0,0,0,0,0,0,0,0,0,0,0,0,0,0,0,0,0,0,0,0,0,0,0,0,0,0,0,0,0,0,0,0,0,0,0,0,0,0,0,0,0,0,0,0,0,0,0,0,0,0,0,0,0,0,0,0,0,0,0,0,0,0,0,0,0,0,0,0,0,0,0,0,0,0,0,0,0,0,0,0,0,0,0,0,0,0,0,0,0,0,0,0,0,0,0,0,0,0,0,0,0,0,0,0,0,0,0,0,0,0,0,0,0,0,0,0,0,0,0,0,0,0,0,0,0,0,0,0,0,0,0,0,0,0,0,0,0,0,0,0,0,0,0,0,0,0,0,0,0,0,0,0,0,0,0,0,0,0,0,0,0,0,0,0,0,0,0,4,0,0,0,0,0,0,0,0,0,0,0,0,0,0,0,0,0,0,0,0,0,0,0,0,0,0,0,0,0,0,0,0,0,0,0,0,0,0,0,0,0,0,0,0,0,0,0,0,0,0,0,0,0,0,0,0,0,0,0,0,0,0,0,0,0,0,0,0,0,0,0,0,0,0,0,0,0,0,0,0,0,0,0,0,0,0,0,0,0,0,0,0,0,0,0,0,0,0,0,0,0,0,0,0,0,0,0,0,0,0,0,0,0,0,0,0,0,0,0,0,0,0,0,0,0,0,0,0,0,0,0,0,0,0,0,0,0,0,0,0,0,0,0,0,0,0,0,0,0,0,6,6,6,6,6,6,6,6,6,6,0,0,0,0,0,0,0,0,0,0,0,0,0,0,0,0,0,0,0,0,3,3,3,3,3,3,3,3,3,3,0,0,0,0,0,0,0,0,0,0,0,0,0,0,0,0,0,0,0,0,0,0,0,0,0,0,0,0,0,0,0,0,0,0,0,0,0,0,0,0,0,0,0,0,0,0,0,0,0,3,5,5,5,5,5,5,5,5,5,5,5,5,5,4,4,4,0,0,0,0,0,0,0,0,0,0,0,0,0,0,0,9,9,9,9,9,9,9,9,9,9,9,9,9,3,3,3,3,3,3,3,3,3,3,0,0,0,0,0,0,0,0,0,0,0,0,0,0,0,0,0,0,0,0,0,0,0,0,0,0,0,0,0,0,0,0,0,0,0,0,0,0,0,0,0,0,0,0,0,0,0,0,0,0,0,0,0,0,0,0,0,0,0,0,0,0,0,0,0,0,0,0,0,0,0,0,0,0,0,0,0,0,0,0,0,0,0,0,0,0,0,0,0,0,0,0,0,0,0,0,0,0,0,0,0,0,0,0,0,0,0,0,0,0,0,0,0,0,0,0,0,0,0,0,0,0,0,0,0,0,0,0,0,0,0,0,0,0,0,0,0,0,0,0,0,0,0,0,0,0,0,0,0,0,0,0,0,0,0,0,0,0,0,1,1,1,1,1,1,1,0,0,0,0,0,0,0,0,0,0,0,0,0,0,0,0,0,0,0,0,0,0,0,0,0,0,0,0,0,0,0,0,0,0,0,0,0,0,0,0,0,0,0,0,0,0,0,0,0,0,0,0,0,0,0,0,0,0,0,0,0,0,0,0,0,0,0,0,0,0,0,0,0,0,0,0,0,0,0,0,0,0,0,0,0,0,0,0,0,0,0,0,0,0,0,0,0,0,0,0,0,0,0,0,0,0,0,0,0,0,0,0,0,0,0,0,0,0,0,0,0,0,0,0,0,0,0,0,0,0,0,0,0,0,0,0,0,0,0,0,0,0,0,0,0,0,0,0,0,0,0,0,0,0,0,0,0,0,0,0,0,0,0,0,0,0,0,0,0,0,0,0,0,0,0,0,0,0,0,0,0,0,0,0,0,0,0,0,0,0,0,0,0,0,0,0,0,0,0,0,0,0,0,0,0,0,0,0,0,0,0,0,0,0,0,0,0,0,0,0,0,0,0,0,0,0,0,0,0,0,0,0,0,0,0,0,0,0,0,0,0,0,0,0,0,0,0,0,0,0,0,0,0,0,0,0,0,0,0,0,0,0,0,0,0,0,0,0,0,0,0,0,0,0,0,0,0,0,0,0,0,0,0,0,0,0,0,0,0,0,0,0,0,0,14,14,14,25,25,25,0,0,0,0,0,0,0,0,0,0,0,0,0,0,0,0,0,0,0,0,0,0,0,0,0,0,0,0,0,0,0,0,0,0,0,0,0,0,0,0,0,0,0,0,0,0,0,0,0,0,0,0,0,0,0,0,0,0,0,0,0,0,0,0,0,0,0,0,0,0,0,0,0,0,0,0,0,0,0,0,0,0,0,0,0,0,0,0,0,0,0,0,0,0,0,0,0,0,0,0,0,0,0,0,0,0,0,0,0,0,0,0,0,0,0,0,0,0,0,0,0,0,0,0,0,3,3,3,3,3,3,3,3,3,3,3,18,18,18,14,14,14,0,0,0,0,0,0,0,0,0,0,0,0,0,0,0,9,9,9,9,9,9,9,9,9,9,9,9,6,6,6,6,2,2,2,2,0,0,0,0,0,0,0,0,0,0,0,0,0,0,0,0,0,0,0,0,0,0

How early,	-690862/2639,	28,25,29,4,-32,-39,25,34,38,-20,-23,38,6,-81,-50,-15,14,-6,29,-4,-8,36,-2,36,14,-85,-61,-2,-61,36,-61,-56,5,6,-26,-14,38,-56,0,-9,-9,31,34,-27,-14,-14,-27,32,5,-26,-3,-20,6,-20,-26,-3,-4,-12,-27,-1,-7,37,-1,8,32,-12,-42,-1,8,-16,24,29,35,-58,-42,-25,-16,-2,-38,-2,36,0,-44,-38,9,0,-2,-11,22,14,12,8,12,15,14,8,-11,-18,38,38,38,38,38,-44,24,32,32,32,32,30,30,30,30,19,19,21,21,7,13,13,18,30,30,30,30,30,24,24,24,16,16,16,10,-5,-5,-5,1,1,28,28,28,28,28,28,5,11,5,11,27,27,26,26,26,26,24,24,24,24,24,24,15,24,-17,-17,10,10,-36,4,4,4,16,16,16,16,16,-33,-30,-13,10,-13,10,-59,-18,-44,15,17,17,19,19,-28,21,21,11,5,-24,11,5,-24,-10,7,-10,1,-10,11,13,13,13,13,18,2,2,2,2,1,1,1,1,1,1,1,-5,-29,-29,-12,-16,-16,-22,-22,-37,-31,-11,-11,-63,-36,-36,-33,-33,-33,-33,-33,-33,-51,-31,-13,-13,-30,-13,-13,-13,-13,-5,-29,-29,-29,-12,-13,-13,-13,-13,0,-21,-41,-44,-28,-28,-28,-16,-16,-21,-40,-24,-24,-34,-10,-10,-58,-33,-33,-12,-17,-64,-62,-47,-54,-54,-48,-51,-51,-51,-54,-54,-54,-63,-63,-54,-48,-48,-48,-48,-48,-48,-51,-57,-57,-48,-48,-48,-47,-48,-54,-54,-54,-48,-48,-48,-48,-54,-54,-48,-58,-43,-57,-57,-49,-57,-57,-49,-49,-48,-48,-48,-54,-54,-49,-49,-47,-64,-64,-62,-48,-45,-45,-40,-40,-40,-40,-40,-40,-40,-34,-34,-34,-34,-34,-34,-67,-47,0,0,8,8,6,6,-3,-3,6,0,0,6,38,4,4,4,4,-7,-7,-7,-5,-5,3,3,3,3,3,3,3,3,0,0,0,0,0,0,-60,-66,-37,-59,-71,-71,-14,-14,-89,-89,-89,-76,-94,-94,-94,-71,-94,-71,-86,-86,-86,-80,-80,-80,-83,-80,-86,-86,-80,-80,-89,-88,-82,-82,-82,-77,-80,-86,-80,-67,-65,-76,-52,-52,-29,-29,-35,-43,-89,-52,-60,-66,-83,-83,-66,-41,-41,-41,-41,-41,-17,19,19,19,19,19,-83,-54,-74,-97,-68,-97,-74,-74,-114,-114,-114,-112,-112,-97,-123,-129,-97,-94,-94,-60,-60,-60,-58,-54,-66,-78,-66,-66,-66,-52,-86,-86,-86,-66,-74,-97,-68,10,36,-51,-51,-51,9,-111,-123,-123,-123,-123,-111,-111,-109,-109,-124,-115,-72,-76,-58,-58,-58,-58,-58,-58,-70,-123,-123,-53,-53,-53,-13,7,7,-124,-124,-124,-94,-64,-64,-64,-64,-72,-72,-72,-73,-95,-16,-16,-16,-18,-18,-98,-109,-97,-109,-97,-129,-158,-143,-143,-89,-89,-78,-72,-78,-72,-100,-100,-100,-86,-86,-86,-98,-98,-98,-74,-97,-68,-95,37,37,37,-158,-158,-158,-158,-136,-99,-110,-110,-113,-95,-113,-107,-95,-95,-95,-107,-109,-109,-109,-132,-132,-97,-132,-109,-97,-103,-107,-95,-84,-158,-104,-104,-104,29,29,29,-113,-159,19,19,10,10,10,10,10,9,-53,-53,-53,-53,-53,-127,-127,-159,-159,-119,-119,-120,-137,-120,-121,-121,-121,-121,-121,-121,-118,-118,-132,-122,-122,-122,-122,-113,-130,-116,-113,-135,-103,-103,-132,-109,-109,-109,-132,-132,-132,-109,-103,-101,-118,-107,-102,-56,-56,-56,-119,-56,-56,-119,-127,-127,-126,-67,-67,-59,-69,-131,-131,-131,-131,-131,-131,-131,-131,-131,-71,-71,-71,-71,-71,-71,-11,-11,-139,-105,38,38,38,-207,-156,-156,-156,-156,-156,-156,-159,-159,-139,-139,-137,-137,-137,-137,-135,-135,-147,-147,-153,-147,-147,-147,-147,-150,-156,-156,-150,-156,-144,-146,37,37,37,37,37,-24,-24,-24,-24,-24,-24,-24,36,36,36,36,-87,-87,-87,-87,-87,-27,-27,33,33,33,33,-191,-156,-156,-156,-156,-148,-148,-148,-148,-148,-148,-148,-153,-142,-153,-142,-142,-142,-142,-139,-155,-155,-120,-96,-111,-111,-119,-142,-108,-108,-102,-108,-102,-102,-117,-102,-102,-102,-102,-42,-42,-42,-42,-42,-42,-42,-42,-12,18,18,18,18,18,18,18,18,18,18,-104,-104,-104,-104,-104,-104,-105,-159,-153,-170,-182,-167,-167,-133,-151,-128,-128,-162,-145,-145,-114,-114,-114,-114,-114,-54,-54,-54,-54,6,6,-114,-122,-122,-54,-7,6,6,6,6,-117,-117,-117,3,3,3,-191,-188,-194,-176,-191,-174,-173,-173,-173,-173,-173,-173,-171,-171,-171,-194,-182,-182,-182,-170,-159,-168,-153,-163,-111,-111,-142,-119,-190,-190,-190,-190,-190,-131,-131,-131,-131,-131,-131,-185,-185,-185,-7,-138,-138,-78,-18,-18,-15,3,-166,-77,-77,-152,-156,-148,-148,-206,-206,-210,-220,-220,-220,-188,-214,-183,-183,-168,-166,-166,-166,-165,-165,-165,-145,-145,-162,-164,-129,35,35,35,-196,-163,-157,-156,-160,-160,-160,-160,-148,-148,-157,-157,-157,-177,-191,-168,-153,25,25,34,-168,-220,-140,-174,-191,-125,-172,-180,-237,-237,-231,-231,-214,-195,-198,-183,-183,-186,-180,-186,-180,-184,-180,-180,-180,-180,-180,-180,-180,-164,-191,-180,-206,-290,-241,-237,-237,-232,-191,-216,-180,-180,-180,-180,-186,-224,-198,-198,-198,-198,-180,-180,-172,-172,-172,-172,-179,-180,-180,-177,-177,-172,-172,-172,-172,-172,-172,-182,-132,-132,-124,-124,-124,-124,-126,-126,-126,-131,-126,-188,-188,-199,-217,-217,-240,-205,-205,-203,-226,-205,-192,-192,-187,-210,-214,-266,-266,-275,-216,-210,-215,-235,-266,-286,-286,-266,-286,-286,-216,-238,-238,-214,-224,-205,-215,-262,-209,-209,-209,-215,-205,-205,-205,-217,-217,-240,-211,-205,-215,-209,-205,-205,-205,-225,-203,-167,-167,-167,-167,-175,-175,-198,-203,-164,-164,-170,-227,-235,-235,-235,-235,-226,-187,-233,-233,-233,-227,-301,-301,-301,-286,-286,-286,-286,-286,-251,-264,-249,-235,-235,-258,-254,-254,-254,-254,-274,-281,-262,-269,-262,-243,-233,-256,-256,-240,-238,-238,-247,-247,-247,-247,-247,-241,-261,-255,-261,-261,-154,-241,-263,-278,-263,-263,-263,-263,-270,-270,-252,-219,-227,-239,-233,-227,-212,-221,-267,-270,-270,-278,-278,-261,-261,-267,-267,-261,-274,-274,-274,-241,-213,-221,-221,-250,-250,-253,-253,-230,-253,-250,-250,-321,-299,-296,-296,-278,-278,-278,-278,-278,-278,-296,-276,-276,-276,-261,-261,-261,-261,-289,-259,-227,-227,-286,-286,-227,-286,-223,-223,-221,-239,-239,-239,-221,-302,-224,-273,-239,-239,-239,-257,-247,-252,28,-305,-305,-305,-305,-305,-305,-257,-257,-257,-257,-297,-273,-273,-345,-305,-327,-327,-327,-296,-302,-291,-286,-286,-286,-294,-268,-245,-239,-239,-239,-268,-268,-268,-265,-262,-262,-262,-277,-325,-271,-271,-271,-270,-310,-250,-278,-281,-328,-345,-339,-345,-341,-339,-339,-339,-305,-303,-297,-294,-288,-273,-273,-288,-288,-288,-297,-297,-297,-297,-270,-310,-278,-284,-288,-282,-288,-288,-288,-273,-345,-345,-345,-340,-339,-339,-288,-288,-286,-286,-286,-294,-294,-294,-280,-280,-280,-280,-280,-287,-287,-287,-287,-314,-288,-288,-285,-285,-285,-285,-285,-269,-232,-232,-234,-245,-245,-245,-245,-234,-234,-325,-261,-237,-237,-272,-237,-303,-303,-303,-303,-311,-311,-311,-311,-310,-316,-269,-261,-272,-363,-363,-363,-363,-374,-374,-306,-306,-304,-303,-303,-303,-320,-320,-314,-320,-319,-313,-325,-313,-317,-317,-311,-311,-311,-339,-305,-292,-245,-270,-322,-322,-322,-322,-253,-275,-269,-275,-269,-275,-272,-272,-330,-280,-280,-397,-397,-360,-360,-343,-335,-354,-337,-337,-337,-337,-337,-337,-329,-329,-329,-323,-323,-323,-323,-326,-338,-320,-320,-320,-326,-315,-293,-253,-241,-171,-129,-394,-343,-343,-343,-351,-351,-351,-351,-351,-351,-337,-337,-337,-339,-305,-295,-330,-329,-329,-280,-292,-280,-279,-304,-298,-294,-292,-292,-313,-323,-300,-323,-294,-423,-381,-371,-372,-372,-372,-378,-378,-362,-362,-362,-362,-326,-363,-315,-315,-312,-318,-318,-313,-312,-323,-300,-312,-312,-323,-312,-295,-257,-395,-377,-377,-389,-372,-369,-369,-369,-339,-333,-332,-332,-330,-329,-329,-304,-298,-332,-444,-347,-335,-335,-332,-332,-361,-361,-320,-320,-320,-329,-333,-319,-335,-335,-395,-401,-395,-374,-316,-282,-306,-295,-278,-273,-315,-364,-465,-425,-422,-421,-421,-418,-418,-418,-407,-407,-407,-407,-407,-407,-374,-422,-364,-422,-357,-363,-347,-407,-407,-407,-407,-413,-407,-413,-407,-407,-407,-401,-421,-401,-398,-421,-421,-421,-421,-398,-395,-407,-401,-418,-395,-347,-370,-370,-370,-347,-347,-347,-347,-335,-335,-332,-388,-388,-382,-382,-377,-360,-296,-296,-374,-356,-354,-371,-319,-319,-371,-347,-308,-313,-313,-313,-305,-305,-305,-271,-369,-477,-453,-453,-453,-438,-435,-435,-450,-433,-421,-430,-422,-422,-436,-384,-384,-382,-399,-405,-453,-435,-435,-435,-433,-448,-396,-396,-396,-396,-396,-410,-393,-373,-373,-373,-373,-388,-388,-388,-388,-388,-393,-393,-382,-412,-395,-410,-410,-422,-388,-396,-396,-396,-368,-342,-342,-352,-342,-404,-404,-404,-404,-527,-422,-436,-399,-405,-405,-402,-396,-352,-368,-353,-382,-471,-404,-404,-404,-428,-428,-428,-428,-428,-428,-428,-428,-428,-412,-412,-410,-410,-425,-425,-425,-425,-410,-410,-428,-428,-422,-393,-393,-433,-382,-379,-348,-482,-482,-290,-368,-402,-300,-453,-419,-360,-353,-383,-497,-491,-491,-499,-470,-445,-445,-445,-445,-445,-451,-451,-471,-471,-471,-431,-442,-399,-424,-518,-494,-488,-459,-459,-445,-428,-428,-433,-383,-383,-383,-383,-383,-391,-394,-394,-417,-394,-394,-435,-406,-402,-449,-420,-420,-431,-431,-408,-408,-453,-453,-397,-397,-454,-464,-404,-344,-344,-344,-344,-344,-344,-344,-344,-284,-284,-284,-224,-224,-224,-224,-224,-211,-104,-104,-104,-499,-464,-462,-462,-462,-462,-462,-462,-480,-471,-471,-471,-440,-424,-406,-429,-429,-429,-420,-403,-403,-402,-449,-449,-400,-408,-420,-420,-414,-420,-408,-431,-431,-414,-408,-480,-480,-478,-450,-412,-412,-420,-420,-420,-420,-419,-436,-419,-419,-435,-420,-446,-420,-417,-412,-412,-412,-479,-479,-413,-413,-413,-413,-293,-293,-293,-293,-293,-233,-173,-173,-113,-480,-480,-480,-486,-439,-414,-414,-354,-354,-347,-294,-294,-294,-294,-234,-234,-174,-114,-357,-357,-357,-312,-297,-297,-237,-205,-177,-177,-177,-117,-117,32,-275,-420,-420,-420,-387,-379,-360,-360,-300,-300,-300,-300,-275,-240,-240,-180,-180,-180,-180,-153,-120,-120,-120,-86,2,38,-372,-372,-364,-505,-468,-443,-369,-369,-369,-369,-443,-443,-443,-443,-377,-377,-377,-377,-377,-317,-317,-317,-317,-317,-271,-257,-197,-137,-137,-137,20,-531,-500,-500,-500,-500,-492,-443,-443,-443,-449,-449,-455,-455,-431,-431,-566,-566,-521,-531,-505,-505,-505,-463,-443,-443,-443,-443,-443,-443,-443,-443,-443,-441,-441,-441,-450,-437,-437,-437,-437,-437,-437,-436,-435,-446,-446,-452,-452,-443,-514,-515,-521,-521,-543,-543,-455,-515,-518,-518,-518,-437,-486,-466,-404,-482,-404,-404,-526,-544,-515,-518,-518,-518,-512,-512,-512,-469,-484,-484,-484,-469,-469,-469,-469,-469,-469,-461,-461,-461,-461,-455,-455,-455,-466,-458,-458,-458,-456,-586,-586,-543,-543,-529,-529,-529,-529,-529,-541,-541,-541,-481,-481,-496,-496,-490,-486,-481,-494,-434,-437,-478,-421,-413,-413,-415,-415,-426,-566,-477,-423,-490,-490,-490,-515,-563,-555,-566,-560,-574,-554,-554,-574,-554,-519,-519,-498,-510,-504,-510,-510,-290,-58,-636,-632,-561,-556,-555,-579,-579,-564,-564,-564,-564,-554,-554,-510,-510,-504,-504,-496,-496,-490,-490,-493,-551,-487,-486,-515,-472,-494,-495,-478,-423,-461,-461,-479,-467,-490,-512,-512,-512,-512,-512,-510,-490,-256,-197,-173,-470,-470,-470,-531,-614,-614,-614,-614,-614,-614,-614,-604,-604,-590,-590,-590,-553,-553,-536,-536,-551,-551,-567,-550,-596,-596,-590,-610,-590,-610,-590,-590,-590,-590,-565,-554,-554,-589,-559,-539,-538,-539,-539,-539,-551,-515,-508,-503,-495,-502,-508,-508,-473,-479,-467,-490,-458,-413,-448,-685,-523,-492,-492,-492,-492,-492,-492,-502,-502,-525,-502,-502,-502,-517,-600,-557,-380,-555,-551,-511,-511,-511,-539,-539,-539,-539,-516,-559,-559,-559,-559,-559,-499,-499,-499,-319,-319,-319,-259,-259,-259,-259,-259,-457,-442,-442,-442,-382,-382,-322,-322,-322,-262,-262,-262,-262,-236,-409,-626,-375,-312,-262,-199,-613,-591,-591,-591,-573,-573,-559,-571,-572,-572,-572,-570,-570,-582,-588,-588,-582,-582,-585,-582,-567,-567,-567,-567,-565,-550,-516,-516,-516,-514,-514,-514,-514,-514,-625,-640,-634,-634,-634,-618,-589,-580,-585,-577,-577,-577,-577,-577,-551,-574,-563,-523,-552,-523,-514,-514,-514,-514,-514,-511,-511,-511,-511,-546,-546,-546,-545,-508,-508,-508,-508,-579,-579,-585,-508,-508,-448,-448,-448,-448,-388,-388,-388,-388,-388,-328,-328,-268,-268,-629,-391,-391,-391,-391,-391,-391,-331,-331,-271,-271,-271,-271,-271,-271,-124,-544,-542,-520,-526,-460,-460,-460,-460,-460,-460,-484,-460,-400,-400,-340,-280,-280,-280,-280,-108,-587,-593,-587,-593,-593,-602,-528,-528,-528,-528,-528,-528,-472,-472,-472,-476,-474,-474,-474,-474,-485,-485,-485,-389,-350,-346,-214,-158,-534,-534,-475,-475,-475,-415,-415,-415,-415,-355,-355,-295,-295,-295,-295,-135,-94,-536,-536,-536,-536,-545,-520,-476,-174,-108,-591,-591,-591,-591,-588,-588,-594,-593,-587,-593,-593,-602,-602,-602,-602,-602,-585,-585,-602,-602,-602,-602,-602,-601,-601,-601,-540,-534,-540,-540,-534,-548,-548,-548,-548,-535,-477,-497,-477,-477,-477,-485,-485,-485,-417,-648,-651,-617,-605,-585,-601,-583,-574,-563,-558,-552,-540,-536,-548,-546,-546,-546,-545,-545,-544,-544,-542,-542,-542,-542,-528,-526,-520,-491,-489,-489,-489,-489,-485,-485,-485,-485,-484,-431,-431,-429,-429,-429,-371,-371,-600,-600,-600,-600,-608,-588,-540,-548,-548,-548,-548,-480,-480,-494,-434,-434,-434,-394,-374,-374,-173,-156,-91,-397,-367,-519,-515,-82,-432,-362,-468,-465,-226,-225,-526

How wait,	725660/2639,	48,9,13,9,39,16,9,41,13,41,13,2,23,24,41,13,23,2,12,22,4,21,19,12,26,4,0,19,12,26,7,0,4,47,42,29,0,26,33,25,16,4,42,36,0,36,4,25,16,21,21,24,0,1,29,23,36,15,32,21,4,3,1,29,24,15,0,3,19,3,9,3,32,21,19,1,3,29,0,15,18,2,18,2,28,45,45,34,15,28,2,18,18,28,16,27,32,9,1,32,34,35,2,9,23,1,18,28,27,32,32,5,0,0,0,0,0,22,6,6,6,6,6,6,6,6,1,8,8,8,8,12,12,12,12,14,40,40,14,14,14,8,8,14,8,8,8,8,8,11,11,20,8,8,8,20,8,8,8,8,18,27,32,5,22,10,10,10,14,14,10,10,6,6,6,6,6,6,6,10,10,10,10,10,10,6,6,6,6,6,10,6,6,6,6,1,30,30,30,30,31,31,31,31,31,31,11,11,11,14,14,14,31,31,20,8,8,14,20,20,20,20,11,11,11,11,11,11,31,11,20,20,20,20,8,8,8,20,8,8,36,5,22,10,10,10,14,31,31,17,17,6,6,6,46,51,43,46,46,43,43,43,43,10,10,43,43,43,43,6,6,50,49,11,11,11,14,14,14,31,31,20,14,43,43,20,20,20,20,31,43,43,63,63,63,63,63,63,63,80,80,80,80,80,80,59,69,17,17,17,17,17,17,17,10,10,10,14,31,31,49,17,17,46,66,78,78,78,43,46,46,78,43,43,43,43,43,43,55,55,43,43,63,55,30,30,30,30,30,30,30,30,30,30,30,30,32,32,32,32,32,0,66,34,34,34,34,34,34,34,34,34,34,35,35,35,35,35,35,35,35,35,35,38,38,38,38,38,55,44,44,44,44,55,66,80,80,80,80,80,98,80,80,98,98,98,115,115,115,115,115,95,95,115,95,95,95,95,95,95,95,95,49,66,66,66,66,66,98,98,115,115,78,98,101,101,101,101,101,101,101,101,115,115,63,84,66,55,34,38,38,30,30,30,30,79,79,55,19,19,19,19,19,98,98,80,115,115,98,98,98,98,98,115,115,98,127,127,127,115,115,95,103,87,87,87,87,79,87,87,87,87,83,28,2,89,89,89,29,98,114,115,115,101,101,101,101,133,133,133,55,34,38,90,90,67,79,79,79,38,67,67,67,91,51,31,31,162,162,162,102,102,67,114,114,114,114,91,54,54,54,54,54,127,150,150,150,87,104,104,104,87,87,87,87,87,87,87,87,87,87,83,83,83,119,116,1,1,1,133,162,162,162,162,110,55,90,90,90,90,70,70,73,73,73,67,79,79,79,67,67,67,73,102,102,118,118,114,114,114,114,185,9,9,9,116,19,19,28,28,28,28,28,29,91,91,91,91,91,91,87,104,122,128,116,104,128,128,119,119,104,104,104,151,151,151,119,119,198,136,100,90,90,90,90,79,102,102,139,139,118,118,118,118,118,118,118,118,118,118,118,151,114,114,114,151,132,94,94,94,94,91,94,94,156,103,103,97,107,229,229,169,169,169,169,169,169,169,169,169,109,109,109,109,109,109,49,49,0,0,0,234,122,122,122,122,128,128,116,128,128,139,139,139,119,119,151,151,151,151,151,151,151,151,151,151,151,151,151,163,163,167,1,1,1,1,1,62,62,62,62,62,62,62,2,2,2,2,125,125,125,125,125,65,65,5,5,5,5,163,163,139,139,157,157,157,157,163,163,163,163,157,163,163,163,151,163,186,186,186,163,163,163,186,151,154,151,154,151,151,163,163,154,154,154,132,151,128,134,155,140,140,140,80,80,80,80,80,80,80,80,50,20,20,20,20,20,20,20,20,20,20,151,234,207,206,163,163,167,188,151,140,140,140,140,150,140,140,152,152,92,92,92,92,32,32,152,140,140,92,45,32,32,32,32,155,155,155,35,35,35,163,174,174,154,163,154,154,157,157,163,163,163,163,157,163,163,163,186,191,132,166,151,142,142,138,138,138,163,163,163,163,163,163,163,163,163,163,45,202,170,170,110,50,50,53,35,115,115,190,180,174,174,174,174,174,220,206,206,206,206,206,161,188,180,143,143,152,152,152,152,140,140,140,140,150,152,152,143,143,143,140,140,152,167,3,3,3,209,222,222,222,209,181,151,142,142,142,142,163,180,138,138,138,138,175,175,175,175,178,178,175,187,187,191,13,13,4,198,178,187,229,163,175,223,223,258,258,217,218,233,194,143,143,152,152,152,152,175,150,209,152,152,212,183,187,187,195,187,266,209,209,209,222,222,222,235,241,204,229,142,142,142,142,175,163,178,178,178,178,175,175,210,210,210,210,210,175,175,178,178,187,187,175,187,187,187,222,201,162,162,162,162,162,162,164,164,164,163,164,164,226,226,236,258,258,307,307,307,184,195,195,195,195,195,195,209,212,212,306,293,293,293,293,293,293,269,196,210,210,230,210,226,247,230,230,230,230,230,230,226,226,226,226,226,226,226,226,222,222,226,226,226,226,222,212,206,199,199,199,199,199,199,222,202,202,202,208,265,265,265,265,222,225,307,307,307,307,307,307,307,307,307,307,307,230,230,230,213,230,247,247,247,209,212,212,247,259,259,259,279,306,276,230,265,240,247,230,259,259,226,262,262,259,262,262,262,262,262,262,262,262,230,282,282,282,168,259,271,282,247,296,296,296,279,279,279,282,282,282,282,282,275,228,259,248,248,251,251,325,265,282,282,282,294,294,294,282,282,282,282,294,282,282,282,262,262,262,262,275,250,250,246,246,246,246,246,248,305,271,271,271,271,271,271,271,280,271,276,10,282,296,296,296,296,296,314,271,280,261,219,219,219,219,251,251,331,331,331,331,331,294,317,317,317,317,250,250,254,254,254,271,271,271,246,254,254,254,254,246,246,246,295,295,295,295,295,288,293,303,305,286,314,314,314,343,327,343,343,271,261,255,283,283,260,260,251,251,260,260,260,283,283,283,283,293,303,299,299,295,295,295,295,295,305,331,349,286,250,250,254,254,254,271,271,271,286,286,318,318,318,318,318,318,318,318,318,318,318,318,286,286,286,286,286,330,330,330,270,270,272,272,299,275,275,275,275,295,275,330,330,330,341,398,346,283,283,283,283,303,299,299,287,299,275,275,295,349,349,349,349,349,401,401,286,286,286,318,318,330,330,330,318,318,318,318,334,330,330,330,330,330,307,270,270,294,277,355,355,307,307,307,307,307,398,398,398,352,355,332,320,320,344,344,320,332,332,332,332,332,332,344,332,332,344,344,332,332,335,368,335,335,335,275,275,277,291,243,401,354,355,373,338,338,338,338,338,338,338,338,338,307,323,310,310,310,270,310,309,320,310,319,404,376,355,403,403,403,404,404,404,404,404,383,383,298,275,275,284,284,284,320,319,319,319,319,319,319,319,334,321,295,373,373,373,373,367,367,379,354,354,354,355,373,373,370,370,370,370,370,321,307,319,319,319,319,310,310,310,310,319,319,319,319,310,482,354,354,354,358,358,358,357,359,425,398,354,320,344,333,308,303,353,489,390,390,390,405,422,439,439,439,439,439,398,389,379,356,356,379,373,373,373,373,379,379,379,379,379,379,379,439,439,439,439,422,422,422,425,425,425,439,439,439,439,402,319,342,342,342,319,319,319,342,354,354,354,310,334,334,334,334,334,334,334,212,343,343,343,343,373,366,346,343,343,343,343,343,343,295,439,439,439,422,422,422,439,439,439,439,439,439,449,420,396,356,356,379,439,439,439,439,457,414,414,391,391,391,391,391,414,414,414,414,394,391,391,391,391,414,391,391,391,391,391,414,414,414,428,378,378,384,380,567,438,396,423,407,411,428,428,379,391,391,411,411,411,411,440,385,384,386,383,383,384,383,383,457,457,457,457,442,442,442,442,414,414,414,414,414,414,414,414,414,414,426,426,426,426,446,446,446,446,446,414,414,426,426,426,414,414,414,420,401,398,386,509,509,509,390,320,392,324,485,362,577,391,506,506,506,506,438,411,411,411,407,407,407,407,411,411,411,411,428,428,440,440,440,437,406,390,392,383,383,522,522,509,509,509,442,442,463,463,463,446,446,446,426,426,408,418,418,418,418,418,418,435,435,442,382,382,382,382,382,382,382,382,322,322,322,262,262,262,262,262,249,142,142,142,463,491,491,466,475,475,475,444,390,415,415,415,415,415,392,383,383,427,427,427,442,442,481,463,463,463,475,408,415,415,415,415,415,422,427,415,415,427,427,427,427,427,427,427,450,450,450,427,450,450,450,450,450,450,418,450,450,450,331,331,331,331,331,271,211,211,151,512,512,512,512,512,477,452,452,392,392,385,332,332,332,332,272,272,212,152,395,395,395,350,335,335,275,243,215,215,215,155,155,6,305,450,450,450,425,409,398,398,338,338,338,338,313,278,278,218,218,218,218,191,158,158,158,124,36,0,443,402,402,402,457,411,436,434,423,407,407,407,407,412,412,412,412,352,352,352,352,352,309,292,232,172,172,172,15,520,530,530,494,415,415,415,427,427,427,427,457,593,593,481,481,481,453,415,415,415,415,415,470,470,470,470,470,419,422,427,427,427,427,427,427,450,427,450,450,450,450,462,443,530,487,487,487,547,487,487,467,442,442,442,442,530,530,530,530,530,524,547,547,547,527,527,527,517,487,487,464,476,476,476,476,476,476,476,464,464,464,476,476,476,476,476,476,476,467,467,467,467,457,593,593,569,547,546,547,547,547,547,547,547,547,565,565,565,530,470,487,487,499,499,495,443,478,430,455,458,451,451,451,451,451,451,451,451,436,522,522,522,522,511,511,511,502,595,595,582,582,575,575,575,575,575,575,575,575,575,553,568,487,487,515,519,519,519,519,519,499,485,451,451,326,96,648,644,546,547,546,565,565,565,565,565,565,530,522,522,502,470,487,511,511,511,487,499,499,499,499,499,499,502,502,495,519,478,458,436,511,514,550,550,550,550,550,550,491,491,491,491,491,294,235,211,491,500,500,500,582,582,582,582,582,582,582,595,595,595,595,595,614,614,614,575,515,515,560,560,536,536,536,617,617,617,617,617,617,617,617,617,617,617,597,522,522,502,521,511,511,511,554,571,519,488,471,469,474,474,474,474,486,486,486,486,486,486,446,412,723,523,523,523,523,523,523,523,523,523,526,526,638,595,418,593,589,597,597,597,597,597,537,537,537,357,357,357,297,297,297,297,297,495,480,480,480,420,420,360,360,360,300,300,300,300,274,433,664,413,350,300,237,614,571,571,571,571,571,571,551,551,560,560,536,551,599,599,599,599,599,571,603,603,603,603,571,571,571,571,571,571,543,543,543,543,543,543,543,543,617,649,649,649,649,557,570,570,570,571,606,606,606,606,523,546,549,541,570,547,546,546,546,546,546,526,535,535,535,535,526,526,526,486,486,486,486,606,606,606,546,546,486,486,486,486,426,426,426,426,426,366,366,306,306,667,429,429,429,429,429,429,369,369,309,309,309,309,309,309,162,558,558,558,558,558,558,558,498,498,498,498,498,498,498,438,438,378,318,318,318,318,146,619,619,560,560,560,560,560,560,510,512,510,510,510,510,510,510,510,510,427,388,384,252,196,513,513,513,453,453,453,453,393,393,333,333,333,333,173,132,622,574,574,574,547,514,212,146,571,571,571,571,603,603,620,619,619,619,619,603,603,603,603,603,600,606,620,620,620,620,620,619,619,619,572,572,572,572,572,572,572,572,572,565,515,521,515,515,515,515,515,515,455,649,637,615,634,606,622,621,546,549,564,570,578,574,526,526,526,526,525,574,558,558,558,558,558,558,558,533,547,518,518,518,518,518,510,510,510,510,498,458,458,458,458,458,398,398,638,638,638,638,638,618,578,578,578,578,578,518,518,524,464,464,464,432,404,404,211,186,129,435,405,557,553,120,470,400,506,503,264,263,564


Missed people's location (Destination / Demand time) At 1439
A Station,	(F/866/-1), (I/868/-1), (F/874/-1), (T/891/-1), (R/904/-1), (P/912/-1), (W/944/-1), (R/966/-1), (J/975/-1), (S/995/-1), (G/1001/-1), (I/1015/-1), (U/1076/-1), (O/1089/-1), (G/1095/-1), (W/1107/-1), (M/1127/-1), (T/1145/-1), (H/1160/-1), (P/1163/-1), (Q/1188/-1), (J/1276/-1)
B Station,	(O/825/-1), (O/825/-1), (N/833/-1), (N/833/-1), (H/833/-1), (W/833/-1), (W/833/-1), (N/833/-1), (N/833/-1), (I/836/-1), (R/836/-1), (R/836/-1), (R/836/-1), (R/836/-1), (R/841/-1), (M/848/-1), (O/885/-1), (O/885/-1), (O/885/-1), (O/885/-1), (N/893/-1), (N/893/-1), (N/893/-1), (H/893/-1), (N/893/-1), (N/893/-1), (J/893/-1), (H/893/-1), (W/893/-1), (J/893/-1), (R/896/-1), (I/896/-1), (R/896/-1), (O/945/-1), (O/945/-1), (H/953/-1), (N/953/-1), (J/953/-1), (H/953/-1), (J/953/-1), (W/953/-1), (H/953/-1), (N/953/-1), (H/953/-1), (P/953/-1), (R/956/-1), (O/1005/-1), (O/1005/-1), (O/1005/-1), (O/1005/-1), (O/1005/-1), (J/1013/-1), (H/1013/-1), (N/1013/-1), (W/1013/-1), (H/1013/-1), (W/1013/-1), (H/1013/-1), (H/1013/-1), (H/1013/-1), (N/1013/-1), (J/1013/-1), (W/1013/-1), (H/1013/-1), (W/1013/-1), (I/1016/-1), (I/1016/-1), (R/1016/-1), (R/1016/-1), (R/1016/-1), (I/1016/-1), (I/1016/-1), (N/1017/-1), (N/1026/-1), (O/1041/-1), (O/1065/-1), (O/1065/-1), (O/1065/-1), (J/1073/-1), (J/1073/-1), (W/1073/-1), (J/1073/-1), (N/1073/-1), (N/1073/-1), (N/1073/-1), (H/1073/-1), (N/1073/-1), (J/1073/-1), (H/1073/-1), (R/1076/-1), (I/1076/-1), (I/1076/-1), (R/1076/-1), (I/1076/-1), (N/1084/-1), (R/1093/-1), (V/1094/-1), (W/1121/-1), (O/1125/-1), (O/1125/-1), (O/1125/-1), (O/1125/-1), (O/1125/-1), (J/1133/-1), (W/1133/-1), (N/1133/-1), (N/1133/-1), (H/1133/-1), (W/1133/-1), (N/1133/-1), (N/1133/-1), (J/1133/-1), (H/1133/-1), (R/1136/-1), (I/1136/-1), (R/1136/-1), (I/1136/-1), (I/1136/-1), (R/1136/-1), (I/1136/-1), (R/1136/-1), (R/1136/-1), (I/1136/-1), (I/1136/-1), (M/1138/-1), (K/1150/-1), (Q/1176/-1), (H/1300/-1), (U/1348/-1)
C Station,	(O/829/-1), (O/829/-1), (O/829/-1), (L/831/-1), (L/831/-1), (L/831/-1), (R/834/-1), (R/834/-1), (R/834/-1), (L/857/-1), (H/885/-1), (F/885/-1), (H/885/-1), (F/885/-1), (F/885/-1), (F/885/-1), (I/888/-1), (I/888/-1), (O/889/-1), (L/891/-1), (W/891/-1), (L/891/-1), (L/891/-1), (N/892/-1), (N/892/-1), (K/896/-1), (H/945/-1), (H/945/-1), (F/945/-1), (H/945/-1), (F/945/-1), (I/948/-1), (I/948/-1), (O/949/-1), (O/949/-1), (W/951/-1), (J/951/-1), (W/951/-1), (W/951/-1), (W/951/-1), (W/951/-1), (J/951/-1), (J/951/-1), (W/951/-1), (N/952/-1), (N/952/-1), (N/952/-1), (N/952/-1), (N/952/-1), (R/954/-1), (R/954/-1), (M/962/-1), (F/1005/-1), (F/1005/-1), (F/1005/-1), (H/1005/-1), (I/1008/-1), (I/1008/-1), (I/1008/-1), (O/1009/-1), (J/1011/-1), (J/1011/-1), (L/1011/-1), (L/1011/-1), (J/1011/-1), (L/1011/-1), (W/1011/-1), (N/1012/-1), (N/1012/-1), (N/1018/-1), (H/1065/-1), (F/1065/-1), (H/1065/-1), (H/1065/-1), (I/1068/-1), (I/1068/-1), (K/1068/-1), (O/1069/-1), (O/1069/-1), (O/1069/-1), (O/1069/-1), (L/1071/-1), (W/1071/-1), (J/1071/-1), (J/1071/-1), (W/1071/-1), (W/1071/-1), (W/1071/-1), (J/1071/-1), (W/1071/-1), (J/1071/-1), (L/1071/-1), (J/1071/-1), (W/1071/-1), (L/1071/-1), (N/1072/-1), (N/1072/-1), (N/1072/-1), (R/1074/-1), (R/1074/-1), (R/1074/-1), (F/1125/-1), (F/1125/-1), (F/1125/-1), (F/1125/-1), (I/1128/-1), (I/1128/-1), (O/1129/-1), (O/1129/-1), (O/1129/-1), (O/1129/-1), (O/1129/-1), (O/1129/-1), (O/1129/-1), (L/1131/-1), (W/1131/-1), (J/1131/-1), (W/1131/-1), (W/1131/-1), (W/1131/-1), (L/1131/-1), (N/1132/-1), (N/1132/-1), (N/1132/-1), (N/1132/-1), (R/1134/-1), (K/1171/-1), (U/1174/-1), (T/1223/-1), (S/1281/-1), (B/1362/-1)
D Station,	(L/830/-1), (N/831/-1), (F/884/-1), (F/884/-1), (F/884/-1), (F/884/-1), (B/887/-1), (B/887/-1), (O/888/-1), (O/888/-1), (W/890/-1), (L/890/-1), (J/890/-1), (W/890/-1), (L/890/-1), (W/890/-1), (J/890/-1), (N/891/-1), (R/893/-1), (R/893/-1), (I/906/-1), (I/907/-1), (F/944/-1), (H/944/-1), (H/944/-1), (I/947/-1), (I/947/-1), (I/947/-1), (B/947/-1), (I/947/-1), (B/947/-1), (I/947/-1), (O/948/-1), (O/948/-1), (R/948/-1), (L/950/-1), (W/950/-1), (W/950/-1), (W/950/-1), (W/950/-1), (W/950/-1), (W/950/-1), (L/950/-1), (L/950/-1), (G/951/-1), (R/953/-1), (R/953/-1), (R/953/-1), (L/988/-1), (F/1004/-1), (I/1007/-1), (B/1007/-1), (B/1007/-1), (B/1007/-1), (B/1007/-1), (B/1007/-1), (O/1008/-1), (O/1008/-1), (O/1008/-1), (O/1008/-1), (J/1010/-1), (L/1010/-1), (W/1010/-1), (L/1010/-1), (L/1010/-1), (W/1010/-1), (L/1010/-1), (N/1011/-1), (N/1011/-1), (N/1011/-1), (L/1025/-1), (K/1030/-1), (F/1064/-1), (F/1064/-1), (F/1064/-1), (H/1064/-1), (F/1064/-1), (H/1064/-1), (H/1064/-1), (I/1067/-1), (B/1067/-1), (B/1067/-1), (I/1067/-1), (B/1067/-1), (O/1068/-1), (O/1068/-1), (O/1068/-1), (W/1070/-1), (L/1070/-1), (J/1070/-1), (L/1070/-1), (J/1070/-1), (L/1070/-1), (J/1070/-1), (J/1070/-1), (N/1071/-1), (N/1071/-1), (N/1071/-1), (R/1073/-1), (R/1073/-1), (R/1073/-1), (V/1078/-1), (V/1081/-1), (V/1090/-1), (A/1095/-1), (J/1103/-1), (H/1124/-1), (F/1124/-1), (H/1124/-1), (I/1127/-1), (B/1127/-1), (O/1128/-1), (O/1128/-1), (O/1128/-1), (J/1130/-1), (W/1130/-1), (W/1130/-1), (J/1130/-1), (L/1130/-1), (L/1130/-1), (N/1131/-1), (N/1131/-1), (R/1133/-1), (R/1133/-1), (H/1157/-1), (H/1214/-1), (R/1262/-1), (J/1287/-1), (C/1306/-1), (L/1309/-1), (R/1337/-1), (A/1338/-1)
E Station,	(T/933/-1), (U/940/-1), (R/947/-1), (H/954/-1), (R/989/-1), (W/989/-1), (F/1006/-1), (U/1122/-1), (A/1261/-1), (B/1262/-1), (Q/1275/-1), (P/1293/-1), (T/1326/-1), (K/1330/-1), (W/1351/-1)
F Station,	(L/884/-1), (L/884/-1), (L/884/-1), (L/884/-1), (L/884/-1), (W/887/-1), (W/887/-1), (H/890/-1), (J/890/-1), (H/890/-1), (H/890/-1), (W/890/-1), (H/890/-1), (N/891/-1), (N/891/-1), (R/893/-1), (I/893/-1), (I/893/-1), (R/893/-1), (R/893/-1), (R/893/-1), (I/893/-1), (R/893/-1), (I/893/-1), (R/896/-1), (R/896/-1), (R/896/-1), (H/896/-1), (W/896/-1), (H/896/-1), (R/896/-1), (H/896/-1), (P/897/-1), (I/899/-1), (I/899/-1), (V/921/-1), (O/942/-1), (O/942/-1), (L/944/-1), (L/944/-1), (L/944/-1), (W/950/-1), (H/950/-1), (J/950/-1), (J/950/-1), (J/950/-1), (J/950/-1), (J/950/-1), (J/950/-1), (N/951/-1), (R/953/-1), (R/953/-1), (I/953/-1), (I/953/-1), (R/953/-1), (S/954/-1), (L/959/-1), (U/960/-1), (P/998/-1), (O/1002/-1), (O/1002/-1), (O/1002/-1), (O/1002/-1), (O/1002/-1), (O/1002/-1), (L/1004/-1), (L/1004/-1), (J/1010/-1), (J/1010/-1), (W/1010/-1), (H/1010/-1), (J/1010/-1), (W/1010/-1), (W/1010/-1), (H/1010/-1), (N/1011/-1), (I/1013/-1), (I/1013/-1), (I/1013/-1), (I/1013/-1), (R/1013/-1), (R/1013/-1), (J/1019/-1), (O/1062/-1), (O/1062/-1), (O/1062/-1), (L/1064/-1), (L/1064/-1), (L/1064/-1), (L/1064/-1), (C/1065/-1), (J/1070/-1), (H/1070/-1), (J/1070/-1), (H/1070/-1), (H/1070/-1), (W/1070/-1), (H/1070/-1), (J/1070/-1), (W/1070/-1), (H/1070/-1), (N/1071/-1), (N/1071/-1), (I/1073/-1), (R/1073/-1), (R/1073/-1), (R/1073/-1), (R/1073/-1), (R/1073/-1), (I/1073/-1), (D/1099/-1), (O/1121/-1), (O/1122/-1), (O/1122/-1), (O/1122/-1), (D/1124/-1), (D/1124/-1), (L/1124/-1), (D/1124/-1), (D/1124/-1), (D/1124/-1), (L/1124/-1), (C/1125/-1), (C/1125/-1), (C/1125/-1), (J/1130/-1), (J/1130/-1), (J/1130/-1), (H/1130/-1), (W/1130/-1), (H/1130/-1), (H/1130/-1), (H/1130/-1), (J/1130/-1), (N/1131/-1), (I/1133/-1), (I/1133/-1), (I/1133/-1), (R/1133/-1), (I/1133/-1), (D/1138/-1), (W/1140/-1), (U/1200/-1), (E/1247/-1), (R/1254/-1), (W/1272/-1), (T/1278/-1), (U/1314/-1), (H/1328/-1)
G Station,	(U/682/-1), (J/712/-1), (Q/734/-1), (V/796/-1), (T/828/-1), (F/839/-1), (K/901/-1), (A/903/-1), (M/964/-1), (A/988/-1), (E/992/-1), (Q/999/-1), (N/1001/-1), (M/1020/-1), (N/1029/-1), (M/1077/-1), (R/1084/-1), (S/1164/-1), (Q/1171/-1), (A/1173/-1)
H Station,	(D/884/-1), (D/884/-1), (D/884/-1), (D/884/-1), (C/885/-1), (C/885/-1), (C/885/-1), (C/885/-1), (C/885/-1), (F/890/-1), (F/890/-1), (N/893/-1), (N/893/-1), (B/893/-1), (N/893/-1), (N/893/-1), (O/894/-1), (O/894/-1), (O/894/-1), (O/894/-1), (L/896/-1), (L/896/-1), (B/912/-1), (O/927/-1), (J/944/-1), (J/944/-1), (C/945/-1), (C/945/-1), (C/945/-1), (C/945/-1), (R/947/-1), (R/947/-1), (R/947/-1), (R/947/-1), (R/947/-1), (E/947/-1), (F/950/-1), (F/950/-1), (F/950/-1), (F/950/-1), (S/951/-1), (B/953/-1), (B/953/-1), (B/953/-1), (N/953/-1), (O/954/-1), (O/954/-1), (O/954/-1), (O/954/-1), (L/956/-1), (L/956/-1), (L/956/-1), (M/967/-1), (N/979/-1), (R/999/-1), (D/1004/-1), (J/1004/-1), (J/1004/-1), (D/1004/-1), (J/1004/-1), (J/1004/-1), (J/1004/-1), (W/1004/-1), (J/1004/-1), (W/1004/-1), (C/1005/-1), (C/1005/-1), (C/1005/-1), (C/1005/-1), (C/1005/-1), (C/1005/-1), (R/1007/-1), (F/1008/-1), (F/1010/-1), (F/1010/-1), (F/1010/-1), (N/1013/-1), (B/1013/-1), (N/1013/-1), (B/1013/-1), (O/1014/-1), (O/1014/-1), (L/1016/-1), (L/1016/-1), (O/1034/-1), (R/1063/-1), (D/1064/-1), (J/1064/-1), (J/1064/-1), (J/1064/-1), (J/1064/-1), (W/1064/-1), (J/1064/-1), (J/1064/-1), (C/1065/-1), (C/1065/-1), (T/1066/-1), (R/1067/-1), (R/1067/-1), (F/1070/-1), (F/1070/-1), (F/1070/-1), (F/1070/-1), (N/1073/-1), (B/1073/-1), (B/1073/-1), (B/1073/-1), (N/1073/-1), (N/1073/-1), (B/1073/-1), (B/1073/-1), (N/1073/-1), (N/1073/-1), (B/1073/-1), (L/1076/-1), (F/1106/-1), (G/1110/-1), (J/1123/-1), (J/1124/-1), (W/1124/-1), (W/1124/-1), (J/1124/-1), (D/1124/-1), (D/1124/-1), (W/1124/-1), (W/1124/-1), (J/1124/-1), (U/1124/-1), (C/1125/-1), (C/1125/-1), (C/1125/-1), (C/1125/-1), (C/1125/-1), (R/1127/-1), (F/1130/-1), (F/1130/-1), (P/1133/-1), (B/1133/-1), (B/1133/-1), (B/1133/-1), (O/1134/-1), (O/1134/-1), (O/1134/-1), (L/1136/-1), (L/1136/-1), (J/1151/-1), (R/1152/-1), (E/1163/-1), (V/1189/-1), (U/1308/-1)
I Station,	(L/899/-1), (G/901/-1), (F/939/-1), (D/947/-1), (D/947/-1), (D/947/-1), (C/948/-1), (F/953/-1), (B/956/-1), (B/956/-1), (B/956/-1), (B/956/-1), (B/956/-1), (O/957/-1), (O/957/-1), (O/957/-1), (O/957/-1), (L/959/-1), (L/959/-1), (J/1001/-1), (D/1007/-1), (W/1007/-1), (W/1007/-1), (C/1008/-1), (M/1008/-1), (R/1010/-1), (R/1010/-1), (R/1010/-1), (F/1013/-1), (F/1013/-1), (F/1013/-1), (F/1013/-1), (F/1013/-1), (B/1016/-1), (B/1016/-1), (O/1017/-1), (O/1017/-1), (L/1019/-1), (L/1019/-1), (L/1019/-1), (L/1019/-1), (D/1028/-1), (L/1041/-1), (J/1061/-1), (J/1061/-1), (J/1061/-1), (J/1061/-1), (D/1067/-1), (D/1067/-1), (D/1067/-1), (D/1067/-1), (W/1067/-1), (C/1068/-1), (R/1070/-1), (F/1073/-1), (F/1073/-1), (B/1076/-1), (B/1076/-1), (B/1076/-1), (O/1077/-1), (O/1077/-1), (L/1079/-1), (L/1079/-1), (G/1080/-1), (K/1090/-1), (J/1121/-1), (J/1121/-1), (D/1127/-1), (D/1127/-1), (D/1127/-1), (W/1127/-1), (W/1127/-1), (W/1127/-1), (D/1127/-1), (C/1128/-1), (R/1130/-1), (R/1130/-1), (F/1133/-1), (F/1133/-1), (W/1134/-1), (B/1136/-1), (B/1136/-1), (B/1136/-1), (B/1136/-1), (O/1137/-1), (L/1139/-1), (L/1139/-1), (L/1139/-1), (K/1179/-1), (S/1231/-1), (J/1263/-1), (B/1310/-1), (L/1312/-1), (M/1317/-1), (M/1332/-1)
J Station,	(I/821/-1), (I/821/-1), (H/824/-1), (H/824/-1), (D/830/-1), (D/830/-1), (C/831/-1), (C/831/-1), (C/831/-1), (N/833/-1), (N/833/-1), (N/833/-1), (N/833/-1), (L/836/-1), (L/836/-1), (C/852/-1), (I/881/-1), (I/881/-1), (I/881/-1), (I/881/-1), (H/884/-1), (H/884/-1), (H/884/-1), (F/890/-1), (D/890/-1), (F/890/-1), (F/890/-1), (C/891/-1), (C/891/-1), (C/891/-1), (C/891/-1), (C/891/-1), (B/893/-1), (N/893/-1), (N/893/-1), (B/893/-1), (N/893/-1), (B/893/-1), (O/894/-1), (O/894/-1), (O/894/-1), (L/896/-1), (L/896/-1), (B/902/-1), (A/908/-1), (F/910/-1), (D/931/-1), (I/941/-1), (H/944/-1), (H/944/-1), (R/947/-1), (R/947/-1), (D/950/-1), (D/950/-1), (D/950/-1), (F/950/-1), (D/950/-1), (C/951/-1), (B/953/-1), (N/953/-1), (O/954/-1), (G/955/-1), (L/956/-1), (L/956/-1), (L/956/-1), (A/956/-1), (R/963/-1), (C/967/-1), (I/1001/-1), (H/1004/-1), (W/1004/-1), (H/1004/-1), (W/1004/-1), (R/1007/-1), (R/1007/-1), (R/1007/-1), (D/1010/-1), (C/1011/-1), (C/1011/-1), (C/1011/-1), (U/1013/-1), (N/1013/-1), (N/1013/-1), (B/1013/-1), (N/1013/-1), (N/1013/-1), (B/1013/-1), (B/1013/-1), (B/1013/-1), (O/1014/-1), (O/1014/-1), (O/1014/-1), (O/1014/-1), (L/1016/-1), (L/1016/-1), (F/1018/-1), (I/1061/-1), (I/1061/-1), (W/1064/-1), (W/1064/-1), (W/1064/-1), (H/1064/-1), (W/1064/-1), (R/1067/-1), (R/1067/-1), (P/1068/-1), (D/1069/-1), (D/1070/-1), (D/1070/-1), (B/1073/-1), (B/1073/-1), (B/1073/-1), (N/1073/-1), (N/1073/-1), (B/1073/-1), (B/1073/-1), (O/1074/-1), (O/1074/-1), (O/1074/-1), (L/1076/-1), (L/1076/-1), (L/1076/-1), (R/1120/-1), (I/1121/-1), (W/1124/-1), (H/1124/-1), (W/1124/-1), (H/1124/-1), (W/1124/-1), (H/1124/-1), (H/1124/-1), (W/1124/-1), (R/1127/-1), (R/1127/-1), (R/1127/-1), (R/1127/-1), (F/1128/-1), (D/1130/-1), (F/1130/-1), (F/1130/-1), (D/1130/-1), (D/1130/-1), (F/1130/-1), (B/1133/-1), (B/1133/-1), (B/1133/-1), (B/1133/-1), (N/1133/-1), (N/1133/-1), (N/1133/-1), (B/1133/-1), (B/1133/-1), (O/1134/-1), (O/1134/-1), (L/1136/-1), (L/1136/-1), (L/1136/-1), (C/1157/-1), (S/1171/-1), (C/1174/-1), (Q/1175/-1), (M/1226/-1), (Q/1260/-1), (Q/1297/-1), (G/1352/-1), (P/1363/-1)
K Station,	(R/923/-1), (M/949/-1), (R/962/-1), (V/970/-1), (D/993/-1), (B/1088/-1), (L/1141/-1), (P/1158/-1), (G/1173/-1), (M/1176/-1), (F/1187/-1), (W/1192/-1), (C/1201/-1), (B/1214/-1), (L/1226/-1), (B/1324/-1), (C/1346/-1)
L Station,	(I/899/-1), (I/899/-1), (I/899/-1), (I/899/-1), (C/951/-1), (C/951/-1), (C/951/-1), (C/951/-1), (C/951/-1), (K/955/-1), (H/956/-1), (W/956/-1), (W/956/-1), (W/956/-1), (R/956/-1), (H/956/-1), (H/956/-1), (J/956/-1), (R/956/-1), (I/959/-1), (I/959/-1), (Q/1000/-1), (O/1002/-1), (O/1002/-1), (O/1002/-1), (O/1002/-1), (F/1004/-1), (F/1004/-1), (F/1004/-1), (F/1004/-1), (F/1004/-1), (D/1010/-1), (D/1010/-1), (C/1011/-1), (R/1016/-1), (W/1016/-1), (H/1016/-1), (R/1016/-1), (J/1016/-1), (W/1016/-1), (J/1016/-1), (H/1016/-1), (R/1016/-1), (R/1016/-1), (R/1016/-1), (I/1019/-1), (I/1019/-1), (M/1037/-1), (M/1055/-1), (O/1062/-1), (O/1062/-1), (F/1064/-1), (F/1064/-1), (F/1064/-1), (F/1064/-1), (F/1064/-1), (M/1068/-1), (D/1070/-1), (C/1071/-1), (C/1071/-1), (W/1076/-1), (J/1076/-1), (J/1076/-1), (J/1076/-1), (W/1076/-1), (H/1076/-1), (R/1076/-1), (H/1076/-1), (H/1076/-1), (R/1076/-1), (I/1079/-1), (I/1079/-1), (S/1079/-1), (D/1092/-1), (O/1122/-1), (O/1122/-1), (O/1122/-1), (O/1122/-1), (F/1124/-1), (D/1130/-1), (C/1131/-1), (H/1136/-1), (W/1136/-1), (W/1136/-1), (W/1136/-1), (R/1136/-1), (W/1136/-1), (W/1136/-1), (R/1136/-1), (I/1139/-1), (I/1139/-1), (I/1139/-1), (I/1139/-1), (I/1139/-1), (I/1139/-1), (I/1139/-1), (I/1139/-1), (F/1181/-1), (C/1219/-1), (Q/1258/-1), (F/1264/-1), (R/1301/-1), (W/1308/-1), (W/1308/-1), (K/1331/-1)
M Station,	(R/1031/-1), (K/1047/-1), (W/1112/-1), (N/1183/-1), (S/1213/-1), (K/1224/-1), (I/1265/-1), (O/1310/-1), (P/1324/-1), (U/1329/-1), (K/1332/-1), (Q/1347/-1), (G/1363/-1)
N Station,	(J/893/-1), (H/893/-1), (I/896/-1), (Q/898/-1), (Q/929/-1), (J/940/-1), (R/944/-1), (W/947/-1), (F/951/-1), (F/951/-1), (F/951/-1), (F/951/-1), (D/951/-1), (D/951/-1), (C/952/-1), (C/952/-1), (H/953/-1), (H/953/-1), (J/953/-1), (J/953/-1), (O/954/-1), (I/956/-1), (I/956/-1), (I/956/-1), (I/956/-1), (I/956/-1), (G/978/-1), (M/988/-1), (V/995/-1), (R/1004/-1), (R/1004/-1), (W/1007/-1), (W/1007/-1), (U/1009/-1), (L/1010/-1), (L/1010/-1), (L/1010/-1), (L/1010/-1), (D/1011/-1), (F/1011/-1), (D/1011/-1), (F/1011/-1), (C/1012/-1), (C/1012/-1), (J/1013/-1), (H/1013/-1), (B/1013/-1), (O/1014/-1), (O/1014/-1), (I/1016/-1), (I/1016/-1), (I/1016/-1), (I/1016/-1), (I/1016/-1), (Q/1018/-1), (K/1036/-1), (E/1054/-1), (R/1064/-1), (R/1064/-1), (R/1064/-1), (R/1064/-1), (R/1064/-1), (R/1064/-1), (W/1067/-1), (W/1067/-1), (L/1070/-1), (L/1070/-1), (D/1071/-1), (D/1071/-1), (D/1071/-1), (F/1071/-1), (F/1071/-1), (D/1071/-1), (F/1071/-1), (D/1071/-1), (F/1071/-1), (D/1071/-1), (C/1072/-1), (H/1073/-1), (J/1073/-1), (J/1073/-1), (O/1074/-1), (O/1074/-1), (O/1074/-1), (I/1076/-1), (V/1093/-1), (R/1124/-1), (R/1124/-1), (R/1124/-1), (R/1124/-1), (W/1127/-1), (W/1127/-1), (W/1127/-1), (W/1127/-1), (W/1127/-1), (W/1127/-1), (L/1130/-1), (L/1130/-1), (L/1130/-1), (L/1130/-1), (F/1131/-1), (D/1131/-1), (F/1131/-1), (D/1131/-1), (D/1131/-1), (F/1131/-1), (C/1132/-1), (C/1132/-1), (B/1133/-1), (J/1133/-1), (B/1133/-1), (B/1133/-1), (H/1133/-1), (H/1133/-1), (B/1133/-1), (J/1133/-1), (B/1133/-1), (O/1134/-1), (O/1134/-1), (O/1134/-1), (I/1136/-1), (I/1136/-1), (I/1136/-1), (I/1136/-1), (I/1136/-1), (I/1136/-1), (K/1171/-1), (H/1185/-1), (I/1230/-1), (H/1255/-1), (I/1362/-1)
O Station,	(R/832/-1), (H/834/-1), (N/834/-1), (W/834/-1), (H/834/-1), (W/834/-1), (J/834/-1), (N/834/-1), (N/834/-1), (W/834/-1), (W/834/-1), (H/834/-1), (N/834/-1), (J/834/-1), (W/834/-1), (I/837/-1), (I/837/-1), (I/837/-1), (I/837/-1), (I/837/-1), (R/837/-1), (G/854/-1), (L/882/-1), (L/882/-1), (L/882/-1), (N/894/-1), (H/894/-1), (H/894/-1), (H/894/-1), (H/894/-1), (N/894/-1), (W/894/-1), (H/894/-1), (W/894/-1), (W/894/-1), (N/894/-1), (N/894/-1), (N/894/-1), (N/894/-1), (W/894/-1), (J/894/-1), (J/894/-1), (N/894/-1), (N/894/-1), (R/897/-1), (I/897/-1), (I/897/-1), (R/897/-1), (I/897/-1), (J/907/-1), (P/909/-1), (I/915/-1), (F/942/-1), (F/942/-1), (B/945/-1), (D/948/-1), (D/948/-1), (C/949/-1), (C/949/-1), (R/952/-1), (H/954/-1), (W/954/-1), (J/954/-1), (H/954/-1), (W/954/-1), (N/954/-1), (H/954/-1), (N/954/-1), (H/954/-1), (I/957/-1), (I/957/-1), (R/957/-1), (R/957/-1), (R/957/-1), (R/957/-1), (I/957/-1), (E/960/-1), (L/1002/-1), (F/1002/-1), (F/1002/-1), (L/1002/-1), (B/1005/-1), (D/1008/-1), (D/1008/-1), (D/1008/-1), (C/1009/-1), (C/1009/-1), (B/1011/-1), (J/1014/-1), (W/1014/-1), (N/1014/-1), (J/1014/-1), (W/1014/-1), (N/1014/-1), (J/1014/-1), (H/1014/-1), (J/1014/-1), (J/1014/-1), (H/1014/-1), (I/1017/-1), (R/1017/-1), (I/1017/-1), (R/1017/-1), (I/1017/-1), (I/1017/-1), (I/1017/-1), (M/1047/-1), (L/1062/-1), (L/1062/-1), (B/1065/-1), (B/1065/-1), (B/1065/-1), (D/1068/-1), (D/1068/-1), (C/1069/-1), (C/1069/-1), (N/1074/-1), (J/1074/-1), (H/1074/-1), (J/1074/-1), (W/1074/-1), (J/1074/-1), (N/1074/-1), (W/1074/-1), (W/1074/-1), (W/1074/-1), (W/1074/-1), (H/1074/-1), (N/1074/-1), (N/1074/-1), (W/1074/-1), (I/1077/-1), (R/1077/-1), (I/1077/-1), (N/1102/-1), (L/1122/-1), (F/1122/-1), (F/1122/-1), (L/1122/-1), (F/1122/-1), (F/1122/-1), (F/1122/-1), (B/1125/-1), (B/1125/-1), (B/1125/-1), (C/1129/-1), (N/1134/-1), (W/1134/-1), (W/1134/-1), (H/1134/-1), (J/1134/-1), (H/1134/-1), (W/1134/-1), (R/1137/-1), (I/1137/-1), (I/1137/-1), (B/1141/-1), (M/1143/-1), (B/1250/-1), (C/1253/-1), (Q/1304/-1), (E/1305/-1), (L/1333/-1), (Q/1335/-1)
P Station,	(B/920/-1), (M/949/-1), (U/955/-1), (O/1005/-1), (S/1013/-1), (K/1025/-1), (H/1051/-1), (V/1052/-1), (K/1093/-1), (M/1104/-1), (M/1112/-1), (D/1118/-1), (W/1132/-1), (D/1191/-1), (T/1257/-1), (S/1333/-1), (M/1349/-1), (C/1361/-1)
Q Station,	(N/860/-1), (T/907/-1), (U/947/-1), (S/1011/-1), (W/1080/-1), (L/1083/-1), (H/1104/-1), (S/1105/-1), (R/1136/-1), (J/1185/-1), (K/1191/-1), (E/1198/-1), (M/1204/-1), (O/1245/-1), (M/1254/-1), (B/1262/-1), (J/1326/-1), (U/1353/-1), (S/1354/-1), (H/1357/-1), (L/1362/-1), (F/1364/-1)
R Station,	(W/881/-1), (W/881/-1), (H/881/-1), (H/884/-1), (J/884/-1), (H/884/-1), (J/884/-1), (H/887/-1), (J/887/-1), (J/887/-1), (J/887/-1), (H/887/-1), (J/887/-1), (J/887/-1), (I/890/-1), (D/890/-1), (D/890/-1), (F/893/-1), (D/893/-1), (F/893/-1), (F/893/-1), (F/893/-1), (F/893/-1), (F/893/-1), (C/894/-1), (C/894/-1), (C/894/-1), (C/894/-1), (C/894/-1), (C/894/-1), (C/894/-1), (L/896/-1), (L/896/-1), (L/896/-1), (B/896/-1), (L/896/-1), (L/896/-1), (N/896/-1), (N/896/-1), (B/896/-1), (N/896/-1), (N/896/-1), (N/896/-1), (O/897/-1), (O/897/-1), (O/897/-1), (O/897/-1), (O/897/-1), (I/902/-1), (J/909/-1), (W/941/-1), (W/941/-1), (W/941/-1), (W/941/-1), (W/941/-1), (M/941/-1), (N/944/-1), (N/944/-1), (N/944/-1), (H/947/-1), (J/947/-1), (H/947/-1), (J/947/-1), (J/947/-1), (I/950/-1), (I/950/-1), (I/950/-1), (I/950/-1), (D/953/-1), (D/953/-1), (D/953/-1), (D/953/-1), (F/953/-1), (D/953/-1), (F/953/-1), (D/953/-1), (D/953/-1), (C/954/-1), (C/954/-1), (C/954/-1), (C/954/-1), (L/956/-1), (B/956/-1), (B/956/-1), (L/956/-1), (O/957/-1), (O/957/-1), (O/957/-1), (G/961/-1), (L/970/-1), (K/976/-1), (N/985/-1), (D/987/-1), (N/989/-1), (W/1001/-1), (W/1001/-1), (N/1004/-1), (N/1004/-1), (J/1007/-1), (H/1007/-1), (I/1010/-1), (F/1013/-1), (D/1013/-1), (D/1013/-1), (D/1013/-1), (D/1013/-1), (F/1013/-1), (C/1014/-1), (C/1014/-1), (C/1014/-1), (C/1014/-1), (C/1014/-1), (C/1014/-1), (B/1016/-1), (B/1016/-1), (L/1016/-1), (B/1016/-1), (L/1016/-1), (L/1016/-1), (B/1016/-1), (L/1016/-1), (A/1028/-1), (W/1061/-1), (W/1061/-1), (H/1063/-1), (N/1064/-1), (N/1064/-1), (N/1064/-1), (K/1065/-1), (H/1067/-1), (H/1067/-1), (J/1067/-1), (D/1073/-1), (D/1073/-1), (D/1073/-1), (F/1073/-1), (D/1073/-1), (D/1073/-1), (C/1074/-1), (C/1074/-1), (C/1074/-1), (C/1074/-1), (L/1076/-1), (B/1076/-1), (L/1076/-1), (L/1076/-1), (I/1098/-1), (W/1121/-1), (W/1121/-1), (W/1121/-1), (W/1121/-1), (J/1127/-1), (H/1127/-1), (H/1127/-1), (J/1127/-1), (I/1130/-1), (I/1130/-1), (I/1130/-1), (I/1130/-1), (F/1133/-1), (F/1133/-1), (F/1133/-1), (C/1134/-1), (C/1134/-1), (C/1134/-1), (C/1134/-1), (C/1134/-1), (C/1134/-1), (L/1136/-1), (B/1136/-1), (L/1136/-1), (L/1136/-1), (L/1136/-1), (L/1136/-1), (B/1136/-1), (O/1137/-1), (J/1147/-1), (G/1150/-1), (J/1184/-1), (B/1185/-1), (F/1211/-1), (B/1219/-1), (A/1226/-1), (U/1250/-1), (F/1314/-1), (N/1337/-1), (F/1346/-1)
S Station,	(I/924/-1), (N/994/-1), (A/996/-1), (O/1008/-1), (U/1033/-1), (C/1037/-1), (C/1040/-1), (W/1047/-1), (K/1067/-1), (C/1076/-1), (J/1096/-1), (U/1185/-1), (P/1198/-1), (B/1304/-1), (O/1365/-1)
T Station,	(N/923/-1), (B/958/-1), (F/1012/-1), (F/1015/-1), (L/1069/-1), (U/1072/-1), (A/1084/-1), (Q/1090/-1), (P/1101/-1), (O/1146/-1), (B/1151/-1), (E/1174/-1), (Q/1177/-1), (C/1188/-1), (N/1217/-1), (P/1271/-1), (E/1290/-1), (H/1300/-1), (A/1323/-1), (U/1354/-1), (U/1359/-1), (B/1360/-1)
U Station,	(I/998/-1), (C/1022/-1), (T/1087/-1), (H/1101/-1), (P/1121/-1), (E/1189/-1), (B/1208/-1), (B/1256/-1), (V/1296/-1), (W/1352/-1), (M/1366/-1)
V Station,	(R/719/-1), (R/767/-1), (A/808/-1), (H/847/-1), (M/859/-1), (N/882/-1), (C/907/-1), (U/940/-1), (U/948/-1), (M/967/-1), (A/971/-1), (R/983/-1), (L/986/-1), (M/991/-1), (Q/993/-1), (E/1019/-1), (T/1020/-1), (T/1035/-1), (D/1050/-1), (M/1054/-1), (M/1062/-1), (A/1070/-1), (J/1080/-1), (F/1097/-1), (G/1142/-1), (G/1231/-1), (Q/1239/-1), (S/1266/-1), (Q/1267/-1), (O/1306/-1), (B/1316/-1)
W Station,	(J/884/-1), (H/884/-1), (H/884/-1), (I/887/-1), (I/887/-1), (I/887/-1), (I/887/-1), (D/890/-1), (F/890/-1), (F/890/-1), (F/890/-1), (D/890/-1), (D/890/-1), (C/891/-1), (O/894/-1), (L/896/-1), (L/896/-1), (L/927/-1), (J/932/-1), (I/947/-1), (I/947/-1), (N/947/-1), (N/947/-1), (N/947/-1), (D/950/-1), (C/951/-1), (C/951/-1), (B/953/-1), (B/953/-1), (B/953/-1), (O/954/-1), (O/954/-1), (O/954/-1), (O/954/-1), (O/954/-1), (L/956/-1), (L/956/-1), (L/956/-1), (L/956/-1), (J/1004/-1), (H/1004/-1), (N/1007/-1), (I/1007/-1), (N/1007/-1), (I/1007/-1), (I/1007/-1), (I/1007/-1), (F/1010/-1), (C/1011/-1), (C/1011/-1), (B/1013/-1), (B/1013/-1), (B/1013/-1), (O/1014/-1), (O/1014/-1), (O/1014/-1), (O/1014/-1), (O/1014/-1), (O/1014/-1), (O/1014/-1), (L/1016/-1), (L/1016/-1), (L/1016/-1), (L/1016/-1), (H/1064/-1), (N/1067/-1), (N/1067/-1), (I/1067/-1), (I/1067/-1), (I/1067/-1), (I/1067/-1), (F/1070/-1), (D/1070/-1), (D/1070/-1), (F/1070/-1), (B/1073/-1), (B/1073/-1), (B/1073/-1), (O/1074/-1), (O/1074/-1), (O/1074/-1), (L/1076/-1), (L/1076/-1), (L/1076/-1), (H/1091/-1), (J/1124/-1), (J/1124/-1), (H/1124/-1), (H/1124/-1), (J/1124/-1), (H/1124/-1), (I/1127/-1), (N/1127/-1), (D/1130/-1), (F/1130/-1), (D/1130/-1), (F/1130/-1), (F/1130/-1), (F/1130/-1), (D/1130/-1), (C/1131/-1), (C/1131/-1), (C/1131/-1), (B/1133/-1), (B/1133/-1), (B/1133/-1), (O/1134/-1), (L/1136/-1), (L/1136/-1), (I/1197/-1), (U/1253/-1), (H/1285/-1), (Q/1296/-1), (K/1308/-1), (J/1317/-1), (B/1329/-1)
