Proposed CM	Serviced: 4346, Unfair: 0, UserN :4500
Shuttle0,	0,0,0,0,0,0,0,0,0,0,0,0,0,0,0,0,0,0,0,0,0,0,0,0,0,0,0,0,0,0,0,0,0,0,0,0,0,0,0,0,0,0,0,0,0,0,0,0,0,0,0,0,0,0,0,0,0,0,0,0,0,0,0,0,0,0,0,0,0,0,0,0,0,0,0,0,0,0,0,0,0,0,0,0,0,0,0,0,0,0,0,0,0,0,0,0,0,0,0,0,0,0,0,0,0,0,0,0,0,0,0,0,0,0,0,0,0,0,0,0,0,0,0,0,0,0,0,0,0,0,0,0,0,0,0,0,0,0,0,0,0,0,0,0,0,0,0,0,0,0,0,0,0,0,0,0,0,0,0,0,0,0,0,0,0,0,0,0,0,0,0,0,0,0,0,0,0,0,0,0,0,0,0,0,0,0,0,0,0,0,0,0,0,0,0,0,0,0,0,0,0,0,0,0,0,0,0,0,0,0,0,0,0,0,0,0,0,0,0,0,0,0,0,0,0,0,0,0,0,0,0,0,0,0,0,0,0,0,0,0,0,0,0,0,0,0,0,0,0,0,0,0,0,0,0,0,0,0,0,0,0,0,0,0,0,0,0,0,0,0,0,0,0,0,0,0,0,0,0,0,0,0,0,0,0,0,0,0,0,0,0,0,0,0,0,0,0,0,0,0,0,0,0,0,0,0,0,0,0,0,0,0,0,0,0,0,0,0,0,0,0,0,0,0,0,0,0,0,0,0,0,0,0,0,0,0,0,0,0,0,0,0,0,0,0,0,0,0,0,0,0,0,0,0,0,0,0,0,10,10,10,45,45,45,45,45,45,45,45,45,45,45,45,45,45,45,45,45,45,45,45,45,45,45,45,45,45,45,45,45,45,45,45,45,45,45,45,45,45,45,45,45,45,45,45,45,45,45,45,45,45,45,45,45,45,45,45,45,45,45,45,45,45,45,45,45,45,45,45,45,45,45,45,45,45,45,45,45,45,45,45,45,45,45,45,45,45,45,45,45,45,45,45,45,45,45,45,45,45,45,45,45,45,45,45,45,45,45,45,45,45,45,45,45,45,45,45,45,45,45,45,45,45,45,45,45,45,45,45,45,45,45,45,45,44,44,44,45,45,45,45,45,45,45,45,45,45,45,45,45,45,45,45,45,45,45,45,45,45,45,45,45,45,45,45,45,45,45,45,43,43,43,41,41,41,45,45,45,45,43,43,43,45,45,45,45,45,45,45,45,45,45,45,45,45,45,45,45,45,45,45,45,45,45,45,45,44,44,44,44,45,45,45,45,45,45,45,45,37,37,37,32,32,32,32,32,32,32,29,29,29,29,29,29,32,35,35,35,38,38,45,45,45,45,45,45,45,45,45,45,39,39,39,39,39,39,38,38,38,38,38,38,38,33,33,33,32,32,32,32,32,32,32,20,20,10,10,10,6,6,6,6,5,5,5,5,5,5,5,5,5,5,5,5,5,5,5,5,5,5,5,5,5,5,5,5,5,5,5,5,5,5,0,0,0,0,0,0,0,0,0,0,0,0,0,0,0,0,0,0,0,0,0,0,0,0,0,0,0,0,0,0,0,0,0,0,0,0,0,0,0,0,0,0,0,0,0,0,0,0,0,0,0,0,0,0,0,0,0,0,0,0,0,0,0,0,0,0,0,0,0,0,0,0,0,0,0,0,0,0,0,0,0,0,0,0,0,0,0,0,0,0,0,0,0,0,0,0,0,0,0,0,0,0,0,0,0,0,0,0,0,0,0,0,0,0,0,0,0,0,0,0,0,0,0,0,0,0,0,0,0,0,0,0,0,0,0,0,0,0,0,0,0,0,0,0,0,0,0,0,0,0,0,0,0,0,0,0,0,0,0,0,0,0,0,0,0,0,0,0,0,0,0,0,0,0,0,0,0,0,0,0,0,0,0,0,0,0,0,0,0,0,0,0,0,0,0,0,0,0,0,0,0,0,0,0,0,0,0,0,0,0,0,0,0,0,0,0,0,0,0,0,0,0,0,0,0,0,0,0,0,0,0,0,0,0,0,0,0,0,0,0,0,0,0,0,0,0,0,0,0,0,0,0,0,0,0,0,0,0,0,0,0,0,0,0,0,0,0,0,0,0,0,0,0,0,0,0,0,0,0,0,0,0,0,0,0,0,0,0,0,0,0,0,0,0,0,0,0,0,0,0,0,0,0,0,0,0,0,0,0,0,0,0,0,0,0,0,0,0,0,0,0,0,0,0,0,0,0,0,0,0,0,0,0,0,0,0,0,0,0,0,0,0,0,0,0,0,0,0,0,0,0,0,0,0,0,0,0,0,0,0,0,0,0,0,0,0,0,0,0,0,0,0,0,0,0,0,0,0,0,0,0,0,0,0,0,0,0,0,0,0,0,0,0,0,0,0,0,0,0,0,0,0,0,0,0,0,13,13,13,13,45,45,45,45,45,45,45,45,45,45,45,45,45,45,45,45,45,45,45,45,45,45,45,45,45,45,45,45,45,45,45,45,45,45,45,45,45,45,45,45,45,45,45,45,45,45,45,45,45,45,45,45,45,45,45,45,45,45,45,45,45,45,45,45,45,45,45,45,45,45,45,45,45,45,45,45,45,45,45,45,45,45,45,45,45,45,45,45,45,45,45,45,45,45,45,45,45,45,45,45,45,45,45,45,45,45,42,42,42,45,45,45,45,45,45,45,45,45,45,45,45,45,45,45,45,45,45,45,45,45,45,45,44,44,44,44,45,45,45,45,45,45,45,45,45,45,45,45,45,45,45,45,45,45,45,45,45,45,45,45,45,45,45,45,45,45,45,45,41,41,41,45,45,45,45,45,45,45,45,45,45,45,45,45,45,45,45,45,45,45,44,44,44,45,45,45,45,45,45,45,45,45,45,43,43,43,40,40,40,45,45,45,45,45,45,45,38,38,38,38,35,35,35,45,45,45,45,45,45,45,45,45,41,41,41,41,41,41,41,41,45,45,45,45,45,45,45,45,45,45,45,45,42,42,42,32,32,32,32,32,32,32,32,32,32,32,32,32,45,45,45,45,43,43,42,42,42,45,45,45,45,45,45,45,45,45,45,42,42,42,41,41,41,41,41,41,41,39,39,39,38,38,38,38,36,36,36,34,34,34,34,34,25,25,25,25,25,25,25,25,25,25,25,25,22,22,22,22,22,22,22,22,22,22,22,22,22,22,22,0,0,0,0,0,0,0,0,0,0,0,0,0,0,0,0,0,0,0
Shuttle1,	0,0,0,0,0,0,0,0,0,0,0,0,0,0,0,0,0,0,0,0,0,0,0,0,0,0,0,0,0,0,0,0,0,0,0,0,0,0,0,0,0,0,0,0,0,0,0,0,0,0,0,0,0,0,0,0,0,0,0,0,0,0,0,0,0,0,0,0,0,0,0,0,0,0,0,0,0,0,0,0,0,0,0,0,0,0,0,0,0,0,0,0,0,0,0,0,0,0,0,0,0,0,0,0,0,0,0,0,0,0,0,0,0,0,0,0,0,0,0,0,0,0,0,0,0,0,0,0,0,0,0,0,0,0,0,0,0,0,0,0,0,0,0,0,0,0,0,0,0,0,0,0,0,0,0,0,0,0,0,0,0,0,0,0,0,0,0,0,0,0,0,0,0,0,0,0,0,0,0,0,0,0,0,0,0,0,0,0,0,0,0,0,0,0,0,0,0,0,0,0,0,0,0,0,0,0,0,0,0,0,0,0,0,0,0,0,0,0,0,0,0,0,0,0,0,0,0,0,0,0,0,0,0,0,0,0,0,0,0,0,0,0,0,0,0,0,0,0,0,0,0,0,0,0,0,0,0,0,0,0,0,0,0,0,0,0,0,0,0,0,0,0,0,0,0,0,0,0,0,0,0,0,0,0,0,0,0,0,0,0,0,0,0,0,0,0,0,0,0,0,0,0,0,0,0,0,0,0,0,0,0,0,0,0,0,0,0,0,0,0,0,0,0,0,0,0,0,0,0,0,0,0,0,0,0,0,0,0,0,0,0,0,0,0,0,0,0,0,0,0,0,0,0,0,0,0,0,0,0,44,44,44,45,45,45,45,45,45,45,45,45,45,45,45,45,45,45,45,45,45,45,45,45,45,45,45,45,45,45,45,45,45,45,45,45,45,45,45,45,45,45,45,45,45,45,45,45,45,45,45,45,45,45,45,45,45,45,45,45,45,45,45,45,45,45,45,45,45,45,45,45,45,45,45,45,45,45,45,45,45,45,45,45,45,45,45,45,45,45,45,45,45,45,45,45,45,45,45,45,45,45,45,45,45,45,45,45,45,45,45,45,45,45,45,45,45,45,45,45,45,45,45,40,40,40,45,45,45,45,45,45,45,45,45,45,45,45,45,45,45,45,45,45,45,45,45,45,45,45,45,45,45,45,45,45,45,45,35,35,35,42,42,42,45,45,45,45,42,42,42,45,45,45,45,45,45,45,45,45,45,45,45,45,45,45,45,45,45,45,45,45,45,45,45,45,45,45,45,45,45,45,45,45,45,45,45,42,42,42,40,40,40,40,40,40,40,40,40,40,40,40,40,45,45,45,45,45,45,45,45,45,45,45,45,45,45,45,45,40,40,40,39,39,39,39,39,39,39,39,39,39,38,38,38,36,36,36,36,33,33,33,33,33,45,45,45,36,36,36,36,35,35,35,35,35,35,35,35,27,27,27,27,23,23,23,23,21,21,21,21,19,19,19,17,17,17,17,17,17,17,3,3,3,3,3,3,3,1,1,1,1,1,1,1,1,0,0,0,0,0,0,0,0,0,0,0,0,0,0,0,0,0,0,0,0,0,0,0,0,0,0,0,0,0,0,0,0,0,0,0,0,0,0,0,0,0,0,0,0,0,0,0,0,0,0,0,0,0,0,0,0,0,0,0,0,0,0,0,0,0,0,0,0,0,0,0,0,0,0,0,0,0,0,0,0,0,0,0,0,0,0,0,0,0,0,0,0,0,0,0,0,0,0,0,0,0,0,0,0,0,0,0,0,0,0,0,0,0,0,0,0,0,0,0,0,0,0,0,0,0,0,0,0,0,0,0,0,0,0,0,0,0,0,0,0,0,0,0,0,0,0,0,0,0,0,0,0,0,0,0,0,0,0,0,0,0,0,0,0,0,0,0,0,0,0,0,0,0,0,0,0,0,0,0,0,0,0,0,0,0,0,0,0,0,0,0,0,0,0,0,0,0,0,0,0,0,0,0,0,0,0,0,0,0,0,0,0,0,0,0,0,0,0,0,0,0,0,0,0,0,0,0,0,0,0,0,0,0,0,0,0,0,0,0,0,0,0,0,0,0,0,0,0,0,0,0,0,0,0,0,0,0,0,0,0,0,0,0,0,0,0,0,0,0,0,0,0,0,0,0,0,0,0,0,0,0,0,0,0,0,0,0,0,0,0,0,0,0,0,0,0,0,0,0,0,0,0,0,0,0,0,0,0,0,0,0,0,0,0,0,0,0,0,0,0,0,0,0,0,0,0,0,0,0,0,0,0,0,0,0,0,0,0,0,0,0,0,0,0,0,0,0,0,0,0,0,0,0,0,0,0,0,0,0,0,0,0,0,0,0,0,0,0,0,0,0,0,0,0,0,0,0,0,0,0,0,0,0,0,0,0,0,0,0,0,0,0,0,0,0,0,0,0,0,0,0,0,0,0,0,45,45,45,45,45,45,45,45,45,45,45,45,45,45,45,45,45,45,45,45,45,45,45,45,45,45,45,45,45,45,45,45,45,45,45,45,45,45,45,45,45,45,45,45,45,45,45,45,45,45,45,45,45,45,45,45,45,45,45,45,45,45,45,45,45,45,45,45,45,45,45,45,45,45,45,45,45,45,45,45,45,45,45,45,45,45,45,45,45,45,45,45,45,45,45,45,44,44,44,45,45,45,45,45,45,45,45,45,45,45,45,45,45,45,45,45,45,45,45,45,45,45,38,38,38,38,45,45,45,45,45,45,45,45,45,45,45,45,45,45,45,45,45,45,45,45,45,45,45,45,45,45,45,45,45,45,45,45,45,45,45,45,45,45,45,45,45,45,45,45,45,45,45,45,45,45,45,45,45,45,39,39,39,45,45,45,45,45,45,45,45,45,45,39,39,39,45,45,45,45,45,45,45,45,45,45,43,43,43,43,45,45,45,45,45,45,45,45,45,45,45,45,31,31,31,31,31,31,31,31,45,45,45,45,45,45,45,45,45,45,45,45,39,39,39,38,38,38,38,38,38,38,34,34,34,34,34,34,45,45,45,45,43,43,42,42,42,45,45,45,45,45,45,45,45,45,45,45,45,45,43,43,43,38,38,38,38,38,38,38,37,37,37,37,34,34,34,26,26,25,25,25,21,21,21,21,21,21,21,21,21,21,21,21,21,21,21,21,17,17,17,17,15,15,15,15,15,15,15,0,0,0,0,0,0,0,0,0,0,0,0,0,0,0,0,0,0,0,0,0,0,0,0,0,0,0,0,0,0,0
Shuttle2,	0,0,0,0,0,0,0,0,0,0,0,0,0,0,0,0,0,0,0,0,0,0,0,0,0,0,0,0,0,0,0,0,0,0,0,0,0,0,0,0,0,0,0,0,0,0,0,0,0,0,0,0,0,0,0,0,0,0,0,0,0,0,0,0,0,0,0,0,0,0,0,0,0,0,0,0,0,0,0,0,0,0,0,0,0,0,0,0,0,0,0,0,0,0,0,0,0,0,0,0,0,0,0,0,0,0,0,0,0,0,0,0,0,0,0,0,0,0,0,0,0,0,0,0,0,0,0,0,0,0,0,0,0,0,0,0,0,0,0,0,0,0,0,0,0,0,0,0,0,0,0,0,0,0,0,0,0,0,0,0,0,0,0,0,0,0,0,0,0,0,0,0,0,0,0,0,0,0,0,0,0,0,0,0,0,0,0,0,0,0,0,0,0,0,0,0,0,0,0,0,0,0,0,0,0,0,0,0,0,0,0,0,0,0,0,0,0,0,0,0,0,0,0,0,0,0,0,0,0,0,0,0,0,0,0,0,0,0,0,0,0,0,0,0,0,0,0,0,0,0,0,0,0,0,0,0,0,0,0,0,0,0,0,0,0,0,0,0,0,0,0,0,0,0,0,0,0,0,0,0,0,0,0,0,0,0,0,0,0,0,0,0,0,0,0,0,0,0,0,0,0,0,0,0,0,0,0,0,0,0,0,0,0,0,0,0,0,0,0,0,0,0,0,0,0,0,0,0,0,0,0,0,0,0,0,0,0,0,0,0,0,0,0,0,0,0,0,0,0,0,0,0,0,0,0,0,0,0,12,12,12,45,45,45,45,45,45,45,45,45,45,45,45,45,45,45,45,45,45,45,45,45,45,45,45,45,45,45,45,45,45,45,45,45,45,45,45,45,45,45,45,45,45,45,45,45,45,45,45,45,45,45,45,45,45,45,45,45,45,45,45,45,45,45,45,45,45,45,45,45,45,45,45,45,45,45,45,45,45,45,45,45,45,45,45,45,45,45,45,45,45,45,45,45,45,45,45,45,45,45,45,45,45,45,45,45,45,45,45,41,41,41,45,45,45,45,45,45,45,45,45,45,45,45,45,45,45,45,45,45,45,45,45,45,45,45,45,45,45,45,45,45,45,45,45,45,45,45,45,45,45,45,45,45,45,45,45,45,45,45,45,45,45,45,45,45,45,45,45,44,44,44,44,45,45,45,45,45,45,45,45,45,45,45,45,45,45,45,45,45,45,45,45,36,36,36,35,35,35,35,35,35,35,45,45,45,45,45,45,45,45,45,45,45,45,45,45,45,45,45,45,45,45,45,45,45,45,45,42,42,42,40,40,40,41,41,41,41,41,41,41,37,37,37,37,33,33,33,45,45,45,45,45,38,38,38,38,35,35,35,35,35,35,35,35,26,26,26,26,17,17,17,17,35,35,35,35,33,33,33,30,30,30,30,30,30,30,25,25,25,25,25,25,24,21,21,21,21,21,21,21,21,21,21,21,21,21,21,21,18,18,18,18,18,18,18,18,18,18,18,18,18,18,18,18,18,18,18,18,11,11,11,7,7,3,3,3,0,0,0,0,0,0,0,0,0,0,0,0,0,0,0,0,0,0,0,0,0,0,0,0,0,0,0,0,0,0,0,0,0,0,0,0,0,0,0,0,0,0,0,0,0,0,0,0,0,0,0,0,0,0,0,0,0,0,0,0,0,0,0,0,0,0,0,0,0,0,0,0,0,0,0,0,0,0,0,0,0,0,0,0,0,0,0,0,0,0,0,0,0,0,0,0,0,0,0,0,0,0,0,0,0,0,0,0,0,0,0,0,0,0,0,0,0,0,0,0,0,0,0,0,0,0,0,0,0,0,0,0,0,0,0,0,0,0,0,0,0,0,0,0,0,0,0,0,0,0,0,0,0,0,0,0,0,0,0,0,0,0,0,0,0,0,0,0,0,0,0,0,0,0,0,0,0,0,0,0,0,0,0,0,0,0,0,0,0,0,0,0,0,0,0,0,0,0,0,0,0,0,0,0,0,0,0,0,0,0,0,0,0,0,0,0,0,0,0,0,0,0,0,0,0,0,0,0,0,0,0,0,0,0,0,0,0,0,0,0,0,0,0,0,0,0,0,0,0,0,0,0,0,0,0,0,0,0,0,0,0,0,0,0,0,0,0,0,0,0,0,0,0,0,0,0,0,0,0,0,0,0,0,0,0,0,0,0,0,0,0,0,0,0,0,0,0,0,0,0,0,0,0,0,0,0,0,0,0,0,0,0,0,0,0,0,0,0,0,0,0,0,0,0,0,0,0,0,0,0,0,0,0,0,0,0,0,0,0,0,0,0,0,0,0,0,0,0,0,0,0,0,0,0,0,0,0,0,0,0,0,0,0,0,0,0,0,0,0,0,0,0,0,0,0,0,0,0,0,0,0,0,22,22,22,45,45,45,45,45,45,45,45,45,45,45,45,45,45,45,45,45,45,45,45,45,45,45,45,45,45,45,45,45,45,45,45,45,45,45,45,45,45,45,45,45,45,45,45,45,45,45,45,45,45,45,45,45,45,45,45,45,45,45,45,45,45,45,45,45,45,45,45,45,45,45,45,45,45,45,45,45,45,45,45,45,40,40,40,45,45,45,45,45,45,45,45,45,45,45,45,45,45,45,45,45,45,45,45,45,45,45,43,43,43,43,45,45,45,45,45,45,45,45,45,45,45,45,45,45,45,45,45,45,45,45,45,45,45,45,45,45,45,45,45,45,45,45,45,45,45,45,45,45,45,45,45,45,45,45,45,45,45,45,45,45,45,45,45,45,38,38,38,45,45,45,45,45,45,45,45,45,45,41,41,41,45,45,45,45,45,45,45,45,45,45,41,41,41,41,45,45,45,45,45,45,45,45,45,45,45,45,32,32,32,32,32,32,32,32,45,45,45,45,45,45,45,45,45,45,45,45,45,45,45,45,45,45,45,45,45,45,40,40,40,40,40,40,45,45,45,45,42,42,31,31,31,45,45,45,45,45,45,45,45,45,45,44,44,44,42,42,42,43,43,43,43,40,40,40,35,35,35,35,34,34,34,32,32,37,37,37,36,36,36,36,17,17,17,17,17,17,17,17,17,17,17,17,16,16,16,16,15,15,15,15,14,14,14,7,7,7,7,7,7,7,4,4,4,4,4,4,1,1,1,1,1,1,1,1,1,1,1,1,1,1,1,1,0,0,0,0,0,0,0,0,0,0,0,0,0,0,0
Shuttle3,	0,0,0,0,0,0,0,0,0,0,0,0,0,0,0,0,0,0,0,0,0,0,0,0,0,0,0,0,0,0,0,0,0,0,0,0,0,0,0,0,0,0,0,0,0,0,0,0,0,0,0,0,0,0,0,0,0,0,0,0,0,0,0,0,0,0,0,0,0,0,0,0,0,0,0,0,0,0,0,0,0,0,0,0,0,0,0,0,0,0,0,0,0,0,0,0,0,0,0,0,0,0,0,0,0,0,0,0,0,0,0,0,0,0,0,0,0,0,0,0,0,0,0,0,0,0,0,0,0,0,0,0,0,0,0,0,0,0,0,0,0,0,0,0,0,0,0,0,0,0,0,0,0,0,0,0,0,0,0,0,0,0,0,0,0,0,0,0,0,0,0,0,0,0,0,0,0,0,0,0,0,0,0,0,0,0,0,0,0,0,0,0,0,0,0,0,0,0,0,0,0,0,0,0,0,0,0,0,0,0,0,0,0,0,0,0,0,0,0,0,0,0,0,0,0,0,0,0,0,0,0,0,0,0,0,0,0,0,0,0,0,0,0,0,0,0,0,0,0,0,0,0,0,0,0,0,0,0,0,0,0,0,0,0,0,0,0,0,0,0,0,0,0,0,0,0,0,0,0,0,0,0,0,0,0,0,0,0,0,0,0,0,0,0,0,0,0,0,0,0,0,0,0,0,0,0,0,0,0,0,0,0,0,0,0,0,0,0,0,0,0,0,0,0,0,0,0,0,0,0,0,0,0,0,0,0,0,0,0,0,0,0,0,0,0,0,0,0,0,0,0,0,0,0,0,0,0,0,0,0,45,45,45,45,45,45,45,45,45,45,45,45,45,45,45,45,45,45,45,45,45,45,45,45,45,45,45,45,45,45,45,45,45,45,45,45,45,45,45,45,45,45,45,45,45,45,45,45,45,45,45,45,45,45,45,45,45,45,45,45,45,45,45,45,45,45,45,45,45,45,45,45,45,45,45,45,45,45,45,45,45,45,45,45,45,45,45,45,45,45,45,45,45,45,45,45,45,45,45,45,45,45,45,45,45,45,45,45,45,45,45,45,45,45,45,45,45,45,45,45,45,45,45,45,45,45,45,45,45,45,45,45,45,45,45,45,45,45,45,45,45,45,45,45,45,45,45,45,45,45,45,45,45,45,45,45,43,43,43,43,45,45,45,45,45,45,45,45,45,45,45,45,45,45,45,45,45,45,45,45,36,36,36,35,35,35,35,35,35,35,45,45,45,45,45,45,45,45,45,45,45,45,45,45,45,45,45,45,45,45,45,45,45,45,45,43,43,43,32,32,32,45,45,45,45,41,41,41,40,40,40,40,44,44,44,45,45,45,45,45,43,43,43,43,42,42,42,42,42,42,42,42,36,36,36,36,45,45,45,45,45,45,45,45,44,44,44,39,39,39,39,39,39,39,30,30,30,30,30,30,30,30,30,30,30,30,30,30,30,29,29,29,29,32,32,32,28,28,28,24,24,24,24,24,24,20,20,20,20,20,20,20,19,19,19,19,18,18,18,16,16,11,11,11,11,11,11,11,6,6,6,6,6,6,6,6,2,2,2,2,0,0,0,0,0,0,0,0,0,0,0,0,0,0,0,0,0,0,0,0,0,0,0,0,0,0,0,0,0,0,0,0,0,0,0,0,0,0,0,0,0,0,0,0,0,0,0,0,0,0,0,0,0,0,0,0,0,0,0,0,0,0,0,0,0,0,0,0,0,0,0,0,0,0,0,0,0,0,0,0,0,0,0,0,0,0,0,0,0,0,0,0,0,0,0,0,0,0,0,0,0,0,0,0,0,0,0,0,0,0,0,0,0,0,0,0,0,0,0,0,0,0,0,0,0,0,0,0,0,0,0,0,0,0,0,0,0,0,0,0,0,0,0,0,0,0,0,0,0,0,0,0,0,0,0,0,0,0,0,0,0,0,0,0,0,0,0,0,0,0,0,0,0,0,0,0,0,0,0,0,0,0,0,0,0,0,0,0,0,0,0,0,0,0,0,0,0,0,0,0,0,0,0,0,0,0,0,0,0,0,0,0,0,0,0,0,0,0,0,0,0,0,0,0,0,0,0,0,0,0,0,0,0,0,0,0,0,0,0,0,0,0,0,0,0,0,0,0,0,0,0,0,0,0,0,0,0,0,0,0,0,0,0,0,0,0,0,0,0,0,0,0,0,0,0,0,0,0,0,0,0,0,0,0,0,0,0,0,0,0,0,0,0,0,0,0,0,0,0,0,0,0,0,0,0,0,0,0,0,0,0,0,0,0,0,0,0,0,0,0,0,0,0,0,0,0,0,0,0,0,0,0,0,0,0,0,0,0,0,0,0,0,0,0,0,0,0,0,0,0,0,0,0,0,0,0,0,0,0,0,0,0,0,0,0,0,0,0,0,0,0,0,0,0,0,0,0,0,0,31,31,31,45,45,45,45,45,45,45,45,45,45,45,45,45,45,45,45,45,45,45,45,45,45,45,45,45,45,45,45,45,45,45,45,45,45,45,45,45,45,45,45,45,45,45,45,45,45,45,45,45,45,45,45,45,45,45,45,45,45,45,45,45,45,45,45,45,45,45,45,45,45,45,45,45,45,45,45,45,45,45,45,45,45,45,45,45,45,45,45,45,45,45,45,45,45,45,45,45,45,45,45,45,45,45,45,45,45,45,45,45,45,45,45,45,45,45,45,45,45,45,45,45,45,45,45,45,45,45,45,45,45,45,45,45,45,45,45,45,45,45,45,45,45,45,45,45,45,45,45,45,45,45,45,41,41,41,45,45,45,45,45,45,45,45,45,45,40,40,40,45,45,45,45,45,45,45,45,45,45,39,39,39,39,45,45,45,45,45,45,45,45,45,45,45,45,34,34,34,34,34,34,34,34,45,45,45,45,45,45,45,45,45,45,45,45,42,42,42,45,45,45,45,45,45,45,44,44,44,44,44,44,45,45,45,45,43,43,41,41,41,45,45,45,45,45,45,45,45,45,45,45,45,45,42,42,42,45,45,45,45,45,45,45,44,44,44,44,37,37,37,36,36,45,45,45,44,44,44,44,33,33,33,33,33,33,33,33,32,32,32,32,44,44,44,44,45,45,45,45,38,38,38,32,32,32,32,32,32,32,23,23,23,23,23,23,21,26,26,26,26,26,26,26,26,26,26,26,26,29,29,29,26,26,26,25,25,25,25,25,25,23,23,23,23,22,22,22,21,21,21,21,18,18,18,9,9,0,0,0
Shuttle4,	0,0,0,0,0,0,0,0,0,0,0,0,0,0,0,0,0,0,0,0,0,0,0,0,0,0,0,0,0,0,0,0,0,0,0,0,0,0,0,0,0,0,0,0,0,0,0,0,0,0,0,0,0,0,0,0,0,0,0,0,0,0,0,0,0,0,0,0,0,0,0,0,0,0,0,0,0,0,0,0,0,0,0,0,0,0,0,0,0,0,0,0,0,0,0,0,0,0,0,0,0,0,0,0,0,0,0,0,0,0,0,0,0,0,0,0,0,0,0,0,0,0,0,0,0,0,0,0,0,0,0,0,0,0,0,0,0,0,0,0,0,0,0,0,0,0,0,0,0,0,0,0,0,0,0,0,0,0,0,0,0,0,0,0,0,0,0,0,0,0,0,0,0,0,0,0,0,0,0,0,0,0,0,0,0,0,0,0,0,0,0,0,0,0,0,0,0,0,0,0,0,0,0,0,0,0,0,0,0,0,0,0,0,0,0,0,0,0,0,0,0,0,0,0,0,0,0,0,0,0,0,0,0,0,0,0,0,0,0,0,0,0,0,0,0,0,0,0,0,0,0,0,0,0,0,0,0,0,0,0,0,0,0,0,0,0,0,0,0,0,0,0,0,0,0,0,0,0,0,0,0,0,0,0,0,0,0,0,0,0,0,0,0,0,0,0,0,0,0,0,0,0,0,0,0,0,0,0,0,0,0,0,0,0,0,0,0,0,0,0,0,0,0,0,0,0,0,0,0,0,0,0,0,0,0,0,0,0,0,0,0,0,0,0,0,0,0,0,0,0,0,0,0,0,0,0,0,0,0,0,45,45,45,45,45,45,45,45,45,45,45,45,45,45,45,45,45,45,45,45,45,45,45,45,45,45,45,45,45,45,45,45,45,45,45,45,45,45,45,45,45,45,45,45,45,45,45,45,45,45,45,45,45,45,45,45,45,45,45,45,45,45,45,45,45,45,45,45,45,45,45,45,45,45,45,45,45,45,45,45,45,45,45,45,45,45,45,45,45,45,45,45,45,45,45,45,45,45,45,45,45,45,45,45,45,45,45,45,45,45,45,45,45,45,45,45,45,45,45,45,45,45,45,45,45,45,45,45,45,45,45,45,45,45,45,45,45,45,45,45,45,45,45,45,45,45,45,45,45,45,45,45,45,45,45,45,45,45,45,45,45,45,45,45,45,45,45,45,34,34,34,41,41,41,41,41,41,41,45,45,45,45,45,45,45,45,45,45,45,45,45,45,45,45,45,45,45,45,45,45,45,45,45,45,45,45,43,43,43,45,45,45,45,44,44,44,45,45,45,45,45,45,45,45,45,45,45,45,45,45,45,45,45,45,45,45,45,45,45,45,42,42,42,42,45,45,45,45,45,45,45,45,45,45,45,37,37,37,37,37,37,37,31,31,31,31,31,31,29,25,25,25,24,24,34,34,34,35,35,35,35,45,45,45,45,45,45,43,43,43,41,41,41,39,39,39,39,38,38,38,35,35,35,35,32,32,32,31,31,23,23,23,23,23,23,23,20,20,20,20,20,20,20,20,11,11,11,11,7,7,7,7,4,4,4,4,4,4,4,2,2,2,2,2,2,2,0,0,0,0,0,0,0,0,0,0,0,0,0,0,0,0,0,0,0,0,0,0,0,0,0,0,0,0,0,0,0,0,0,0,0,0,0,0,0,0,0,0,0,0,0,0,0,0,0,0,0,0,0,0,0,0,0,0,0,0,0,0,0,0,0,0,0,0,0,0,0,0,0,0,0,0,0,0,0,0,0,0,0,0,0,0,0,0,0,0,0,0,0,0,0,0,0,0,0,0,0,0,0,0,0,0,0,0,0,0,0,0,0,0,0,0,0,0,0,0,0,0,0,0,0,0,0,0,0,0,0,0,0,0,0,0,0,0,0,0,0,0,0,0,0,0,0,0,0,0,0,0,0,0,0,0,0,0,0,0,0,0,0,0,0,0,0,0,0,0,0,0,0,0,0,0,0,0,0,0,0,0,0,0,0,0,0,0,0,0,0,0,0,0,0,0,0,0,0,0,0,0,0,0,0,0,0,0,0,0,0,0,0,0,0,0,0,0,0,0,0,0,0,0,0,0,0,0,0,0,0,0,0,0,0,0,0,0,0,0,0,0,0,0,0,0,0,0,0,0,0,0,0,0,0,0,0,0,0,0,0,0,0,0,0,0,0,0,0,0,0,0,0,0,0,0,0,0,0,0,0,0,0,0,0,0,0,0,0,0,0,0,0,0,0,0,0,0,0,0,0,0,0,0,0,0,0,0,0,0,0,0,0,0,0,0,0,0,0,0,0,0,0,0,0,0,0,0,0,0,0,0,0,0,0,0,0,0,0,0,0,0,0,0,0,0,0,0,0,0,0,0,0,0,0,0,0,0,0,0,0,0,0,0,0,0,0,0,0,0,0,0,0,0,45,45,45,45,45,45,45,45,45,45,45,45,45,45,45,45,45,45,45,45,45,45,45,45,45,45,45,45,45,45,45,45,45,45,45,45,45,45,45,45,45,45,45,45,45,45,45,45,45,45,45,45,45,45,45,45,45,45,45,45,45,45,45,45,45,45,45,45,45,45,45,45,45,45,45,45,45,45,45,45,45,45,45,45,45,45,45,45,45,45,45,45,45,45,45,45,45,45,45,45,45,45,45,45,45,45,45,45,45,45,45,45,45,45,45,45,45,45,45,45,45,45,45,45,45,45,45,45,45,45,45,45,45,45,45,45,45,45,45,45,45,45,42,42,42,45,45,45,45,45,45,45,45,45,45,42,42,42,45,45,45,45,45,45,45,45,45,45,42,42,42,42,45,45,45,45,45,45,45,45,45,45,45,45,40,40,40,40,40,40,40,40,45,45,45,45,45,45,45,45,45,45,45,45,42,42,42,45,45,45,45,45,45,45,41,41,41,41,41,41,45,45,45,45,45,45,43,43,43,45,45,45,45,45,45,45,45,45,45,44,44,44,41,41,41,45,45,45,45,45,45,45,41,41,41,41,37,37,37,39,39,45,45,45,45,45,45,45,40,40,40,40,40,40,40,40,40,40,40,40,45,45,45,45,45,45,45,45,44,44,44,35,35,35,35,35,35,35,33,33,33,33,33,33,45,45,45,45,41,41,40,40,40,40,40,40,40,45,45,45,45,45,45,40,40,40,39,39,39,31,31,31,31,29,29,29,23,23,23,23,21,21,21,21,21,16,16,16,7,7,7,7,0,0,0,0,0,0,0,0
Shuttle5,	0,0,0,0,0,0,0,0,0,0,0,0,0,0,0,0,0,0,0,0,0,0,0,0,0,0,0,0,0,0,0,0,0,0,0,0,0,0,0,0,0,0,0,0,0,0,0,0,0,0,0,0,0,0,0,0,0,0,0,0,0,0,0,0,0,0,0,0,0,0,0,0,0,0,0,0,0,0,0,0,0,0,0,0,0,0,0,0,0,0,0,0,0,0,0,0,0,0,0,0,0,0,0,0,0,0,0,0,0,0,0,0,0,0,0,0,0,0,0,0,0,0,0,0,0,0,0,0,0,0,0,0,0,0,0,0,0,0,0,0,0,0,0,0,0,0,0,0,0,0,0,0,0,0,0,0,0,0,0,0,0,0,0,0,0,0,0,0,0,0,0,0,0,0,0,0,0,0,0,0,0,0,0,0,0,0,0,0,0,0,0,0,0,0,0,0,0,0,0,0,0,0,0,0,0,0,0,0,0,0,0,0,0,0,0,0,0,0,0,0,0,0,0,0,0,0,0,0,0,0,0,0,0,0,0,0,0,0,0,0,0,0,0,0,0,0,0,0,0,0,0,0,0,0,0,0,0,0,0,0,0,0,0,0,0,0,0,0,0,0,0,0,0,0,0,0,0,0,0,0,0,0,0,0,0,0,0,0,0,0,0,0,0,0,0,0,0,0,0,0,0,0,0,0,0,0,0,0,0,0,0,0,0,0,0,0,0,0,0,0,0,0,0,0,0,0,0,0,0,0,0,0,0,0,0,0,0,0,0,0,0,0,0,0,0,0,0,0,0,0,0,0,0,0,0,0,0,0,0,0,6,6,6,6,6,6,6,6,6,6,8,8,8,8,8,8,8,8,8,20,20,20,20,20,20,20,20,20,20,9,9,9,9,9,9,9,9,9,9,9,6,6,6,6,6,6,6,6,6,6,2,2,2,2,2,2,2,2,2,0,0,0,0,0,0,0,0,0,0,0,0,0,0,0,0,0,0,0,0,0,0,0,0,0,0,0,0,0,0,0,0,0,0,0,0,0,0,0,0,0,0,0,0,0,0,0,0,0,0,0,0,0,0,0,0,0,0,0,0,0,0,0,0,0,0,0,0,0,0,0,0,0,0,0,0,0,0,0,0,0,0,0,0,0,0,0,0,0,0,0,0,0,0,0,0,0,0,0,0,0,0,0,0,0,0,0,0,0,0,0,0,0,0,0,0,0,0,0,0,0,0,0,0,0,0,0,0,0,0,0,0,0,0,0,0,0,0,0,0,0,0,0,0,0,0,0,0,0,0,0,0,0,0,0,0,0,0,0,0,0,0,0,0,0,0,0,0,0,0,0,0,0,0,0,0,0,0,0,0,0,0,0,0,0,0,0,0,0,0,0,0,0,0,0,0,0,0,0,0,0,0,0,0,0,0,0,0,0,0,0,0,0,0,0,0,0,0,0,0,0,0,0,0,0,0,0,0,0,0,0,0,0,0,0,0,0,0,0,0,0,0,0,0,0,0,0,0,0,0,0,0,0,0,0,0,0,0,0,0,0,0,0,0,0,0,0,0,0,0,0,0,0,0,0,0,0,0,0,0,0,0,0,0,0,0,0,0,0,0,0,0,0,0,0,0,0,0,0,0,0,0,0,0,0,0,0,0,0,0,0,0,0,0,0,0,0,0,0,0,0,0,0,0,0,0,0,0,0,0,0,0,0,0,0,0,0,0,0,0,0,0,0,0,0,0,0,0,0,0,0,0,0,0,0,0,0,0,0,0,0,0,0,0,0,0,0,0,0,0,0,0,0,0,0,0,0,0,0,0,0,0,0,0,0,0,0,0,0,0,0,0,0,0,0,0,0,0,0,0,0,0,0,0,0,0,0,0,0,0,0,0,0,0,0,0,0,0,0,0,0,0,0,0,0,0,0,0,0,0,0,0,0,0,0,0,0,0,0,0,0,0,0,0,0,0,0,0,0,0,0,0,0,0,0,0,0,0,0,0,0,0,0,0,0,0,0,0,0,0,0,0,0,0,0,0,0,0,0,0,0,0,0,0,0,0,0,0,0,0,0,0,0,0,0,0,0,0,0,0,0,0,0,0,0,0,0,0,0,0,0,0,0,0,0,0,0,0,0,0,0,0,0,0,0,0,0,0,0,0,0,0,0,0,0,0,0,0,0,0,0,0,0,0,0,0,0,0,0,0,0,0,0,0,0,0,0,0,0,0,0,0,0,0,0,0,0,0,0,0,0,0,0,0,0,0,0,0,0,0,0,0,0,0,0,0,0,0,0,0,0,0,0,0,0,0,0,0,0,0,0,0,0,0,0,0,0,0,0,0,0,0,0,0,0,0,0,0,0,0,0,0,0,0,0,0,0,0,0,0,0,0,0,0,0,0,0,0,0,0,0,0,0,0,0,0,0,0,0,0,0,0,0,0,0,0,0,0,0,0,0,45,45,45,45,45,45,45,45,45,45,3,3,3,3,3,3,3,3,3,16,16,16,16,16,16,16,16,16,16,7,7,7,7,7,7,7,7,7,7,7,45,45,45,45,45,45,45,45,45,45,1,1,1,1,1,1,1,1,1,0,0,0,0,0,0,0,0,0,0,0,0,0,0,0,0,0,0,0,0,0,45,45,45,45,45,45,45,45,45,45,0,0,0,0,0,0,0,0,0,0,0,0,0,0,0,0,0,0,0,0,0,0,0,0,0,0,0,0,0,0,45,45,45,45,45,45,45,45,45,45,0,0,0,0,0,0,0,0,0,0,0,0,0,0,0,0,0,0,0,0,0,0,0,0,0,0,0,0,0,0,45,45,45,45,45,45,45,45,45,45,0,0,0,0,0,0,0,0,0,0,0,0,0,0,0,0,0,0,0,0,0,0,0,0,0,0,0,0,0,0,45,45,45,45,45,45,45,45,45,45,0,0,0,0,0,0,0,0,0,0,0,0,0,0,0,0,0,0,0,0,0,0,0,0,0,0,0,0,0,0,45,45,45,45,45,45,45,45,45,45,0,0,0,0,0,0,0,0,0,0,0,0,0,0,0,0,0,0,0,0,0,0,0,0,0,0,0,0,0,0,24,24,24,24,24,24,24,24,24,24,2,2,2,2,2,2,2,2,2,2,2,2,2,2,2,2,2,2,2,0,0,0,0,0,0,0,0,0,0,0,0,0,0,0,0,0,0,0,0,0,0,0,0,0,0,0,0,0,0,0,0,0,0,0,0,0,0,0,0,0,0,0,0,0,0,0,0,0,0,0
Shuttle6,	0,0,0,0,0,0,0,0,0,0,0,0,0,0,0,0,0,0,0,0,0,0,0,0,0,0,0,0,0,0,0,0,0,0,0,0,0,0,0,0,0,0,0,0,0,0,0,0,0,0,0,0,0,0,0,0,0,0,0,0,0,0,0,0,0,0,0,0,0,0,0,0,0,0,0,0,0,0,0,0,0,0,0,0,0,0,0,0,0,0,0,0,0,0,0,0,0,0,0,0,0,0,0,0,0,0,0,0,0,0,0,0,0,0,0,0,0,0,0,0,0,0,0,0,0,0,0,0,0,0,0,0,0,0,0,0,0,0,0,0,0,0,0,0,0,0,0,0,0,0,0,0,0,0,0,0,0,0,0,0,0,0,0,0,0,0,0,0,0,0,0,0,0,0,0,0,0,0,0,0,0,0,0,0,0,0,0,0,0,0,0,0,0,0,0,0,0,0,0,0,0,0,0,0,0,0,0,0,0,0,0,0,0,0,0,0,0,0,0,0,0,0,0,0,0,0,0,0,0,0,0,0,0,0,0,0,0,0,0,0,0,0,0,0,0,0,0,0,0,0,0,0,0,0,0,0,0,0,0,0,0,0,0,0,0,0,0,0,0,0,0,0,0,0,0,0,0,0,0,0,0,0,0,0,0,0,0,0,0,0,0,0,0,0,0,0,0,0,0,0,0,0,0,0,0,0,0,0,0,0,0,0,0,0,0,0,0,0,0,0,0,0,0,0,0,0,0,0,0,0,0,0,0,0,0,0,0,0,0,0,0,0,0,0,0,0,0,0,0,0,0,0,0,0,0,0,0,0,0,0,0,14,14,14,14,14,14,14,14,14,14,14,14,14,13,13,13,13,13,13,13,13,13,13,16,16,16,16,16,16,16,16,16,16,16,7,7,7,7,7,7,7,7,7,7,7,7,7,7,4,4,4,4,4,4,4,4,4,4,4,4,4,0,0,0,0,0,0,0,0,0,0,0,0,0,0,0,0,0,0,0,0,0,0,0,0,0,0,0,0,0,0,0,0,0,0,0,0,0,0,0,0,0,0,0,0,0,0,0,0,0,0,0,0,0,0,0,0,0,0,0,0,0,0,0,0,0,0,0,0,0,0,0,0,0,0,0,0,0,0,0,0,0,0,0,0,0,0,0,0,0,0,0,0,0,0,0,0,0,0,0,0,0,0,0,0,0,0,0,0,0,0,0,0,0,0,0,0,0,0,0,0,0,0,0,0,0,0,0,0,0,0,0,0,0,0,0,0,0,0,0,0,0,0,0,0,0,0,0,0,0,0,0,0,0,0,0,0,0,0,0,0,0,0,0,0,0,0,0,0,0,0,0,0,0,0,0,0,0,0,0,0,0,0,0,0,0,0,0,0,0,0,0,0,0,0,0,0,0,0,0,0,0,0,0,0,0,0,0,0,0,0,0,0,0,0,0,0,0,0,0,0,0,0,0,0,0,0,0,0,0,0,0,0,0,0,0,0,0,0,0,0,0,0,0,0,0,0,0,0,0,0,0,0,0,0,0,0,0,0,0,0,0,0,0,0,0,0,0,0,0,0,0,0,0,0,0,0,0,0,0,0,0,0,0,0,0,0,0,0,0,0,0,0,0,0,0,0,0,0,0,0,0,0,0,0,0,0,0,0,0,0,0,0,0,0,0,0,0,0,0,0,0,0,0,0,0,0,0,0,0,0,0,0,0,0,0,0,0,0,0,0,0,0,0,0,0,0,0,0,0,0,0,0,0,0,0,0,0,0,0,0,0,0,0,0,0,0,0,0,0,0,0,0,0,0,0,0,0,0,0,0,0,0,0,0,0,0,0,0,0,0,0,0,0,0,0,0,0,0,0,0,0,0,0,0,0,0,0,0,0,0,0,0,0,0,0,0,0,0,0,0,0,0,0,0,0,0,0,0,0,0,0,0,0,0,0,0,0,0,0,0,0,0,0,0,0,0,0,0,0,0,0,0,0,0,0,0,0,0,0,0,0,0,0,0,0,0,0,0,0,0,0,0,0,0,0,0,0,0,0,0,0,0,0,0,0,0,0,0,0,0,0,0,0,0,0,0,0,0,0,0,0,0,0,0,0,0,0,0,0,0,0,0,0,0,0,0,0,0,0,0,0,0,0,0,0,0,0,0,0,0,0,0,0,0,0,0,0,0,0,0,0,0,0,0,0,0,0,0,0,0,0,0,0,0,0,0,0,0,0,0,0,0,0,0,0,0,0,0,0,0,0,0,0,0,0,0,0,0,0,0,0,0,0,0,0,0,0,0,0,0,0,0,0,0,0,0,0,0,0,0,0,0,0,0,0,0,0,0,0,0,0,0,0,0,0,0,0,0,0,0,0,0,0,0,0,0,0,0,0,0,0,0,0,0,0,0,0,0,0,0,0,0,0,0,0,0,0,0,0,0,0,0,0,0,0,0,0,0,0,15,15,15,15,15,15,15,15,15,15,15,15,15,18,18,18,18,18,18,18,18,18,18,45,45,45,45,45,45,45,45,45,45,45,13,13,13,13,13,13,13,13,13,13,13,13,13,13,9,9,9,9,9,9,9,9,9,9,9,9,9,3,3,3,3,3,3,3,3,3,3,45,45,45,45,45,45,45,45,45,45,45,0,0,0,0,0,0,0,0,0,0,0,0,0,0,0,0,0,0,0,0,0,0,0,0,0,0,0,0,0,0,0,0,0,0,0,0,0,45,45,45,45,45,45,45,45,45,45,45,0,0,0,0,0,0,0,0,0,0,0,0,0,0,0,0,0,0,0,0,0,0,0,0,0,0,0,0,0,0,0,0,0,0,0,0,0,45,45,45,45,45,45,45,45,45,45,45,0,0,0,0,0,0,0,0,0,0,0,0,0,0,0,0,0,0,0,0,0,0,0,0,0,0,0,0,0,0,0,0,0,0,0,0,0,45,45,45,45,45,45,45,45,45,45,45,0,0,0,0,0,0,0,0,0,0,0,0,0,0,0,0,0,0,0,0,0,0,0,0,0,0,0,0,0,0,0,0,0,0,0,0,0,45,45,45,45,45,45,45,45,45,45,45,0,0,0,0,0,0,0,0,0,0,0,0,0,0,0,0,0,0,0,0,0,0,0,0,0,0,0,0,0,0,0,0,0,0,0,0,0,45,45,45,45,45,45,45,45,45,45,45,0,0,0,0,0,0,0,0,0,0,0,0,0,0,0,0,0,0,0,0,0,0,0,0,0,0,0,0,0,0,0,0,0,0,0,0,0
Shuttle7,	0,0,0,0,0,0,0,0,0,0,0,0,0,0,0,0,0,0,0,0,0,0,0,0,0,0,0,0,0,0,0,0,0,0,0,0,0,0,0,0,0,0,0,0,0,0,0,0,0,0,0,0,0,0,0,0,0,0,0,0,0,0,0,0,0,0,0,0,0,0,0,0,0,0,0,0,0,0,0,0,0,0,0,0,0,0,0,0,0,0,0,0,0,0,0,0,0,0,0,0,0,0,0,0,0,0,0,0,0,0,0,0,0,0,0,0,0,0,0,0,0,0,0,0,0,0,0,0,0,0,0,0,0,0,0,0,0,0,0,0,0,0,0,0,0,0,0,0,0,0,0,0,0,0,0,0,0,0,0,0,0,0,0,0,0,0,0,0,0,0,0,0,0,0,0,0,0,0,0,0,0,0,0,0,0,0,0,0,0,0,0,0,0,0,0,0,0,0,0,0,0,0,0,0,0,0,0,0,0,0,0,0,0,0,0,0,0,0,0,0,0,0,0,0,0,0,0,0,0,0,0,0,0,0,0,0,0,0,0,0,0,0,0,0,0,0,0,0,0,0,0,0,0,0,0,0,0,0,0,0,0,0,0,0,0,0,0,0,0,0,0,0,0,0,0,0,0,0,0,0,0,0,0,0,0,0,0,0,0,0,0,0,0,0,0,0,0,0,0,0,0,0,0,0,0,0,0,0,0,0,0,0,0,0,0,0,0,0,0,0,0,0,0,0,0,0,0,0,0,0,0,0,0,0,0,0,0,0,0,0,0,0,0,0,0,0,0,0,0,0,0,0,0,0,0,0,0,0,0,0,0,0,0,7,7,7,7,7,7,7,7,7,7,7,19,19,19,19,19,19,19,19,19,19,19,9,9,9,9,9,9,9,9,9,9,9,7,7,7,7,7,7,7,7,7,7,7,0,0,0,0,0,0,0,0,0,0,0,0,0,0,0,0,0,0,0,0,0,0,0,0,0,0,0,0,0,0,0,0,0,0,0,0,0,0,0,0,0,0,0,0,0,0,0,0,0,0,0,0,0,0,0,0,0,0,0,0,0,0,0,0,0,0,0,0,0,0,0,0,0,0,0,0,0,0,0,0,0,0,0,0,0,0,0,0,0,0,0,0,0,0,0,0,0,0,0,0,0,0,0,0,0,0,0,0,0,0,0,0,0,0,0,0,0,0,0,0,0,0,0,0,0,0,0,0,0,0,0,0,0,0,0,0,0,0,0,0,0,0,0,0,0,0,0,0,0,0,0,0,0,0,0,0,0,0,0,0,0,0,0,0,0,0,0,0,0,0,0,0,0,0,0,0,0,0,0,0,0,0,0,0,0,0,0,0,0,0,0,0,0,0,0,0,0,0,0,0,0,0,0,0,0,0,0,0,0,0,0,0,0,0,0,0,0,0,0,0,0,0,0,0,0,0,0,0,0,0,0,0,0,0,0,0,0,0,0,0,0,0,0,0,0,0,0,0,0,0,0,0,0,0,0,0,0,0,0,0,0,0,0,0,0,0,0,0,0,0,0,0,0,0,0,0,0,0,0,0,0,0,0,0,0,0,0,0,0,0,0,0,0,0,0,0,0,0,0,0,0,0,0,0,0,0,0,0,0,0,0,0,0,0,0,0,0,0,0,0,0,0,0,0,0,0,0,0,0,0,0,0,0,0,0,0,0,0,0,0,0,0,0,0,0,0,0,0,0,0,0,0,0,0,0,0,0,0,0,0,0,0,0,0,0,0,0,0,0,0,0,0,0,0,0,0,0,0,0,0,0,0,0,0,0,0,0,0,0,0,0,0,0,0,0,0,0,0,0,0,0,0,0,0,0,0,0,0,0,0,0,0,0,0,0,0,0,0,0,0,0,0,0,0,0,0,0,0,0,0,0,0,0,0,0,0,0,0,0,0,0,0,0,0,0,0,0,0,0,0,0,0,0,0,0,0,0,0,0,0,0,0,0,0,0,0,0,0,0,0,0,0,0,0,0,0,0,0,0,0,0,0,0,0,0,0,0,0,0,0,0,0,0,0,0,0,0,0,0,0,0,0,0,0,0,0,0,0,0,0,0,0,0,0,0,0,0,0,0,0,0,0,0,0,0,0,0,0,0,0,0,0,0,0,0,0,0,0,0,0,0,0,0,0,0,0,0,0,0,0,0,0,0,0,0,0,0,0,0,0,0,0,0,0,0,0,0,0,0,0,0,0,0,0,0,0,0,0,0,0,0,0,0,0,0,0,0,0,0,0,0,0,0,0,0,0,0,0,0,0,0,0,0,0,0,0,0,0,0,0,0,0,0,0,0,0,0,0,0,0,0,0,0,0,0,0,0,0,0,0,0,0,0,0,0,0,0,0,0,0,0,0,0,0,0,0,0,0,0,0,0,0,0,0,0,0,0,0,0,0,0,0,0,0,0,0,0,0,0,0,0,2,2,2,2,2,2,2,2,2,2,2,7,7,7,7,7,7,7,7,7,7,7,45,45,45,45,45,45,45,45,45,45,45,9,9,9,9,9,9,9,9,9,9,9,45,45,45,45,45,45,45,45,45,45,45,37,37,37,37,37,37,37,37,37,37,37,45,45,45,45,45,45,45,45,45,45,45,0,0,0,0,0,0,0,0,0,0,0,45,45,45,45,45,45,45,45,45,45,45,45,45,45,45,45,45,45,45,45,45,45,45,45,45,45,45,45,45,45,45,45,45,0,0,0,0,0,0,0,0,0,0,0,45,45,45,45,45,45,45,45,45,45,45,45,45,45,45,45,45,45,45,45,45,45,45,45,45,45,45,45,45,45,45,45,45,0,0,0,0,0,0,0,0,0,0,0,45,45,45,45,45,45,45,45,45,45,45,45,45,45,45,45,45,45,45,45,45,45,45,45,45,45,45,45,45,45,45,45,45,0,0,0,0,0,0,0,0,0,0,0,45,45,45,45,45,45,45,45,45,45,45,45,45,45,45,45,45,45,45,45,45,45,45,45,45,45,45,45,45,45,45,45,45,0,0,0,0,0,0,0,0,0,0,0,5,5,5,5,5,5,5,5,5,5,5,3,3,3,3,3,3,3,3,3,3,3,3,3,3,3,3,3,3,3,3,3,3,0,0,0,0,0,0,0,0,0,0,0,0,0,0,0,0,0,0,0,0,0,0,0,0,0,0,0,0,0,0,0,0,0,0,0,0,0,0,0,0,0,0,0,0,0,0,0,0,0,0,0,0,0,0,0,0,0,0,0,0,0,0,0,0,0
Shuttle8,	0,0,0,0,0,0,0,0,0,0,0,0,0,0,0,0,0,0,0,0,0,0,0,0,0,0,0,0,0,0,0,0,0,0,0,0,0,0,0,0,0,0,0,0,0,0,0,0,0,0,0,0,0,0,0,0,0,0,0,0,0,0,0,0,0,0,0,0,0,0,0,0,0,0,0,0,0,0,0,0,0,0,0,0,0,0,0,0,0,0,0,0,0,0,0,0,0,0,0,0,0,0,0,0,0,0,0,0,0,0,0,0,0,0,0,0,0,0,0,0,0,0,0,0,0,0,0,0,0,0,0,0,0,0,0,0,0,0,0,0,0,0,0,0,0,0,0,0,0,0,0,0,0,0,0,0,0,0,0,0,0,0,0,0,0,0,0,0,0,0,0,0,0,0,0,0,0,0,0,0,0,0,0,0,0,0,0,0,0,0,0,0,0,0,0,0,0,0,0,0,0,0,0,0,0,0,0,0,0,0,0,0,0,0,0,0,0,0,0,0,0,0,0,0,0,0,0,0,0,0,0,0,0,0,0,0,0,0,0,0,0,0,0,0,0,0,0,0,0,0,0,0,0,0,0,0,0,0,0,0,0,0,0,0,0,0,0,0,0,0,0,0,0,0,0,0,0,0,0,0,0,0,0,0,0,0,0,0,0,0,0,0,0,0,0,0,0,0,0,0,0,0,0,0,0,0,0,0,0,0,0,0,0,0,0,0,0,0,0,0,0,0,0,0,0,0,0,0,0,0,0,0,0,0,0,0,0,0,0,0,0,0,0,0,0,0,0,0,0,0,0,0,0,0,0,0,0,0,0,0,0,0,0,0,0,6,6,6,6,6,6,6,6,6,6,6,6,6,12,12,12,12,12,12,12,12,12,12,12,12,12,12,15,15,15,15,15,15,15,15,15,15,15,15,15,15,15,4,4,4,4,4,4,4,4,4,4,4,4,4,0,0,0,0,0,0,0,0,0,0,0,0,0,0,0,0,0,0,0,0,0,0,0,0,0,0,0,0,0,0,0,0,0,0,0,0,0,0,0,0,0,0,0,0,0,0,0,0,0,0,0,0,0,0,0,0,0,0,0,0,0,0,0,0,0,0,0,0,0,0,0,0,0,0,0,0,0,0,0,0,0,0,0,0,0,0,0,0,0,0,0,0,0,0,0,0,0,0,0,0,0,0,0,0,0,0,0,0,0,0,0,0,0,0,0,0,0,0,0,0,0,0,0,0,0,0,0,0,0,0,0,0,0,0,0,0,0,0,0,0,0,0,0,0,0,0,0,0,0,0,0,0,0,0,0,0,0,0,0,0,0,0,0,0,0,0,0,0,0,0,0,0,0,0,0,0,0,0,0,0,0,0,0,0,0,0,0,0,0,0,0,0,0,0,0,0,0,0,0,0,0,0,0,0,0,0,0,0,0,0,0,0,0,0,0,0,0,0,0,0,0,0,0,0,0,0,0,0,0,0,0,0,0,0,0,0,0,0,0,0,0,0,0,0,0,0,0,0,0,0,0,0,0,0,0,0,0,0,0,0,0,0,0,0,0,0,0,0,0,0,0,0,0,0,0,0,0,0,0,0,0,0,0,0,0,0,0,0,0,0,0,0,0,0,0,0,0,0,0,0,0,0,0,0,0,0,0,0,0,0,0,0,0,0,0,0,0,0,0,0,0,0,0,0,0,0,0,0,0,0,0,0,0,0,0,0,0,0,0,0,0,0,0,0,0,0,0,0,0,0,0,0,0,0,0,0,0,0,0,0,0,0,0,0,0,0,0,0,0,0,0,0,0,0,0,0,0,0,0,0,0,0,0,0,0,0,0,0,0,0,0,0,0,0,0,0,0,0,0,0,0,0,0,0,0,0,0,0,0,0,0,0,0,0,0,0,0,0,0,0,0,0,0,0,0,0,0,0,0,0,0,0,0,0,0,0,0,0,0,0,0,0,0,0,0,0,0,0,0,0,0,0,0,0,0,0,0,0,0,0,0,0,0,0,0,0,0,0,0,0,0,0,0,0,0,0,0,0,0,0,0,0,0,0,0,0,0,0,0,0,0,0,0,0,0,0,0,0,0,0,0,0,0,0,0,0,0,0,0,0,0,0,0,0,0,0,0,0,0,0,0,0,0,0,0,0,0,0,0,0,0,0,0,0,0,0,0,0,0,0,0,0,0,0,0,0,0,0,0,0,0,0,0,0,0,0,0,0,0,0,0,0,0,0,0,0,0,0,0,0,0,0,0,0,0,0,0,0,0,0,0,0,0,0,0,0,0,0,0,0,0,0,0,0,0,0,0,0,0,0,0,0,0,0,0,0,0,0,0,0,0,0,0,0,0,0,0,0,0,0,0,0,0,0,0,0,0,0,0,0,0,0,0,0,0,0,0,0,0,0,0,0,0,0,0,0,0,0,0,0,0,0,0,0,0,0,0,0,0,0,0,0,0,0,0,0,0,0,0,0,0,0,45,45,45,45,45,45,45,45,45,45,45,45,45,45,14,14,14,14,14,14,14,14,14,14,14,14,14,14,14,10,10,10,10,10,10,10,10,10,10,10,10,10,45,45,45,45,45,45,45,45,45,45,45,45,45,45,0,0,0,0,0,0,0,0,0,0,0,0,0,0,0,0,0,0,0,0,0,0,0,0,0,0,0,0,45,45,45,45,45,45,45,45,45,45,45,45,45,45,0,0,0,0,0,0,0,0,0,0,0,0,0,0,0,0,0,0,0,0,0,0,0,0,0,0,0,0,45,45,45,45,45,45,45,45,45,45,45,45,45,45,0,0,0,0,0,0,0,0,0,0,0,0,0,0,0,0,0,0,0,0,0,0,0,0,0,0,0,0,45,45,45,45,45,45,45,45,45,45,45,45,45,45,0,0,0,0,0,0,0,0,0,0,0,0,0,0,0,0,0,0,0,0,0,0,0,0,0,0,0,0,45,45,45,45,45,45,45,45,45,45,45,45,45,45,0,0,0,0,0,0,0,0,0,0,0,0,0,0,0,0,0,0,0,0,0,0,0,0,0,0,0,0,45,45,45,45,45,45,45,45,45,45,45,45,45,45,0,0,0,0,0,0,0,0,0,0,0,0,0,0,0,0,0,0,0,0,0,0,0,0,0,0,0,0,45,45,45,45,45,45,45,45,45,45,45,45,45,45,0,0,0,0,0,0,0,0,0,0,0,0,0,0,0,0,0,0,0,0,0,0,0,0,0,0,0,0,0,0,0,0,0,0,0,0,0,0,0,0
Shuttle9,	0,0,0,0,0,0,0,0,0,0,0,0,0,0,0,0,0,0,0,0,0,0,0,0,0,0,0,0,0,0,0,0,0,0,0,0,0,0,0,0,0,0,0,0,0,0,0,0,0,0,0,0,0,0,0,0,0,0,0,0,0,0,0,0,0,0,0,0,0,0,0,0,0,0,0,0,0,0,0,0,0,0,0,0,0,0,0,0,0,0,0,0,0,0,0,0,0,0,0,0,0,0,0,0,0,0,0,0,0,0,0,0,0,0,0,0,0,0,0,0,0,0,0,0,0,0,0,0,0,0,0,0,0,0,0,0,0,0,0,0,0,0,0,0,0,0,0,0,0,0,0,0,0,0,0,0,0,0,0,0,0,0,0,0,0,0,0,0,0,0,0,0,0,0,0,0,0,0,0,0,0,0,0,0,0,0,0,0,0,0,0,0,0,0,0,0,0,0,0,0,0,0,0,0,0,0,0,0,0,0,0,0,0,0,0,0,0,0,0,0,0,0,0,0,0,0,0,0,0,0,0,0,0,0,0,0,0,0,0,0,0,0,0,0,0,0,0,0,0,0,0,0,0,0,0,0,0,0,0,0,0,0,0,0,0,0,0,0,0,0,0,0,0,0,0,0,0,0,0,0,0,0,0,0,0,0,0,0,0,0,0,0,0,0,0,0,0,0,0,0,0,0,0,0,0,0,0,0,0,0,0,0,0,0,0,0,0,0,0,0,0,0,0,0,0,0,0,0,0,0,0,0,0,0,0,0,0,0,0,0,0,0,0,0,0,0,0,0,0,0,0,0,0,0,0,0,0,0,0,0,12,12,12,12,12,12,12,12,12,12,12,12,16,16,16,16,16,16,16,16,11,11,11,12,12,12,12,12,12,12,12,12,12,12,12,12,12,12,12,12,12,12,12,12,12,6,6,6,6,6,6,6,6,6,6,6,6,1,1,1,1,1,1,1,1,0,0,0,0,0,0,0,0,0,0,0,0,0,0,0,0,0,0,0,0,0,0,0,0,0,0,0,0,0,0,0,0,0,0,0,0,0,0,0,0,0,0,0,0,0,0,0,0,0,0,0,0,0,0,0,0,0,0,0,0,0,0,0,0,0,0,0,0,0,0,0,0,0,0,0,0,0,0,0,0,0,0,0,0,0,0,0,0,0,0,0,0,0,0,0,0,0,0,0,0,0,0,0,0,0,0,0,0,0,0,0,0,0,0,0,0,0,0,0,0,0,0,0,0,0,0,0,0,0,0,0,0,0,0,0,0,0,0,0,0,0,0,0,0,0,0,0,0,0,0,0,0,0,0,0,0,0,0,0,0,0,0,0,0,0,0,0,0,0,0,0,0,0,0,0,0,0,0,0,0,0,0,0,0,0,0,0,0,0,0,0,0,0,0,0,0,0,0,0,0,0,0,0,0,0,0,0,0,0,0,0,0,0,0,0,0,0,0,0,0,0,0,0,0,0,0,0,0,0,0,0,0,0,0,0,0,0,0,0,0,0,0,0,0,0,0,0,0,0,0,0,0,0,0,0,0,0,0,0,0,0,0,0,0,0,0,0,0,0,0,0,0,0,0,0,0,0,0,0,0,0,0,0,0,0,0,0,0,0,0,0,0,0,0,0,0,0,0,0,0,0,0,0,0,0,0,0,0,0,0,0,0,0,0,0,0,0,0,0,0,0,0,0,0,0,0,0,0,0,0,0,0,0,0,0,0,0,0,0,0,0,0,0,0,0,0,0,0,0,0,0,0,0,0,0,0,0,0,0,0,0,0,0,0,0,0,0,0,0,0,0,0,0,0,0,0,0,0,0,0,0,0,0,0,0,0,0,0,0,0,0,0,0,0,0,0,0,0,0,0,0,0,0,0,0,0,0,0,0,0,0,0,0,0,0,0,0,0,0,0,0,0,0,0,0,0,0,0,0,0,0,0,0,0,0,0,0,0,0,0,0,0,0,0,0,0,0,0,0,0,0,0,0,0,0,0,0,0,0,0,0,0,0,0,0,0,0,0,0,0,0,0,0,0,0,0,0,0,0,0,0,0,0,0,0,0,0,0,0,0,0,0,0,0,0,0,0,0,0,0,0,0,0,0,0,0,0,0,0,0,0,0,0,0,0,0,0,0,0,0,0,0,0,0,0,0,0,0,0,0,0,0,0,0,0,0,0,0,0,0,0,0,0,0,0,0,0,0,0,0,0,0,0,0,0,0,0,0,0,0,0,0,0,0,0,0,0,0,0,0,0,0,0,0,0,0,0,0,0,0,0,0,0,0,0,0,0,0,0,0,0,0,0,0,0,0,0,0,0,0,0,0,0,0,0,0,0,0,0,0,0,0,0,0,0,0,0,0,0,0,0,0,0,0,0,0,0,0,0,0,0,0,0,0,0,0,0,0,0,0,0,0,0,0,0,0,0,0,0,0,0,0,0,0,0,11,11,11,11,11,11,11,11,11,11,11,11,14,14,14,14,14,14,14,14,20,20,20,14,14,14,14,14,14,14,14,14,14,14,14,14,14,14,14,14,14,14,14,14,14,5,5,5,5,5,5,5,5,5,5,5,5,2,2,2,2,2,2,2,2,1,1,1,0,0,0,0,0,0,0,0,0,0,0,0,0,0,0,0,0,0,0,0,0,0,0,0,0,0,0,0,0,0,0,0,0,0,0,0,0,0,0,0,0,0,0,0,0,0,0,0,0,0,0,0,0,0,0,0,0,0,0,0,0,0,0,0,0,0,0,0,0,0,0,0,0,0,0,0,0,0,0,0,0,0,0,0,0,0,0,0,0,0,0,0,0,0,0,0,0,0,0,0,0,0,0,0,0,0,0,0,0,0,0,0,0,0,0,0,0,0,0,0,0,0,0,0,0,0,0,0,0,0,0,0,0,0,0,0,0,0,0,0,0,0,0,0,0,0,0,0,0,0,0,0,0,0,0,0,0,0,0,0,0,0,0,0,0,0,0,0,0,0,0,0,0,0,0,0,0,0,0,0,0,0,0,0,0,0,0,0,0,0,0,0,0,0,0,0,0,0,0,0,0,0,0,0,0,0,0,0,0,0,0,0,0,0,0,0,0,0,0,0,0,0,0,0,0,0,0,0,0,0,0,0,0,0,0,0,0,0,0,0,0,0,0,0,0,0,0,0,0,0,0,0,0,0,0,0,0,0,0,0,0,0,0,0,0,0,0,0,0,0,0,0,0,0,0,0,0,0,0,0,0,0,0,0,0,0,0,0,0,0,0,0
How early,	-508026/4346,	-22,28,-22,30,37,24,24,1,15,23,-42,-42,-36,-36,-16,4,8,4,37,38,30,27,-20,-39,-39,-39,-18,-38,-38,-38,-38,-17,-16,-16,24,24,24,-33,-33,-32,-10,32,32,-8,-27,-26,-26,-20,-26,6,7,7,7,15,15,19,-20,-20,21,21,3,3,4,4,4,4,28,29,-31,-30,-30,-13,-13,-12,-12,-23,-23,-8,-8,-7,18,-14,19,19,-13,17,22,30,18,23,24,-15,19,19,19,19,-16,24,-14,16,-13,-13,26,26,1,1,1,1,17,27,27,20,20,21,-39,-38,20,20,-33,-33,26,18,-32,7,-27,1,1,21,1,21,21,1,1,8,8,9,9,9,-1,6,-24,0,0,7,-16,1,20,20,20,8,9,9,9,9,-13,-13,37,38,19,19,20,20,36,37,37,37,37,37,38,38,35,36,36,37,-42,-41,-41,-40,-37,-37,-37,22,23,21,-34,-34,22,22,-25,23,23,28,-24,28,-29,-4,-22,-22,-22,-27,22,-19,-1,-1,-18,35,0,-17,-17,-40,-39,-44,-38,-37,-42,-42,-36,-41,-39,-40,-24,-38,-24,-24,-31,-37,-29,-19,-18,-18,-17,-24,-7,-6,-12,-6,1,-5,-11,2,-10,3,16,16,36,36,36,36,37,37,16,16,38,38,17,17,20,35,27,27,28,28,29,29,21,21,21,21,22,22,14,15,15,16,-31,24,25,25,26,26,26,26,25,4,4,5,5,10,-52,-34,12,24,24,24,25,2,2,22,0,1,23,23,24,2,2,25,25,3,3,25,-56,-56,-57,-56,-63,-51,-50,-50,-56,-47,-58,-45,-57,3,3,4,19,20,21,-1,-1,-1,-5,-3,18,18,18,19,19,19,19,-45,-45,-44,11,12,13,-63,-62,-55,-66,-65,-65,-60,-59,-59,-58,-9,-7,14,15,16,-15,-14,-14,13,-13,14,14,14,14,-62,-62,-61,-60,10,14,5,-32,-32,-31,-60,3,3,4,4,5,2,-62,-13,-69,-68,-67,-12,-12,9,10,-69,-69,-69,-68,-56,-56,-72,-9,-9,4,4,-8,5,5,6,6,6,-6,8,-74,-16,-77,-77,-77,-76,-76,-76,-6,3,-78,-72,-77,-14,-72,-6,-52,-67,-79,-73,-66,-66,-66,-72,-1,0,-73,-16,-15,-17,-79,-84,-83,-82,-81,-81,-81,-81,-78,-68,-83,-83,-83,-21,-21,-6,-6,-6,-7,-30,-30,-88,-88,-80,-80,-18,-17,-17,-16,-24,-89,-89,-89,-87,-28,-22,-48,-25,-25,-77,-78,-92,-30,-30,-25,-89,-23,-83,-83,-83,-77,-77,-89,-88,-67,-67,-98,-80,-96,-41,-34,-83,-40,-35,-98,-76,-59,-23,-23,-100,-31,-29,-74,-31,-31,-77,-77,-102,-89,-89,-35,-92,-101,-103,-93,-92,-97,-61,-79,-96,-38,-102,-102,-34,-99,-50,-37,-98,-49,-95,-108,-108,-107,-105,-94,-86,-45,-45,-94,-51,-44,-93,-103,-103,-63,-80,-79,-78,-78,-46,-46,-64,-69,-63,-68,-43,-42,-101,-101,-36,-88,-35,-35,-87,-87,-41,-106,-53,-88,-101,-101,-111,-47,-111,-111,-110,-70,-104,-104,-59,-59,-58,-46,-104,-46,-46,-104,-45,-45,-45,-115,-107,-106,-106,-106,-106,-55,-55,-55,-114,-108,-108,-54,-54,-101,-107,-100,-100,-113,-113,-117,-60,-114,-104,-103,-103,-103,-103,-57,-102,-99,-111,-93,-93,-92,-76,-76,-107,-65,-83,-54,-98,-53,-118,-118,-118,-58,-110,-58,-122,-109,-81,-80,-77,-60,-97,-97,-116,-119,-61,-125,-88,-80,-80,-57,-105,-75,-102,-101,-96,-100,-95,-96,-107,-118,-108,-125,-84,-83,-66,-81,-80,-59,-71,-71,-73,-125,-69,-124,-73,-70,-70,-135,-69,-134,-124,-110,-116,-116,-108,-78,-127,-127,-127,-127,-88,-138,-130,-121,-125,-143,-126,-126,-125,-117,-109,-122,-122,-132,-83,-115,-124,-84,-107,-107,-106,-104,-135,-88,-87,-87,-140,-145,-145,-122,-101,-95,-95,-99,-127,-98,-98,-126,-126,-126,-114,-90,-84,-136,-142,-93,-97,-154,-137,-154,-137,-153,-146,-120,-144,-98,-144,-98,-95,-104,-91,-148,-94,-93,-122,-122,-122,-138,-120,-119,-100,-111,-105,-111,-111,-104,-104,-104,-148,-93,-95,-95,-95,-95,-106,-93,-99,-109,-108,-108,-108,-153,-126,-156,-156,-156,-114,-120,-90,-161,-108,-108,-106,-100,-100,-100,-92,-131,-150,-150,-149,-109,-158,-133,-133,-133,-104,-149,-112,-140,-139,-151,-150,-113,-121,-112,-111,-107,-171,-122,-122,-113,-112,-122,-169,-167,-149,-108,-108,-149,-120,-155,-163,-153,-159,-159,-152,-164,-112,-116,-111,-117,-164,-146,-145,-109,-115,-168,-106,-107,-107,-107,-113,-113,-143,-136,-136,-136,-129,-129,-124,-123,-121,-121,-168,-170,-170,-120,-120,-132,-132,-116,-113,-159,-124,-124,-123,-138,-137,-155,-118,-154,-116,-118,-135,-161,-132,-132,-125,-125,-125,-160,-178,-170,-170,-125,-148,-148,-148,-131,-131,-180,-128,-126,-177,-160,-160,-151,-151,-150,-149,-118,-118,-137,-137,-117,-176,-175,-175,-154,-153,-117,-130,-130,-129,-133,-150,-177,-137,-189,-189,-130,-126,-138,-137,-145,-162,-145,-145,-161,-180,-144,-143,-170,-162,-133,-146,-164,-149,-145,-163,-163,-162,-138,-137,-137,-137,-147,-167,-146,-129,-131,-129,-141,-138,-137,-140,-134,-182,-133,-133,-180,-180,-192,-132,-191,-190,-142,-129,-164,-164,-174,-174,-143,-166,-172,-158,-162,-168,-162,-162,-148,-161,-160,-148,-184,-158,-147,-147,-158,-183,-189,-145,-164,-144,-164,-163,-163,-166,-166,-165,-165,-164,-163,-163,-143,-155,-152,-142,-154,-142,-170,-170,-169,-170,-170,-178,-195,-170,-169,-169,-185,-168,-184,-183,-183,-170,-182,-141,-199,-140,-190,-197,-197,-197,-174,-176,-170,-170,-175,-164,-164,-170,-172,-172,-163,-163,-162,-169,-158,-158,-162,-162,-194,-168,-157,-161,-197,-194,-194,-167,-209,-161,-181,-168,-167,-153,-182,-165,-182,-212,-170,-150,-191,-219,-219,-218,-218,-218,-174,-208,-173,-166,-160,-172,-159,-165,-164,-174,-174,-163,-173,-173,-172,-164,-164,-210,-203,-209,-171,-198,-170,-175,-175,-177,-177,-179,-179,-199,-199,-198,-186,-174,-174,-195,-195,-194,-193,-174,-173,-172,-172,-181,-219,-180,-203,-200,-202,-162,-198,-175,-175,-191,-189,-185,-185,-184,-183,-221,-198,-198,-221,-213,-185,-185,-185,-172,-200,-200,-183,-176,-194,-185,-193,-193,-187,-191,-191,-190,-206,-190,-170,-181,-187,-211,-179,-214,-203,-203,-203,-196,-196,-191,-214,-211,-204,-210,-224,-224,-198,-193,-196,-190,-189,-195,-215,-191,-214,-214,-213,-198,-222,-225,-197,-221,-198,-198,-200,-197,-197,-209,-191,-202,-215,-215,-214,-213,-193,-199,-206,-214,-214,-206,-206,-206,-202,-202,-202,-197,-219,-200,-200,-200,-218,-212,-223,-223,-202,-210,-210,-205,-205,-198,-198,-198,-237,-237,-236,-190,-190,-229,-229,-210,-205,-225,-219,-224,-224,-187,-223,-186,-215,-215,-201,-228,-228,-228,-227,-227,-215,-215,-226,-252,-251,-206,-242,-218,-218,-218,-207,-207,-214,-214,-213,-208,-199,-199,-203,-203,-203,-209,-215,-215,-214,-205,-205,-204,-217,-221,-221,-215,-216,-216,-216,-215,-214,-230,-228,-217,-217,-217,-219,-218,-216,-242,-242,-248,-211,-234,-221,-221,-221,-263,-263,-263,-224,-224,-262,-262,-223,-220,-219,-221,-215,-233,-250,-227,-227,-238,-238,-249,-232,-249,-230,-210,-239,-222,-221,-238,-238,-237,-212,-211,-211,-211,-222,-215,-215,-210,-210,-210,-247,-226,-226,-226,-239,-238,-248,-264,-264,-247,-247,-244,-238,-244,-266,-237,-260,-243,-249,-249,-265,-265,-242,-264,-264,-238,-261,-237,-260,-237,-275,-252,-252,-275,-275,-275,-258,-239,-274,-227,-222,-222,-239,-238,-238,-237,-236,-258,-250,-233,-224,-249,-232,-223,-225,-236,-236,-236,-235,-235,-234,-255,-274,-273,-273,-273,-273,-252,-272,-272,-280,-251,-279,-279,-274,-273,-272,-274,-271,-273,-273,-271,-295,-295,-273,-255,-256,-256,-271,-271,-271,-271,-270,-254,-269,-254,-254,-254,-268,-268,-287,-287,-276,-256,-256,-279,-279,-262,-278,-274,-273,-273,-284,-283,-278,-277,-277,-277,-32,21,21,8,15,15,21,21,21,-7,-6,1,1,38,38,17,18,26,26,26,-36,30,18,-34,-34,18,31,32,26,26,-23,16,12,12,18,17,3,-40,-35,23,-34,24,-34,24,-27,28,24,-23,29,-22,-22,-27,-26,23,24,1,37,37,-14,-14,-1,0,1,1,24,1,14,-2,-33,-33,30,-20,-28,32,-19,-19,-27,-27,-27,-19,-26,-18,-26,36,-21,-13,31,-20,32,32,-11,-11,-18,17,30,18,18,26,32,26,16,23,17,18,31,32,32,32,3,3,16,18,11,-42,24,24,-41,-40,-16,-16,-16,30,30,-14,31,-34,-14,32,32,32,-32,-32,-32,-32,-10,-10,-15,-28,-28,-14,-14,-14,-14,-27,11,-6,24,12,13,-4,13,-15,11,22,-20,-14,-20,-14,37,37,37,38,38,38,38,38,38,38,38,38,38,38,38,38,38,38,38,38,38,38,38,38,38,38,38,38,38,38,38,38,38,38,38,38,38,38,38,38,38,38,38,38,38,37,37,37,38,36,33,37,37,34,36,37,15,17,18,34,35,36,36,37,37,16,38,17,17,17,17,17,18,19,-41,-41,-41,-40,18,18,-39,24,-35,-34,25,-34,-34,26,26,18,18,18,-2,5,-1,-1,6,6,8,-2,5,-25,-1,-40,-44,-38,-43,-37,-37,-37,-42,-36,-40,19,-41,-39,-39,20,20,20,20,27,-38,21,21,22,-38,-38,-38,-37,-37,-42,-36,-36,-42,-29,-27,-28,-26,26,28,29,29,20,21,21,22,16,17,17,-54,12,-38,12,13,-25,-49,-48,-48,-48,-53,-53,8,8,25,11,11,26,26,26,26,26,26,26,26,26,26,26,26,26,26,26,26,26,26,26,26,26,26,26,26,26,26,26,26,26,26,26,26,26,26,26,26,26,26,26,26,24,25,26,4,27,5,5,10,11,12,12,12,23,24,24,1,1,-30,10,-40,-50,-50,-50,-49,-56,-55,-46,-45,-59,-59,-64,-62,-62,-45,-59,-59,-58,-60,-60,-59,-6,-5,-4,17,-3,18,18,18,19,19,19,20,21,-5,-5,-5,18,18,18,18,18,18,18,18,18,18,18,18,18,18,18,18,18,18,18,18,18,18,18,18,18,18,18,18,18,18,18,18,18,18,18,18,18,18,17,18,18,18,19,19,-13,-12,10,10,11,-65,-64,-62,-60,-56,-55,-43,-43,-43,-62,-61,-61,1,1,-39,-39,14,14,15,15,16,16,-6,-6,-43,-61,-61,5,-15,-14,-14,13,-13,14,14,14,14,14,14,14,14,14,14,14,14,14,14,14,14,14,14,14,14,14,14,14,14,14,14,14,14,-1,0,5,-47,8,-34,-4,-3,-3,-3,10,11,11,11,12,13,-41,-41,-51,-5,-51,1,-56,-56,-66,-11,8,8,-9,7,-2,-2,0,0,0,-68,-54,-54,-67,-66,-58,-77,-76,-51,-51,-51,-51,-17,-16,-24,-24,-23,3,4,-35,-22,-28,-51,-7,-58,-74,-74,-59,-47,-12,-40,-80,-80,-68,-74,-62,-62,-78,-2,-2,-2,-2,-2,-2,-2,-2,-2,-2,-2,-2,-2,-2,-2,-2,-2,-2,-2,-2,-2,-2,-2,-2,-2,-2,-2,-2,-2,-2,-2,-2,-2,-2,-2,-2,-2,-2,-2,-2,-68,-65,-1,-15,-15,-14,-14,-14,-81,-81,-73,-70,-26,-26,-26,-26,-26,-26,-26,-26,-26,-26,-26,-26,-26,-26,-26,-26,-26,-26,-26,-26,-26,-26,-26,-26,-26,-26,-26,-26,-26,-26,-26,-26,-26,-26,-26,-26,-26,-20,-73,-6,-7,-7,-68,-67,-80,-79,-41,-84,-70,-63,-20,-69,-26,-37,-86,-72,-92,-83,-83,-90,-24,-22,-77,-81,-78,-78,-16,-16,-16,-16,-16,-16,-16,-16,-16,-16,-16,-16,-16,-16,-16,-16,-16,-16,-16,-16,-16,-16,-16,-16,-16,-16,-16,-16,-16,-16,-16,-16,-16,-16,-16,-16,-16,-16,-16,-16,-94,-39,-39,-84,-77,-19,-40,-92,-54,-53,-39,-28,-38,-83,-83,-83,-97,-83,-94,-94,-32,-32,-38,-33,-33,-26,-26,-26,-26,-26,-26,-26,-26,-103,-103,-95,-35,-48,-48,-38,-38,-47,-93,-93,-50,-50,-92,-92,-50,-50,-50,-88,-80,-52,-51,-75,-88,-97,-97,-47,-34,-34,-34,-34,-34,-34,-34,-34,-34,-34,-34,-34,-34,-34,-34,-34,-34,-34,-34,-34,-34,-34,-34,-34,-34,-34,-34,-34,-34,-34,-34,-34,-34,-34,-34,-34,-34,-34,-34,-34,-34,-34,-34,-34,-34,-49,-95,-42,-42,-44,-44,-65,-65,-59,-59,-53,-88,-52,-44,-96,-43,-100,-50,-72,-71,-70,-45,-44,-112,-112,-102,-42,-46,-111,-45,-104,-110,-104,-104,-104,-108,-44,-53,-106,-106,-106,-112,-106,-50,-59,-61,-58,-60,-60,-102,-102,-112,-58,-42,-42,-42,-42,-42,-42,-42,-42,-42,-42,-42,-42,-42,-42,-42,-42,-42,-42,-42,-42,-42,-42,-42,-42,-42,-42,-42,-42,-42,-42,-42,-42,-42,-42,-42,-42,-42,-42,-42,-42,-42,-42,-42,-42,-42,-98,-62,-104,-55,-97,-61,-54,-75,-91,-91,-112,-112,-61,-61,-61,-61,-113,-88,-71,-70,-65,-79,-107,-58,-93,-101,-64,-64,-100,-59,-63,-63,-99,-67,-87,-98,-98,-93,-93,-76,-76,-76,-76,-76,-76,-70,-70,-70,-70,-70,-70,-70,-70,-70,-70,-70,-70,-70,-70,-70,-70,-70,-70,-70,-70,-70,-70,-70,-70,-70,-70,-70,-70,-70,-70,-70,-70,-70,-70,-70,-70,-70,-70,-70,-70,-70,-70,-70,-70,-70,-57,-57,-56,-121,-121,-120,-76,-82,-69,-64,-117,-117,-110,-61,-108,-59,-124,-116,-70,-103,-86,-110,-116,-109,-109,-77,-70,-70,-105,-76,-76,-76,-104,-104,-63,-104,-69,-104,-62,-95,-111,-111,-111,-111,-88,-87,-124,-124,-58,-58,-58,-58,-58,-58,-58,-58,-58,-58,-58,-58,-58,-58,-58,-58,-58,-58,-58,-58,-58,-58,-58,-58,-58,-58,-58,-58,-58,-58,-58,-58,-58,-58,-58,-58,-58,-58,-58,-58,-58,-58,-58,-58,-58,-89,-89,-89,-89,-89,-89,-125,-100,-71,-100,-132,-122,-121,-115,-115,-126,-138,-123,-128,-128,-128,-136,-126,-70,-124,-122,-122,-73,-134,-126,-71,-125,-129,-129,-129,-129,-123,-123,-136,-134,-80,-115,-103,-103,-103,-103,-132,-132,-131,-99,-116,-99,-136,-134,-139,-107,-107,-70,-101,-101,-101,-101,-101,-101,-101,-101,-129,-140,-93,-121,-121,-145,-140,-144,-85,-92,-137,-137,-137,-133,-84,-84,-149,-149,-133,-139,-135,-135,-148,-146,-96,-96,-145,-146,-148,-147,-112,-128,-127,-146,-114,-151,-132,-100,-100,-120,-82,-82,-82,-82,-82,-82,-82,-82,-82,-82,-82,-82,-82,-82,-82,-82,-82,-82,-82,-82,-82,-82,-82,-82,-82,-82,-82,-82,-82,-82,-82,-82,-82,-82,-82,-82,-82,-82,-82,-82,-82,-82,-82,-82,-82,-82,-82,-82,-82,-82,-82,-82,-82,-82,-82,-82,-82,-82,-82,-82,-82,-82,-82,-82,-82,-82,-82,-82,-82,-82,-82,-82,-82,-82,-82,-82,-82,-82,-82,-82,-82,-82,-82,-82,-82,-82,-82,-82,-82,-82,-120,-119,-123,-98,-132,-119,-124,-95,-95,-147,-100,-147,-157,-122,-122,-155,-155,-141,-146,-146,-133,-145,-145,-132,-142,-144,-155,-143,-103,-103,-148,-107,-145,-125,-111,-114,-114,-114,-114,-114,-114,-114,-114,-114,-114,-114,-114,-114,-114,-114,-114,-114,-114,-114,-114,-114,-114,-114,-114,-114,-114,-114,-114,-114,-114,-114,-114,-114,-114,-114,-114,-114,-114,-114,-114,-114,-114,-114,-114,-114,-160,-152,-152,-112,-131,-131,-163,-121,-121,-115,-121,-127,-119,-118,-105,-105,-112,-169,-141,-108,-154,-154,-134,-153,-167,-153,-132,-133,-133,-152,-100,-100,-100,-100,-100,-100,-100,-100,-100,-100,-100,-100,-100,-100,-100,-100,-100,-100,-100,-100,-100,-100,-100,-100,-100,-100,-100,-100,-100,-100,-100,-100,-100,-100,-100,-100,-100,-100,-100,-100,-100,-100,-100,-100,-100,-165,-172,-172,-172,-121,-141,-141,-121,-121,-130,-130,-125,-144,-124,-152,-123,-151,-150,-145,-149,-135,-135,-135,-135,-135,-135,-135,-135,-160,-121,-133,-122,-122,-122,-132,-132,-178,-178,-126,-177,-164,-143,-177,-142,-142,-142,-138,-158,-137,-157,-136,-119,-119,-147,-147,-146,-146,-172,-153,-123,-132,-132,-115,-135,-128,-174,-128,-179,-130,-134,-133,-138,-138,-142,-147,-147,-147,-147,-147,-171,-171,-170,-162,-162,-156,-129,-129,-158,-128,-157,-122,-122,-122,-122,-122,-122,-122,-122,-122,-122,-122,-122,-122,-122,-122,-122,-122,-122,-122,-122,-122,-122,-122,-122,-122,-122,-122,-122,-122,-122,-122,-122,-122,-122,-122,-122,-122,-122,-122,-122,-122,-122,-122,-122,-122,-146,-184,-189,-189,-168,-139,-182,-144,-138,-144,-131,-193,-139,-184,-141,-188,-160,-129,-158,-158,-128,-128,-130,-130,-130,-130,-130,-130,-130,-130,-130,-130,-130,-130,-130,-130,-130,-130,-130,-130,-130,-130,-130,-130,-130,-130,-130,-130,-130,-130,-130,-130,-130,-130,-130,-130,-130,-130,-130,-130,-130,-130,-130,-130,-130,-130,-130,-168,-168,-168,-160,-160,-160,-160,-160,-160,-160,-160,-160,-160,-160,-160,-186,-168,-184,-184,-148,-147,-146,-161,-171,-178,-170,-168,-168,-168,-176,-151,-166,-158,-158,-152,-157,-145,-151,-193,-168,-192,-192,-197,-197,-197,-197,-197,-197,-191,-158,-158,-158,-158,-158,-158,-158,-158,-158,-158,-158,-158,-158,-158,-158,-158,-158,-158,-158,-158,-158,-158,-158,-158,-158,-158,-158,-158,-158,-158,-158,-158,-158,-158,-158,-158,-158,-158,-158,-158,-158,-158,-158,-158,-158,-156,-196,-202,-202,-194,-194,-202,-153,-153,-153,-163,-139,-162,-198,-205,-205,-201,-140,-162,-166,-163,-163,-160,-177,-142,-142,-142,-142,-142,-142,-142,-142,-142,-142,-142,-142,-142,-142,-142,-142,-142,-142,-142,-142,-142,-142,-142,-142,-142,-142,-142,-142,-142,-142,-142,-142,-142,-142,-142,-142,-142,-142,-142,-142,-142,-142,-142,-142,-142,-173,-173,-173,-173,-173,-173,-173,-173,-173,-173,-173,-173,-173,-174,-174,-173,-169,-169,-185,-154,-177,-164,-164,-157,-152,-152,-156,-156,-151,-180,-180,-158,-157,-157,-155,-209,-205,-161,-163,-169,-213,-196,-194,-199,-199,-172,-172,-192,-191,-179,-179,-190,-178,-166,-213,-161,-175,-152,-167,-189,-189,-204,-216,-215,-215,-175,-214,-174,-185,-185,-185,-185,-197,-175,-174,-174,-174,-173,-168,-168,-168,-168,-179,-181,-181,-181,-181,-181,-218,-210,-210,-193,-192,-209,-192,-191,-197,-195,-200,-200,-163,-162,-162,-162,-162,-162,-162,-162,-162,-162,-162,-162,-162,-162,-162,-162,-162,-162,-162,-162,-162,-162,-162,-162,-162,-162,-162,-162,-162,-162,-162,-162,-162,-162,-162,-162,-162,-162,-162,-162,-162,-162,-162,-162,-162,-162,-173,-212,-225,-211,-207,-200,-184,-194,-211,-211,-211,-211,-218,-218,-223,-225,-185,-185,-175,-201,-201,-201,-200,-198,-185,-202,-181,-181,-201,-181,-213,-225,-180,-189,-192,-192,-191,-219,-205,-198,-204,-204,-204,-197,-203,-203,-196,-211,-204,-204,-190,-190,-203,-188,-188,-195,-195,-219,-178,-178,-178,-178,-178,-178,-178,-178,-178,-178,-178,-178,-178,-178,-178,-178,-178,-178,-178,-178,-178,-178,-178,-178,-178,-178,-178,-178,-178,-178,-178,-178,-178,-178,-178,-178,-178,-178,-178,-178,-178,-178,-178,-178,-178,-188,-200,-200,-222,-222,-187,-199,-234,-193,-198,-198,-192,-192,-230,-230,-211,-216,-202,-202,-202,-202,-202,-202,-202,-202,-202,-202,-202,-202,-202,-202,-202,-202,-202,-202,-202,-202,-202,-202,-202,-202,-202,-202,-202,-202,-202,-202,-202,-202,-202,-202,-202,-202,-202,-202,-202,-202,-202,-202,-202,-202,-202,-213,-192,-212,-192,-211,-243,-243,-243,-243,-243,-243,-243,-243,-222,-225,-231,-202,-230,-184,-184,-184,-184,-184,-184,-184,-184,-184,-184,-184,-184,-184,-184,-184,-184,-184,-184,-184,-184,-184,-184,-184,-184,-184,-184,-184,-184,-184,-184,-184,-184,-184,-184,-184,-184,-184,-184,-184,-184,-184,-184,-184,-184,-184,-207,-207,-207,-223,-211,-224,-224,-215,-214,-214,-214,-213,-199,-188,-188,-192,-198,-198,-216,-216,-225,-224,-224,-240,-240,-211,-231,-224,-220,-225,-225,-219,-219,-219,-219,-219,-221,-200,-200,-200,-217,-216,-216,-215,-215,-243,-204,-209,-242,-203,-203,-228,-228,-228,-228,-203,-212,-227,-211,-211,-224,-224,-210,-210,-224,-255,-255,-255,-255,-255,-255,-242,-215,-220,-234,-217,-207,-260,-258,-206,-258,-202,-202,-202,-202,-202,-202,-202,-202,-202,-202,-202,-202,-202,-202,-202,-202,-202,-202,-202,-202,-202,-202,-202,-202,-202,-202,-202,-202,-202,-202,-202,-202,-202,-202,-202,-202,-202,-202,-202,-202,-202,-202,-202,-202,-202,-231,-231,-231,-231,-231,-231,-231,-231,-231,-231,-231,-235,-230,-224,-224,-229,-223,-223,-239,-239,-239,-238,-238,-238,-268,-268,-268,-268,-268,-268,-268,-227,-227,-222,-221,-221,-225,-243,-247,-247,-255,-218,-217,-248,-248,-210,-229,-229,-230,-230,-248,-235,-244,-244,-244,-244,-244,-244,-244,-244,-244,-244,-244,-244,-244,-244,-244,-244,-244,-255,-255,-255,-281,-281,-281,-281,-281,-281,-281,-281,-281,-281,-281,-281,-281,-281,-281,-240,-239,-243,-242,-221,-232,-220,-236,-221,-261,-225,-259,-240,-240,-258,-257,-257,-253,-258,-252,-257,-257,-224,-224,-256,-231,-246,-246,-246,-223,-222,-227,-227,-226,-226,-226,-226,-226,-226,-226,-226,-226,-226,-226,-226,-226,-226,-226,-226,-226,-226,-226,-226,-226,-226,-226,-226,-226,-226,-226,-226,-226,-226,-226,-226,-226,-226,-226,-226,-226,-226,-226,-226,-226,-226,-226,-226,-226,-226,-226,-226,-226,-226,-226,-226,-226,-226,-226,-226,-226,-226,-226,-226,-226,-226,-226,-226,-226,-226,-226,-226,-226,-226,-226,-226,-226,-226,-226,-226,-226,-226,-226,-226,-226,-226,-226,-226,-226,-226,-226,-226,-226,-226,-226,-226,-226,-245,-272,-271,-267,-266,-266,-250,-265,-249,-249,-246,-293,-293,-293,-293,-293,-293,-293,-293,-293,-293,-293,-293,-293,-293,-293,-293,-293,-293,-293,-293,-293,-293,-266,-253,-253,-253,-259,-259,-242,-242,-242,-259,-242,-242,-258,-258,-258,-269,-237,-248,-248,-257,-257,-256,-256,-273,-260,-260,-255,-272,-254,-271,-281,-296,-295,-272,-294,-275,-286,-269,-268,-268,-274,-268,-290,-273,-242,-242,-242,-242,-242,-242,-242,-242,-242,-242,-242,-242,-242,-242,-242,-242,-242,-242,-242,-242,-242,-242,-260,-260,-265,-265,-265,-265,-265,-265,-265,-275,-269,-298,-263,-284,-264,-270,-270,-270,-248,-248,-259,-296,-285,-273,-279,-285,-301,-301,-301,-299,-275,-298,-297,-296,-273,-272,-295,-295,-288,-284,-271,-287,-286,-286,-278,-278,-278,-277,-300,-300,-268,-268,-268,-268,-268,-268,-268,-268,-268,-268,-268,-268,-268,-268,-268,-268,-268,-268,-268,-268,-268,-268,-268,-268,-268,-268,-268,-268,-268,-268,-268,-268,-268,-268,-268,-268,-268,-268,-268,-268,-268,-268,-268,-268,-268,-287,-274,-274,-274,-274,-274,-274,-274,-274,-274,-274,-274,-274,-274,-274,-274,-274,-274,-274,-274,-274,-274,-274,-274,-274,-274,-274,-274,-274,-274,-274,-274,-274,-274,-274,-274,-274,-274,-274,-274,-274,-274,-274,-274,-274,-274,-290,-289,-289,-288,-300,-298,-297,-300,-299,-299,-300,-298,-298,-299,-299,-299,-299,-299,-299,-283,-283,-297,-297,-296,-296,-306,-295,-297,-306
How wait,	563994/4346,	0,2,0,0,1,0,0,0,0,0,0,0,0,0,0,0,0,0,1,0,0,1,0,1,1,1,2,0,0,0,0,1,0,0,0,0,0,1,1,0,0,0,0,0,1,0,0,0,0,1,0,0,0,0,0,2,0,0,0,0,1,1,0,0,0,0,2,1,1,0,0,1,1,0,0,1,1,2,2,1,1,2,0,0,1,2,3,0,1,2,3,3,0,0,0,0,0,1,2,3,1,1,1,1,1,1,1,1,2,0,0,1,1,0,1,0,1,1,1,1,1,3,0,2,3,0,0,0,0,0,0,0,0,1,1,0,0,0,2,3,0,1,1,2,3,0,1,1,1,1,0,0,0,0,0,0,1,0,1,1,0,0,2,1,1,1,1,1,0,0,2,1,1,0,2,1,1,0,3,3,3,2,1,3,0,0,2,2,3,1,1,2,2,2,3,5,0,0,0,1,2,3,2,2,2,3,1,1,1,4,3,4,2,1,2,2,0,1,3,0,2,2,2,2,3,1,1,3,2,2,1,2,3,2,2,2,3,1,1,2,0,1,2,2,2,2,2,2,1,1,2,2,0,0,1,1,4,3,4,4,3,3,2,2,5,5,5,5,4,4,12,11,11,10,11,14,13,13,12,12,12,12,13,13,13,12,12,14,12,12,14,14,14,14,13,14,14,16,16,15,15,15,14,14,14,13,13,13,13,13,16,16,19,18,19,19,18,18,18,19,20,17,19,19,19,18,19,18,17,19,19,19,21,19,20,20,20,19,19,19,19,22,22,21,21,20,19,23,22,23,24,23,23,24,23,23,22,24,22,24,23,22,25,24,24,25,23,24,24,24,24,26,26,27,26,28,24,26,28,28,27,28,29,29,28,28,27,30,30,31,31,30,29,30,30,29,28,31,31,31,30,33,33,34,33,33,34,34,32,33,33,32,32,32,30,30,36,37,35,35,35,34,34,34,38,35,38,36,37,38,36,38,39,37,39,39,40,40,40,38,39,38,41,43,42,44,41,44,43,42,41,41,41,41,40,45,45,45,45,45,45,44,44,44,44,48,48,46,46,48,48,50,49,49,48,48,49,49,49,49,49,49,49,49,49,51,54,52,54,54,55,55,55,55,55,55,54,57,57,56,57,57,58,57,58,59,60,60,58,61,62,60,60,61,61,60,63,61,60,63,63,64,64,62,63,63,65,66,63,65,65,64,65,65,65,68,68,68,68,66,67,68,69,66,67,69,68,68,67,65,68,70,71,71,71,69,70,70,71,71,70,70,69,70,70,72,72,72,73,71,72,74,73,71,71,74,72,73,73,73,73,73,74,77,75,75,75,77,77,77,77,76,78,76,76,78,78,77,78,78,78,78,78,77,77,77,77,79,80,80,80,80,79,79,79,80,80,80,78,78,81,81,80,80,81,81,79,81,82,82,83,81,81,81,81,82,83,83,83,83,82,83,83,83,86,84,85,88,85,86,86,86,88,88,88,88,87,89,88,91,91,89,89,90,91,91,91,95,95,95,95,95,96,97,96,97,95,96,97,95,96,98,99,98,99,97,97,96,97,99,99,100,102,101,101,103,102,102,103,101,102,104,104,102,102,102,104,104,104,104,104,106,106,104,107,107,107,107,107,106,107,110,109,109,110,111,109,108,109,114,114,113,111,112,114,113,113,112,113,113,114,115,114,114,117,118,116,116,117,117,117,118,116,116,116,116,117,118,118,118,118,118,119,120,121,122,122,122,122,122,123,121,122,124,123,123,123,123,124,127,126,127,126,126,126,126,125,125,125,125,125,125,125,125,125,124,125,125,127,126,126,126,127,130,130,130,130,129,127,128,131,129,129,132,132,132,132,130,132,132,132,131,133,132,134,134,134,134,133,136,138,137,137,136,140,136,139,138,137,137,140,140,139,138,140,137,139,140,140,140,140,138,141,137,139,139,139,138,142,142,140,141,141,142,142,141,141,141,142,144,145,145,145,145,145,144,145,145,145,144,144,147,146,144,144,148,144,144,144,144,145,145,144,145,146,148,148,147,147,146,149,150,148,148,149,149,152,150,150,151,151,151,151,150,150,150,151,152,152,152,149,149,152,152,150,151,152,152,151,151,150,153,156,156,155,155,155,154,153,153,155,154,155,154,154,153,154,154,158,155,155,155,156,154,157,156,158,158,158,158,159,160,157,156,157,163,157,161,162,158,160,161,161,160,161,160,160,160,161,159,160,160,161,161,162,162,161,164,164,162,163,163,164,164,164,162,163,162,163,167,165,165,166,166,167,167,164,167,166,164,169,169,167,168,167,172,170,171,171,171,171,169,169,172,171,171,171,170,170,173,173,172,172,171,170,170,173,174,171,172,173,173,174,174,173,174,176,172,175,177,176,176,177,175,174,175,175,177,174,179,181,178,180,179,179,179,178,180,178,178,179,183,183,183,179,179,182,182,181,182,182,182,183,183,180,181,181,182,183,185,185,186,187,186,185,186,185,185,186,186,186,186,188,188,191,189,189,188,188,188,192,190,191,192,192,190,191,191,190,192,192,189,191,191,190,190,190,191,192,190,195,193,194,194,194,196,196,197,197,198,198,197,198,198,198,199,199,198,197,199,198,199,199,200,197,199,199,199,198,200,199,199,199,200,198,200,200,199,204,202,202,202,202,202,203,203,203,204,204,204,201,202,206,203,205,205,205,203,203,202,207,208,202,205,206,210,211,209,210,210,210,211,211,210,210,210,211,209,210,210,210,211,211,213,212,213,214,212,215,215,214,216,217,214,215,216,216,216,218,215,215,219,223,223,219,219,220,219,222,220,224,221,221,221,221,221,223,223,223,221,223,221,221,221,222,224,222,222,220,222,222,223,223,222,222,222,223,223,222,222,222,224,224,222,223,225,223,224,224,225,223,224,225,225,224,227,227,227,226,226,227,227,225,230,229,227,228,228,228,228,231,231,232,232,231,232,231,231,232,232,232,230,233,233,232,233,233,232,235,233,233,233,234,234,234,233,232,234,232,235,235,235,237,236,234,237,237,234,235,234,239,239,239,241,241,241,242,242,240,240,241,244,243,245,243,246,246,246,246,245,245,245,245,245,248,248,249,249,248,248,248,249,250,249,249,249,249,250,250,248,248,248,248,247,247,247,248,247,249,250,250,248,248,257,257,257,258,256,256,256,256,256,257,257,255,256,256,257,257,256,256,256,261,261,261,261,261,261,259,260,260,262,260,260,263,262,262,261,260,262,264,264,262,263,263,261,263,264,264,264,263,263,262,276,275,274,274,274,274,273,273,273,274,272,273,273,275,274,273,274,272,273,273,271,273,273,276,273,274,274,274,274,274,274,279,278,278,278,278,278,277,277,282,282,285,280,280,282,282,280,281,283,282,282,293,292,295,294,294,294,2,0,0,1,0,0,0,0,0,1,0,0,0,0,0,1,0,0,0,0,0,2,0,0,0,0,1,0,0,0,1,2,0,0,0,1,0,0,1,1,0,0,0,0,1,2,0,1,1,0,0,1,0,1,0,0,1,1,0,0,2,1,0,0,0,0,1,0,1,1,2,2,2,0,1,1,1,1,1,1,0,0,0,2,3,3,1,2,0,0,1,1,0,1,2,0,0,0,0,0,2,3,1,0,1,0,0,0,1,1,2,0,1,2,0,0,1,0,2,2,2,2,2,4,1,2,0,0,0,0,0,0,0,0,0,0,1,2,2,0,0,0,0,1,2,2,0,1,0,0,0,1,2,2,0,0,0,0,1,1,1,0,0,0,0,0,0,0,0,0,0,0,0,0,0,0,0,0,0,0,0,0,0,0,0,0,0,0,0,0,0,0,0,0,0,0,0,0,0,0,0,0,0,1,1,1,0,1,4,0,0,3,1,0,3,1,0,4,3,2,2,1,1,2,0,1,1,1,1,4,3,2,3,3,3,2,3,3,1,3,3,2,2,2,2,1,1,3,3,3,3,4,2,2,3,3,1,3,4,1,2,4,4,2,3,3,3,3,2,2,4,5,1,3,3,4,4,4,4,5,2,3,3,2,4,4,4,3,3,2,2,2,2,3,5,2,4,4,10,9,9,11,10,10,9,10,9,9,12,12,12,12,11,11,13,12,12,12,13,13,14,14,13,11,11,12,12,12,12,12,12,12,12,12,12,12,12,12,12,12,12,12,12,12,12,12,12,12,12,12,12,12,12,12,12,12,12,12,12,12,12,12,12,12,12,14,13,12,13,11,12,12,16,15,14,14,14,15,14,14,15,15,17,14,14,16,16,16,17,18,17,18,17,19,19,20,18,18,22,21,21,20,20,20,19,22,21,20,21,19,20,20,20,19,19,19,18,17,21,21,21,20,20,20,20,20,20,20,20,20,20,20,20,20,20,20,20,20,20,20,20,20,20,20,20,20,20,20,20,20,20,20,20,20,20,20,20,20,20,21,20,20,20,19,19,22,21,22,22,21,23,24,22,22,24,23,23,23,23,24,23,23,23,23,23,23,24,24,23,23,22,22,24,24,24,25,25,25,25,24,24,25,23,24,24,24,24,24,24,24,24,24,24,24,24,24,24,24,24,24,24,24,24,24,24,24,24,24,24,24,24,25,24,25,25,24,24,28,27,27,27,28,27,27,27,26,25,28,28,29,29,29,29,28,28,28,29,30,30,33,31,33,33,31,31,31,36,34,34,35,34,36,35,34,35,35,35,35,37,36,36,36,35,35,34,36,37,37,38,37,36,38,38,37,37,36,36,40,40,42,40,40,40,40,40,40,40,40,40,40,40,40,40,40,40,40,40,40,40,40,40,40,40,40,40,40,40,40,40,40,40,40,40,40,40,40,40,40,40,40,40,40,40,40,40,43,39,41,41,40,40,40,43,43,41,44,42,42,42,42,42,42,42,42,42,42,42,42,42,42,42,42,42,42,42,42,42,42,42,42,42,42,42,42,42,42,42,42,42,42,42,42,42,44,45,44,44,44,48,47,48,47,48,48,48,50,50,49,50,50,50,50,52,51,51,50,51,54,54,55,56,56,54,54,54,54,54,54,54,54,54,54,54,54,54,54,54,54,54,54,54,54,54,54,54,54,54,54,54,54,54,54,54,54,54,54,54,54,54,54,54,54,56,57,57,58,57,57,58,58,58,57,63,60,62,61,61,61,61,61,64,64,62,62,65,65,65,64,64,64,64,64,64,64,64,65,65,67,67,67,67,68,68,66,70,70,68,68,69,69,71,71,71,69,69,70,69,70,70,71,71,71,72,72,72,72,72,72,72,72,72,72,72,72,72,72,72,72,72,72,72,72,72,72,72,72,72,72,72,72,72,72,72,72,72,72,72,72,72,72,72,72,72,72,72,72,72,73,73,74,74,74,74,74,74,74,74,74,75,73,74,74,73,74,77,79,78,77,77,76,78,78,79,74,78,79,77,78,78,78,78,78,80,76,77,78,78,78,78,78,80,78,80,77,79,79,79,79,80,82,80,80,80,80,80,80,80,80,80,80,80,80,80,80,80,80,80,80,80,80,80,80,80,80,80,80,80,80,80,80,80,80,80,80,80,80,80,80,80,80,80,80,80,80,80,83,80,81,81,82,79,80,82,83,83,80,80,82,82,82,82,83,83,83,82,83,82,81,82,83,83,85,85,86,83,84,84,86,88,88,85,85,88,88,86,86,86,86,86,86,86,86,86,86,86,86,86,86,86,86,86,86,86,86,86,86,86,86,86,86,86,86,86,86,86,86,86,86,86,86,86,86,86,86,86,86,86,86,86,86,86,86,86,86,86,89,89,88,89,89,88,91,89,90,88,89,89,90,91,92,91,92,94,94,93,93,94,94,93,94,95,96,96,96,94,94,94,95,95,95,95,95,95,94,96,95,97,97,97,98,97,96,96,96,96,96,96,96,96,96,96,96,96,96,96,96,96,96,96,96,96,96,96,96,96,96,96,96,96,96,96,96,96,96,96,96,96,96,96,96,96,96,96,96,96,96,96,96,99,99,99,99,99,99,99,101,101,101,100,102,101,101,101,98,100,101,100,100,100,102,103,102,101,102,102,103,100,103,103,102,103,103,103,103,103,103,104,106,106,106,107,107,107,107,106,106,105,106,106,106,108,106,109,108,108,108,111,111,111,111,111,111,111,111,113,112,112,115,115,117,114,116,115,116,117,117,117,113,114,114,117,117,119,119,115,115,116,116,117,117,115,120,116,119,119,120,119,120,121,121,119,121,121,121,120,120,120,120,120,120,120,120,120,120,120,120,120,120,120,120,120,120,120,120,120,120,120,120,120,120,120,120,120,120,120,120,120,120,120,120,120,120,120,120,120,120,120,120,120,120,120,120,120,120,120,120,120,120,120,120,120,120,120,120,120,120,120,120,120,120,120,120,120,120,120,120,120,120,120,120,120,120,120,120,120,120,120,120,120,120,120,120,120,120,121,120,121,121,122,123,125,125,125,125,125,125,125,126,126,127,127,127,126,126,127,125,125,126,128,124,127,127,127,127,128,128,131,129,129,130,130,130,130,130,130,130,130,130,130,130,130,130,130,130,130,130,130,130,130,130,130,130,130,130,130,130,130,130,130,130,130,130,130,130,130,130,130,130,130,130,130,130,130,130,132,130,130,133,132,132,133,136,136,136,136,134,137,136,137,137,139,137,139,140,140,140,138,139,139,139,140,137,137,138,138,138,138,138,138,138,138,138,138,138,138,138,138,138,138,138,138,138,138,138,138,138,138,138,138,138,138,138,138,138,138,138,138,138,138,138,138,138,138,138,138,138,138,138,138,139,140,140,140,142,142,142,142,142,142,142,143,145,145,147,144,146,145,146,144,145,145,145,145,145,145,145,145,148,148,151,148,148,148,150,150,150,150,150,149,150,151,149,150,150,150,152,150,151,149,150,150,150,151,151,150,150,150,152,150,151,151,153,153,152,152,152,153,154,155,154,156,156,154,157,157,157,157,157,159,159,158,157,157,157,159,159,159,158,158,160,160,160,160,160,160,160,160,160,160,160,160,160,160,160,160,160,160,160,160,160,160,160,160,160,160,160,160,160,160,160,160,160,160,160,160,160,160,160,160,160,160,160,160,160,161,161,161,161,163,163,162,163,164,162,163,161,163,164,165,166,167,167,165,165,166,166,168,168,168,168,168,168,168,168,168,168,168,168,168,168,168,168,168,168,168,168,168,168,168,168,168,168,168,168,168,168,168,168,168,168,168,168,168,168,168,168,168,168,168,168,168,169,169,169,170,170,170,170,170,170,170,170,170,170,170,170,170,169,170,170,172,171,170,170,175,172,174,174,174,174,170,172,172,173,173,173,172,172,172,173,175,172,172,174,174,174,174,174,174,177,174,174,174,174,174,174,174,174,174,174,174,174,174,174,174,174,174,174,174,174,174,174,174,174,174,174,174,174,174,174,174,174,174,174,174,174,174,174,174,174,174,174,174,174,174,174,176,176,176,174,174,176,177,177,177,178,177,177,176,177,177,179,178,180,178,181,181,178,181,180,180,180,180,180,180,180,180,180,180,180,180,180,180,180,180,180,180,180,180,180,180,180,180,180,180,180,180,180,180,180,180,180,180,180,180,180,180,180,180,180,180,180,180,180,183,183,183,183,183,183,183,183,183,183,183,183,183,183,183,182,184,184,183,186,183,185,185,186,184,184,185,185,183,184,184,186,185,185,183,186,185,187,189,187,187,188,186,189,189,190,190,191,190,191,191,189,190,190,191,191,190,190,191,193,193,192,194,193,193,194,192,193,195,195,195,195,195,198,197,197,197,196,197,197,197,197,197,199,199,199,199,199,198,200,200,200,199,199,199,198,201,199,200,200,201,200,200,200,200,200,200,200,200,200,200,200,200,200,200,200,200,200,200,200,200,200,200,200,200,200,200,200,200,200,200,200,200,200,200,200,200,200,200,200,200,200,200,200,200,200,203,202,203,201,203,204,205,201,205,205,205,205,206,206,207,203,204,204,205,205,205,205,204,206,206,209,208,208,208,208,209,211,207,208,210,210,209,211,212,213,211,211,211,212,210,210,211,212,213,213,211,211,212,215,215,213,213,215,216,216,216,216,216,216,216,216,216,216,216,216,216,216,216,216,216,216,216,216,216,216,216,216,216,216,216,216,216,216,216,216,216,216,216,216,216,216,216,216,216,216,216,216,216,218,219,219,216,216,217,218,218,220,217,217,219,217,218,218,219,220,218,218,218,218,218,218,218,218,218,218,218,218,218,218,218,218,218,218,218,218,218,218,218,218,218,218,218,218,218,218,218,218,218,218,218,218,218,218,218,218,218,218,218,218,218,220,219,219,219,218,220,220,220,220,220,220,220,220,221,221,222,220,221,222,222,222,222,222,222,222,222,222,222,222,222,222,222,222,222,222,222,222,222,222,222,222,222,222,222,222,222,222,222,222,222,222,222,222,222,222,222,222,222,222,222,222,222,222,225,225,225,222,223,224,224,227,226,226,226,225,226,226,226,227,225,225,225,225,226,225,225,226,226,226,227,228,228,229,229,229,229,229,229,229,229,231,231,231,231,232,230,231,231,231,231,228,230,230,230,230,230,230,230,230,231,229,230,230,231,231,229,229,231,232,232,232,232,232,232,233,234,238,233,235,237,234,236,236,236,240,240,240,240,240,240,240,240,240,240,240,240,240,240,240,240,240,240,240,240,240,240,240,240,240,240,240,240,240,240,240,240,240,240,240,240,240,240,240,240,240,240,240,240,240,241,241,241,241,241,241,241,241,241,241,241,242,243,243,243,242,242,242,246,246,246,245,245,245,245,245,245,245,245,245,245,245,245,246,245,245,246,247,246,246,246,248,247,249,249,248,250,250,251,251,249,250,254,254,254,254,254,254,254,254,254,254,254,254,254,254,254,254,254,259,259,259,258,258,258,258,258,258,258,258,258,258,258,258,258,258,258,258,257,261,260,259,259,258,260,256,262,263,263,261,261,262,261,261,261,262,260,261,261,262,262,260,262,262,262,262,261,260,265,265,264,264,264,264,264,264,264,264,264,264,264,264,264,264,264,264,264,264,264,264,264,264,264,264,264,264,264,264,264,264,264,264,264,264,264,264,264,264,264,264,264,264,264,264,264,264,264,264,264,264,264,264,264,264,264,264,264,264,264,264,264,264,264,264,264,264,264,264,264,264,264,264,264,264,264,264,264,264,264,264,264,264,264,264,264,264,264,264,264,264,264,264,264,269,267,266,268,267,267,268,266,267,267,270,270,270,270,270,270,270,270,270,270,270,270,270,270,270,270,270,270,270,270,270,270,270,270,271,271,271,275,275,273,273,273,273,273,273,274,274,274,273,275,276,276,276,276,275,275,282,278,278,279,281,278,280,280,282,281,279,280,282,282,282,281,281,281,281,282,280,280,280,280,280,280,280,280,280,280,280,280,280,280,280,280,280,280,280,280,280,280,280,280,280,283,283,283,283,283,283,283,284,284,284,284,285,285,286,286,286,286,286,287,292,292,292,292,292,293,293,293,295,294,294,293,292,292,291,296,296,306,302,303,305,304,304,304,304,304,303,304,304,306,306,306,306,306,306,306,306,306,306,306,306,306,306,306,306,306,306,306,306,306,306,306,306,306,306,306,306,306,306,306,306,306,306,306,306,306,306,306,306,306,306,306,306,306,308,312,312,312,312,312,312,312,312,312,312,312,312,312,312,312,312,312,312,312,312,312,312,312,312,312,312,312,312,312,312,312,312,312,312,312,312,312,312,312,312,312,312,312,312,312,314,313,313,312,318,316,315,318,317,317,318,316,316,317,317,317,317,317,317,321,321,321,321,320,320,330,327,329,330


Missed people's location (Destination / Demand time) At 1439
A Station,	
B Station,	
C Station,	(L/1129/-1), (N/1132/-1), (N/1132/-1), (N/1132/-1), (N/1132/-1), (N/1132/-1), (N/1132/-1), (N/1132/-1), (N/1132/-1), (N/1132/-1), (M/1134/-1), (M/1135/-1), (P/1135/-1), (P/1137/-1)
D Station,	(M/1133/-1), (M/1133/-1), (P/1133/-1), (M/1134/-1), (P/1134/-1), (P/1134/-1), (P/1135/-1), (P/1135/-1), (P/1136/-1)
E Station,	
F Station,	
G Station,	(M/1137/-1)
H Station,	(P/1129/-1), (P/1129/-1), (P/1129/-1), (P/1129/-1), (P/1129/-1), (P/1129/-1), (P/1129/-1), (P/1129/-1), (P/1129/-1), (P/1129/-1), (P/1129/-1), (P/1129/-1), (P/1129/-1), (P/1129/-1), (P/1129/-1), (P/1129/-1), (P/1129/-1), (P/1129/-1), (P/1129/-1), (P/1129/-1), (P/1129/-1), (P/1129/-1), (P/1129/-1), (P/1129/-1), (P/1129/-1), (P/1129/-1), (P/1129/-1), (P/1129/-1), (P/1129/-1), (P/1129/-1), (P/1129/-1), (P/1129/-1), (P/1129/-1), (P/1129/-1), (P/1129/-1), (P/1129/-1), (P/1129/-1), (P/1129/-1), (P/1129/-1), (P/1129/-1), (P/1129/-1), (P/1129/-1), (P/1129/-1), (P/1129/-1), (P/1129/-1), (P/1129/-1), (P/1129/-1), (P/1129/-1), (P/1129/-1), (P/1129/-1), (P/1129/-1), (P/1129/-1), (P/1129/-1), (P/1129/-1), (P/1129/-1), (P/1129/-1), (P/1129/-1), (P/1129/-1), (P/1129/-1), (P/1129/-1), (P/1129/-1), (P/1129/-1), (P/1129/-1), (P/1129/-1), (P/1129/-1), (P/1129/-1), (P/1129/-1), (P/1129/-1), (A/1130/-1), (A/1131/-1), (B/1131/-1), (N/1131/-1), (N/1131/-1), (A/1132/-1), (B/1132/-1), (O/1132/-1), (O/1132/-1), (B/1133/-1), (N/1133/-1), (N/1133/-1), (O/1133/-1), (N/1134/-1), (O/1134/-1), (O/1134/-1), (L/1134/-1), (O/1135/-1), (O/1135/-1), (L/1135/-1), (L/1136/-1), (L/1137/-1), (M/1139/-1), (M/1140/-1), (M/1141/-1)
I Station,	(A/1132/-1), (F/1133/-1), (A/1134/-1), (F/1135/-1), (B/1135/-1), (O/1135/-1), (B/1136/-1), (B/1136/-1), (B/1136/-1), (O/1136/-1), (B/1137/-1), (L/1137/-1), (L/1137/-1), (L/1138/-1), (L/1139/-1), (M/1141/-1), (M/1142/-1), (M/1142/-1)
J Station,	
K Station,	
L Station,	
M Station,	
N Station,	
O Station,	(P/1137/-1), (P/1137/-1), (P/1137/-1), (P/1137/-1), (R/1138/-1), (P/1138/-1), (P/1139/-1), (V/1139/-1), (V/1139/-1), (V/1139/-1), (V/1139/-1), (P/1140/-1), (V/1140/-1), (Q/1140/-1), (Q/1140/-1), (V/1141/-1), (Q/1141/-1), (Q/1142/-1), (Q/1142/-1)
P Station,	
Q Station,	
R Station,	
S Station,	
T Station,	
U Station,	
V Station,	
W Station,	
