Greedy LR	Serviced: 1880, Unfair: 0, UserN :5000
Shuttle0,	0,0,0,0,0,0,0,0,0,0,0,0,0,0,0,0,0,0,0,0,0,0,0,0,0,0,0,0,0,0,0,0,0,0,0,0,0,0,0,0,0,0,0,0,0,0,0,0,0,0,0,0,0,0,0,0,0,0,0,0,0,0,0,0,0,0,0,0,0,0,1,1,1,1,1,1,1,1,1,1,1,1,1,1,1,1,1,1,1,1,1,1,1,1,1,1,1,1,1,1,1,1,1,0,0,0,0,0,0,0,0,0,0,0,0,0,0,0,0,0,0,0,0,0,0,0,0,0,0,0,0,0,0,0,0,0,0,0,0,0,0,0,0,0,0,0,0,0,0,0,0,0,0,0,0,0,0,0,0,0,0,0,0,0,0,0,0,0,0,0,0,0,0,0,0,0,0,0,0,0,0,0,0,0,0,0,0,0,0,0,0,0,0,0,0,0,0,0,0,0,0,0,0,0,0,0,0,0,0,0,0,0,0,0,0,0,0,0,0,0,0,0,0,0,0,0,0,0,0,0,1,1,1,1,2,2,2,2,2,2,2,2,2,2,2,2,2,2,2,2,2,2,3,3,3,3,3,3,3,2,2,2,3,3,3,3,3,4,4,4,4,4,4,4,4,4,4,1,1,1,1,1,1,1,1,1,1,1,1,1,0,0,0,0,0,0,0,0,0,0,0,0,0,0,0,0,0,0,0,0,0,0,0,0,0,0,0,0,0,0,0,0,0,0,0,0,0,0,0,0,0,0,0,0,0,0,0,0,0,0,0,0,0,0,0,0,0,0,0,0,0,0,0,0,0,0,0,0,0,0,0,0,0,0,0,0,0,0,0,0,0,1,1,1,1,1,1,1,1,1,1,1,1,1,1,1,1,1,1,1,0,0,0,0,0,0,0,0,1,1,1,1,1,1,1,1,1,1,1,1,1,1,1,1,1,1,1,1,1,1,1,1,1,1,1,1,1,1,1,1,1,1,1,1,1,1,1,1,1,0,0,0,0,0,0,0,0,0,1,1,1,1,1,1,1,2,2,2,2,2,2,2,2,2,2,2,2,2,2,2,2,2,2,2,2,2,2,2,2,2,2,2,2,2,2,2,1,1,1,1,1,1,1,1,1,1,1,1,1,1,1,1,1,1,0,0,0,0,0,0,0,0,0,0,0,0,1,1,1,1,1,1,1,1,1,1,1,1,1,1,1,1,1,1,1,1,1,1,1,1,1,1,11,11,11,11,24,24,24,24,24,22,22,22,16,16,16,16,16,16,16,16,16,16,16,16,11,11,11,11,12,12,12,12,12,12,12,12,7,7,7,6,6,6,6,6,6,6,5,5,5,5,5,5,0,0,0,0,0,0,1,1,1,13,13,13,13,13,13,13,12,12,12,12,12,12,12,12,12,10,10,10,10,8,8,8,6,6,6,6,6,6,6,6,6,3,3,3,3,3,3,3,3,3,3,3,3,3,3,3,1,1,1,1,1,1,1,1,1,1,1,1,20,20,20,20,20,20,20,20,20,20,20,20,20,20,20,20,17,17,17,17,12,12,12,12,12,7,7,7,7,7,7,7,7,7,7,7,7,7,7,7,7,3,3,3,3,3,3,3,3,3,3,3,3,3,3,2,2,2,2,2,16,16,16,16,15,15,15,15,15,15,15,15,10,10,10,10,10,10,10,10,10,10,10,10,8,8,8,7,7,7,7,7,7,7,7,7,7,7,7,7,4,4,4,4,2,2,2,2,2,1,1,1,1,0,0,0,0,0,0,1,1,1,2,2,2,2,2,2,2,2,2,2,2,2,2,2,2,2,2,2,2,2,2,2,3,3,3,3,3,3,3,3,3,3,3,3,2,2,2,2,1,1,1,1,1,1,1,1,1,1,1,1,1,1,1,1,1,1,2,2,2,2,2,2,18,17,17,17,17,17,17,17,17,17,17,17,17,17,17,17,15,15,15,15,15,15,15,15,15,14,14,14,14,12,12,12,8,8,8,8,6,6,6,7,7,6,6,6,3,3,3,3,3,3,3,3,3,3,3,3,17,17,17,17,17,17,17,17,18,18,18,18,15,15,15,14,14,14,14,14,14,14,14,14,14,14,14,14,11,11,11,11,8,8,9,9,9,6,6,6,6,6,6,6,7,7,7,8,8,8,8,8,8,1,1,1,1,1,1,1,15,15,15,15,21,21,21,20,20,17,17,17,13,13,13,13,13,13,13,13,13,13,13,13,8,8,8,8,8,8,8,8,8,8,8,8,2,2,2,2,2,2,2,2,2,2,1,1,1,1,1,1,0,2,2,2,3,3,3,3,3,20,20,20,20,20,20,20,18,18,18,18,18,18,17,17,17,11,11,11,11,9,9,9,8,8,8,8,6,6,6,6,6,3,3,3,2,2,2,2,2,2,2,2,2,2,2,2,0,0,0,0,0,0,0,0,1,1,1,1,16,16,16,16,16,16,16,16,16,16,17,17,17,17,17,17,14,15,15,15,13,13,12,12,12,7,7,7,7,7,7,7,6,6,6,6,6,6,6,6,6,2,2,2,2,2,2,2,2,2,2,2,1,1,1,1,1,1,1,1,22,22,22,22,23,23,23,23,23,23,23,23,19,19,19,19,19,19,19,19,19,19,19,19,12,12,12,12,12,12,12,12,12,12,11,11,11,11,11,11,8,8,8,8,7,7,7,7,7,2,2,2,2,3,3,3,3,3,3,2,2,2,2,2,2,2,2,2,2,2,2,2,2,2,2,2,2,2,2,2,2,2,2,2,2,2,2,2,0,0,0,0,0,0,0,0,0,0,0,0,0,0,0,0,0,0,0,0,0,0,0,1,1,1,1,1,1,1,1,1,1,1,1,1,1,2,2,2,3,3,2,2,2,4,4,4,4,4,4,4,4,4,4,4,4,4,4,4,4,4,4,4,4,4,4,4,4,4,4,4,4,4,4,5,5,5,5,5,4,4,4,4,3,3,3,3,3,3,3,3,1,1,1,1,1,1,1,1,1,1,1,1,1,1,1,1,1,1,1,1,1,1,1,1,1,1,1,1,1,1,1,1,1,1,1,1,1,2,2,2,2,1,1,1,1,1,1,1,1,1,1,1,1,1,1,1,1,1,1,1,1,1,1,1,1,1,1,1,1,0,0,0,0,0,0,0,0,0,0,0,0,0,0,0,0,0,0,0,0,0,0,0,0,0,0,0,0,0,0,0,0,0,0,0,0,0,0,0,0,0,0,0,0,0,0,0,0,0
Shuttle1,	0,0,0,0,0,0,0,0,0,0,0,0,0,0,0,0,0,0,0,0,0,0,0,0,0,0,0,0,0,0,0,0,0,0,0,0,0,0,0,0,0,0,0,1,1,1,1,1,1,1,1,1,1,1,1,0,0,0,0,0,0,0,0,0,0,0,0,0,0,0,0,0,0,0,0,0,0,0,0,0,0,0,0,0,0,0,0,0,0,0,0,0,0,0,0,0,0,0,0,0,0,0,0,0,0,0,0,0,0,0,0,0,0,0,0,0,0,0,0,0,0,0,0,0,0,0,0,0,0,0,0,0,0,0,0,0,0,0,0,0,0,0,0,0,0,0,0,0,0,0,0,0,0,0,0,0,0,0,0,0,0,0,0,0,0,0,0,0,0,0,0,0,0,0,0,0,0,0,0,0,0,0,0,0,0,0,0,0,0,1,1,1,2,2,2,2,2,2,2,2,2,2,2,2,2,2,2,2,2,2,2,2,2,2,2,1,1,1,1,1,1,1,1,1,1,1,1,1,1,1,1,1,1,1,1,1,1,1,0,0,0,0,0,0,0,0,0,0,0,0,0,0,0,0,0,0,0,0,0,0,0,0,0,0,0,0,0,1,1,1,1,1,1,1,1,1,1,1,1,1,1,1,1,1,1,1,1,1,1,1,1,1,1,1,1,1,1,1,1,0,0,0,0,0,0,0,0,0,0,0,0,0,0,0,0,0,0,0,0,0,0,0,0,0,0,0,0,0,0,0,0,0,0,0,0,0,0,0,0,0,0,0,0,0,0,0,0,0,0,0,0,0,0,0,0,0,0,1,1,1,1,1,1,1,1,1,1,1,1,1,1,1,1,1,0,0,0,0,0,1,1,1,1,1,1,1,1,1,1,1,1,1,1,1,1,1,1,1,1,1,1,1,1,0,0,0,0,0,0,0,0,0,0,0,0,0,0,0,0,0,0,0,0,0,0,0,0,0,0,0,0,0,0,0,0,0,0,0,0,0,0,0,0,0,0,0,0,0,0,0,0,0,0,0,0,1,1,1,1,1,1,1,1,1,1,1,1,1,1,1,1,1,1,1,1,1,1,1,1,1,1,1,1,1,1,1,1,1,1,1,1,1,1,1,1,1,1,0,0,0,0,0,0,0,0,0,0,1,1,0,0,0,0,0,0,0,0,0,0,0,0,0,0,0,0,0,0,0,0,0,0,0,0,0,0,0,0,0,0,0,0,0,0,0,18,18,18,10,10,10,10,10,10,10,10,10,10,10,10,9,9,9,9,9,9,9,9,9,9,9,9,8,8,8,8,8,8,8,8,8,8,9,9,9,9,9,9,4,5,5,5,5,5,5,5,5,3,3,3,3,3,3,3,14,14,14,13,13,13,13,13,13,10,10,10,10,10,10,10,10,10,10,10,7,7,7,7,7,6,6,6,4,4,4,4,3,3,3,3,3,3,3,3,1,1,1,1,1,1,1,1,1,1,1,1,1,1,1,2,2,2,2,2,2,2,2,2,2,2,2,2,2,2,2,2,1,1,1,1,1,1,1,1,1,1,1,1,1,1,1,1,1,1,1,1,1,1,1,1,1,2,2,2,2,2,2,2,2,2,2,1,1,1,1,1,1,1,1,1,0,0,0,0,0,0,0,0,1,1,1,1,1,1,1,1,2,2,2,2,2,2,2,2,2,2,2,2,2,2,2,2,2,2,2,2,2,1,1,1,1,1,1,1,1,1,1,1,1,1,1,1,1,1,1,1,1,1,1,1,1,30,30,30,30,45,45,45,39,39,39,39,33,33,33,33,33,25,25,25,20,20,20,20,19,19,19,19,19,19,19,19,9,9,9,9,9,9,9,9,9,9,9,9,1,1,1,1,1,1,1,1,1,1,1,1,1,1,1,1,1,1,1,1,22,22,22,22,22,18,18,18,18,18,18,18,15,15,15,15,15,15,15,15,15,14,14,14,14,12,12,12,11,11,11,11,7,7,7,7,7,5,5,5,1,1,1,1,1,1,1,1,1,1,1,1,2,2,2,2,2,2,2,2,2,2,2,2,1,1,1,1,1,1,1,1,1,1,0,0,0,0,0,0,0,0,0,0,0,0,0,0,0,0,0,0,0,0,0,0,0,0,0,0,0,0,0,0,0,0,0,0,0,1,1,1,1,1,1,1,1,1,1,1,1,9,9,9,7,7,7,7,7,7,7,7,7,7,7,7,4,4,4,4,4,4,4,4,4,4,4,4,4,4,4,4,4,4,4,4,4,4,4,4,4,4,4,4,4,4,4,4,2,2,2,2,2,0,0,0,0,0,0,0,23,23,23,23,23,23,23,23,23,20,20,20,20,15,15,15,13,13,13,13,9,9,9,10,10,7,7,7,3,3,3,3,3,3,3,3,3,3,3,3,1,1,1,1,1,1,1,1,1,1,1,1,2,2,2,2,2,2,2,2,2,2,3,3,3,3,3,3,3,3,3,3,2,2,3,3,3,3,3,3,3,4,4,4,3,3,3,3,3,3,2,2,2,2,2,2,2,2,2,2,1,1,1,1,0,0,0,0,0,1,1,1,1,1,1,1,1,1,1,1,1,1,1,1,1,1,1,1,1,1,1,1,1,1,1,1,0,0,0,0,0,0,0,0,0,0,0,0,0,0,0,0,0,0,0,0,0,0,0,0,0,0,0,0,0,0,0,0,0,0,0,1,1,1,1,1,1,1,1,1,1,1,1,1,0,0,0,0,0,0,0,0,0,0,0,0,1,1,1,1,1,1,1,1,1,1,1,1,1,1,1,1,1,1,1,1,1,1,1,1,1,1,1,1,1,1,1,1,1,1,1,1,1,1,1,1,1,0,0,0,0,0,0,0,0,0,0,0,0,0,0,0,0,0,0,0,0,0,0,0,0,0,0,0,0,0,0,0,0,0,0,0,0,0,0,1,1,1,1,1,1,1,1,1,1,1,1,1,1,1,1,1,1,1,1,1,2,2,2,2,2,2,2,2,2,2,2,4,4,4,4,4,4,4,2,2,2,2,2,2,1,1,1,1,1,1,1,1,1,1,1,1,1,1,1,1,1,1,1,2,2,2,0,0,0,0,0,0,0,0,0,0,0,0,0,0,0,0,0,0,0,0,0,0,0,0,0,0,0,0,0,0,0,0,0,0,0,0,0,0,0,0,0,0,0,0,0,0,0,0,0,0,0,0,0,0,0,0,0,0,0,0,0,0,0,0,0,0,0,0,0,0,0,0,0,0,0
Shuttle2,	0,0,0,0,0,0,0,0,0,0,0,0,0,0,0,0,0,0,0,0,0,0,0,0,0,0,0,0,0,0,0,0,0,0,0,0,0,0,0,0,0,0,0,0,0,0,0,0,0,0,0,0,0,0,0,0,0,0,0,0,0,0,0,0,0,0,0,0,0,0,0,0,1,1,1,1,1,1,1,2,2,2,2,2,2,2,2,2,2,2,2,1,1,1,1,1,1,1,1,1,1,1,1,2,2,2,2,1,1,1,1,1,1,1,1,1,1,0,0,0,0,0,0,0,0,0,1,1,1,1,1,1,1,1,1,1,1,1,1,1,1,1,0,0,0,0,0,0,0,0,0,0,0,0,0,0,0,0,0,0,0,0,0,0,0,0,0,0,0,0,0,0,0,0,0,0,0,0,0,0,0,0,0,0,0,0,0,0,0,0,0,0,0,0,0,0,0,0,0,0,0,0,0,0,0,0,0,0,0,0,0,0,0,0,0,0,0,0,0,0,0,0,0,0,0,0,0,0,0,0,0,0,0,0,0,0,0,0,0,0,1,1,1,1,1,1,1,1,1,1,1,1,1,1,1,1,1,1,1,1,1,1,1,1,1,1,1,1,1,1,1,0,0,0,0,0,0,0,0,0,0,0,0,0,0,0,0,0,0,0,0,0,0,0,0,0,0,0,0,0,0,0,0,0,0,0,0,0,0,0,0,0,0,0,0,0,0,0,0,0,0,0,0,0,0,0,0,0,0,0,0,0,0,0,0,0,0,0,0,0,0,0,0,0,0,0,0,0,0,0,0,0,0,0,0,0,0,0,0,0,0,0,0,0,0,0,0,0,0,1,1,1,1,1,1,1,1,1,2,2,2,2,2,2,2,2,1,1,1,1,1,1,1,1,1,1,1,1,1,1,1,0,0,0,0,0,0,0,0,0,0,0,0,0,0,0,0,0,0,0,0,0,0,0,0,0,0,0,0,0,0,0,0,0,0,0,0,0,0,0,0,0,0,0,0,0,0,0,0,0,0,0,0,0,0,0,0,0,0,0,0,0,0,0,0,0,0,0,0,0,0,0,0,0,0,0,0,0,0,0,0,0,0,0,0,0,0,0,0,0,0,0,0,0,0,0,0,0,0,0,0,0,0,0,0,0,0,0,0,0,0,0,0,0,0,0,0,0,0,0,0,0,0,1,1,1,1,1,1,1,1,1,1,1,1,1,1,1,1,1,1,1,13,13,13,13,13,13,13,13,13,13,13,13,11,11,11,11,10,10,10,10,10,10,10,10,9,9,9,9,9,9,9,9,9,9,9,9,9,9,9,9,5,5,5,5,4,4,4,4,4,2,2,2,2,2,2,2,2,2,2,1,1,1,1,1,1,1,1,1,1,1,1,1,1,1,1,1,2,2,2,2,2,2,2,2,1,1,1,1,1,1,1,1,1,1,1,1,1,1,1,1,0,0,0,0,0,0,0,0,0,0,0,0,0,0,0,0,0,0,2,2,2,2,2,2,27,28,28,28,26,26,26,26,26,18,18,18,18,19,19,19,13,13,13,13,13,13,12,12,12,11,11,11,11,9,9,9,8,8,8,8,8,8,8,7,7,4,4,4,2,2,2,2,1,1,1,1,1,1,1,1,20,20,20,20,20,20,20,20,20,20,20,20,18,18,18,17,17,17,17,17,17,17,17,17,17,17,17,17,17,17,17,17,13,13,14,14,14,6,6,6,6,6,6,6,5,5,5,5,5,5,6,6,6,3,3,3,3,3,3,3,14,14,14,14,14,14,14,14,14,11,11,11,7,7,7,7,7,7,7,7,7,7,7,7,8,8,8,8,8,8,8,8,8,8,8,8,5,5,5,4,4,4,4,4,4,4,2,2,2,2,2,2,0,0,0,0,0,0,0,0,0,22,22,22,22,22,22,22,20,20,20,20,20,20,20,20,20,20,20,20,20,16,16,16,13,13,13,13,10,10,10,10,10,10,10,10,7,7,7,7,7,7,7,7,7,7,7,7,2,2,2,2,2,2,2,2,2,2,2,2,16,16,16,15,15,15,15,15,15,15,14,14,14,14,14,14,11,11,11,11,11,11,11,11,11,9,9,9,9,9,9,9,5,5,5,6,6,6,5,5,5,1,1,1,1,1,1,1,1,1,1,1,1,1,1,0,0,0,0,0,11,11,11,11,12,12,12,12,12,12,12,12,9,9,9,9,9,9,9,9,9,9,9,9,6,6,6,6,6,6,6,6,6,6,6,6,6,6,6,6,5,5,5,5,5,5,5,5,5,0,0,0,0,0,0,0,1,1,1,2,2,2,2,2,2,2,2,2,2,2,2,2,1,1,1,1,1,1,1,3,3,3,3,3,3,3,3,3,4,4,4,4,4,4,4,4,3,3,3,3,2,2,2,2,1,1,1,1,2,2,2,3,3,3,3,3,3,3,2,2,2,2,2,2,29,29,29,29,23,23,23,23,23,20,20,20,20,20,20,20,18,18,18,18,18,18,18,18,18,14,14,14,14,11,11,11,8,8,8,8,5,5,5,5,5,3,3,3,0,0,0,0,0,0,0,0,0,0,0,0,31,31,31,31,31,31,31,31,31,31,31,31,25,25,25,25,25,25,25,25,25,25,25,25,25,25,25,25,18,18,18,18,15,15,15,15,15,11,11,11,11,11,11,11,5,5,5,5,5,5,5,5,5,0,0,0,0,0,0,0,0,0,0,0,0,0,0,0,0,0,0,0,0,0,0,0,0,0,0,0,0,0,0,0,0,0,0,0,0,0,0,0,0,0,0,0,0,0,0,0,0,0,0,0,0,0,0,0,0,0,0,0,1,1,1,1,1,1,2,2,2,1,1,1,1,2,2,2,2,2,2,2,2,2,2,2,2,2,2,2,2,2,2,2,1,1,1,1,1,1,1,2,2,2,2,2,1,1,1,1,1,1,1,1,1,1,1,1,1,1,1,1,2,2,2,2,2,2,2,2,1,1,1,1,1,1,1,1,1,1,1,1,1,1,1,1,1,1,1,1,1,1,1,1,1,1,1,1,1,1,1,1,1,1,1,0,0,0,0,0,0,0,0,0,0,0,0,0,0,0,0,0,0,0,0,0,0,0,0,0,0,0,0,0,0,0,0,0,0,0,0,0,0,0,0,0,0,0,0,0,0,0,0,0,0,0,0,0,0,0,0,0,0,0,0,0,0,0,0,0,0,0,0,0,0,0,0,0,0,0,0,0,0,0,0,0,0,0
Shuttle3,	0,0,0,0,0,0,0,0,0,0,0,0,0,0,0,0,0,0,0,0,0,0,0,0,0,0,1,1,1,1,1,1,1,1,1,1,1,1,1,1,1,1,1,0,0,0,0,0,0,0,0,0,0,0,0,0,0,0,0,0,0,0,0,0,0,0,0,0,0,0,0,0,1,1,1,1,1,1,1,1,1,1,1,1,1,1,1,1,1,1,1,1,1,1,1,1,1,1,1,1,1,1,1,1,1,1,1,1,1,1,0,0,0,0,0,0,0,0,0,0,0,0,0,0,0,0,0,0,0,0,0,0,0,0,0,0,0,0,0,0,0,0,0,0,0,0,0,0,0,0,0,0,0,0,0,0,1,1,1,1,1,2,2,2,2,2,2,2,2,2,2,2,2,2,2,2,2,1,1,1,1,1,1,1,1,1,1,1,1,1,1,1,1,1,1,1,1,1,1,0,0,0,0,0,0,0,0,0,0,0,0,0,0,0,0,0,0,0,0,0,0,0,0,0,0,0,0,0,0,0,0,0,0,0,0,0,0,0,0,0,0,0,0,0,0,0,0,0,0,0,0,0,0,0,0,0,0,0,0,0,0,0,0,0,0,0,0,0,0,0,0,0,0,0,0,0,0,0,0,0,0,0,0,0,0,0,0,0,0,0,0,0,0,0,0,0,0,0,0,0,0,0,0,0,0,0,0,0,0,0,0,0,0,0,0,0,0,0,0,0,0,0,0,0,0,0,0,0,0,0,0,0,0,0,0,0,0,0,0,0,0,0,0,0,0,0,0,0,0,0,0,0,0,0,0,0,0,0,0,0,0,0,0,0,0,0,0,0,0,0,0,0,0,0,0,0,0,0,0,0,0,0,0,0,0,0,0,0,0,0,0,0,0,0,0,0,0,0,0,0,0,0,0,0,0,0,0,0,0,0,0,0,0,0,0,0,0,0,0,0,0,0,0,0,0,0,0,0,0,0,0,0,0,0,0,0,0,0,0,0,0,0,0,0,0,0,0,0,0,0,0,0,0,0,0,0,0,0,0,0,0,0,0,0,0,0,0,0,0,0,0,0,0,0,0,0,0,0,0,0,0,0,0,0,0,0,0,0,0,0,0,0,0,0,0,0,0,0,0,0,0,0,0,0,0,0,0,0,0,0,0,0,0,0,0,0,0,0,0,0,0,0,0,0,0,0,0,0,0,0,0,0,0,0,0,0,0,0,0,0,0,0,0,0,0,0,0,0,0,0,0,0,0,0,0,0,0,0,0,0,0,0,1,1,1,1,1,1,1,2,2,2,2,2,2,2,2,2,2,2,2,2,2,2,1,1,1,1,1,1,1,1,1,1,1,1,1,1,1,1,19,19,19,19,31,31,31,23,23,23,23,15,15,15,15,15,9,9,9,7,7,7,7,7,7,7,7,7,7,7,7,3,3,3,3,3,3,3,3,3,3,3,3,0,0,0,0,0,0,0,0,0,0,0,0,0,0,0,0,0,0,0,0,20,20,21,21,21,20,20,20,20,20,20,20,22,22,22,22,22,22,22,22,22,31,31,31,31,28,28,28,26,26,26,26,23,23,23,22,22,16,16,16,6,6,6,6,6,6,6,6,6,6,6,6,1,1,1,1,1,1,1,1,1,1,1,1,2,2,2,2,2,2,2,2,2,2,2,2,2,2,2,2,1,1,1,1,1,1,2,2,2,2,2,2,2,4,4,4,3,3,3,3,3,3,3,3,3,3,3,3,3,3,3,3,2,2,2,2,2,2,2,2,2,16,16,16,12,12,12,12,12,12,12,12,12,12,12,12,10,10,10,10,10,10,10,10,11,11,11,11,9,9,9,9,9,9,9,9,9,9,8,8,8,8,8,8,10,10,10,10,7,7,7,7,7,1,1,1,1,2,2,2,26,26,26,26,26,26,25,25,25,22,22,22,22,17,17,17,16,16,16,16,11,11,11,11,11,5,5,5,3,3,3,3,3,3,3,3,3,3,3,3,0,0,0,0,0,0,0,0,0,0,0,0,0,0,0,0,0,0,0,0,0,0,0,0,0,0,0,0,2,2,2,2,3,3,4,4,4,6,6,6,6,6,6,6,10,10,10,9,9,9,9,9,9,8,8,8,8,8,8,8,8,8,8,8,7,7,7,6,6,1,1,1,2,2,2,2,1,1,1,1,1,1,1,1,2,2,2,2,1,1,1,1,3,3,3,3,2,2,2,1,1,1,1,1,1,1,1,1,1,1,1,1,2,2,2,2,2,2,2,2,2,2,2,2,2,2,2,2,2,2,2,1,1,1,0,0,0,11,11,11,11,25,25,25,22,22,22,22,19,19,19,19,19,16,16,16,11,11,11,11,12,12,12,12,12,12,12,12,9,9,9,9,9,9,9,9,8,8,8,8,1,1,1,1,1,1,1,1,1,1,1,1,1,1,1,1,0,0,0,0,17,17,17,17,17,17,17,17,17,18,18,18,14,14,14,14,14,14,14,14,14,11,11,11,11,15,15,15,14,14,14,14,8,8,8,8,8,6,6,6,0,0,0,0,0,0,0,0,0,0,0,0,0,0,0,0,0,0,0,0,0,0,0,0,0,0,0,0,0,0,0,0,0,0,0,0,0,0,0,0,1,1,1,1,2,2,4,4,4,4,4,4,4,4,4,4,4,4,4,5,5,5,5,5,5,5,5,5,5,3,3,3,3,3,3,3,2,2,2,1,1,1,1,1,0,0,0,0,0,0,0,0,0,0,0,0,1,1,1,1,0,0,0,0,0,0,0,0,0,0,0,0,0,0,0,0,0,0,0,0,0,0,0,0,0,0,0,0,0,0,0,0,0,1,1,1,1,1,1,1,1,1,1,1,1,1,1,1,1,1,1,1,1,1,1,1,1,1,1,1,1,1,1,1,1,1,1,1,1,1,1,1,1,1,1,1,1,1,1,1,1,1,1,1,0,0,0,0,0,0,0,0,1,1,1,1,1,1,1,1,1,1,0,0,0,0,0,0,0,0,0,0,0,0,0,0,0,0,0,0,0,0,0,0,0,0,0,0,0,0,0,0,0,0,0,0,0,0,0,0,0,0,0,0,0,0,0,0,0,0,0,0,0,0,0,0,0,0,0,0,0,0,0,0,0,0,0,0,0,0,0,0,0,0,0,0,0,0,0,0,0,0,0,0,0,0,0,0,0,0,0,0,0,0,0,0,0,0,0,0,0,0,0,0,0,0,0,0,0,0,0,0,0,0,0,0,0
Shuttle4,	0,0,0,0,0,0,0,0,0,0,0,0,0,0,0,0,0,0,0,0,0,0,0,0,0,0,0,0,0,0,0,0,0,0,0,0,0,2,2,2,2,2,2,2,2,2,2,2,2,2,2,2,2,2,2,2,2,2,2,2,2,2,2,2,2,2,2,2,2,2,2,2,2,2,2,2,2,2,2,2,2,3,3,3,4,4,4,4,4,4,4,4,4,4,3,3,3,3,3,3,3,4,4,4,3,3,4,4,4,4,4,4,4,4,4,4,4,4,4,4,4,4,4,4,4,1,1,1,1,1,1,1,1,1,1,1,0,0,0,0,0,0,0,0,0,0,0,0,0,0,0,0,0,0,0,1,1,1,1,1,1,1,1,1,1,1,1,1,1,1,1,1,1,1,0,0,0,0,0,0,0,0,0,0,0,0,0,0,0,0,0,0,0,0,0,0,0,0,0,0,0,0,0,0,0,1,1,1,1,2,2,2,2,2,2,2,2,1,1,1,1,1,1,1,1,1,1,1,1,1,1,1,1,1,1,1,1,1,1,1,1,1,1,1,1,1,2,2,2,3,3,3,2,2,2,2,2,2,2,2,2,2,3,3,3,3,3,3,3,2,2,2,1,1,1,1,1,0,0,0,0,0,0,0,0,0,0,0,0,0,0,0,0,0,0,0,0,0,0,0,0,0,0,0,1,1,1,1,1,1,1,0,0,0,0,0,0,1,1,1,1,1,1,1,1,1,0,0,0,0,0,0,0,0,0,0,0,0,0,0,0,0,0,0,0,0,0,0,0,0,0,0,0,0,0,0,0,0,0,0,0,0,0,0,0,1,1,1,1,1,1,1,1,2,2,2,2,1,1,1,1,0,0,0,0,0,0,0,0,0,0,0,0,0,0,0,0,0,0,0,0,1,2,2,2,4,4,2,2,2,2,2,2,2,1,1,1,1,1,1,2,2,2,3,3,3,3,3,3,3,1,1,1,2,2,2,2,2,2,2,2,2,2,2,2,0,0,0,0,0,0,0,0,0,0,0,0,0,0,0,0,0,0,0,0,0,0,0,0,0,0,0,0,0,0,0,0,0,0,0,0,0,0,0,0,0,0,0,0,1,1,1,1,1,1,1,1,1,2,2,2,2,2,2,2,2,2,3,3,3,3,3,3,3,3,3,3,2,2,2,2,2,2,2,3,3,2,2,2,1,1,1,1,1,1,1,1,1,1,1,1,21,21,21,21,20,20,20,20,20,20,20,20,30,30,30,30,30,30,30,30,30,30,31,31,31,31,31,31,34,35,35,35,26,26,27,27,27,23,23,23,23,23,23,23,6,6,6,5,5,5,6,6,6,4,4,4,4,6,6,6,11,11,11,11,21,21,21,22,22,27,27,27,32,32,32,32,32,32,32,32,32,32,32,32,22,22,22,22,22,22,22,22,22,22,22,22,16,16,16,20,20,20,20,20,20,20,20,20,20,20,20,20,5,6,6,6,5,5,5,5,5,34,34,34,34,34,34,34,45,45,45,43,43,43,43,43,43,45,45,45,45,45,45,45,45,45,45,45,37,37,37,37,37,21,21,21,11,11,11,11,12,12,12,12,12,12,12,12,5,5,5,5,6,6,6,6,5,5,5,5,36,36,36,34,34,34,34,34,34,34,36,36,36,36,36,36,45,44,44,44,44,44,44,44,44,42,42,42,42,44,44,44,41,41,41,41,41,41,41,41,41,29,29,29,29,18,18,18,14,14,14,14,10,10,10,9,9,4,4,4,16,16,16,16,16,16,16,16,16,16,16,16,35,35,35,35,35,35,35,35,35,35,35,35,31,31,31,30,30,30,30,30,30,30,32,32,32,32,32,32,24,23,23,23,17,17,17,17,17,13,13,13,13,16,16,16,8,8,8,8,8,8,8,8,8,36,36,36,36,40,40,40,45,45,45,45,39,39,39,37,37,30,30,30,26,26,26,26,25,25,25,25,25,25,25,25,11,11,11,11,11,11,11,11,12,12,12,12,3,3,3,2,2,2,2,2,2,2,3,3,3,3,3,3,31,33,33,33,45,45,45,45,45,45,45,45,45,43,43,43,45,45,45,45,45,45,45,45,45,43,43,43,43,38,38,38,28,28,28,28,12,12,12,14,14,8,8,8,5,5,5,5,4,4,4,4,4,4,4,4,26,26,26,26,27,27,27,27,27,27,27,27,33,33,33,32,32,32,32,32,32,32,34,34,34,34,34,34,34,31,31,31,25,25,25,25,25,17,17,17,17,15,15,15,5,5,5,7,7,7,8,8,8,4,4,4,4,3,3,3,14,14,14,14,21,21,21,20,20,31,31,31,31,31,31,31,31,31,31,31,31,31,31,31,24,24,24,24,24,24,24,24,24,24,24,24,17,17,17,17,17,17,17,17,17,17,16,16,16,16,16,16,1,1,1,1,1,1,2,2,2,24,24,24,24,25,25,25,37,37,37,37,37,37,39,39,39,42,42,42,42,45,45,45,35,35,35,35,39,39,39,39,39,31,31,31,20,20,20,20,21,21,21,21,21,21,21,21,3,3,3,3,4,4,4,4,6,6,6,6,30,30,30,28,28,28,28,28,28,28,28,28,28,28,28,28,45,45,45,45,45,45,45,45,45,41,41,41,41,41,41,41,44,44,44,43,43,43,43,43,43,33,33,33,33,21,21,21,11,11,11,11,6,6,6,7,7,4,4,4,5,5,5,5,4,4,4,4,4,4,4,4,3,3,3,3,1,1,1,1,1,1,1,1,1,1,1,4,4,4,4,4,4,4,3,3,3,3,3,3,4,3,3,3,3,3,2,2,2,3,3,3,3,1,1,1,1,1,1,1,1,1,1,1,1,1,1,1,1,1,1,1,2,2,2,2,2,2,2,3,3,3,3,3,2,2,2,2,2,2,2,2,2,2,2,2,4,4,4,4,3,3,3,3,3,3,3,3,3,3,3,2,2,2,2,2,2,2,2,2,2,2,2,2,2,1,1,1,1,1,1,1,1,1,1,1,1,2,2,2,5,5,5,6,6,6,6,6,6,5,5,5,5,5,5,5,4,4,4,4,4,4,4,3,3,3,3,3,3,3,3,3,2,2,2,2,2,2,2,2,2,2,2,2,1,1,1,1,0,0,0,0,0,0,0,0,0,0,0,0,0,0,0,0,0,0,0,0,0,0,0,0,0,0,0,0,0,0,0,0,0,0,0,0,0,0,0,0,0,0,0,0,0,0,0,0,0,0,0
Shuttle5,	0,0,0,0,1,1,1,1,1,1,1,1,1,1,1,1,1,1,1,3,3,3,3,3,3,3,3,3,3,3,3,0,0,0,0,0,0,0,0,0,0,0,0,0,0,0,0,0,0,0,0,0,0,0,0,0,0,0,0,0,0,0,0,0,0,0,0,0,0,0,0,0,0,0,0,0,0,0,0,0,0,0,0,0,0,0,0,0,0,0,0,0,0,0,0,0,0,0,0,0,0,0,0,0,0,0,0,0,0,0,0,0,0,0,0,0,0,0,0,0,0,0,0,0,0,0,0,0,0,0,0,0,0,0,0,0,0,0,0,0,0,0,0,0,0,0,0,0,0,0,0,0,0,0,0,0,0,0,0,0,0,0,0,0,0,0,0,0,0,0,0,0,0,0,0,0,0,0,0,0,0,0,0,0,0,0,0,0,0,0,0,0,0,0,0,0,0,0,0,0,0,0,0,1,1,1,1,1,1,1,1,1,0,0,0,0,0,0,0,0,0,0,0,0,0,0,0,0,0,0,0,0,0,0,0,0,0,0,0,0,0,0,0,0,0,0,0,0,0,0,0,0,0,0,0,0,0,0,0,0,0,0,0,0,0,0,0,0,0,0,0,0,0,0,0,0,0,0,0,0,0,0,0,0,0,0,0,0,0,0,0,0,0,0,0,0,0,0,0,0,0,0,0,0,0,0,0,0,0,0,0,0,0,0,0,0,0,0,0,0,0,0,0,0,0,0,0,0,0,0,0,0,0,0,0,0,0,0,0,0,0,0,0,0,0,0,0,0,0,0,0,0,0,0,0,0,0,0,0,0,0,0,0,0,0,0,0,0,0,0,0,0,0,0,0,0,0,0,0,0,0,0,0,0,0,0,0,0,0,0,0,0,0,0,0,0,0,0,0,0,0,0,0,0,0,0,0,0,0,0,0,0,0,0,0,0,0,0,0,0,0,0,0,0,0,0,0,0,0,0,0,0,0,0,0,0,0,0,0,0,0,0,0,0,0,0,0,0,0,0,0,0,0,0,0,0,0,0,0,0,0,0,0,0,0,1,1,1,1,1,1,1,1,0,0,0,0,0,0,0,0,0,0,0,0,0,0,0,0,0,0,0,0,0,0,0,0,0,0,0,0,0,0,0,0,0,0,0,0,0,0,0,0,0,0,0,0,0,0,0,1,1,1,1,1,1,1,1,1,1,1,1,1,1,0,0,0,0,0,0,0,0,0,0,0,0,0,0,0,0,0,0,0,0,0,0,0,16,16,16,16,16,16,16,16,16,3,3,3,3,3,3,3,3,3,0,0,0,0,0,0,0,0,0,0,0,0,0,0,0,0,0,0,0,0,0,0,0,0,0,0,0,0,0,0,0,0,0,0,0,0,0,0,0,0,0,0,0,4,4,4,4,4,4,4,4,4,4,1,1,1,1,1,1,1,1,1,1,1,1,1,1,1,1,1,0,0,0,0,0,0,0,0,0,0,0,0,0,0,0,0,0,5,5,5,5,5,5,5,0,0,0,0,0,0,0,0,0,0,0,0,0,0,0,0,0,0,0,0,0,0,0,0,0,0,0,0,0,0,0,0,0,0,0,0,0,0,0,0,0,0,0,0,0,0,0,0,0,0,0,0,0,0,0,0,0,0,3,3,3,3,3,3,3,3,3,3,3,3,3,3,3,3,3,3,3,3,3,3,3,3,3,3,3,3,3,3,3,3,3,3,3,3,3,0,0,0,0,0,0,0,0,0,0,0,0,0,0,0,0,0,0,0,0,0,0,0,0,0,0,0,0,0,0,0,0,0,0,0,0,0,1,1,1,1,1,1,1,1,1,1,1,1,1,1,1,1,1,1,1,1,1,1,1,1,1,1,0,0,0,0,0,0,0,0,0,0,0,0,0,0,0,6,6,6,6,6,6,6,6,6,6,6,6,6,6,6,6,6,6,6,6,6,6,6,6,6,1,1,1,1,1,1,1,1,1,1,1,1,1,1,1,0,0,0,0,0,0,0,0,0,0,0,0,0,0,0,0,0,0,0,0,0,0,0,0,0,0,0,0,0,0,0,0,0,0,0,0,0,0,0,0,0,0,0,0,0,0,0,0,0,0,0,0,0,0,0,0,0,0,0,0,0,0,0,0,0,0,0,0,0,0,0,0,0,0,0,0,0,0,0,0,0,0,0,0,0,0,0,0,0,0,0,0,0,0,0,0,0,0,0,0,0,0,0,0,0,0,0,0,0,0,0,0,0,0,0,0,0,0,0,0,0,0,0,0,0,0,0,0,0,0,0,0,0,0,0,0,0,0,0,0,0,0,0,0,0,0,1,1,1,1,1,1,1,1,1,1,1,1,0,0,0,0,0,0,0,0,0,0,0,0,0,0,0,0,0,0,0,0,0,0,0,0,0,0,0,0,0,0,0,0,0,0,0,0,0,0,0,0,0,0,0,0,0,0,0,0,0,0,0,9,9,9,9,9,9,9,9,9,9,9,9,9,9,9,9,9,2,2,2,2,0,0,0,0,0,0,0,0,0,0,0,0,0,0,0,0,0,0,0,0,0,0,0,0,0,0,0,0,0,0,0,0,0,2,2,2,2,2,2,2,2,2,2,2,2,2,2,2,2,2,2,2,2,2,2,2,2,2,2,2,2,2,2,2,2,0,0,0,0,0,0,0,0,0,0,0,0,0,0,0,0,0,0,0,0,0,0,0,0,0,0,0,0,0,0,0,0,0,0,0,0,0,0,0,0,0,0,0,0,0,0,0,0,0,0,0,0,0,0,0,0,0,0,0,0,0,0,0,0,0,0,0,0,0,0,0,0,0,0,0,0,0,0,0,0,0,0,0,0,0,0,0,0,0,0,0,0,0,0,0,0,0,0,0,0,0,0,0,0,0,0,0,0,0,0,0,0,0,0,0,0,0,0,0,0,0,0,0,0,0,0,0,0,0,0,0,0,0,0,0,0,0,0,0,0,0,0,0,0,0,0,0,0,0,0,0,0,0,0,0,0,0,0,1,1,1,1,1,1,1,1,1,1,1,1,1,1,1,1,1,1,1,3,3,3,0,0,0,0,0,0,0,0,0,0,0,0,0,0,0,0,0,0,0,0,0,0,0,0,0,0,0,0,0,0,0,0,0,0,0,0,0,0,0,0,0,0,0,0,0,0,0,0,0,0,0,0,0,0,0,1,1,1,1,1,1,1,1,1,1,1,1,0,0,0,0,0,0,0,0,0,0,0,0,0,0,0,0
Shuttle6,	0,0,0,0,0,0,0,0,0,0,0,0,1,1,1,1,1,1,1,1,1,1,1,1,1,1,1,1,1,1,1,1,0,0,0,0,0,0,0,0,0,0,0,0,0,0,0,0,0,0,0,0,0,0,0,0,0,0,0,0,0,0,0,0,0,0,0,0,0,0,0,0,0,0,0,0,0,0,0,0,0,0,0,0,0,0,0,0,0,0,0,0,0,0,0,0,0,0,0,0,0,0,0,0,0,0,0,0,0,0,0,0,0,0,0,0,0,0,0,0,0,0,0,0,0,0,0,0,0,0,0,0,0,0,0,0,0,0,0,0,0,0,0,0,0,0,0,0,0,0,0,0,0,0,0,0,1,1,1,1,1,1,1,1,1,1,0,0,0,0,0,0,0,0,0,0,1,1,1,1,1,1,1,1,1,1,0,0,0,0,0,0,0,0,0,0,0,0,0,0,0,0,0,0,0,0,0,0,0,0,0,0,0,0,0,0,0,0,0,0,0,0,0,0,0,0,0,0,0,0,0,0,0,0,0,0,0,0,0,0,0,0,0,0,0,0,0,0,0,0,0,0,0,0,0,0,0,0,0,0,0,0,0,0,0,0,0,0,0,0,0,0,0,0,0,0,0,0,0,0,0,0,0,0,0,0,0,0,0,0,0,0,0,0,0,0,0,0,0,0,0,0,0,0,0,0,0,0,0,0,0,0,0,0,0,0,0,0,0,0,0,0,0,0,0,0,0,0,0,0,0,0,0,0,0,0,0,0,0,0,0,0,0,0,0,0,0,0,0,0,0,0,0,0,0,0,0,0,0,0,0,0,0,0,0,0,0,0,0,0,0,0,0,0,0,0,0,0,0,0,0,0,0,0,0,0,0,0,0,0,0,0,0,0,0,0,0,0,0,0,0,0,0,0,0,0,0,0,0,0,0,0,0,0,0,0,0,0,0,0,0,0,0,0,0,0,0,0,0,0,0,0,0,0,0,0,0,0,0,0,0,0,0,0,0,0,0,0,0,0,0,0,0,0,0,0,0,0,0,0,0,0,0,0,0,0,0,0,0,0,0,0,0,0,0,0,0,0,0,0,0,0,0,0,0,0,0,0,0,0,0,0,0,0,0,0,0,0,0,0,0,0,0,0,0,0,0,0,0,0,0,0,0,0,0,0,0,0,0,0,0,0,0,0,0,0,0,0,0,0,0,0,0,0,0,0,0,0,0,0,0,0,0,0,0,0,0,0,0,0,0,0,0,0,0,0,0,0,0,0,0,0,0,0,0,0,0,0,0,0,0,0,0,0,0,0,0,0,0,0,0,0,0,0,0,0,0,0,0,0,0,0,0,0,0,0,0,0,0,0,0,0,0,0,0,0,0,0,0,0,0,0,0,0,0,0,0,0,0,0,0,0,0,0,0,0,0,0,0,0,0,0,0,0,0,0,0,0,0,0,0,0,0,0,0,0,0,0,0,0,0,0,0,0,0,0,0,0,0,0,0,0,0,0,0,0,0,0,0,0,0,0,0,0,0,0,0,0,0,0,0,0,0,0,0,0,0,0,0,0,0,0,0,0,0,0,0,0,0,0,0,0,0,0,0,0,0,0,0,0,0,0,0,0,0,0,0,0,0,0,0,0,0,0,0,0,0,0,0,0,0,0,0,0,0,0,0,0,0,0,0,0,0,0,0,0,0,0,0,0,0,0,0,0,0,0,0,0,0,0,0,0,0,0,0,0,0,0,0,0,0,0,0,0,0,0,0,0,0,0,0,0,0,0,0,0,0,0,0,0,0,0,0,0,0,0,0,0,0,0,0,0,0,0,0,0,0,0,0,0,0,0,0,0,0,0,0,0,0,0,0,0,0,0,0,0,0,0,0,0,0,0,0,0,0,0,0,0,0,0,0,0,0,0,0,0,0,0,0,0,0,0,0,0,0,0,0,0,0,0,0,0,0,0,0,0,0,0,0,0,0,0,0,0,0,0,0,0,0,0,0,0,0,0,0,0,0,0,0,0,0,0,0,0,0,0,0,0,0,0,0,0,0,0,0,0,0,0,0,0,0,0,0,0,0,0,0,0,0,0,0,0,0,0,0,0,0,0,0,0,0,0,0,0,0,0,0,0,0,0,0,0,0,0,0,0,0,0,0,0,0,0,0,0,0,0,0,0,0,0,0,0,0,0,0,0,0,0,0,0,0,0,0,0,0,0,0,0,0,0,0,0,0,0,0,0,0,0,0,0,0,0,0,0,0,0,0,0,0,0,0,0,0,0,0,0,0,0,0,0,0,0,0,0,0,0,0,0,0,0,0,0,0,0,0,0,0,0,0,0,0,0,0,0,0,0,0,0,0,0,0,0,0,0,0,0,0,0,0,0,0,0,0,0,0,0,0,0,0,0,0,0,0,0,0,0,0,0,0,0,0,0,0,0,0,0,0,0,0,0,0,0,0,0,0,0,0,0,0,0,0,0,0,0,0,0,0,0,0,0,0,0,0,0,0,0,0,0,0,0,0,0,0,0,0,0,0,0,0,0,0,0,0,0,0,0,0,0,0,0,0,0,0,0,0,0,0,0,0,0,0,0,0,0,0,0,0,0,0,0,0,0,0,0,0,0,0,0,0,0,0,0,0,0,0,0,0,0,0,0,0,0,0,0,0,0,0,0,0,0,0,0,0,0,0,0,0,0,0,0,0,0,0,0,0,0,0,0,0,0,0,0,0,0,0,0,0,0,0,0,0,0,0,0,0,0,0,0,0,0,0,0,0,0,0,0,0,0,0,0,0,0,0,0,0,0,0,0,0,0,0,0,0,0,0,0,0,0,0,0,0,0,0,0,0,0,0,0,0,0,0,0,0,0,0,0,0,0,0,0,0,0,0,0,0,0,0,0,0,0,0,0,0,0,0,0,0,0,0,0,0,0,0,0,0,0,0,0,0,0,0,0,0,0,0,0,0,0,0,0,0,0,0,0,0,0,0,0,0,0,0,0,0,0,0,0,0,0,0,0,0,0,0,0,0,0,0,0,0,0,0,0,0,0,0,0,0,0,0,0,0,0,0,0,0,0,0,0,0,0,0,0,0,0,0,0,0,0,0,0,0,0,0,0,0,0,0,0,0,0,0,0,0,0,0,0,0,0,0,0,0,0,0,0,0,0,0,0,0,0,0,0,0,0,0,0,0,0,0,0,0,0,0,0,0,0,0,0,0,0,0,0,0,0,0,0,0,0,0,0,0,0,0,0,0,0,0,0,0,0
Shuttle7,	0,0,0,0,0,0,0,0,0,0,0,0,0,0,0,0,0,0,0,0,0,0,0,0,0,0,0,0,0,0,0,0,0,0,0,0,0,0,0,0,0,0,0,0,0,0,0,0,0,0,0,0,0,0,0,0,0,0,0,0,0,0,0,0,0,0,0,0,0,0,0,0,0,0,0,0,0,0,0,0,0,0,0,0,0,0,0,0,0,0,0,0,0,0,0,0,0,0,0,0,0,0,0,0,0,0,0,0,0,0,0,0,0,0,0,0,0,0,0,0,0,0,0,0,0,0,0,0,0,0,0,0,0,0,0,0,0,0,0,0,0,0,0,0,0,0,1,1,1,1,1,1,1,1,1,1,1,1,1,1,1,1,1,1,1,1,1,1,1,1,1,1,1,1,1,1,1,1,1,1,1,0,0,0,0,0,0,0,0,0,0,0,0,0,0,0,0,0,0,0,0,0,0,0,0,0,0,0,0,0,0,0,0,0,0,0,0,0,0,0,0,0,0,0,0,0,0,0,0,0,0,0,0,0,0,0,0,0,0,0,0,0,0,0,0,0,0,0,0,0,0,1,1,2,2,2,2,2,2,2,2,2,2,2,2,2,2,2,0,0,0,0,0,0,0,0,0,0,0,0,0,0,0,0,0,0,0,0,0,0,0,0,0,0,0,0,0,0,0,0,0,0,0,0,0,0,0,0,0,0,0,0,0,0,0,0,0,0,0,0,0,0,0,0,0,0,0,0,0,0,0,0,0,0,0,0,0,0,0,0,0,0,0,0,0,0,0,0,0,0,0,0,0,0,0,0,0,0,0,0,0,0,0,0,0,0,0,0,0,0,0,0,0,0,0,0,0,0,0,0,0,0,0,0,0,0,0,0,0,0,0,0,0,0,0,0,0,0,0,0,0,0,0,0,0,0,0,0,0,0,0,0,0,0,0,0,0,0,0,0,0,0,0,0,0,0,0,0,0,0,0,0,0,0,0,0,0,0,0,0,0,0,0,0,0,0,0,0,0,0,0,0,0,0,0,0,0,0,0,0,0,0,0,0,0,0,0,0,0,0,0,0,0,0,0,0,0,0,0,0,0,0,0,0,0,0,0,0,0,2,2,2,2,2,2,2,1,1,1,1,1,1,1,1,1,1,1,1,1,1,0,0,0,0,0,0,0,0,0,0,0,0,0,0,0,0,0,0,0,0,0,0,0,0,0,0,0,0,0,0,0,0,0,0,0,0,0,0,0,0,0,0,0,0,0,0,0,0,0,0,0,0,0,0,0,0,0,0,0,0,0,0,0,0,0,0,0,0,1,1,1,1,1,1,1,1,1,1,1,1,1,1,1,1,1,1,0,0,0,0,0,0,0,0,0,0,0,0,0,0,0,0,0,0,0,0,0,0,0,0,0,0,0,0,0,0,0,0,0,0,0,0,0,0,0,0,0,0,0,0,0,0,0,0,0,0,0,0,0,0,0,0,0,0,0,0,0,0,0,0,0,0,0,0,0,4,4,4,4,4,4,4,4,4,4,4,4,4,4,4,4,4,15,15,15,14,14,14,12,12,12,2,2,2,2,2,2,0,0,0,0,0,0,0,0,0,0,0,0,0,0,0,0,0,0,0,0,0,0,0,12,12,12,12,12,12,12,12,12,12,12,12,6,6,6,6,6,6,6,6,6,6,6,6,3,3,3,3,3,3,3,3,3,3,3,3,0,0,0,0,0,0,0,0,0,0,0,0,0,0,0,0,0,0,0,0,0,0,0,0,11,11,11,11,11,11,11,11,11,11,11,11,24,24,24,24,24,21,21,21,21,21,17,17,17,17,17,4,4,4,4,4,4,4,4,4,4,0,0,0,0,0,0,0,0,0,0,0,0,0,0,0,0,0,0,0,0,0,0,0,0,0,0,0,0,0,14,14,14,14,14,14,14,14,14,14,14,14,14,14,14,23,23,23,19,19,19,15,15,15,15,15,15,15,15,15,3,3,3,3,3,3,3,3,3,3,3,3,3,3,3,0,0,0,0,0,0,0,0,0,0,0,0,0,9,9,9,9,9,9,9,9,9,9,9,18,18,18,18,18,10,10,10,10,10,8,8,8,8,8,1,1,1,1,1,1,1,1,1,1,0,0,0,0,0,0,0,0,0,0,0,0,0,0,0,0,0,0,0,0,0,0,0,0,0,10,10,10,10,10,10,10,7,7,7,7,7,7,7,7,7,7,7,7,7,7,7,7,0,0,0,0,0,0,0,0,0,0,0,0,0,0,0,0,0,0,0,0,0,0,0,0,0,0,0,0,0,0,0,0,12,12,12,12,12,19,19,19,19,19,19,19,19,19,19,19,19,3,3,3,3,3,3,3,3,3,3,3,3,3,3,3,3,3,3,3,3,3,3,3,3,0,0,0,0,0,0,0,0,0,0,0,0,0,0,0,0,0,0,0,0,0,0,0,0,0,0,0,0,0,0,0,0,5,5,5,5,5,5,5,0,0,0,0,0,0,0,0,0,0,0,0,0,0,0,0,0,0,0,0,0,0,0,0,0,0,0,0,0,0,0,0,0,0,0,0,0,0,0,0,0,0,0,0,0,0,0,0,0,0,0,0,0,0,0,0,0,0,0,0,0,0,0,0,0,0,0,0,0,0,0,0,0,0,0,0,0,0,0,0,0,0,0,0,0,0,0,0,0,0,0,0,0,0,0,0,0,0,0,0,0,0,0,0,0,0,0,0,0,0,0,0,0,0,0,0,0,0,0,0,0,0,0,0,0,0,0,0,0,0,0,0,0,0,0,0,0,0,0,0,0,0,0,0,0,0,0,0,0,0,0,0,0,0,0,0,0,0,0,0,0,0,0,0,0,0,0,0,0,0,0,0,0,0,0,0,0,0,0,0,0,0,0,0,0,0,0,0,0,0,0,0,0,0,0,0,0,0,0,0,0,0,0,0,0,0,0,0,0,0,0,0,0,0,0,0,0,0,0,0,0,0,0,0,0,0,0,0,0,0,0,0,0,0,0,0,0,0,0,0,0,0,0,0,0,0,0,0,0,0,0,0,0,0,0,0,0,0,0,0,0,0,0,0,0,0,0,0,0,0,0,0,0,0,0,0,0,0,0,0,0,0,0,0,0,0,0,0,0,0,0,0,0,0,0,0,0,0,0,0,0,0,0,0,0,0,0,0,0,0,0,0,0,0,0,0,0,0,0,0,0,0,0,0,0,0,0,0,0,0,0,0,0,0,0,0,0,0,0,0
Shuttle8,	0,0,0,0,0,0,0,0,0,0,0,0,0,0,0,0,0,0,0,0,0,0,0,0,0,0,0,0,0,0,0,0,0,0,0,0,0,0,0,0,0,0,0,0,0,0,0,0,0,0,0,0,0,0,0,0,0,0,0,0,0,0,0,0,0,0,0,0,0,0,0,0,0,0,0,0,0,0,0,0,0,0,0,0,0,0,0,0,0,0,0,0,0,0,0,0,0,0,0,0,0,0,0,0,0,0,0,0,0,0,0,0,0,0,0,0,0,0,0,0,0,0,0,0,0,0,0,0,0,0,0,0,0,0,0,0,0,0,0,0,0,0,0,0,0,0,0,0,0,0,0,0,0,0,0,0,0,0,0,0,0,0,0,0,0,0,0,0,0,0,0,0,0,0,0,0,0,0,0,0,0,0,0,0,0,0,0,0,0,0,0,0,0,0,0,0,0,0,0,0,0,0,0,0,0,0,0,0,0,0,0,0,0,0,0,0,0,0,0,0,0,0,0,0,0,0,0,0,0,0,0,0,0,0,0,0,0,0,0,0,0,0,0,0,0,0,0,0,0,0,0,0,0,0,0,0,0,0,0,0,0,0,0,0,0,0,0,0,0,0,0,0,0,0,0,0,0,0,0,0,0,0,0,0,0,0,0,0,0,0,0,0,0,0,0,0,0,0,0,0,0,0,0,0,0,0,0,0,0,0,0,0,0,0,0,0,0,0,0,0,0,0,0,0,0,0,0,0,0,0,0,0,0,0,0,0,0,0,0,0,0,0,0,0,0,0,0,0,0,0,0,0,0,0,0,0,0,0,0,0,0,0,0,0,0,0,0,0,0,1,1,1,1,1,1,0,0,0,0,0,0,1,1,1,1,1,1,1,1,1,1,1,1,1,1,1,1,1,1,0,0,0,0,0,0,0,0,0,0,0,0,0,0,0,0,0,0,0,0,0,0,0,0,0,0,0,0,0,0,0,0,1,1,1,1,1,1,1,1,1,1,1,1,1,1,1,1,1,1,0,0,0,0,0,0,0,0,0,0,0,0,0,0,0,0,0,0,0,0,0,0,0,0,0,0,0,0,0,0,0,0,0,0,0,0,0,0,0,0,0,0,0,0,0,0,0,0,0,0,0,0,0,0,0,0,0,0,0,0,0,0,0,0,0,0,0,0,0,0,0,0,0,0,0,0,0,0,0,0,0,0,0,0,0,0,0,0,0,0,0,0,0,0,0,0,0,0,0,0,0,0,0,0,0,0,0,0,0,0,0,0,0,0,0,0,0,0,0,0,0,0,0,0,0,0,0,0,0,0,0,0,0,0,0,0,0,0,0,0,0,1,1,1,1,1,1,1,1,1,1,7,7,7,7,7,7,7,7,21,21,21,21,21,21,21,21,21,21,21,21,21,21,21,21,21,0,0,0,0,0,0,0,0,0,0,0,0,0,0,0,0,0,1,1,1,1,1,1,1,1,1,1,1,1,1,1,1,1,1,0,0,0,0,0,0,0,0,0,0,0,0,10,10,10,10,10,10,10,10,10,10,10,10,8,8,8,7,7,7,7,7,7,7,7,7,7,7,7,7,7,7,7,7,7,7,7,7,7,7,7,7,7,3,3,3,3,3,3,3,3,3,0,0,0,0,0,0,0,0,0,0,0,0,0,0,0,0,0,0,0,0,0,0,0,0,0,0,0,0,0,0,0,0,0,0,0,0,0,0,0,0,0,0,0,0,0,0,0,0,0,0,0,0,0,0,0,0,0,0,0,0,0,0,0,0,0,0,0,0,0,0,0,0,0,0,0,0,0,0,0,0,0,0,0,0,0,0,0,0,0,0,0,0,0,0,0,0,0,0,0,0,0,0,0,0,0,0,0,0,0,0,0,0,0,0,0,0,0,0,0,0,0,0,0,0,0,0,0,0,0,0,0,0,0,0,0,0,0,0,0,0,0,0,0,0,0,0,0,0,0,0,0,0,0,0,0,0,0,0,0,0,0,0,0,0,0,0,0,0,0,0,0,0,0,0,0,0,0,0,0,0,0,0,0,0,0,0,0,0,0,0,0,0,0,0,0,0,0,0,0,0,0,0,0,0,0,0,0,0,0,0,0,0,0,0,0,0,0,0,0,0,0,0,0,0,0,0,0,0,0,0,0,0,0,0,0,0,0,0,0,0,0,0,0,0,0,0,0,0,0,0,0,0,1,1,1,1,1,1,1,1,1,1,1,1,1,1,1,1,0,0,0,0,0,0,0,0,0,0,0,0,0,0,0,0,0,0,0,0,0,0,0,0,0,0,0,0,0,0,0,0,0,0,0,0,0,0,0,0,0,0,0,0,0,0,0,0,0,0,0,0,0,0,0,0,0,0,0,0,0,0,0,0,0,0,0,0,0,0,0,0,0,0,0,0,0,0,0,0,0,0,0,0,0,0,0,0,0,0,0,0,0,0,0,0,0,0,0,0,0,0,0,0,0,1,1,1,1,1,1,1,1,1,1,1,0,0,0,0,0,0,0,0,0,0,0,0,0,0,0,0,0,0,0,0,0,0,0,0,0,0,0,0,0,0,0,0,0,0,0,0,0,0,0,0,0,0,0,0,0,0,0,0,0,0,0,0,0,0,0,0,0,0,0,0,0,0,0,0,0,0,0,0,0,0,0,0,0,0,0,0,0,0,0,0,0,0,0,0,0,0,0,0,0,0,0,0,0,0,0,0,0,0,0,0,0,0,0,0,0,0,0,0,0,0,0,0,0,0,0,0,0,0,0,0,0,0,0,0,0,0,0,0,0,0,0,0,0,0,0,0,0,0,0,0,0,0,0,0,0,0,0,0,0,0,0,0,0,0,0,0,0,0,0,0,0,0,0,0,0,0,0,0,0,0,0,0,0,0,0,0,0,0,0,0,0,0,0,0,0,0,0,0,0,0,0,0,0,0,0,0,0,0,0,0,0,0,0,0,0,0,0,0,0,0,0,0,0,0,0,0,0,0,0,0,0,0,0,0,0,0,0,0,0,0,0,0,0,0,0,0,0,0,0,0,0,0,0,0,0,0,0,0,0,0,0,0,0,0,0,0,0,0,0,0,0,0,0,0,0,0,0,0,0,0,0,0,0,0,0,0,0,0,0,0,0,0,1,1,1,1,1,1,1,1,1,1,1,1,1,1,1,1,1,0,0,0,0,0,0,0,0,0,0,0,0,0,0,0,0,0,0,0,0,0,0,0,0,0,0,0,0,0,0,0,0,0,0,0,0
Shuttle9,	0,0,0,0,0,0,0,0,0,0,0,0,0,0,0,0,0,0,0,0,0,0,0,0,0,0,0,0,0,0,0,0,0,0,0,0,0,0,0,0,0,0,0,0,0,0,1,1,1,1,1,1,1,1,1,1,1,1,1,1,1,1,1,1,1,1,1,1,1,1,0,0,0,0,0,0,0,0,0,0,0,0,0,0,0,0,0,0,0,0,0,0,0,0,0,0,0,0,0,0,0,0,0,0,0,0,0,0,0,0,0,0,0,0,0,0,0,0,0,0,0,0,0,0,0,0,0,0,0,0,0,0,0,0,0,0,0,0,0,0,0,0,0,0,0,0,0,0,0,0,0,0,0,0,0,0,0,0,0,0,0,0,0,0,0,0,0,0,0,0,0,0,0,0,0,0,0,0,0,0,0,0,0,0,0,0,0,0,0,0,0,0,0,0,0,0,0,0,0,0,0,0,0,0,0,0,0,0,0,0,0,0,0,0,0,0,0,0,0,0,0,0,0,0,0,0,0,0,0,0,0,0,0,0,0,0,0,0,0,0,0,0,0,0,0,0,0,0,0,0,0,0,0,0,0,0,0,0,0,0,0,0,0,0,0,0,0,0,0,0,0,0,0,0,0,0,0,0,0,0,0,0,0,0,0,0,0,0,0,0,0,0,0,0,0,0,0,0,0,0,0,0,0,0,0,0,0,0,0,0,0,0,0,0,0,0,0,0,0,0,0,0,0,0,0,0,0,0,0,0,0,0,0,0,0,0,0,0,0,0,0,0,0,0,0,0,0,0,0,0,0,0,0,0,0,0,0,0,0,0,0,0,0,0,0,0,0,0,0,0,0,0,0,0,0,0,0,0,0,0,0,0,0,0,0,0,0,0,0,0,0,0,0,0,0,0,0,0,0,0,0,0,0,0,0,0,0,0,0,0,0,0,0,0,0,0,0,0,0,0,0,0,0,0,0,0,0,0,0,0,0,0,0,0,0,0,0,0,0,0,0,0,0,0,0,0,0,0,0,0,0,0,0,0,0,0,0,0,0,0,0,0,0,0,0,0,0,0,0,0,0,0,0,0,0,0,0,0,0,0,0,0,0,0,0,0,0,0,0,0,0,0,0,0,0,0,0,0,0,0,0,0,0,0,0,0,0,0,0,0,0,0,0,0,0,0,0,0,0,0,0,0,0,0,0,0,0,0,0,0,0,0,0,0,0,0,0,0,0,0,0,0,0,0,0,0,0,0,0,0,0,0,0,0,0,0,0,0,0,0,0,0,0,0,0,0,0,0,0,0,0,0,0,0,0,0,0,0,0,0,0,0,0,0,0,0,0,0,0,0,0,0,0,0,0,0,0,0,0,0,0,0,0,0,0,0,0,0,0,0,0,0,0,0,0,0,0,0,0,0,0,0,0,0,0,0,0,0,0,0,0,0,0,0,0,0,0,0,0,0,0,0,0,0,0,0,0,0,0,0,0,0,0,0,0,0,0,0,0,0,7,7,7,7,7,7,7,7,7,7,7,7,7,7,7,7,7,7,0,0,0,0,0,0,0,0,0,0,0,0,0,0,0,0,0,0,0,0,0,0,0,0,0,0,0,0,0,1,1,1,1,1,1,1,1,1,0,0,0,0,0,0,0,0,0,0,0,0,0,0,0,0,0,0,0,0,0,0,0,0,0,0,0,0,0,0,0,0,0,0,0,0,0,0,0,0,0,0,0,0,0,0,0,0,0,0,0,0,0,0,0,0,0,0,0,0,0,0,0,0,0,0,0,0,0,0,0,0,0,0,0,0,0,0,8,8,8,8,6,6,6,6,6,2,2,2,2,2,2,2,2,2,2,0,0,0,0,0,0,0,0,0,0,2,2,2,2,2,2,2,2,0,0,0,0,0,0,0,0,0,0,5,5,5,5,5,5,5,5,5,5,5,5,5,5,5,5,5,5,5,5,5,5,5,5,5,0,0,0,0,0,0,0,0,0,0,0,0,0,0,0,0,0,0,0,0,0,0,0,0,0,0,0,0,0,0,0,0,0,0,0,0,0,0,0,0,0,0,0,0,0,0,0,0,0,0,0,0,0,0,0,0,0,0,0,0,0,0,0,0,0,0,0,0,0,0,0,0,0,0,0,0,0,0,0,0,0,0,0,0,0,0,0,0,0,0,0,0,0,0,0,0,0,0,0,0,9,9,9,9,9,9,9,9,9,9,9,9,9,9,9,9,0,0,0,0,0,0,0,0,0,0,0,0,0,0,0,0,1,1,1,1,1,1,1,1,1,1,1,1,1,1,1,1,0,0,0,0,0,0,0,0,0,0,0,0,0,0,0,0,7,7,7,7,7,7,7,7,7,7,7,7,7,7,7,7,7,7,7,7,7,5,5,5,5,5,5,5,5,5,5,5,5,0,0,0,0,0,0,0,0,0,0,0,0,0,0,0,0,0,0,0,0,0,0,0,0,0,0,0,0,0,0,0,0,0,0,0,0,0,0,0,0,0,0,0,0,0,0,0,0,0,0,0,0,0,0,0,0,0,0,0,0,0,0,0,0,0,0,0,0,0,0,0,0,0,0,0,0,0,0,0,0,2,2,2,2,2,2,2,2,2,2,2,2,2,2,2,17,17,17,17,17,17,17,17,17,17,17,17,17,17,17,17,17,1,1,1,1,1,1,1,1,1,1,1,1,1,1,1,1,1,0,0,0,0,0,0,0,0,0,0,0,0,0,0,0,0,0,0,0,0,0,2,2,2,2,2,2,2,2,2,2,2,0,0,0,0,0,0,0,0,0,0,0,0,0,0,0,0,0,0,0,0,0,0,0,0,0,0,0,0,0,0,0,0,0,0,0,0,0,0,0,0,0,0,0,0,0,0,0,0,0,0,0,0,0,0,0,0,0,0,0,0,0,0,0,0,0,0,0,0,0,0,0,0,0,0,0,0,1,1,1,1,1,1,1,1,1,1,1,0,0,0,0,0,0,0,0,0,0,0,0,0,0,0,0,0,0,0,0,0,0,0,0,0,0,0,0,0,0,0,0,0,0,0,0,0,0,0,0,0,0,0,0,0,0,0,0,0,0,0,0,0,0,0,0,0,0,0,0,0,0,0,0,0,0,0,0,0,0,0,0,0,0,0,0,0,0,0,0,0,0,0,0,0,0,0,0,0,0,0,0,0,0,0,0,0,0,0,0,0,0,0,0,0,0,0,0,0,0,0,0,0,0,0,0,0,0,0,0,0,0,0,0,0,0,0,0,0
How early,	34965/1880,	38,36,32,32,32,32,37,31,38,38,38,38,38,38,38,38,38,38,37,31,37,34,34,34,34,34,34,34,34,34,34,33,31,37,23,30,30,30,30,30,30,30,32,36,30,26,23,23,30,32,32,38,38,38,27,27,36,36,36,36,36,36,30,30,30,30,35,23,35,33,33,33,33,26,26,26,26,26,26,26,32,32,32,26,26,26,26,26,22,22,22,22,22,22,22,30,30,30,30,29,22,22,29,22,22,22,22,37,27,27,27,16,16,16,16,16,16,16,33,27,34,26,30,31,30,31,38,30,34,26,29,3,38,38,38,38,38,38,38,38,37,37,36,36,36,36,36,29,29,29,34,34,3,36,36,36,36,36,29,29,3,20,20,20,20,20,26,26,26,26,27,27,35,33,23,30,30,30,30,38,38,38,38,38,38,38,30,30,30,24,38,38,34,16,37,37,37,37,37,3,3,3,36,36,36,36,36,36,30,30,36,22,34,34,34,34,3,3,3,34,34,34,34,34,20,20,20,20,34,34,34,34,34,34,27,27,26,26,32,30,30,36,22,24,24,24,24,23,30,30,30,3,3,3,34,34,34,34,34,20,20,20,20,24,24,24,24,24,24,34,34,27,27,23,16,16,16,26,26,26,26,26,26,26,34,28,28,16,23,23,23,23,23,3,3,3,14,24,24,14,14,32,14,14,14,28,34,22,5,14,28,0,0,3,3,3,22,5,30,0,24,3,20,32,37,37,37,37,37,36,36,36,36,36,36,35,35,35,15,15,23,35,15,35,15,15,35,15,15,15,21,21,21,35,35,21,21,21,29,21,21,21,15,15,15,21,35,35,35,21,21,21,21,21,21,27,27,27,27,27,35,35,35,35,35,21,21,35,35,35,32,26,26,12,20,20,12,12,12,12,24,24,24,32,32,32,32,32,32,32,32,32,24,24,24,24,24,26,26,26,32,32,32,32,32,12,26,26,12,12,12,12,16,20,20,20,12,12,12,12,21,21,21,21,21,21,21,29,21,21,21,15,15,15,6,6,6,21,6,6,28,28,28,28,28,28,28,14,14,21,21,21,21,21,21,27,27,27,27,27,35,35,35,35,35,21,21,35,35,35,15,15,15,15,23,15,15,15,15,9,9,15,15,3,5,15,15,21,21,21,19,19,24,24,24,24,24,25,25,28,28,14,14,15,4,4,18,18,18,3,5,5,5,17,17,17,17,17,17,17,17,26,26,26,18,18,18,17,16,16,16,16,16,9,9,14,14,14,14,12,12,12,6,6,15,12,12,12,5,5,5,5,6,6,6,5,28,5,5,5,5,6,6,6,5,26,0,0,0,0,0,0,6,6,12,12,6,6,6,6,6,3,26,0,0,0,24,11,24,12,19,11,35,34,17,17,17,0,25,0,0,25,0,0,17,17,17,19,27,27,28,19,19,19,19,19,19,34,30,30,30,0,0,18,18,18,27,27,33,33,27,27,21,21,21,21,21,26,13,9,9,9,29,29,29,9,9,9,9,9,17,9,9,34,29,29,19,27,27,28,19,19,7,7,19,19,19,19,17,17,17,34,0,25,0,0,25,0,0,17,17,17,3,29,23,23,23,23,23,23,23,23,23,30,30,30,0,0,18,18,18,23,31,12,20,18,18,8,8,8,8,8,8,8,13,9,9,9,9,9,10,10,10,9,9,9,17,17,17,13,13,10,17,10,10,13,13,13,9,9,17,17,21,21,21,21,21,29,17,17,17,17,13,13,13,13,7,7,13,21,4,8,8,8,8,8,8,8,13,7,7,7,7,7,0,0,0,8,8,8,0,3,4,4,4,4,4,4,4,4,4,3,16,19,3,3,19,38,18,30,0,0,0,0,0,16,36,10,7,7,7,7,7,38,38,12,24,30,10,12,31,2,35,35,18,18,18,18,1,26,26,1,26,26,26,18,18,18,18,18,18,18,18,36,36,36,30,30,30,36,36,22,22,11,11,11,5,36,36,2,2,2,2,2,29,29,29,14,34,34,34,34,4,4,0,0,15,33,33,33,13,25,13,13,13,13,25,26,32,26,26,26,15,15,15,0,33,8,8,32,32,32,32,32,32,38,37,21,13,13,25,13,25,13,13,8,8,8,8,8,8,8,27,20,2,2,2,2,2,29,29,29,14,33,17,22,22,11,11,11,26,26,26,5,15,15,15,0,4,4,0,0,33,17,2,10,8,8,8,8,12,8,8,8,2,15,18,18,18,18,1,26,26,1,26,26,26,18,18,18,18,27,6,18,18,18,18,21,3,9,9,9,17,5,5,5,5,11,16,32,0,0,0,6,30,36,2,2,2,2,2,0,5,7,0,0,30,36,18,5,7,16,18,36,22,15,34,33,24,24,38,30,30,7,7,7,7,24,24,38,38,38,38,38,28,28,28,10,10,10,28,7,7,37,37,37,37,31,31,37,23,23,23,12,12,12,21,35,35,21,29,29,29,29,29,29,21,21,15,21,6,21,21,6,35,35,35,21,21,21,27,27,27,27,35,35,35,35,35,21,21,21,21,35,35,20,20,34,34,34,34,34,3,3,3,3,28,28,28,34,20,27,27,27,27,27,27,27,27,1,1,1,28,28,28,9,33,33,33,33,33,33,33,33,33,10,10,10,28,33,33,14,28,28,28,28,28,28,28,28,6,6,6,28,4,4,4,4,4,28,28,25,18,18,18,18,3,3,3,3,3,4,9,9,7,15,21,21,21,21,15,21,6,21,21,6,36,21,21,21,21,21,21,21,21,20,20,3,3,3,3,7,7,7,7,20,24,24,35,12,12,12,1,1,1,2,2,2,2,2,18,18,18,18,3,3,3,3,3,6,6,6,28,0,4,9,9,36,4,4,4,4,4,28,21,20,1,28,6,0,21,6,29,2,19,19,19,27,27,27,19,19,19,19,7,7,7,7,19,22,36,36,36,36,36,36,22,22,30,30,30,30,16,16,16,7,7,22,22,22,22,15,15,35,15,23,23,23,15,35,35,35,35,15,15,9,9,15,23,26,26,32,32,32,32,32,32,34,12,12,26,26,12,12,12,20,20,20,20,12,12,6,6,6,12,12,12,19,29,29,29,15,15,21,21,29,15,15,15,29,29,29,29,14,14,14,17,19,19,27,27,27,27,27,27,27,15,16,11,11,11,11,11,24,4,30,17,28,12,12,20,20,6,6,6,20,20,20,12,6,37,37,0,19,19,19,19,7,7,7,7,19,28,37,15,13,1,12,12,12,12,12,20,20,20,20,17,12,12,6,6,6,12,12,16,16,16,16,16,16,16,16,24,15,15,15,19,15,15,15,9,9,15,16,13,13,13,7,7,13,23,17,24,10,10,10,4,4,10,10,19,19,4,3,3,9,9,9,9,9,9,9,6,6,6,6,7,7,12,13,15,15,3,15,15,15,16,16,16,6,7,7,22,22,22,22,14,14,14,32,29,16,4,4,4,4,4,4,4,1,1,24,18,37,10,7,30,16,13,7,5,5,23,30,12,16,18,7,5,20,5,28,0,20,20,0,20,0,0,0,0,0,8,8,0,20,0,20,20,20,0,20,0,0,36,36,36,36,36,6,2,2,2,2,2,29,29,29,29,29,29,14,14,14,14,34,34,34,34,34,34,17,17,17,0,0,25,25,25,0,0,25,0,25,25,25,17,17,17,17,17,17,17,17,17,17,35,35,10,1,1,25,37,15,15,15,15,21,21,1,1,1,1,1,1,1,1,15,15,1,1,2,2,2,20,20,20,20,20,20,20,20,20,20,20,20,20,20,1,1,17,17,17,5,36,0,17,17,17,0,0,25,25,25,0,0,25,0,25,25,25,17,17,17,17,17,17,17,17,17,17,6,2,2,2,2,2,14,14,14,14,23,36,12,12,6,6,19,12,22,23,0,15,2,9,5,0,0,5,5,5,5,5,1,1,1,1,1,1,1,1,5,6,6,0,0,0,0,0,8,8,1,1,5,5,5,0,0,0,0,5,0,12,14,19,12,22,23,6,3,38,29,34,1,9,37,34,4,29,1,34,9,15,37,22,11,7,9,6,7,4,8,10,14,35,14,6,16,14,4,6,16,6,8,27,13,1,13,27,33,1,21,12,17,8,2,6,8,3,27,3,17,8,6,12,8,27,1,10,3,36,27,11,28,2,4,37,7,33,28,2,7,11,28,4,38,11,35,17,16,23,8,28,18,12,7,10,12,35,38,11,16,23,8,18,38,22,12,21,2
How wait,	16287/1880,	30,34,36,36,34,29,29,29,29,30,16,38,38,38,38,38,29,16,27,8,8,8,8,8,8,8,8,34,32,23,18,18,22,22,22,22,22,22,22,22,22,22,22,22,22,28,18,22,22,22,22,25,25,25,25,25,22,22,29,19,29,29,29,8,25,25,25,25,28,18,8,25,29,29,29,25,38,16,7,16,23,26,26,26,26,23,18,7,7,7,33,33,33,33,33,33,33,1,1,1,1,1,1,33,33,1,1,1,1,33,33,23,1,1,1,1,1,18,27,1,0,0,11,0,0,0,0,0,0,0,0,0,0,1,1,1,1,1,1,1,1,1,1,1,2,2,2,2,2,2,2,2,2,2,0,4,2,0,0,0,0,1,0,0,0,4,4,4,4,4,0,0,0,0,0,4,4,4,4,4,4,4,4,4,0,0,0,0,0,0,4,4,4,4,4,4,4,4,4,4,4,4,11,15,0,0,0,0,0,4,13,13,1,1,1,13,13,13,13,13,13,13,1,1,1,13,13,13,13,13,13,13,23,12,12,12,12,17,0,0,17,17,0,0,0,1,12,12,12,12,12,12,12,12,17,17,17,0,0,17,17,0,0,25,25,0,2,4,17,17,0,0,17,17,0,0,1,13,4,0,0,2,1,4,4,4,4,4,4,4,0,15,1,1,1,1,1,13,13,13,13,13,13,13,13,13,15,13,1,2,0,0,16,14,9,0,1,1,1,1,1,2,2,2,2,2,2,3,3,3,3,3,3,3,3,3,3,3,3,3,3,3,3,3,3,3,3,3,3,3,3,22,6,6,6,6,6,6,6,6,6,2,6,6,6,6,6,6,6,6,6,3,3,3,3,3,3,3,3,3,3,3,3,3,3,3,3,3,3,3,3,10,10,10,10,10,10,10,10,0,3,3,3,3,3,3,3,3,3,3,3,3,3,3,3,3,3,3,3,3,3,13,13,13,13,13,13,13,13,13,3,3,3,3,3,3,3,3,3,3,3,3,3,3,3,13,16,22,14,9,1,17,17,17,17,6,6,6,13,13,6,6,6,6,6,13,13,13,6,6,6,6,10,10,10,10,17,17,17,17,6,6,6,4,19,19,19,6,6,6,6,6,6,6,6,6,22,22,22,22,22,22,22,24,24,6,6,6,6,6,6,21,25,25,25,25,17,24,24,24,24,21,21,21,21,6,6,6,6,6,6,21,24,24,24,24,21,21,21,21,6,6,6,6,6,6,21,4,24,24,24,24,21,21,21,21,6,6,6,6,6,6,21,2,6,6,6,6,6,6,6,6,6,6,3,3,3,3,3,4,2,6,6,6,4,2,10,22,4,26,2,10,1,19,2,2,2,2,2,2,2,2,2,2,2,2,2,2,2,2,2,1,2,2,2,2,2,2,2,2,2,2,4,4,4,4,4,4,4,4,4,5,5,5,5,5,5,5,6,8,25,9,9,9,9,9,9,9,9,9,9,9,9,9,9,4,3,2,3,2,2,2,1,2,2,2,2,2,2,2,2,2,2,2,2,2,2,4,2,2,2,2,2,2,2,2,2,2,14,14,14,14,14,14,15,3,2,15,15,15,15,15,15,15,15,15,4,4,4,4,4,4,4,4,15,7,4,20,20,20,4,4,4,15,9,9,9,9,9,14,14,14,14,9,9,9,21,21,21,5,5,8,9,14,14,5,5,5,9,9,21,21,5,5,5,5,5,3,21,21,21,21,5,5,5,5,5,5,5,5,20,20,20,20,20,4,4,4,15,11,11,11,11,11,30,30,30,30,30,30,30,15,34,34,34,34,34,34,34,34,34,15,2,5,37,37,37,37,37,37,37,25,25,5,0,20,26,5,2,2,2,2,2,2,2,4,11,11,11,11,11,2,0,0,2,0,26,5,4,2,0,17,1,1,1,1,1,1,1,1,1,1,1,1,1,1,1,1,1,1,1,1,1,2,2,2,2,2,2,2,2,2,2,2,2,2,5,2,2,2,2,2,2,2,2,2,2,2,4,4,4,4,4,4,4,4,4,5,5,5,5,5,5,5,5,5,5,6,6,6,6,6,6,6,6,6,5,6,6,6,6,6,6,6,6,0,1,0,5,5,5,5,5,5,5,13,13,13,13,13,13,13,0,0,2,2,2,2,2,2,2,2,2,5,4,2,2,2,2,2,6,6,6,5,6,6,6,6,4,4,4,4,5,4,36,4,13,13,13,13,2,13,13,13,17,4,1,1,1,1,1,1,1,1,1,1,1,1,1,1,1,0,20,1,1,1,1,0,29,29,29,29,9,33,33,33,33,27,2,0,38,38,38,8,2,2,2,2,2,2,2,6,33,31,4,4,2,2,20,33,31,2,20,2,4,3,4,5,0,0,0,0,0,0,0,0,0,0,0,0,0,0,0,0,0,0,0,0,0,0,0,2,31,1,1,1,1,1,1,1,1,1,1,1,1,1,3,3,3,3,3,3,3,3,3,3,3,3,3,3,3,3,3,3,3,3,3,3,3,3,3,3,3,3,3,3,3,3,3,3,3,3,3,3,3,3,3,4,4,4,4,4,4,4,4,4,4,4,4,4,4,5,5,5,5,5,5,5,5,5,5,5,0,0,0,5,5,5,5,5,5,5,5,5,5,0,0,0,0,5,5,0,10,10,10,10,10,10,10,10,10,10,10,0,10,10,10,10,10,10,10,13,13,13,13,13,13,13,13,13,13,0,5,5,2,3,3,3,3,3,3,3,3,3,3,3,2,3,3,3,3,3,3,3,3,3,3,4,4,4,4,0,0,0,0,4,0,0,3,1,1,1,5,5,5,25,25,25,25,25,13,13,13,13,13,13,13,13,13,10,10,10,0,4,0,5,5,2,10,10,10,10,10,1,3,1,6,1,6,4,0,6,0,24,2,2,2,2,2,2,2,2,2,2,2,2,2,2,2,2,2,2,2,2,2,2,2,2,2,2,2,2,2,2,2,2,2,2,2,2,2,3,3,3,3,3,3,3,3,3,3,3,3,3,3,3,3,3,3,6,6,6,6,6,6,6,6,4,6,6,6,6,6,6,6,6,6,6,6,6,6,6,6,6,6,6,20,5,9,9,9,9,9,9,9,9,9,9,9,9,9,9,9,9,9,9,1,11,11,11,11,11,11,11,11,11,3,2,13,13,13,13,13,0,26,8,1,4,18,18,18,18,18,18,18,18,18,18,18,18,1,1,0,2,2,2,2,2,2,2,2,2,4,1,3,5,6,6,6,6,6,6,6,6,6,6,1,6,6,6,6,6,6,6,22,22,22,22,22,22,22,22,0,3,3,3,5,3,3,3,3,3,3,2,25,25,25,25,25,25,3,1,0,28,28,28,28,28,28,28,11,11,26,29,29,29,29,29,29,29,29,29,6,18,18,18,25,25,18,25,9,9,29,9,9,9,2,2,2,18,2,2,2,2,2,2,9,9,9,0,0,22,34,34,34,34,34,34,34,37,37,14,12,1,28,12,1,14,5,31,16,10,5,1,26,14,12,12,16,1,10,1,1,1,1,1,1,1,1,1,1,1,1,1,1,1,1,1,1,1,1,1,1,1,2,2,2,2,2,2,2,2,2,2,2,2,2,2,2,2,2,2,2,2,2,2,2,2,2,2,2,2,2,2,2,2,2,2,2,2,2,2,2,2,2,2,2,2,2,2,2,2,2,2,2,2,3,3,17,5,5,6,1,17,17,17,17,17,17,17,17,17,17,17,17,17,17,17,17,17,17,18,18,18,18,18,18,18,18,18,18,18,18,18,18,18,18,18,5,5,21,21,21,21,2,18,2,2,2,2,2,2,2,2,2,2,2,2,2,2,2,2,2,2,2,2,2,2,2,2,2,2,2,2,2,2,2,2,2,2,2,5,2,26,26,26,26,5,6,2,1,18,3,16,3,10,1,1,33,33,33,33,33,17,17,17,17,17,17,17,17,21,26,26,1,1,1,1,1,1,1,17,17,33,33,33,1,1,1,1,33,1,26,16,5,6,2,1,9,35,0,3,4,3,15,1,4,6,3,3,4,3,3,1,2,27,31,15,9,31,6,30,28,0,3,24,21,11,0,6,21,11,20,30,0,5,0,5,0,5,0,9,0,1,4,36,4,1,1,0,35,1,4,4,0,1,0,0,26,1,2,0,1,10,2,11,1,6,5,2,2,6,1,2,11,0,4,3,15,8,1,1,10,5,6,6,28,26,3,0,4,8,1,1,5,0,16,6,17,36


Missed people's location (Destination / Demand time) At 1439
A Station,	(P/317), (N/401), (F/596), (J/650), (B/668), (O/725), (I/729), (G/893), (M/1044), (Q/1113), (M/1130), (E/1151), (G/1226), (F/1262), (H/1316), (B/1318), (E/1318), (J/1323), (I/1403)
B Station,	(C/464), (Q/578), (P/607), (F/663), (H/664), (T/715), (W/837), (F/959), (C/971), (T/998), (F/1003), (O/1008), (G/1149), (S/1151), (R/1320), (S/1355)
C Station,	(O/170), (F/185), (R/329), (O/344), (L/360), (M/374), (R/419), (M/429), (F/585), (F/585), (F/585), (T/587), (S/590), (S/590), (S/590), (W/591), (W/591), (M/595), (M/595), (M/595), (M/595), (P/596), (P/596), (Q/599), (Q/599), (G/641), (G/641), (G/641), (G/641), (G/641), (G/641), (E/642), (E/642), (E/642), (E/642), (E/642), (F/645), (F/645), (T/647), (T/647), (T/648), (I/648), (I/648), (I/648), (I/648), (S/650), (W/651), (R/654), (R/654), (M/655), (P/656), (P/656), (P/656), (P/656), (P/656), (P/656), (Q/659), (Q/659), (Q/670), (F/705), (M/708), (M/708), (M/708), (M/708), (M/708), (F/710), (M/710), (M/710), (G/713), (G/713), (M/715), (M/715), (M/715), (M/715), (M/715), (N/725), (F/765), (F/765), (F/765), (F/765), (F/765), (F/765), (S/770), (S/770), (S/770), (R/774), (R/774), (R/774), (R/774), (M/775), (P/776), (P/776), (P/776), (P/776), (P/776), (Q/779), (Q/779), (Q/779), (Q/779), (Q/779), (I/828), (I/828), (S/830), (S/830), (M/830), (W/831), (W/831), (R/834), (R/834), (R/834), (M/835), (M/835), (M/835), (P/836), (P/836), (Q/839), (Q/839), (F/885), (F/885), (F/885), (F/885), (F/885), (U/894), (M/895), (M/895), (M/895), (M/895), (F/945), (M/955), (F/1005), (F/1005), (F/1005), (T/1007), (T/1007), (T/1007), (S/1010), (S/1010), (P/1016), (P/1016), (Q/1019), (B/1036), (E/1062), (E/1062), (E/1062), (E/1062), (F/1065), (F/1065), (F/1065), (I/1068), (I/1068), (S/1070), (S/1070), (W/1071), (W/1071), (W/1071), (R/1074), (M/1075), (M/1075), (P/1076), (P/1076), (P/1076), (W/1087), (F/1125), (F/1125), (F/1125), (F/1125), (F/1125), (M/1128), (M/1128), (M/1128), (M/1128), (M/1128), (M/1135), (R/1182), (F/1185), (S/1190), (R/1194), (M/1195), (M/1195), (M/1195), (M/1195), (P/1196), (P/1196), (P/1196), (P/1196), (P/1196), (Q/1199), (Q/1199), (B/1248), (Q/1334)
D Station,	(O/322), (A/450), (M/579), (H/645), (L/659), (N/661), (F/719), (U/728), (V/769), (B/894), (T/898), (O/906), (S/921), (W/923), (T/928), (O/1005), (B/1031), (C/1075), (T/1088), (M/1120), (M/1312), (O/1418)
E Station,	(L/152), (J/167), (D/220), (O/390), (B/491), (J/500), (F/581), (F/581), (C/582), (C/582), (T/583), (T/583), (T/583), (S/586), (R/590), (R/590), (R/590), (R/590), (R/590), (M/591), (M/591), (M/591), (M/591), (Q/595), (Q/595), (Q/595), (C/612), (F/641), (F/641), (F/641), (F/641), (C/642), (T/643), (T/643), (T/643), (G/643), (G/643), (T/643), (S/646), (S/646), (W/647), (R/650), (R/650), (R/650), (R/650), (R/650), (R/650), (I/650), (R/650), (I/650), (I/650), (M/651), (M/651), (P/652), (P/652), (Q/655), (Q/655), (Q/655), (Q/655), (F/674), (F/701), (F/701), (F/701), (C/702), (M/711), (F/761), (F/761), (R/770), (R/770), (R/770), (M/771), (M/771), (M/771), (M/771), (P/772), (P/772), (P/772), (Q/775), (Q/775), (Q/775), (Q/775), (Q/775), (C/822), (S/826), (S/826), (S/826), (S/826), (S/826), (W/827), (W/827), (W/827), (R/830), (R/830), (R/830), (M/831), (M/831), (P/832), (P/832), (P/832), (M/832), (M/832), (M/832), (Q/835), (Q/835), (Q/835), (Q/835), (O/862), (C/863), (L/879), (F/881), (F/881), (F/881), (F/881), (F/881), (C/882), (C/882), (C/882), (M/891), (M/891), (M/891), (M/891), (U/900), (F/921), (F/941), (F/941), (C/942), (C/942), (M/951), (P/952), (P/952), (B/957), (D/979), (K/986), (F/1001), (F/1001), (F/1001), (F/1001), (F/1001), (F/1001), (C/1002), (C/1002), (C/1002), (T/1003), (T/1003), (T/1003), (S/1006), (S/1006), (S/1006), (W/1007), (W/1007), (W/1007), (R/1010), (R/1010), (R/1010), (M/1011), (M/1011), (M/1011), (B/1012), (P/1012), (P/1012), (P/1012), (P/1012), (P/1012), (Q/1015), (Q/1015), (F/1026), (F/1061), (F/1061), (F/1061), (F/1061), (F/1061), (C/1062), (C/1062), (G/1063), (T/1063), (T/1063), (T/1063), (T/1063), (G/1063), (T/1063), (O/1063), (S/1066), (S/1066), (S/1066), (S/1066), (W/1067), (W/1067), (W/1067), (I/1070), (R/1070), (R/1070), (R/1070), (R/1070), (M/1071), (M/1071), (M/1071), (M/1071), (P/1072), (Q/1075), (Q/1075), (Q/1099), (D/1110), (O/1116), (F/1121), (M/1131), (M/1131), (M/1131), (M/1142), (F/1151), (F/1181), (C/1182), (C/1182), (T/1183), (T/1183), (T/1183), (T/1183), (W/1187), (W/1187), (W/1187), (R/1190), (R/1190), (T/1190), (T/1190), (T/1190), (M/1191), (M/1191), (M/1191), (T/1191), (T/1191), (P/1192), (P/1192), (P/1192), (C/1199), (C/1199), (C/1199), (C/1199), (H/1244), (O/1325), (N/1369), (W/1407), (S/1409)
F Station,	(E/229), (R/232), (N/331), (Q/331), (R/449), (U/471), (K/555), (M/573), (T/586), (T/586), (T/586), (M/588), (M/588), (M/588), (M/588), (S/589), (W/590), (W/590), (W/590), (R/593), (P/595), (P/595), (P/595), (P/595), (P/595), (Q/598), (O/612), (M/621), (C/645), (C/645), (C/645), (T/646), (G/646), (G/646), (G/646), (M/648), (M/648), (M/648), (M/648), (S/649), (S/649), (S/649), (W/650), (W/650), (W/650), (I/653), (I/653), (Q/658), (Q/658), (Q/658), (Q/658), (O/660), (V/683), (T/706), (S/709), (S/709), (S/709), (R/713), (R/713), (R/713), (R/713), (D/724), (O/733), (M/768), (M/768), (M/768), (M/768), (P/775), (P/775), (P/775), (G/800), (E/821), (E/821), (E/821), (G/826), (T/826), (G/826), (T/826), (T/826), (T/826), (T/826), (T/826), (G/826), (T/826), (T/826), (M/828), (M/828), (M/828), (M/828), (S/829), (S/829), (S/829), (W/830), (W/830), (R/833), (R/833), (I/833), (I/833), (I/833), (P/835), (P/835), (P/835), (P/835), (P/835), (P/835), (Q/838), (Q/838), (Q/838), (Q/838), (R/860), (G/880), (E/881), (A/884), (T/886), (G/886), (T/886), (T/886), (G/886), (M/888), (M/888), (M/888), (M/888), (M/888), (S/889), (S/889), (W/890), (W/890), (I/893), (I/893), (I/893), (R/893), (R/893), (R/893), (I/893), (R/893), (I/893), (R/893), (I/893), (P/895), (P/895), (C/897), (Q/898), (Q/898), (J/910), (T/946), (T/946), (T/946), (T/946), (M/948), (M/948), (M/948), (S/949), (S/949), (S/949), (S/949), (S/949), (R/953), (R/953), (R/953), (P/955), (P/955), (P/955), (P/955), (P/955), (P/955), (P/955), (Q/958), (Q/958), (Q/958), (G/963), (O/967), (M/984), (T/1006), (T/1006), (M/1008), (M/1008), (S/1009), (S/1009), (S/1009), (S/1009), (P/1015), (P/1015), (Q/1018), (Q/1018), (E/1061), (C/1065), (C/1065), (C/1065), (G/1066), (T/1066), (G/1066), (M/1068), (M/1068), (M/1068), (M/1068), (M/1068), (S/1069), (W/1070), (R/1073), (I/1073), (I/1073), (I/1073), (I/1073), (I/1073), (I/1073), (R/1073), (I/1073), (I/1073), (P/1075), (P/1075), (P/1075), (P/1075), (P/1075), (Q/1078), (Q/1078), (N/1090), (N/1105), (T/1126), (T/1126), (T/1126), (S/1128), (S/1129), (S/1129), (S/1129), (S/1129), (R/1133), (R/1133), (R/1133), (R/1133), (R/1133), (P/1135), (Q/1138), (K/1149), (J/1168), (Q/1182), (M/1188), (P/1195), (P/1195), (N/1249), (L/1275), (K/1321), (S/1326), (O/1372)
G Station,	(C/395), (O/397), (C/581), (C/581), (T/584), (F/586), (F/586), (F/586), (F/586), (S/587), (S/587), (S/587), (W/588), (W/588), (W/588), (W/588), (W/588), (R/591), (R/591), (R/591), (R/591), (R/591), (R/591), (R/591), (P/593), (P/593), (P/593), (P/593), (M/596), (M/596), (Q/596), (M/596), (A/610), (D/623), (B/624), (A/625), (C/641), (E/643), (E/643), (E/643), (J/660), (S/668), (F/693), (C/701), (C/701), (C/701), (C/701), (C/701), (E/703), (F/706), (F/706), (C/761), (C/761), (E/763), (T/764), (T/764), (F/766), (F/766), (F/766), (R/771), (R/771), (R/771), (R/771), (P/773), (P/773), (P/773), (P/773), (M/776), (M/776), (M/776), (Q/776), (Q/776), (M/776), (T/814), (F/821), (F/821), (F/821), (T/823), (T/823), (T/823), (T/823), (T/823), (T/824), (T/824), (T/824), (I/825), (I/825), (I/825), (T/825), (T/825), (F/825), (F/825), (F/826), (F/826), (S/827), (S/827), (S/827), (S/827), (T/827), (T/827), (W/828), (W/828), (W/828), (I/830), (I/830), (R/831), (R/831), (P/833), (P/833), (Q/836), (Q/836), (Q/836), (Q/836), (M/836), (V/840), (S/850), (C/881), (E/883), (E/883), (E/883), (E/883), (E/883), (F/886), (F/886), (F/902), (D/903), (C/909), (U/912), (C/941), (C/941), (C/941), (C/941), (C/941), (E/943), (F/946), (F/946), (P/953), (M/956), (M/956), (C/1001), (F/1006), (F/1006), (F/1006), (S/1007), (S/1007), (S/1007), (W/1008), (W/1008), (W/1008), (W/1008), (W/1008), (R/1011), (R/1011), (R/1011), (R/1011), (R/1011), (P/1013), (Q/1016), (M/1016), (M/1016), (M/1016), (Q/1016), (Q/1016), (Q/1016), (Q/1016), (L/1018), (C/1019), (C/1061), (C/1061), (C/1061), (E/1063), (E/1063), (F/1066), (F/1089), (B/1102), (C/1121), (C/1121), (E/1123), (E/1123), (E/1123), (E/1123), (E/1123), (E/1123), (F/1126), (F/1126), (F/1126), (D/1129), (T/1155), (W/1160), (U/1169), (E/1178), (V/1179), (C/1181), (C/1181), (C/1181), (E/1183), (E/1183), (T/1184), (T/1184), (T/1184), (F/1186), (F/1186), (F/1186), (R/1191), (R/1191), (P/1193), (P/1193), (M/1196), (Q/1196), (M/1196), (M/1196), (M/1196), (D/1198), (F/1225), (D/1285), (K/1327), (E/1362), (D/1401), (A/1405)
H Station,	(V/178), (F/284), (E/303), (J/583), (F/734), (E/744), (L/759), (E/772), (N/930), (C/935), (N/947), (A/1008), (B/1045), (U/1075), (U/1083), (Q/1109), (A/1137), (B/1143), (R/1180), (D/1184), (A/1250), (G/1270), (Q/1347), (L/1371), (J/1419), (P/1425)
I Station,	(H/415), (F/512), (A/562), (G/585), (G/585), (G/585), (G/585), (C/588), (C/588), (C/588), (C/588), (R/590), (R/590), (E/590), (R/590), (E/590), (E/590), (T/591), (T/591), (T/591), (T/591), (T/591), (T/591), (T/591), (F/593), (S/594), (S/594), (M/603), (M/603), (M/603), (M/603), (M/603), (M/603), (M/603), (G/623), (G/645), (G/645), (G/645), (G/645), (G/645), (C/648), (C/648), (C/648), (E/650), (E/650), (E/650), (E/650), (E/650), (F/653), (F/653), (E/683), (Q/689), (G/705), (G/705), (G/705), (G/705), (G/705), (C/708), (F/713), (C/768), (C/768), (C/768), (Q/769), (Q/769), (E/770), (P/772), (P/772), (P/772), (U/808), (G/825), (G/825), (W/827), (W/827), (W/827), (W/827), (W/827), (W/827), (W/827), (C/828), (C/828), (C/828), (C/828), (Q/829), (Q/829), (Q/829), (Q/829), (Q/829), (Q/829), (A/829), (E/830), (E/830), (E/830), (R/830), (E/830), (T/831), (T/831), (T/831), (T/831), (T/831), (P/832), (P/832), (F/833), (F/833), (F/833), (F/833), (F/833), (S/834), (S/834), (S/834), (C/843), (M/843), (M/843), (M/843), (G/885), (G/885), (G/885), (G/885), (G/885), (G/885), (C/888), (C/888), (C/888), (C/888), (E/890), (E/890), (E/890), (F/893), (F/893), (F/893), (F/893), (F/893), (F/893), (F/893), (E/939), (E/941), (G/945), (C/948), (C/948), (C/948), (C/948), (E/950), (E/950), (E/950), (M/963), (M/963), (O/969), (F/983), (G/1005), (G/1005), (T/1005), (W/1007), (W/1007), (W/1007), (W/1007), (W/1007), (W/1007), (C/1008), (C/1008), (Q/1009), (Q/1009), (R/1010), (R/1010), (E/1010), (R/1010), (L/1010), (T/1011), (P/1012), (P/1012), (F/1013), (F/1013), (F/1013), (F/1013), (S/1014), (S/1014), (S/1014), (S/1014), (M/1023), (M/1023), (M/1023), (M/1023), (B/1055), (G/1065), (G/1065), (G/1065), (G/1065), (G/1065), (G/1065), (C/1068), (C/1068), (C/1068), (C/1068), (C/1068), (E/1070), (L/1091), (B/1108), (G/1125), (G/1125), (C/1128), (E/1130), (E/1130), (E/1130), (G/1132), (F/1133), (F/1133), (F/1133), (V/1169), (P/1172), (G/1185), (G/1185), (G/1185), (G/1185), (G/1185), (C/1188), (C/1188), (C/1188), (C/1188), (Q/1189), (Q/1189), (Q/1189), (Q/1189), (Q/1189), (E/1190), (R/1190), (E/1190), (E/1190), (P/1192), (P/1192), (P/1192), (P/1192), (P/1193), (F/1193), (F/1193), (F/1193), (F/1193), (F/1193), (F/1193), (M/1203), (M/1203), (M/1203), (N/1256), (E/1275), (V/1277), (U/1315), (D/1379)
J Station,	(I/265), (B/466), (N/528), (E/535), (H/595), (A/604), (B/629), (H/646), (H/648), (I/654), (A/666), (G/689), (B/720), (G/761), (N/777), (U/837), (C/844), (O/848), (A/878), (L/880), (B/928), (M/940), (M/951), (U/1017), (A/1018), (G/1046), (H/1047), (M/1108), (C/1126), (U/1176), (A/1220), (B/1221), (D/1223), (R/1260), (A/1291), (E/1327), (G/1357), (H/1409)
K Station,	(A/99), (E/162), (D/261), (J/362), (E/405), (P/522), (J/604), (U/632), (L/760), (R/765), (H/771), (F/795), (P/832), (P/860), (L/862), (D/880), (H/925), (J/953), (I/1001), (S/1012), (J/1028), (M/1034), (F/1045), (H/1162), (Q/1280), (F/1282), (J/1298), (P/1361)
L Station,	(C/303), (T/465), (U/631), (C/644), (B/711), (V/719), (C/730), (J/747), (M/805), (U/805), (W/833), (B/885), (E/896), (K/903), (A/961), (S/990), (P/1026), (F/1041), (M/1046), (T/1158), (R/1352)
M Station,	(S/80), (V/240), (W/297), (V/454), (K/460), (W/468), (S/588), (S/588), (S/588), (P/590), (P/590), (T/591), (T/591), (T/591), (R/592), (R/592), (R/592), (R/592), (R/592), (Q/593), (Q/593), (Q/593), (Q/593), (P/613), (R/615), (S/618), (C/631), (S/648), (S/648), (S/648), (S/648), (S/648), (T/651), (E/651), (E/651), (E/651), (E/651), (T/651), (T/651), (T/651), (E/651), (T/651), (R/652), (R/652), (R/652), (Q/653), (Q/653), (Q/653), (Q/653), (Q/653), (W/655), (W/655), (G/656), (I/663), (I/663), (I/663), (I/663), (I/663), (T/703), (S/708), (S/708), (F/708), (E/711), (T/711), (E/711), (E/711), (E/711), (E/711), (E/711), (T/711), (T/711), (R/712), (R/712), (C/715), (C/715), (C/715), (C/715), (C/715), (C/715), (G/716), (G/716), (G/716), (G/716), (B/720), (S/768), (S/768), (P/770), (P/770), (P/770), (T/771), (T/771), (T/771), (T/771), (Q/773), (T/775), (R/794), (U/810), (S/828), (S/828), (S/828), (S/828), (S/828), (T/831), (T/831), (R/832), (R/832), (R/832), (Q/833), (Q/833), (Q/833), (W/835), (W/835), (S/888), (F/888), (F/888), (S/888), (F/888), (F/888), (F/888), (U/891), (R/892), (C/895), (G/896), (G/896), (G/896), (K/911), (N/918), (S/948), (S/948), (S/948), (S/948), (S/948), (P/950), (P/950), (T/951), (R/952), (Q/953), (S/1008), (P/1010), (P/1010), (P/1010), (T/1011), (T/1011), (T/1011), (T/1011), (T/1011), (Q/1013), (Q/1013), (V/1019), (S/1068), (P/1070), (P/1070), (T/1071), (E/1071), (E/1071), (E/1071), (E/1071), (E/1071), (T/1071), (R/1072), (R/1072), (R/1072), (Q/1073), (Q/1073), (Q/1073), (W/1075), (W/1075), (G/1076), (G/1076), (I/1083), (I/1083), (I/1083), (I/1083), (V/1100), (F/1128), (S/1128), (F/1128), (S/1128), (S/1128), (S/1128), (P/1130), (P/1130), (P/1130), (T/1131), (R/1132), (R/1132), (Q/1133), (Q/1133), (Q/1133), (Q/1133), (W/1135), (W/1135), (W/1135), (G/1136), (G/1136), (G/1136), (I/1143), (I/1143), (I/1143), (W/1163), (V/1165), (S/1188), (P/1190), (P/1190), (R/1192), (R/1192)
N Station,	(W/124), (C/146), (O/294), (P/343), (M/606), (G/770), (T/796), (B/865), (T/900), (H/907), (S/914), (W/916), (V/924), (W/979), (T/998), (P/1025), (B/1032), (G/1123), (K/1152), (E/1155), (S/1231), (V/1233), (M/1289), (T/1298), (K/1350)
O Station,	(Q/84), (J/127), (W/154), (S/241), (L/376), (S/539), (K/583), (W/720), (L/745), (P/764), (V/833), (P/964), (B/1040), (N/1047), (Q/1056), (L/1133), (L/1143), (J/1218), (B/1223), (I/1243), (S/1253), (K/1313), (Q/1329), (R/1373), (E/1377), (G/1407)
P Station,	(C/102), (K/315), (V/412), (K/413), (T/509), (G/530), (R/580), (R/580), (R/580), (Q/581), (Q/581), (W/583), (W/583), (W/583), (W/583), (W/583), (W/583), (W/583), (S/584), (S/584), (S/584), (S/584), (S/584), (T/587), (T/587), (T/587), (T/587), (I/592), (I/592), (R/640), (Q/641), (Q/641), (Q/641), (Q/641), (Q/641), (E/641), (E/641), (E/641), (W/643), (W/643), (S/644), (S/644), (S/644), (T/647), (T/647), (E/652), (I/652), (I/652), (I/652), (I/652), (G/653), (G/653), (R/653), (R/653), (R/653), (R/685), (R/700), (R/700), (V/702), (S/704), (T/707), (T/707), (T/707), (T/707), (T/707), (T/707), (E/712), (E/712), (E/712), (E/712), (F/715), (F/715), (F/715), (F/715), (F/715), (R/734), (V/735), (R/760), (R/760), (Q/761), (Q/761), (Q/761), (Q/761), (W/763), (W/763), (W/763), (W/763), (S/764), (I/772), (I/772), (R/820), (R/820), (Q/821), (Q/821), (Q/821), (Q/821), (W/822), (W/823), (W/823), (S/824), (S/824), (S/824), (T/827), (T/827), (I/832), (I/832), (I/838), (J/845), (R/850), (R/874), (R/880), (R/880), (R/880), (W/883), (W/883), (S/884), (H/885), (T/887), (T/887), (T/887), (T/887), (T/890), (T/890), (T/890), (T/890), (E/891), (E/891), (E/891), (I/892), (I/892), (I/892), (I/892), (G/893), (G/893), (E/895), (C/896), (C/896), (C/896), (R/940), (R/940), (R/940), (R/940), (R/940), (R/940), (W/943), (W/943), (W/943), (W/943), (W/943), (W/943), (S/944), (S/944), (S/944), (N/947), (T/947), (T/947), (T/947), (T/947), (T/947), (T/947), (E/952), (I/952), (I/952), (E/952), (G/953), (G/953), (I/955), (E/955), (F/955), (F/955), (C/956), (U/957), (R/1000), (R/1000), (R/1000), (Q/1001), (Q/1001), (Q/1001), (Q/1001), (W/1003), (W/1003), (S/1004), (T/1007), (T/1007), (I/1012), (O/1049), (R/1060), (R/1060), (Q/1061), (W/1063), (W/1063), (W/1063), (W/1063), (W/1063), (S/1064), (T/1067), (I/1072), (I/1072), (I/1072), (E/1072), (E/1072), (G/1073), (G/1073), (G/1073), (G/1073), (G/1073), (H/1088), (W/1109), (R/1120), (R/1120), (R/1120), (Q/1121), (Q/1121), (Q/1121), (W/1123), (W/1123), (S/1124), (S/1124), (S/1124), (E/1125), (T/1127), (T/1127), (E/1132), (I/1132), (E/1132), (I/1132), (E/1132), (G/1133), (G/1133), (G/1133), (G/1133), (A/1134), (F/1135), (F/1135), (C/1136), (C/1136), (R/1180), (R/1180), (Q/1181), (Q/1181), (Q/1181), (Q/1181), (W/1183), (W/1183), (W/1183), (S/1184), (S/1184), (S/1184), (S/1184), (T/1187), (T/1187), (T/1187), (T/1187), (T/1187), (T/1187), (T/1187), (I/1192), (I/1192), (F/1213), (K/1234), (W/1258)
Q Station,	(M/101), (W/271), (T/366), (M/522), (R/583), (R/583), (R/583), (R/583), (W/586), (S/587), (S/587), (I/589), (I/589), (T/590), (T/590), (T/590), (V/613), (S/618), (R/643), (R/643), (W/646), (W/646), (W/646), (W/646), (S/647), (I/649), (I/649), (I/649), (T/650), (T/650), (T/650), (E/655), (E/655), (G/656), (G/656), (G/658), (R/703), (R/703), (R/703), (R/703), (W/703), (W/703), (W/703), (W/703), (W/706), (W/706), (S/707), (S/707), (I/709), (I/709), (I/709), (I/709), (T/710), (T/710), (T/710), (T/710), (I/712), (I/712), (E/715), (E/715), (E/715), (G/716), (G/716), (G/716), (F/718), (F/718), (F/718), (C/719), (C/719), (C/719), (C/719), (P/761), (R/763), (W/766), (W/766), (W/766), (S/767), (S/767), (S/767), (I/769), (I/769), (T/770), (T/770), (T/770), (M/773), (M/773), (M/773), (M/773), (M/773), (G/776), (G/776), (F/778), (F/778), (C/779), (C/779), (E/813), (R/823), (R/823), (R/823), (R/823), (R/823), (R/823), (W/826), (W/826), (S/827), (I/829), (I/829), (I/829), (I/829), (T/830), (T/830), (S/848), (O/869), (R/883), (R/883), (R/883), (R/883), (W/886), (W/886), (W/886), (S/887), (S/887), (S/887), (I/889), (I/889), (W/891), (G/896), (C/899), (C/899), (W/946), (W/946), (W/946), (W/946), (W/946), (S/947), (I/949), (I/949), (T/950), (M/953), (M/953), (M/953), (M/953), (E/955), (G/956), (G/956), (C/959), (C/959), (R/1003), (R/1003), (R/1003), (R/1003), (W/1006), (W/1006), (S/1007), (I/1009), (I/1009), (I/1009), (I/1009), (S/1010), (T/1010), (K/1055), (H/1061), (R/1063), (R/1063), (R/1063), (R/1063), (W/1066), (S/1067), (S/1067), (S/1067), (S/1067), (E/1075), (G/1076), (G/1076), (G/1076), (G/1076), (R/1123), (R/1123), (W/1126), (S/1127), (S/1127), (I/1129), (T/1130), (T/1130), (J/1131), (E/1135), (E/1135), (E/1135), (G/1136), (F/1138), (F/1138), (F/1138), (F/1138), (F/1138), (C/1139), (C/1139), (C/1139), (S/1145), (H/1150), (J/1165), (P/1181), (P/1181), (P/1181), (P/1181), (R/1183), (R/1183), (R/1183), (W/1186), (W/1186), (W/1186), (S/1187), (S/1187), (I/1189), (I/1189), (I/1189), (I/1189), (M/1193), (M/1193), (M/1193), (M/1193), (M/1193), (G/1196), (G/1196), (F/1198), (F/1198), (H/1266), (D/1283), (E/1291), (E/1375), (S/1420), (T/1429)
R Station,	(T/171), (F/192), (I/296), (C/377), (U/477), (I/499), (W/581), (W/581), (W/581), (S/582), (S/582), (T/585), (T/585), (T/585), (T/585), (V/590), (E/590), (I/590), (E/590), (I/590), (I/590), (G/591), (G/591), (G/591), (A/625), (C/631), (W/641), (W/641), (S/642), (S/642), (T/645), (T/645), (T/645), (T/645), (T/645), (I/650), (I/650), (I/650), (E/650), (I/650), (G/651), (J/671), (J/678), (W/701), (W/701), (W/701), (W/701), (W/701), (S/702), (S/702), (S/702), (T/705), (T/705), (E/710), (E/710), (I/710), (G/711), (G/711), (G/711), (F/713), (C/714), (C/714), (C/714), (P/760), (P/760), (P/760), (P/760), (W/761), (U/761), (S/762), (S/762), (S/762), (S/762), (Q/763), (Q/763), (Q/763), (T/765), (T/765), (T/765), (G/765), (G/765), (V/768), (E/770), (E/770), (E/770), (G/771), (G/771), (G/771), (G/771), (M/772), (F/773), (F/773), (F/773), (C/774), (M/783), (M/783), (U/797), (W/821), (W/821), (S/822), (S/822), (S/822), (I/830), (I/830), (U/838), (W/881), (W/881), (S/882), (S/882), (T/885), (T/885), (I/890), (E/890), (I/890), (I/890), (E/890), (I/890), (G/891), (C/894), (P/940), (W/941), (W/941), (S/942), (S/942), (S/942), (S/942), (S/942), (T/945), (T/945), (T/945), (T/945), (I/950), (E/950), (I/950), (E/950), (I/950), (G/951), (G/951), (G/951), (G/951), (G/951), (G/951), (F/953), (F/953), (F/953), (F/953), (F/953), (F/953), (F/953), (F/958), (W/1001), (W/1001), (W/1001), (S/1002), (S/1002), (T/1005), (T/1005), (T/1005), (T/1005), (T/1005), (T/1005), (T/1005), (I/1010), (I/1010), (E/1010), (G/1011), (G/1011), (G/1011), (G/1011), (W/1011), (W/1011), (I/1013), (I/1013), (I/1013), (I/1013), (I/1013), (I/1021), (F/1035), (W/1061), (W/1061), (W/1061), (S/1062), (S/1062), (S/1062), (S/1062), (S/1062), (G/1071), (G/1071), (W/1121), (T/1125), (T/1125), (E/1130), (I/1130), (I/1130), (E/1130), (I/1130), (G/1131), (G/1131), (G/1131), (G/1131), (F/1133), (F/1133), (C/1134), (C/1134), (C/1134), (E/1169), (P/1180), (P/1180), (W/1181), (W/1181), (S/1182), (S/1182), (S/1182), (S/1182), (S/1182), (S/1182), (Q/1183), (Q/1183), (K/1184), (T/1185), (T/1185), (T/1185), (T/1185), (E/1190), (I/1190), (I/1190), (E/1190), (I/1190), (E/1190), (I/1190), (E/1190), (E/1190), (I/1190), (E/1190), (G/1191), (G/1191), (G/1191), (M/1192), (M/1192), (M/1192), (F/1193), (F/1193), (F/1193), (F/1193), (C/1194), (C/1194), (C/1194), (K/1221), (P/1271), (C/1308), (K/1364), (D/1391)
S Station,	(H/73), (N/98), (L/98), (D/109), (F/120), (K/167), (A/225), (R/264), (D/279), (R/506), (I/564), (T/581), (T/581), (W/585), (W/585), (W/585), (W/585), (W/585), (E/586), (E/586), (E/586), (G/587), (G/587), (G/587), (C/590), (C/590), (I/594), (I/594), (I/594), (W/619), (T/641), (T/641), (T/641), (T/641), (T/641), (W/645), (E/646), (E/646), (E/646), (E/646), (E/646), (G/647), (G/647), (C/650), (C/650), (C/650), (I/654), (I/654), (I/654), (I/654), (Q/693), (W/705), (W/705), (W/705), (E/706), (E/706), (G/707), (G/707), (G/707), (M/708), (M/708), (M/708), (F/709), (F/709), (F/709), (C/710), (C/710), (C/710), (C/710), (I/714), (I/714), (I/714), (I/714), (I/714), (H/759), (T/761), (T/761), (T/761), (R/762), (R/762), (R/762), (R/762), (R/762), (P/764), (P/764), (P/764), (W/765), (W/765), (W/765), (G/767), (G/767), (Q/767), (Q/767), (Q/767), (Q/767), (G/767), (M/768), (M/768), (M/768), (F/769), (F/769), (C/770), (C/770), (C/770), (B/770), (Q/772), (A/786), (W/825), (W/825), (W/825), (E/826), (E/826), (E/826), (G/827), (G/827), (G/827), (C/830), (C/830), (C/830), (C/830), (C/830), (I/834), (I/834), (I/850), (E/862), (H/879), (T/881), (W/885), (W/885), (W/885), (W/885), (E/886), (E/886), (C/886), (G/887), (W/888), (F/889), (C/890), (C/890), (C/890), (C/890), (I/894), (H/938), (T/941), (P/944), (W/945), (E/946), (E/946), (G/947), (G/947), (M/948), (F/949), (F/949), (F/949), (C/950), (C/950), (C/950), (I/954), (I/954), (I/954), (I/954), (I/954), (F/959), (T/999), (T/1001), (W/1005), (W/1005), (E/1006), (E/1006), (E/1006), (E/1006), (E/1006), (G/1007), (G/1007), (C/1010), (C/1010), (D/1013), (I/1014), (I/1014), (I/1014), (I/1014), (I/1014), (I/1014), (N/1019), (F/1044), (T/1061), (W/1065), (W/1065), (W/1065), (W/1065), (E/1066), (E/1066), (G/1067), (C/1070), (C/1070), (C/1070), (C/1070), (I/1074), (I/1074), (I/1074), (I/1074), (K/1079), (D/1094), (W/1116), (T/1121), (T/1121), (T/1121), (T/1121), (W/1125), (W/1125), (W/1125), (E/1126), (G/1127), (G/1127), (G/1127), (M/1128), (M/1128), (M/1128), (M/1128), (F/1129), (F/1129), (C/1130), (C/1130), (C/1130), (I/1134), (I/1134), (I/1134), (T/1181), (R/1182), (R/1182), (R/1182), (R/1182), (R/1182), (R/1182), (P/1184), (W/1185), (W/1185), (E/1186), (G/1187), (G/1187), (G/1187), (Q/1187), (G/1187), (G/1187), (Q/1187), (M/1188), (M/1188), (F/1189), (F/1189), (C/1190), (I/1194), (I/1194), (K/1296), (U/1347), (L/1370), (T/1387)
T Station,	(J/100), (K/376), (R/502), (F/504), (G/507), (S/581), (W/582), (W/582), (W/582), (W/582), (E/583), (E/583), (E/583), (G/584), (G/584), (G/584), (R/585), (R/585), (C/587), (P/587), (P/587), (P/587), (Q/590), (Q/590), (Q/590), (Q/590), (Q/590), (Q/590), (M/591), (I/591), (I/591), (I/591), (M/591), (N/606), (U/617), (B/619), (W/642), (W/642), (W/642), (W/642), (E/643), (E/643), (E/643), (G/644), (G/644), (C/647), (W/648), (I/651), (I/651), (W/702), (W/702), (W/702), (W/702), (E/703), (F/706), (F/706), (F/706), (F/706), (F/706), (C/707), (C/707), (C/707), (F/710), (I/711), (I/711), (I/711), (D/724), (S/761), (S/761), (W/762), (W/762), (E/763), (E/763), (E/763), (E/763), (G/764), (G/764), (R/765), (R/765), (R/765), (R/765), (R/765), (C/767), (P/767), (C/767), (C/767), (P/767), (Q/770), (Q/770), (I/771), (M/771), (M/771), (M/771), (I/771), (M/771), (U/790), (J/790), (I/807), (W/822), (W/822), (W/822), (E/823), (E/823), (E/823), (E/823), (E/823), (G/824), (G/824), (C/827), (C/827), (I/831), (I/831), (I/831), (I/831), (E/865), (W/882), (W/882), (E/883), (E/883), (E/883), (E/883), (E/883), (E/883), (E/883), (E/883), (G/884), (G/884), (F/886), (F/886), (F/886), (C/887), (C/887), (C/887), (C/887), (I/891), (I/891), (I/891), (W/942), (W/942), (W/942), (W/942), (E/943), (E/943), (E/943), (E/943), (E/943), (G/944), (G/944), (G/944), (G/944), (F/946), (F/946), (F/946), (F/946), (F/946), (C/947), (C/947), (P/947), (P/947), (P/947), (P/947), (C/947), (I/951), (M/951), (M/951), (M/951), (G/968), (S/1001), (S/1001), (W/1002), (E/1003), (E/1003), (E/1003), (E/1003), (E/1003), (G/1004), (G/1004), (R/1005), (R/1005), (R/1005), (R/1005), (P/1007), (P/1007), (P/1007), (P/1007), (P/1007), (P/1007), (P/1007), (Q/1010), (M/1011), (I/1011), (I/1011), (I/1011), (I/1011), (I/1011), (I/1011), (M/1011), (M/1011), (M/1011), (M/1011), (K/1024), (W/1062), (W/1062), (W/1062), (W/1062), (W/1062), (W/1062), (W/1062), (E/1063), (E/1063), (E/1063), (G/1064), (G/1064), (G/1064), (G/1064), (G/1064), (G/1064), (C/1067), (C/1067), (I/1069), (I/1070), (I/1070), (I/1070), (I/1071), (I/1071), (F/1073), (I/1077), (F/1078), (F/1078), (W/1122), (W/1122), (W/1122), (A/1122), (E/1123), (E/1123), (E/1123), (E/1123), (E/1123), (G/1124), (G/1124), (G/1124), (G/1124), (G/1124), (F/1126), (F/1126), (M/1131), (I/1131), (I/1131), (I/1131), (I/1131), (M/1131), (E/1150), (S/1181), (S/1181), (E/1183), (R/1185), (R/1185), (F/1186), (F/1186), (F/1186), (P/1187), (C/1187), (C/1187), (Q/1190), (Q/1190), (Q/1190), (M/1191), (M/1191), (I/1191), (M/1191), (M/1191), (M/1191), (I/1191), (W/1341), (H/1345), (H/1405)
U Station,	(N/96), (D/135), (W/486), (D/640), (K/727), (O/769), (F/780), (Q/824), (E/954), (F/1017), (N/1036), (E/1112), (K/1157), (J/1238), (S/1247), (M/1352), (Q/1423)
V Station,	(R/246), (T/272), (W/278), (J/326), (E/482), (I/522), (H/601), (K/602), (I/620), (T/653), (G/698), (C/700), (B/705), (H/791), (P/845), (U/857), (G/877), (D/894), (H/925), (I/929), (E/942), (B/971), (R/995), (Q/1021), (H/1038), (S/1099), (E/1113), (L/1113), (U/1114), (D/1241), (H/1274), (U/1321), (G/1380)
W Station,	(C/78), (P/106), (F/262), (R/431), (Q/513), (I/521), (A/536), (H/551), (R/581), (R/581), (R/581), (T/582), (P/583), (S/585), (S/585), (S/585), (Q/586), (Q/586), (E/587), (G/588), (G/588), (G/588), (Q/589), (Q/589), (Q/589), (Q/589), (Q/589), (Q/589), (F/590), (F/590), (F/590), (C/591), (C/591), (C/591), (C/591), (P/592), (P/592), (M/595), (C/645), (I/647), (E/647), (E/647), (I/647), (E/647), (G/648), (G/648), (I/650), (C/651), (C/651), (J/652), (C/662), (L/685), (E/691), (I/707), (E/707), (I/707), (I/707), (I/707), (E/707), (I/707), (I/707), (E/707), (E/707), (I/707), (G/708), (F/710), (F/710), (F/710), (F/710), (C/711), (R/761), (R/761), (T/762), (T/762), (T/762), (T/762), (P/763), (P/763), (P/763), (P/763), (S/765), (Q/766), (Q/766), (Q/766), (Q/766), (Q/766), (Q/766), (Q/766), (E/767), (I/767), (E/767), (G/768), (G/768), (F/770), (C/771), (M/775), (M/775), (M/775), (E/827), (I/827), (E/827), (I/827), (E/827), (E/827), (C/831), (C/831), (C/831), (C/831), (C/831), (C/832), (D/843), (P/849), (I/860), (A/863), (I/887), (I/887), (I/887), (I/887), (E/887), (I/887), (G/888), (G/888), (G/888), (G/888), (C/891), (C/891), (P/943), (P/943), (P/943), (I/947), (E/947), (G/948), (F/950), (F/950), (C/951), (M/955), (M/955), (R/1001), (T/1002), (P/1003), (P/1003), (P/1003), (S/1005), (S/1005), (Q/1006), (Q/1006), (Q/1006), (I/1007), (I/1007), (E/1007), (I/1007), (G/1008), (G/1008), (G/1008), (F/1010), (F/1010), (F/1010), (C/1011), (C/1011), (C/1011), (C/1011), (C/1011), (C/1011), (M/1015), (E/1067), (E/1067), (E/1067), (E/1067), (I/1067), (G/1068), (G/1068), (G/1068), (G/1068), (C/1071), (C/1071), (C/1071), (C/1071), (S/1101), (E/1127), (E/1127), (I/1127), (E/1127), (E/1127), (E/1127), (G/1128), (F/1130), (C/1131), (C/1131), (C/1131), (R/1181), (R/1181), (R/1181), (R/1181), (T/1182), (T/1182), (S/1183), (V/1184), (S/1185), (S/1185), (S/1185), (Q/1186), (Q/1186), (J/1187), (E/1187), (E/1187), (I/1187), (I/1187), (I/1187), (E/1187), (G/1188), (G/1188), (G/1188), (F/1190), (F/1190), (F/1190), (C/1191), (C/1191), (C/1191), (M/1195), (M/1195), (M/1195), (M/1195), (M/1195), (G/1269), (L/1284), (L/1295), (E/1382), (K/1393), (J/1415), (H/1423)
