AGreedy EX	Serviced: 2912, Unfair: 0, UserN :4500
Shuttle0,	0,0,0,0,0,0,0,0,0,0,0,0,0,0,0,0,0,0,0,0,0,0,0,0,0,0,0,0,0,0,0,0,0,0,0,0,0,0,0,0,0,0,0,0,0,0,0,0,0,0,0,0,0,0,0,0,0,0,0,0,0,0,0,0,0,0,0,0,0,0,0,0,0,0,0,0,0,0,0,0,0,0,0,0,0,0,0,0,0,0,0,0,0,0,0,0,0,0,0,0,0,0,0,0,0,0,0,0,0,0,0,0,0,0,0,0,0,0,0,0,0,0,0,0,0,0,0,0,0,0,0,0,0,0,0,0,0,0,0,0,0,0,0,0,0,0,0,0,0,0,0,0,0,0,0,0,0,0,0,0,0,0,0,0,0,0,0,0,0,0,0,0,0,0,0,0,0,0,0,0,0,0,0,0,0,0,0,0,0,0,0,0,0,0,0,0,0,0,0,0,0,0,0,0,0,0,0,0,0,0,0,0,0,0,0,0,0,0,0,0,0,0,0,0,0,0,0,0,0,0,0,0,0,0,0,0,0,0,0,0,0,0,0,0,0,0,0,0,0,0,0,0,0,0,0,0,0,0,0,0,0,0,0,0,0,0,0,0,0,0,0,0,0,0,0,0,0,0,0,0,0,0,0,0,0,0,0,0,0,0,0,0,0,0,0,0,0,0,0,0,0,0,0,0,0,0,0,0,0,0,0,0,0,0,0,0,0,0,0,0,0,0,0,0,0,0,0,0,0,0,0,0,0,0,0,0,0,0,0,0,0,0,0,0,0,0,0,0,0,0,0,0,0,0,0,0,0,0,0,0,0,0,0,0,0,0,0,0,0,0,0,0,0,0,0,0,0,0,0,0,0,0,0,0,0,0,0,0,0,0,0,0,0,0,0,0,0,0,0,0,0,0,0,0,0,0,0,0,0,0,0,0,0,0,0,0,0,0,0,0,0,0,0,0,0,0,0,0,0,0,0,0,0,0,0,0,0,0,0,0,0,0,0,0,0,0,0,0,0,0,0,0,0,0,0,0,0,0,0,0,0,0,0,0,0,0,0,0,0,0,0,0,0,0,0,0,0,0,0,0,0,0,0,0,0,0,0,0,0,0,0,0,0,0,0,0,0,0,0,0,0,0,0,0,0,0,0,0,0,0,0,0,0,0,0,0,0,0,0,0,0,0,0,0,0,0,0,0,0,0,0,0,0,0,0,0,0,0,0,0,0,0,0,0,0,0,0,0,0,0,0,0,0,0,0,0,0,0,0,0,0,0,0,0,0,0,0,0,0,0,0,0,0,0,0,0,0,0,0,0,0,0,0,0,0,0,0,0,0,0,0,0,0,0,0,0,0,0,0,0,0,0,0,0,0,0,0,0,0,0,0,0,0,0,0,0,0,0,0,0,0,0,0,0,0,0,0,0,0,0,0,0,0,0,0,0,0,0,0,0,0,0,0,0,0,0,0,0,0,0,0,0,0,0,0,0,0,0,0,0,0,0,0,0,0,0,0,0,0,0,0,0,0,0,0,0,0,0,0,0,0,0,0,0,0,0,0,0,0,0,0,0,0,0,0,0,0,0,0,0,0,0,0,0,0,0,0,0,0,0,0,0,0,0,0,0,0,5,5,37,37,37,45,45,45,45,45,45,45,45,45,45,45,45,45,45,45,45,45,45,45,45,45,45,45,45,45,45,45,45,45,45,45,45,45,45,45,45,45,45,45,45,45,45,45,45,45,45,45,45,45,45,45,45,45,45,45,45,45,45,45,45,45,45,45,45,45,45,45,45,45,45,45,45,45,45,45,45,45,45,45,45,45,45,45,45,45,45,45,45,45,45,45,45,45,45,45,45,45,45,45,45,45,45,45,45,45,45,45,45,44,44,44,45,45,45,45,45,45,45,45,45,45,45,45,45,45,45,45,45,45,45,45,45,45,45,45,45,45,45,45,45,45,45,45,45,45,45,45,45,45,45,45,45,45,45,45,45,45,45,45,45,45,45,45,45,45,45,45,45,45,45,45,45,45,45,45,45,45,45,45,45,45,45,45,45,45,45,45,45,45,45,45,45,39,39,39,45,45,45,45,45,45,45,45,45,45,45,45,45,45,45,45,45,45,45,45,45,45,45,45,45,45,45,45,45,45,45,45,45,45,45,45,45,45,45,45,45,45,45,45,45,45,45,45,45,45,45,45,45,45,38,38,38,45,45,45,45,45,45,45,45,45,45,45,45,45,45,45,45,45,45,45,45,45,45,45,45,42,42,42,33,33,33,33,33,33,33,45,45,45,45,45,45,45,45,45,45,45,45,45,45,45,45,45,45,45,45,45,45,45,45,45,45,45,45,45,45,45,45,45,45,45,45,45,45,45,45,45,45,45,45,45,45,45,45,45,45,39,39,39,39,32,32,32,32,32,32,32,32,29,29,29,29,45,45,45,45,45,45,45,45,44,44,44,34,34,34,34,34,34,34,34,34,34,34,34,34,45,45,45,45,45,45,45,45,45,45,45,45,45,45,45,45,45,45,45,45,45,45,45,45,45,45,45,45,45,41,41,41,45,45,45,45,45,45,45,45,45,45,45,45,39,39,39,39,33,33,33,33,33,33,33,33,33,33,33,33,32,32,32,32,45,45,45,45,45,45,45,29,29,29,29,29,29,29,21,21,21,21,21,21,45,45,45,45,45,45,45,45,45,45,45,45,45,45,45,45,40,40,40,44,44,44,45,45,45,45,45,45,45,45,45,45,45,45,45,45,45,45,45,45,45,45,45,45,41,41,41,41,41,41,41,41,41,41,41,41,36,36,36,36,34,34,34,34,33,33,33,33,33,33,33,6,6,6,6,6,6,6,6,6,6,6,6,6,45,45,45,45,45,45,45,45,45,45,45,45,45,45,45,45,45,45,45,45,45,45,45,45,45,45,45,45,45,45,45,45,45,45,45,45,45,45,45,45,45,45,45,45,45,45,45,45,45,45,45,45,45,45,45,45,41,41,41,41,41,41,41,41,41,41,41,41,41,41,41,0,0,0,0,0,0,0,0,0,0,0,0,0,45,45,45,45,45,45,45,45,45,45,45,45,45,45,45,45,45,45,45,45,45,45,45,45,45,45,45,45,45,45,45,45,45,45,45,45,45,45,45,45,45,45,45,45,45,45,45,45,0,0,0,0,0,0,0,0,0,0,0,0,0,0,0,0,0,0,0,0,0,0,0,0,0,0,0,0,0,0,0,0,0,0,0,0,0,0,0,0,0,0
Shuttle1,	0,0,0,0,0,0,0,0,0,0,0,0,0,0,0,0,0,0,0,0,0,0,0,0,0,0,0,0,0,0,0,0,0,0,0,0,0,0,0,0,0,0,0,0,0,0,0,0,0,0,0,0,0,0,0,0,0,0,0,0,0,0,0,0,0,0,0,0,0,0,0,0,0,0,0,0,0,0,0,0,0,0,0,0,0,0,0,0,0,0,0,0,0,0,0,0,0,0,0,0,0,0,0,0,0,0,0,0,0,0,0,0,0,0,0,0,0,0,0,0,0,0,0,0,0,0,0,0,0,0,0,0,0,0,0,0,0,0,0,0,0,0,0,0,0,0,0,0,0,0,0,0,0,0,0,0,0,0,0,0,0,0,0,0,0,0,0,0,0,0,0,0,0,0,0,0,0,0,0,0,0,0,0,0,0,0,0,0,0,0,0,0,0,0,0,0,0,0,0,0,0,0,0,0,0,0,0,0,0,0,0,0,0,0,0,0,0,0,0,0,0,0,0,0,0,0,0,0,0,0,0,0,0,0,0,0,0,0,0,0,0,0,0,0,0,0,0,0,0,0,0,0,0,0,0,0,0,0,0,0,0,0,0,0,0,0,0,0,0,0,0,0,0,0,0,0,0,0,0,0,0,0,0,0,0,0,0,0,0,0,0,0,0,0,0,0,0,0,0,0,0,0,0,0,0,0,0,0,0,0,0,0,0,0,0,0,0,0,0,0,0,0,0,0,0,0,0,0,0,0,0,0,0,0,0,0,0,0,0,0,0,0,0,0,0,0,0,0,0,0,0,0,0,0,0,0,0,0,0,0,0,0,0,0,0,0,0,0,0,0,0,0,0,0,0,0,0,0,0,0,0,0,0,0,0,0,0,0,0,0,0,0,0,0,0,0,0,0,0,0,0,0,0,0,0,0,0,0,0,0,0,0,0,0,0,0,0,0,0,0,0,0,0,0,0,0,0,0,0,0,0,0,0,0,0,0,0,0,0,0,0,0,0,0,0,0,0,0,0,0,0,0,0,0,0,0,0,0,0,0,0,0,0,0,0,0,0,0,0,0,0,0,0,0,0,0,0,0,0,0,0,0,0,0,0,0,0,0,0,0,0,0,0,0,0,0,0,0,0,0,0,0,0,0,0,0,0,0,0,0,0,0,0,0,0,0,0,0,0,0,0,0,0,0,0,0,0,0,0,0,0,0,0,0,0,0,0,0,0,0,0,0,0,0,0,0,0,0,0,0,0,0,0,0,0,0,0,0,0,0,0,0,0,0,0,0,0,0,0,0,0,0,0,0,0,0,0,0,0,0,0,0,0,0,0,0,0,0,0,0,0,0,0,0,0,0,0,0,0,0,0,0,0,0,0,0,0,0,0,0,0,0,0,0,0,0,0,0,0,0,0,0,0,0,0,0,0,0,0,0,0,0,0,0,0,0,0,0,0,0,0,0,0,0,0,0,0,0,0,0,0,0,0,0,0,0,0,0,0,0,0,0,0,0,0,0,0,0,0,0,0,0,0,0,0,0,0,0,0,0,0,0,0,0,0,0,0,0,0,0,0,0,0,0,0,0,0,0,0,0,0,0,0,0,0,0,0,0,0,0,0,0,0,0,0,0,0,0,0,0,0,0,45,45,45,45,45,45,45,45,45,45,45,45,45,45,45,45,45,45,45,45,45,45,45,45,45,45,45,45,45,45,45,45,45,45,45,45,45,45,45,45,45,45,45,45,45,45,45,45,45,45,45,45,45,45,45,45,45,45,45,45,45,45,45,45,45,45,45,45,45,45,45,45,45,45,45,45,45,45,45,45,45,45,45,45,45,45,45,45,45,45,45,45,45,45,45,45,44,44,44,45,45,45,45,45,45,45,45,45,45,45,45,45,45,45,45,45,45,45,45,45,45,45,45,45,45,45,45,45,45,45,45,45,45,45,45,45,45,45,45,45,45,45,45,45,45,45,45,45,45,45,45,45,45,45,45,45,45,45,45,45,45,45,45,45,45,45,45,45,45,45,45,45,45,45,45,45,45,45,45,45,40,40,40,45,45,45,45,45,45,45,45,45,45,45,45,45,45,45,45,45,45,45,45,45,45,45,45,45,45,45,45,45,45,45,45,45,45,45,45,45,45,45,45,45,45,45,45,45,45,45,45,45,45,45,45,45,45,45,45,45,45,45,45,45,45,45,45,45,45,45,45,45,45,45,45,45,45,45,45,45,45,45,45,45,38,38,38,45,45,45,45,45,45,45,45,45,45,45,45,45,45,45,45,45,45,45,45,45,45,45,45,45,45,45,45,45,45,45,45,45,45,45,45,45,45,45,45,45,45,45,45,45,45,45,45,45,45,45,45,45,45,41,41,41,37,37,37,37,36,36,36,36,36,36,36,36,33,33,33,33,45,45,45,45,45,45,45,45,44,44,44,36,36,36,36,36,36,36,36,36,36,36,36,36,45,45,45,45,45,45,45,45,45,45,45,45,45,45,45,45,45,45,45,45,45,45,45,45,45,45,45,45,45,45,45,45,45,45,45,45,45,45,45,45,45,44,44,44,43,43,43,43,34,34,34,34,34,34,34,34,34,34,34,34,32,32,32,32,45,45,45,45,45,45,45,28,28,28,28,28,28,28,20,20,20,20,20,20,45,45,45,45,45,45,45,45,45,45,45,45,45,45,45,45,44,44,44,45,45,45,45,45,45,42,42,42,42,42,42,42,45,45,45,45,45,45,45,45,45,45,45,45,39,39,39,39,34,34,34,34,34,34,34,34,33,33,33,33,31,31,31,31,30,30,30,30,30,30,30,5,5,5,5,5,5,5,3,3,3,3,3,3,45,45,45,45,45,45,45,45,45,45,45,45,45,45,45,45,43,43,43,43,43,43,43,43,43,43,43,43,43,43,43,43,45,45,45,45,45,45,45,45,45,45,45,45,45,45,45,45,45,45,45,45,45,45,45,45,45,45,45,45,45,45,45,45,45,45,45,45,45,45,45,2,2,2,2,2,2,2,0,0,0,0,0,0,45,45,45,45,45,45,45,45,45,45,45,45,45,45,45,45,45,45,45,41,41,41,40,40,40,37,37,37,37,37,37,37,31,31,31,31,45,45,45,45,45,45,45,45,45,45,45,45,16,16,16,16,16,16,16,16,16,16,16,16,12,12,12,12,6,6,6,6,6,6,6,1,1,1,1,1,1,1,0,0,0,0,0,0,0,0,0,0,0,0,0,0,0,0,0,0,0,0,0,0,0,0
Shuttle2,	0,0,0,0,0,0,0,0,0,0,0,0,0,0,0,0,0,0,0,0,0,0,0,0,0,0,0,0,0,0,0,0,0,0,0,0,0,0,0,0,0,0,0,0,0,0,0,0,0,0,0,0,0,0,0,0,0,0,0,0,0,0,0,0,0,0,0,0,0,0,0,0,0,0,0,0,0,0,0,0,0,0,0,0,0,0,0,0,0,0,0,0,0,0,0,0,0,0,0,0,0,0,0,0,0,0,0,0,0,0,0,0,0,0,0,0,0,0,0,0,0,0,0,0,0,0,0,0,0,0,0,0,0,0,0,0,0,0,0,0,0,0,0,0,0,0,0,0,0,0,0,0,0,0,0,0,0,0,0,0,0,0,0,0,0,0,0,0,0,0,0,0,0,0,0,0,0,0,0,0,0,0,0,0,0,0,0,0,0,0,0,0,0,0,0,0,0,0,0,0,0,0,0,0,0,0,0,0,0,0,0,0,0,0,0,0,0,0,0,0,0,0,0,0,0,0,0,0,0,0,0,0,0,0,0,0,0,0,0,0,0,0,0,0,0,0,0,0,0,0,0,0,0,0,0,0,0,0,0,0,0,0,0,0,0,0,0,0,0,0,0,0,0,0,0,0,0,0,0,0,0,0,0,0,0,0,0,0,0,0,0,0,0,0,0,0,0,0,0,0,0,0,0,0,0,0,0,0,0,0,0,0,0,0,0,0,0,0,0,0,0,0,0,0,0,0,0,0,0,0,0,0,0,0,0,0,0,0,0,0,0,0,0,0,0,0,0,0,0,0,0,0,0,0,0,0,0,0,0,0,0,0,0,0,0,0,0,0,0,0,0,0,0,0,0,0,0,0,0,0,0,0,0,0,0,0,0,0,0,0,0,0,0,0,0,0,0,0,0,0,0,0,0,0,0,0,0,0,0,0,0,0,0,0,0,0,0,0,0,0,0,0,0,0,0,0,0,0,0,0,0,0,0,0,0,0,0,0,0,0,0,0,0,0,0,0,0,0,0,0,0,0,0,0,0,0,0,0,0,0,0,0,0,0,0,0,0,0,0,0,0,0,0,0,0,0,0,0,0,0,0,0,0,0,0,0,0,0,0,0,0,0,0,0,0,0,0,0,0,0,0,0,0,0,0,0,0,0,0,0,0,0,0,0,0,0,0,0,0,0,0,0,0,0,0,0,0,0,0,0,0,0,0,0,0,0,0,0,0,0,0,0,0,0,0,0,0,0,0,0,0,0,0,0,0,0,0,0,0,0,0,0,0,0,0,0,0,0,0,0,0,0,0,0,0,0,0,0,0,0,0,0,0,0,0,0,0,0,0,0,0,0,0,0,0,0,0,0,0,0,0,0,0,0,0,0,0,0,0,0,0,0,0,0,0,0,0,0,0,0,0,0,0,0,0,0,0,0,0,0,0,0,0,0,0,0,0,0,0,0,0,0,0,0,0,0,0,0,0,0,0,0,0,0,0,0,0,0,0,0,0,0,0,0,0,0,0,0,0,0,0,0,0,0,0,0,0,0,0,0,0,0,0,0,0,0,0,0,0,0,0,0,0,0,0,0,0,0,0,0,0,0,0,0,0,0,0,0,0,0,0,0,0,0,0,0,0,3,3,3,3,45,45,45,45,45,45,45,45,45,45,45,45,45,45,45,45,45,45,45,45,45,45,45,45,45,45,45,45,45,45,45,45,45,45,45,45,45,45,45,45,45,45,45,45,45,45,45,45,45,45,45,45,45,45,45,45,45,45,45,45,45,45,45,45,45,45,45,45,45,45,45,45,45,45,45,45,45,45,45,45,45,45,45,45,45,45,45,45,45,45,45,45,45,45,45,45,45,45,45,45,45,45,45,45,45,45,45,45,45,45,45,45,45,45,45,45,45,45,45,45,45,45,45,45,45,45,45,45,45,45,45,45,45,45,45,45,45,45,45,45,45,45,45,45,45,45,45,45,45,45,45,45,45,45,45,45,45,45,45,45,45,45,45,45,45,45,45,45,40,40,40,45,45,45,45,45,45,45,45,45,45,45,45,45,45,45,45,45,45,45,45,45,45,45,45,45,45,45,45,45,45,45,45,45,45,45,45,45,45,45,45,45,45,45,45,45,45,45,45,45,45,45,45,45,45,45,45,45,45,45,45,45,45,45,45,45,45,45,45,45,45,45,45,45,45,45,45,45,45,45,45,45,43,43,43,45,45,45,45,45,45,45,45,45,45,45,45,45,45,45,45,45,45,45,45,45,45,45,45,45,45,45,45,45,45,45,45,45,45,45,45,45,45,45,45,45,45,45,45,45,45,45,45,45,45,45,45,45,45,41,41,41,41,41,41,41,28,28,28,28,28,28,28,28,34,34,34,34,45,45,45,45,45,45,45,45,44,44,44,32,32,32,32,32,32,32,32,32,32,32,32,32,45,45,45,45,45,45,45,45,45,45,45,45,45,45,45,45,45,45,45,45,45,45,45,45,45,45,45,45,45,45,45,45,45,45,45,45,45,45,45,45,45,45,45,45,41,41,41,41,36,36,36,36,36,36,36,36,34,34,34,34,43,43,43,43,45,45,45,45,43,43,43,20,20,20,20,20,20,20,19,19,19,19,19,19,45,45,45,45,45,45,45,45,45,45,45,45,45,45,45,45,45,45,45,45,45,45,45,45,45,45,45,45,45,45,45,45,45,45,45,45,45,45,45,45,45,45,45,45,44,44,44,44,44,44,44,44,44,44,44,44,44,44,44,44,43,43,43,43,37,37,37,37,37,37,37,8,8,8,8,8,8,8,7,7,7,7,7,7,45,45,45,45,45,45,45,45,45,45,45,45,45,45,45,45,45,45,45,45,45,45,45,45,45,45,45,45,45,45,45,45,45,45,45,45,45,45,45,45,45,45,45,45,41,41,41,41,40,40,40,40,40,40,40,40,39,39,39,39,39,39,39,39,39,39,39,39,39,39,39,1,1,1,1,1,1,1,0,0,0,0,0,0,45,45,45,45,45,45,45,45,45,45,45,45,45,45,45,45,43,43,43,43,43,43,43,43,43,41,41,41,41,41,41,41,44,44,44,44,45,45,45,45,45,45,45,45,45,45,45,45,45,45,45,45,45,45,45,45,45,45,45,45,45,45,45,45,40,40,40,40,40,40,40,3,3,3,3,3,3,3,0,0,0,0,0,0,0,0,0,0,0,0,0,0,0,0,0,0,0,0,0,0,0,0,0,0,0,0,0,0,0,0,0,0,0,0,0
Shuttle3,	0,0,0,0,0,0,0,0,0,0,0,0,0,0,0,0,0,0,0,0,0,0,0,0,0,0,0,0,0,0,0,0,0,0,0,0,0,0,0,0,0,0,0,0,0,0,0,0,0,0,0,0,0,0,0,0,0,0,0,0,0,0,0,0,0,0,0,0,0,0,0,0,0,0,0,0,0,0,0,0,0,0,0,0,0,0,0,0,0,0,0,0,0,0,0,0,0,0,0,0,0,0,0,0,0,0,0,0,0,0,0,0,0,0,0,0,0,0,0,0,0,0,0,0,0,0,0,0,0,0,0,0,0,0,0,0,0,0,0,0,0,0,0,0,0,0,0,0,0,0,0,0,0,0,0,0,0,0,0,0,0,0,0,0,0,0,0,0,0,0,0,0,0,0,0,0,0,0,0,0,0,0,0,0,0,0,0,0,0,0,0,0,0,0,0,0,0,0,0,0,0,0,0,0,0,0,0,0,0,0,0,0,0,0,0,0,0,0,0,0,0,0,0,0,0,0,0,0,0,0,0,0,0,0,0,0,0,0,0,0,0,0,0,0,0,0,0,0,0,0,0,0,0,0,0,0,0,0,0,0,0,0,0,0,0,0,0,0,0,0,0,0,0,0,0,0,0,0,0,0,0,0,0,0,0,0,0,0,0,0,0,0,0,0,0,0,0,0,0,0,0,0,0,0,0,0,0,0,0,0,0,0,0,0,0,0,0,0,0,0,0,0,0,0,0,0,0,0,0,0,0,0,0,0,0,0,0,0,0,0,0,0,0,0,0,0,0,0,0,0,0,0,0,0,0,0,0,0,0,0,0,0,0,0,0,0,0,0,0,0,0,0,0,0,0,0,0,0,0,0,0,0,0,0,0,0,0,0,0,0,0,0,0,0,0,0,0,0,0,0,0,0,0,0,0,0,0,0,0,0,0,0,0,0,0,0,0,0,0,0,0,0,0,0,0,0,0,0,0,0,0,0,0,0,0,0,0,0,0,0,0,0,0,0,0,0,0,0,0,0,0,0,0,0,0,0,0,0,0,0,0,0,0,0,0,0,0,0,0,0,0,0,0,0,0,0,0,0,0,0,0,0,0,0,0,0,0,0,0,0,0,0,0,0,0,0,0,0,0,0,0,0,0,0,0,0,0,0,0,0,0,0,0,0,0,0,0,0,0,0,0,0,0,0,0,0,0,0,0,0,0,0,0,0,0,0,0,0,0,0,0,0,0,0,0,0,0,0,0,0,0,0,0,0,0,0,0,0,0,0,0,0,0,0,0,0,0,0,0,0,0,0,0,0,0,0,0,0,0,0,0,0,0,0,0,0,0,0,0,0,0,0,0,0,0,0,0,0,0,0,0,0,0,0,0,0,0,0,0,0,0,0,0,0,0,0,0,0,0,0,0,0,0,0,0,0,0,0,0,0,0,0,0,0,0,0,0,0,0,0,0,0,0,0,0,0,0,0,0,0,0,0,0,0,0,0,0,0,0,0,0,0,0,0,0,0,0,0,0,0,0,0,0,0,0,0,0,0,0,0,0,0,0,0,0,0,0,0,0,0,0,0,0,0,0,0,0,0,0,0,0,0,0,0,0,0,0,0,0,0,0,0,0,0,0,0,0,0,14,14,14,14,14,14,45,45,45,45,45,45,45,45,45,45,45,45,45,45,45,45,45,45,45,45,45,45,45,45,45,45,45,45,45,45,45,45,45,45,45,45,45,45,45,45,45,45,45,45,45,45,45,45,45,45,45,45,45,45,45,45,45,45,45,45,45,45,45,45,45,45,45,45,45,45,45,45,45,45,45,45,45,45,45,45,45,45,45,45,45,45,45,45,45,45,45,45,45,45,45,45,45,45,45,45,45,45,45,45,45,45,45,45,45,45,45,45,45,45,45,45,45,45,45,45,45,45,45,45,45,45,45,45,45,45,45,45,45,45,45,45,45,45,45,45,45,45,45,45,45,45,45,45,45,45,45,45,44,44,44,45,45,45,45,45,45,45,45,45,45,45,45,45,45,45,45,45,45,45,45,45,45,45,45,45,45,45,45,45,45,45,45,45,45,45,45,45,45,45,45,45,45,45,45,45,45,45,45,45,45,45,45,45,45,45,45,45,45,45,45,45,45,45,45,45,45,45,45,45,45,45,45,45,45,45,45,45,45,45,45,45,42,42,42,45,45,45,45,45,45,45,45,45,45,45,45,45,45,45,45,45,45,45,45,45,45,45,45,45,45,45,45,45,45,45,45,45,45,45,45,45,45,45,45,45,45,45,45,45,45,45,45,45,45,45,45,45,45,38,38,38,45,45,45,45,41,41,41,41,41,41,41,41,45,45,45,45,45,45,45,45,45,45,45,45,45,45,45,28,28,28,28,28,28,28,33,33,33,33,33,33,45,45,45,45,45,45,45,45,45,45,45,45,45,45,45,45,45,45,45,45,45,45,45,45,45,45,45,45,45,45,45,45,45,45,45,45,45,45,45,45,45,45,45,45,45,45,45,45,36,36,36,36,36,36,36,36,36,36,36,36,45,45,45,45,45,45,45,45,45,45,45,27,27,27,27,27,27,27,23,23,23,23,23,23,45,45,45,45,45,45,45,45,45,45,45,45,45,45,45,45,45,45,45,45,45,45,45,45,45,43,43,43,43,41,41,41,45,45,45,45,45,45,45,45,45,42,42,42,35,35,35,35,34,34,34,34,34,34,34,34,33,33,33,33,29,29,29,29,28,28,28,28,28,28,28,5,5,5,5,5,5,5,4,4,4,4,4,4,45,45,45,45,45,45,45,45,45,45,45,45,45,45,45,45,45,45,45,44,44,44,44,44,44,44,44,44,44,44,44,44,45,45,45,45,45,45,45,45,45,45,45,45,44,44,44,44,44,44,44,44,44,44,44,44,44,44,44,44,44,44,44,44,44,44,44,44,44,44,44,1,1,1,1,1,1,1,0,0,0,0,0,0,45,45,45,45,45,45,45,45,45,45,45,45,45,45,45,45,45,45,45,45,45,45,45,45,45,45,45,45,45,45,45,45,45,45,45,45,45,45,45,45,45,45,45,45,45,45,45,45,45,45,45,45,45,45,45,45,45,45,45,45,45,45,45,45,45,45,45,45,45,45,45,0,0,0,0,0,0,0,0,0,0,0,0,0,17,36,36,36,40,40,45,45,45,45,45,45,45,45,45,45,45,45,45,44,44,44,44,44,44,44,44,44,44,44,44,44,44,44,44,44,36,36,36,12,12,0,0,0
Shuttle4,	0,0,0,0,0,0,0,0,0,0,0,0,0,0,0,0,0,0,0,0,0,0,0,0,0,0,0,0,0,0,0,0,0,0,0,0,0,0,0,0,0,0,0,0,0,0,0,0,0,0,0,0,0,0,0,0,0,0,0,0,0,0,0,0,0,0,0,0,0,0,0,0,0,0,0,0,0,0,0,0,0,0,0,0,0,0,0,0,0,0,0,0,0,0,0,0,0,0,0,0,0,0,0,0,0,0,0,0,0,0,0,0,0,0,0,0,0,0,0,0,0,0,0,0,0,0,0,0,0,0,0,0,0,0,0,0,0,0,0,0,0,0,0,0,0,0,0,0,0,0,0,0,0,0,0,0,0,0,0,0,0,0,0,0,0,0,0,0,0,0,0,0,0,0,0,0,0,0,0,0,0,0,0,0,0,0,0,0,0,0,0,0,0,0,0,0,0,0,0,0,0,0,0,0,0,0,0,0,0,0,0,0,0,0,0,0,0,0,0,0,0,0,0,0,0,0,0,0,0,0,0,0,0,0,0,0,0,0,0,0,0,0,0,0,0,0,0,0,0,0,0,0,0,0,0,0,0,0,0,0,0,0,0,0,0,0,0,0,0,0,0,0,0,0,0,0,0,0,0,0,0,0,0,0,0,0,0,0,0,0,0,0,0,0,0,0,0,0,0,0,0,0,0,0,0,0,0,0,0,0,0,0,0,0,0,0,0,0,0,0,0,0,0,0,0,0,0,0,0,0,0,0,0,0,0,0,0,0,0,0,0,0,0,0,0,0,0,0,0,0,0,0,0,0,0,0,0,0,0,0,0,0,0,0,0,0,0,0,0,0,0,0,0,0,0,0,0,0,0,0,0,0,0,0,0,0,0,0,0,0,0,0,0,0,0,0,0,0,0,0,0,0,0,0,0,0,0,0,0,0,0,0,0,0,0,0,0,0,0,0,0,0,0,0,0,0,0,0,0,0,0,0,0,0,0,0,0,0,0,0,0,0,0,0,0,0,0,0,0,0,0,0,0,0,0,0,0,0,0,0,0,0,0,0,0,0,0,0,0,0,0,0,0,0,0,0,0,0,0,0,0,0,0,0,0,0,0,0,0,0,0,0,0,0,0,0,0,0,0,0,0,0,0,0,0,0,0,0,0,0,0,0,0,0,0,0,0,0,0,0,0,0,0,0,0,0,0,0,0,0,0,0,0,0,0,0,0,0,0,0,0,0,0,0,0,0,0,0,0,0,0,0,0,0,0,0,0,0,0,0,0,0,0,0,0,0,0,0,0,0,0,0,0,0,0,0,0,0,0,0,0,0,0,0,0,0,0,0,0,0,0,0,0,0,0,0,0,0,0,0,0,0,0,0,0,0,0,0,0,0,0,0,0,0,0,0,0,0,0,0,0,0,0,0,0,0,0,0,0,0,0,0,0,0,0,0,0,0,0,0,0,0,0,0,0,0,0,0,0,0,0,0,0,0,0,0,0,0,0,0,0,0,0,0,0,0,0,0,0,0,0,0,0,0,0,0,0,0,0,0,0,0,0,0,0,0,0,0,0,0,0,0,0,0,0,0,0,0,0,0,0,0,0,0,0,0,0,0,0,0,0,0,0,0,0,0,0,0,10,10,10,45,45,45,45,45,45,45,45,45,45,45,45,45,45,45,45,45,45,45,45,45,45,45,45,45,45,45,45,45,45,45,45,45,45,45,45,45,45,45,45,45,45,45,45,45,45,45,45,45,45,45,45,45,45,45,45,45,45,45,45,45,45,45,45,45,45,45,45,45,45,45,45,45,45,45,45,45,45,45,45,45,45,45,45,45,45,45,45,45,45,45,45,45,45,45,45,45,45,45,45,45,45,45,45,45,45,45,45,45,45,45,45,45,45,45,45,45,45,45,45,45,45,45,45,45,45,45,45,45,45,45,45,45,45,45,45,45,45,45,45,45,45,45,42,42,42,45,45,45,45,45,45,45,45,45,45,45,45,45,45,45,45,45,45,45,45,45,45,45,45,45,45,45,45,45,45,45,45,45,45,45,45,45,45,45,45,45,45,45,45,45,45,45,45,45,45,45,45,45,45,45,45,45,45,45,45,45,45,45,45,45,45,45,45,45,45,45,45,45,45,45,45,45,45,45,45,45,37,37,37,45,45,45,45,45,45,45,45,45,45,45,45,45,45,45,45,45,45,45,45,45,45,45,45,45,45,45,45,45,45,45,45,45,45,45,45,45,45,45,45,45,45,45,45,45,45,45,45,45,45,45,45,45,45,43,43,43,45,45,45,45,38,38,38,38,38,38,38,38,45,45,45,45,45,45,45,45,45,45,45,45,44,44,44,38,38,38,38,38,38,38,45,45,45,45,45,45,45,45,45,45,45,45,45,45,45,45,45,45,45,45,45,45,45,45,45,45,45,45,45,45,45,45,45,45,45,45,45,45,45,45,45,45,45,45,45,45,45,45,45,45,39,39,39,39,29,29,29,29,29,29,29,29,28,28,28,28,45,45,45,45,45,45,45,45,43,43,43,39,39,39,39,39,39,39,36,36,36,36,36,36,45,45,45,45,45,45,45,45,45,45,45,45,45,45,45,45,45,45,45,45,45,45,45,45,45,41,41,41,41,41,41,41,45,45,45,45,45,45,45,45,45,44,44,44,34,34,34,34,32,32,32,32,32,32,32,32,30,30,30,30,26,26,26,26,26,26,26,26,25,25,25,10,10,10,10,10,10,10,6,6,6,6,6,6,45,45,45,45,45,45,45,45,45,45,45,45,45,45,45,45,45,45,45,42,42,42,44,44,44,44,44,44,44,44,44,44,45,45,45,45,45,45,45,45,45,45,45,45,44,44,44,44,44,44,44,44,44,44,44,44,42,42,42,42,42,42,42,42,42,42,42,42,42,42,42,2,2,2,2,2,2,2,2,2,2,2,2,2,45,45,45,45,45,45,45,45,45,45,45,45,45,45,45,45,44,44,44,44,44,44,44,44,44,44,44,44,44,44,44,44,45,45,45,45,45,45,45,45,45,45,45,45,45,45,45,45,44,44,44,44,44,44,44,44,44,44,44,44,44,44,44,44,44,44,44,44,44,44,44,1,1,1,1,1,1,1,0,0,0,0,0,0,45,45,45,45,45,45,45,45,45,45,45,45,45,45,45,45,45,45,45,45,45,45,45,45,45,45,45,45,45,45,45,45,45,45,45,45,45,45,45,45,45,45,45,45,45,45,45,45,0,0,0,0,0,0,0,0
Shuttle5,	0,0,0,0,0,0,0,0,0,0,0,0,0,0,0,0,0,0,0,0,0,0,0,0,0,0,0,0,0,0,0,0,0,0,0,0,0,0,0,0,0,0,0,0,0,0,0,0,0,0,0,0,0,0,0,0,0,0,0,0,0,0,0,0,0,0,0,0,0,0,0,0,0,0,0,0,0,0,0,0,0,0,0,0,0,0,0,0,0,0,0,0,0,0,0,0,0,0,0,0,0,0,0,0,0,0,0,0,0,0,0,0,0,0,0,0,0,0,0,0,0,0,0,0,0,0,0,0,0,0,0,0,0,0,0,0,0,0,0,0,0,0,0,0,0,0,0,0,0,0,0,0,0,0,0,0,0,0,0,0,0,0,0,0,0,0,0,0,0,0,0,0,0,0,0,0,0,0,0,0,0,0,0,0,0,0,0,0,0,0,0,0,0,0,0,0,0,0,0,0,0,0,0,0,0,0,0,0,0,0,0,0,0,0,0,0,0,0,0,0,0,0,0,0,0,0,0,0,0,0,0,0,0,0,0,0,0,0,0,0,0,0,0,0,0,0,0,0,0,0,0,0,0,0,0,0,0,0,0,0,0,0,0,0,0,0,0,0,0,0,0,0,0,0,0,0,0,0,0,0,0,0,0,0,0,0,0,0,0,0,0,0,0,0,0,0,0,0,0,0,0,0,0,0,0,0,0,0,0,0,0,0,0,0,0,0,0,0,0,0,0,0,0,0,0,0,0,0,0,0,0,0,0,0,0,0,0,0,0,0,0,0,0,0,0,0,0,0,0,0,0,0,0,0,0,0,0,0,0,0,0,0,0,0,0,0,0,0,0,0,0,0,0,0,0,0,0,0,0,0,0,0,0,0,0,0,0,0,0,0,0,0,0,0,0,0,0,0,0,0,0,0,0,0,0,0,0,0,0,0,0,0,0,0,0,0,0,0,0,0,0,0,0,0,0,0,0,0,0,0,0,0,0,0,0,0,0,0,0,0,0,0,0,0,0,0,0,0,0,0,0,0,0,0,0,0,0,0,0,0,0,0,0,0,0,0,0,0,0,0,0,0,0,0,0,0,0,0,0,0,0,0,0,0,0,0,0,0,0,0,0,0,0,0,0,0,0,0,0,0,0,0,0,0,0,0,0,0,0,0,0,0,0,0,0,0,0,0,0,0,0,0,0,0,0,0,0,0,0,0,0,0,0,0,0,0,0,0,0,0,0,0,0,0,0,0,0,0,0,0,0,0,0,0,0,0,0,0,0,0,0,0,0,0,0,0,0,0,0,0,0,0,0,0,0,0,0,0,0,0,0,0,0,0,0,0,0,0,0,0,0,0,0,0,0,0,0,0,0,0,0,0,0,0,0,0,0,0,0,0,0,0,0,0,0,0,0,0,0,0,0,0,0,0,0,0,0,0,0,0,0,0,0,0,0,0,0,0,0,0,0,0,0,0,0,0,0,0,0,0,0,0,0,0,0,0,0,0,0,0,0,0,0,0,0,0,0,0,0,0,0,0,0,0,0,0,0,0,0,0,0,0,0,0,0,0,0,0,0,0,0,0,0,0,0,0,0,0,0,0,0,0,0,0,0,0,0,0,0,0,0,0,0,0,0,0,0,0,0,0,0,0,0,0,0,0,0,14,14,14,14,14,14,14,14,14,20,20,20,20,20,20,20,20,20,20,20,20,27,27,27,27,27,27,27,27,27,27,27,27,27,27,27,27,27,27,31,31,31,31,31,31,31,31,31,31,31,31,31,31,31,20,20,20,20,20,20,20,20,20,10,10,10,10,10,10,10,10,10,10,10,10,0,0,0,0,0,0,0,0,0,0,0,0,0,0,0,0,0,0,0,0,0,0,0,0,0,0,0,0,0,0,0,0,0,0,0,0,0,0,0,0,0,0,0,0,0,0,0,0,0,0,0,0,0,0,0,0,0,0,0,0,0,0,0,0,0,0,0,0,0,0,0,0,0,0,0,0,0,0,0,0,0,0,0,0,0,0,0,0,0,0,0,0,0,0,0,0,0,0,0,0,0,0,0,0,0,0,0,0,0,0,0,0,0,0,0,0,0,0,0,0,0,0,0,0,0,0,0,0,0,0,0,0,0,0,0,0,0,0,0,0,0,0,0,0,0,0,0,0,0,0,0,0,0,0,0,0,0,0,0,0,0,0,0,0,0,0,0,0,0,0,0,0,0,0,0,0,0,0,0,0,0,0,0,0,0,0,0,0,0,0,0,0,0,0,0,0,0,0,0,0,0,0,0,0,0,0,0,0,0,0,0,0,0,0,0,0,0,0,0,0,0,0,0,0,0,0,0,0,0,0,0,0,0,0,0,0,0,0,0,0,0,0,0,0,0,0,0,0,0,0,0,0,0,0,0,0,0,0,0,0,0,0,0,0,0,0,0,0,0,0,0,0,0,0,0,0,0,0,0,0,0,0,0,0,0,0,0,0,0,0,0,0,0,0,0,0,0,0,0,0,0,0,0,0,0,0,0,0,0,0,0,0,0,0,0,0,0,0,0,0,0,0,0,0,0,0,0,0,0,0,0,0,0,0,0,0,0,0,0,0,0,0,0,0,0,0,0,0,0,0,0,0,0,0,0,0,0,0,0,0,0,0,0,0,0,0,0,0,0,0,0,0,0,0,0,0,0,0,0,0,0,0,0,0,0,0,0,0,0,0,0,0,0,0,0,0,0,0,0,0,0,0,0,0,0,0,0,0,0,0,0,0,0,0,0,0,0,0,0,0,0,0,0,0,0,0,0,0,0,0,0,0,0,0,0,0,0,0,0,0,0,0,0,0,0,0,0,0,0,0,0,0,0,0,0,0,0,0,0,0,0,0,0,0,0,0,0,0,0,0,0,0,0,0,0,0,0,0,0,0,0,0,0,0,0,0,0,0,0,0,0,0,0,0,0,0,0,0,0,0,0,0,0,0,0,0,0,0,0,0,0,0,0,0,0,0,0,0,0,0,0,0,0,0,0,0,0,0,0,0,0,0,0,0,0,0,0,0,0,0,0,0,0,0,0,0,0,0,0,0,0,0,0,0,0,0,0,0,0,0,0,0,0,0,0,0,0,0,0,0,0,0,0,0,0,0,0,0,0,0,0,0,0,0,0,0,0,0,0,0,0,0,0,0,0,0,0,0,0,0,0,0,0,0,0,0,0,0,0,0,0,0,0,0,0,0,0,0,0,0,0,0,0,0,0,0,0,0,0,0,0,0,0,0,0,0,0,0
Shuttle6,	0,0,0,0,0,0,0,0,0,0,0,0,0,0,0,0,0,0,0,0,0,0,0,0,0,0,0,0,0,0,0,0,0,0,0,0,0,0,0,0,0,0,0,0,0,0,0,0,0,0,0,0,0,0,0,0,0,0,0,0,0,0,0,0,0,0,0,0,0,0,0,0,0,0,0,0,0,0,0,0,0,0,0,0,0,0,0,0,0,0,0,0,0,0,0,0,0,0,0,0,0,0,0,0,0,0,0,0,0,0,0,0,0,0,0,0,0,0,0,0,0,0,0,0,0,0,0,0,0,0,0,0,0,0,0,0,0,0,0,0,0,0,0,0,0,0,0,0,0,0,0,0,0,0,0,0,0,0,0,0,0,0,0,0,0,0,0,0,0,0,0,0,0,0,0,0,0,0,0,0,0,0,0,0,0,0,0,0,0,0,0,0,0,0,0,0,0,0,0,0,0,0,0,0,0,0,0,0,0,0,0,0,0,0,0,0,0,0,0,0,0,0,0,0,0,0,0,0,0,0,0,0,0,0,0,0,0,0,0,0,0,0,0,0,0,0,0,0,0,0,0,0,0,0,0,0,0,0,0,0,0,0,0,0,0,0,0,0,0,0,0,0,0,0,0,0,0,0,0,0,0,0,0,0,0,0,0,0,0,0,0,0,0,0,0,0,0,0,0,0,0,0,0,0,0,0,0,0,0,0,0,0,0,0,0,0,0,0,0,0,0,0,0,0,0,0,0,0,0,0,0,0,0,0,0,0,0,0,0,0,0,0,0,0,0,0,0,0,0,0,0,0,0,0,0,0,0,0,0,0,0,0,0,0,0,0,0,0,0,0,0,0,0,0,0,0,0,0,0,0,0,0,0,0,0,0,0,0,0,0,0,0,0,0,0,0,0,0,0,0,0,0,0,0,0,0,0,0,0,0,0,0,0,0,0,0,0,0,0,0,0,0,0,0,0,0,0,0,0,0,0,0,0,0,0,0,0,0,0,0,0,0,0,0,0,0,0,0,0,0,0,0,0,0,0,0,0,0,0,0,0,0,0,0,0,0,0,0,0,0,0,0,0,0,0,0,0,0,0,0,0,0,0,0,0,0,0,0,0,0,0,0,0,0,0,0,0,0,0,0,0,0,0,0,0,0,0,0,0,0,0,0,0,0,0,0,0,0,0,0,0,0,0,0,0,0,0,0,0,0,0,0,0,0,0,0,0,0,0,0,0,0,0,0,0,0,0,0,0,0,0,0,0,0,0,0,0,0,0,0,0,0,0,0,0,0,0,0,0,0,0,0,0,0,0,0,0,0,0,0,0,0,0,0,0,0,0,0,0,0,0,0,0,0,0,0,0,0,0,0,0,0,0,0,0,0,0,0,0,0,0,0,0,0,0,0,0,0,0,0,0,0,0,0,0,0,0,0,0,0,0,0,0,0,0,0,0,0,0,0,0,0,0,0,0,0,0,0,0,0,0,0,0,0,0,0,0,0,0,0,0,0,0,0,0,0,0,0,0,0,0,0,0,0,0,0,0,0,0,0,0,0,0,0,0,0,0,0,0,0,0,0,0,0,0,0,0,0,0,0,0,0,0,0,0,0,0,0,0,0,0,0,0,0,0,0,0,0,0,0,0,0,0,0,0,0,0,0,0,0,0,0,0,0,0,0,0,0,0,0,0,0,0,0,0,0,0,0,0,0,0,0,0,0,0,0,0,0,0,0,0,0,0,0,0,0,0,0,0,0,0,0,0,0,0,0,0,0,0,0,0,0,0,0,0,0,0,0,0,0,0,0,0,0,0,0,0,0,0,0,0,0,0,0,0,0,0,0,0,0,0,0,0,0,0,0,0,0,0,0,0,0,0,0,0,0,0,0,0,0,0,0,0,0,0,0,0,0,0,0,0,0,0,0,0,0,0,0,0,0,0,0,0,0,0,0,0,0,0,0,0,0,0,0,0,0,0,0,0,0,0,0,0,0,0,0,0,0,0,0,0,0,0,0,0,0,0,0,0,0,0,0,0,0,0,0,0,0,0,0,0,0,0,0,0,0,0,0,0,0,0,0,0,0,0,0,0,0,0,0,0,0,0,0,0,0,0,0,0,0,0,0,0,0,0,0,0,0,0,0,0,0,0,0,0,0,0,0,0,0,0,0,0,0,0,0,0,0,0,0,0,0,0,0,0,0,0,0,0,0,0,0,0,0,0,0,0,0,0,0,0,0,0,0,0,0,0,0,0,0,0,0,0,0,0,0,0,0,0,0,0,0,0,0,0,0,0,0,0,0,0,0,0,0,0,0,0,0,0,0,0,0,0,0,0,0,0,0,0,0,0,0,0,0,0,0,0,0,0,0,0,0,0,0,0,0,0,0,0,0,0,0,0,0,0,0,0,0,0,0,0,0,0,0,0,0,0,0,0,0,0,0,0,0,0,0,0,0,0,0,0,0,0,0,0,0,0,0,0,0,0,0,0,0,0,0,0,0,0,0,0,0,0,0,0,0,0,0,0,0,0,0,0,0,0,0,0,0,0,0,0,0,0,0,0,0,0,0,0,0,0,0,0,0,0,0,0,0,0,0,0,0,0,0,0,0,0,0,0,0,0,0,0,0,0,0,0,0,0,0,0,0,0,0,0,0,0,0,0,0,0,0,0,0,0,0,0,0,0,0,0,0,0,0,0,0,0,0,0,0,0,0,0,0,0,0,0,0,0,0,0,0,0,0,0,0,0,0,0,0,0,0,0,0,0,0,0,0,0,0,0,0,0,0,0,0,0,0,0,0,0,0,0,0,0,0,0,0,0,0,0,0,0,0,0,0,0,0,0,0,0,0,0,0,0,0,0,0,0,0,0,0,0,0,0,0,0,0,0,0,0,0,0,0,0,0,0,0,0,0,0,0,0,0,0,0,0,0,0,0,0,0,0,0,0,0,0,0,0,0,0,0,0,0,0,0,0,0,0,0,0,0,0,0,0,0,0,0,0,0,0,0,0,0,0,0,0,0,0,0,0,0,0,0,0,0,0,0,0,0,0,0,0,0,0,0,0,0,0,0,0,0,0,0,0,0,0,0,0,0,0,0,0,0,0,0,0,0,0,0,0,0,0,0,0,0,0,0,0,0,0,0,0,0,0,0,0,0,0,0,0,0,0,0,0,0,0,0,0,0,0,0,0,0,0,0,0,0,0,0,0,0,0,0,0,0,0,0,0,0,0,0,0,0,0,0,0,0,0,0,0,0,0,0,0,0,0,0,0,0
Shuttle7,	0,0,0,0,0,0,0,0,0,0,0,0,0,0,0,0,0,0,0,0,0,0,0,0,0,0,0,0,0,0,0,0,0,0,0,0,0,0,0,0,0,0,0,0,0,0,0,0,0,0,0,0,0,0,0,0,0,0,0,0,0,0,0,0,0,0,0,0,0,0,0,0,0,0,0,0,0,0,0,0,0,0,0,0,0,0,0,0,0,0,0,0,0,0,0,0,0,0,0,0,0,0,0,0,0,0,0,0,0,0,0,0,0,0,0,0,0,0,0,0,0,0,0,0,0,0,0,0,0,0,0,0,0,0,0,0,0,0,0,0,0,0,0,0,0,0,0,0,0,0,0,0,0,0,0,0,0,0,0,0,0,0,0,0,0,0,0,0,0,0,0,0,0,0,0,0,0,0,0,0,0,0,0,0,0,0,0,0,0,0,0,0,0,0,0,0,0,0,0,0,0,0,0,0,0,0,0,0,0,0,0,0,0,0,0,0,0,0,0,0,0,0,0,0,0,0,0,0,0,0,0,0,0,0,0,0,0,0,0,0,0,0,0,0,0,0,0,0,0,0,0,0,0,0,0,0,0,0,0,0,0,0,0,0,0,0,0,0,0,0,0,0,0,0,0,0,0,0,0,0,0,0,0,0,0,0,0,0,0,0,0,0,0,0,0,0,0,0,0,0,0,0,0,0,0,0,0,0,0,0,0,0,0,0,0,0,0,0,0,0,0,0,0,0,0,0,0,0,0,0,0,0,0,0,0,0,0,0,0,0,0,0,0,0,0,0,0,0,0,0,0,0,0,0,0,0,0,0,0,0,0,0,0,0,0,0,0,0,0,0,0,0,0,0,0,0,0,0,0,0,0,0,0,0,0,0,0,0,0,0,0,0,0,0,0,0,0,0,0,0,0,0,0,0,0,0,0,0,0,0,0,0,0,0,0,0,0,0,0,0,0,0,0,0,0,0,0,0,0,0,0,0,0,0,0,0,0,0,0,0,0,0,0,0,0,0,0,0,0,0,0,0,0,0,0,0,0,0,0,0,0,0,0,0,0,0,0,0,0,0,0,0,0,0,0,0,0,0,0,0,0,0,0,0,0,0,0,0,0,0,0,0,0,0,0,0,0,0,0,0,0,0,0,0,0,0,0,0,0,0,0,0,0,0,0,0,0,0,0,0,0,0,0,0,0,0,0,0,0,0,0,0,0,0,0,0,0,0,0,0,0,0,0,0,0,0,0,0,0,0,0,0,0,0,0,0,0,0,0,0,0,0,0,0,0,0,0,0,0,0,0,0,0,0,0,0,0,0,0,0,0,0,0,0,0,0,0,0,0,0,0,0,0,0,0,0,0,0,0,0,0,0,0,0,0,0,0,0,0,0,0,0,0,0,0,0,0,0,0,0,0,0,0,0,0,0,0,0,0,0,0,0,0,0,0,0,0,0,0,0,0,0,0,0,0,0,0,0,0,0,0,0,0,0,0,0,0,0,0,0,0,0,0,0,0,0,0,0,0,0,0,0,0,0,0,0,0,0,0,0,0,0,0,0,0,0,0,0,0,0,0,0,0,0,0,0,0,0,0,0,0,0,0,0,0,0,0,0,0,0,0,0,0,0,0,0,0,0,0,0,0,0,0,0,0,0,0,0,0,0,0,0,0,0,0,0,0,0,0,0,0,0,0,0,0,0,0,0,0,0,0,0,0,0,0,0,0,0,0,0,0,0,0,0,0,0,0,0,0,0,0,0,0,0,0,0,0,0,0,0,0,0,0,0,0,0,0,0,0,0,0,0,0,0,0,0,0,0,0,0,0,0,0,0,0,0,0,0,0,0,0,0,0,0,0,0,0,0,0,0,0,0,0,0,0,0,0,0,0,0,0,0,0,0,0,0,0,0,0,0,0,0,0,0,0,0,0,0,0,0,0,0,0,0,0,0,0,0,0,0,0,0,0,0,0,0,0,0,0,0,0,0,0,0,0,0,0,0,0,0,0,0,0,0,0,0,0,0,0,0,0,0,0,0,0,0,0,0,0,0,0,0,0,0,0,0,0,0,0,0,0,0,0,0,0,0,0,0,0,0,0,0,0,0,0,0,0,0,0,0,0,0,0,0,0,0,0,0,0,0,0,0,0,0,0,0,0,0,0,0,0,0,0,0,0,0,0,0,0,0,0,0,0,0,0,0,0,0,0,0,0,0,0,0,0,0,0,0,0,0,0,0,0,0,0,0,0,0,0,0,0,0,0,0,0,0,0,0,0,0,0,0,0,0,0,0,0,0,0,0,0,0,0,0,0,0,0,0,0,0,0,0,0,0,0,0,0,0,0,0,0,0,0,0,0,0,0,0,0,0,0,0,0,0,0,0,0,0,0,0,0,0,0,0,0,0,0,0,0,0,0,0,0,0,0,0,0,0,0,0,0,0,0,0,0,0,0,0,0,0,0,0,0,0,0,0,0,0,0,0,0,0,0,0,0,0,0,0,0,0,0,0,0,0,0,0,0,0,0,0,0,0,0,0,0,0,0,0,0,0,0,0,0,0,0,0,0,0,0,0,0,0,0,0,0,0,0,0,0,0,0,0,0,0,0,0,0,0,0,0,0,0,0,0,0,0,0,0,0,0,0,0,0,0,0,0,0,0,0,0,0,0,0,0,0,0,0,0,0,0,0,0,0,0,0,0,0,0,0,0,0,0,0,0,0,0,0,0,0,0,0,0,0,0,0,0,0,0,0,0,0,0,0,0,0,0,0,0,0,0,0,0,0,0,0,0,0,0,0,0,0,0,0,0,0,0,0,0,0,0,0,0,0,0,0,0,0,0,0,0,0,0,0,0,0,0,0,0,0,0,0,0,0,0,0,0,0,0,0,0,0,0,0,0,0,0,0,0,0,0,0,0,0,0,0,0,0,0,0,0,0,0,0,0,0,0,0,0,0,0,0,0,0,0,0,0,0,0,0,0,0,0,0,0,0,0,0,0,0,0,0,0,0,0,0,0,0,0,0,0,0,0,0,0,0,0,0,0,0,0,0,0,0,0,0,0,0,0,0,0,0,0,0,0,0,0,0,0,0,0,0,0,0,0,0,0,0,0,0,0,0,0,0,0,0,0,0,0,0,0,0,0,0,0,0,0,0,0,0,0,0,0,0,0,0,0,0,0,0,0,0,0,0,0,0,0,0,0,0,0,0,0,0,0,0,0,0,0,0,0,0,0,0,0,0,0,0,0,0,0,0,0,0,0,0,0,0,0,0,0
Shuttle8,	0,0,0,0,0,0,0,0,0,0,0,0,0,0,0,0,0,0,0,0,0,0,0,0,0,0,0,0,0,0,0,0,0,0,0,0,0,0,0,0,0,0,0,0,0,0,0,0,0,0,0,0,0,0,0,0,0,0,0,0,0,0,0,0,0,0,0,0,0,0,0,0,0,0,0,0,0,0,0,0,0,0,0,0,0,0,0,0,0,0,0,0,0,0,0,0,0,0,0,0,0,0,0,0,0,0,0,0,0,0,0,0,0,0,0,0,0,0,0,0,0,0,0,0,0,0,0,0,0,0,0,0,0,0,0,0,0,0,0,0,0,0,0,0,0,0,0,0,0,0,0,0,0,0,0,0,0,0,0,0,0,0,0,0,0,0,0,0,0,0,0,0,0,0,0,0,0,0,0,0,0,0,0,0,0,0,0,0,0,0,0,0,0,0,0,0,0,0,0,0,0,0,0,0,0,0,0,0,0,0,0,0,0,0,0,0,0,0,0,0,0,0,0,0,0,0,0,0,0,0,0,0,0,0,0,0,0,0,0,0,0,0,0,0,0,0,0,0,0,0,0,0,0,0,0,0,0,0,0,0,0,0,0,0,0,0,0,0,0,0,0,0,0,0,0,0,0,0,0,0,0,0,0,0,0,0,0,0,0,0,0,0,0,0,0,0,0,0,0,0,0,0,0,0,0,0,0,0,0,0,0,0,0,0,0,0,0,0,0,0,0,0,0,0,0,0,0,0,0,0,0,0,0,0,0,0,0,0,0,0,0,0,0,0,0,0,0,0,0,0,0,0,0,0,0,0,0,0,0,0,0,0,0,0,0,0,0,0,0,0,0,0,0,0,0,0,0,0,0,0,0,0,0,0,0,0,0,0,0,0,0,0,0,0,0,0,0,0,0,0,0,0,0,0,0,0,0,0,0,0,0,0,0,0,0,0,0,0,0,0,0,0,0,0,0,0,0,0,0,0,0,0,0,0,0,0,0,0,0,0,0,0,0,0,0,0,0,0,0,0,0,0,0,0,0,0,0,0,0,0,0,0,0,0,0,0,0,0,0,0,0,0,0,0,0,0,0,0,0,0,0,0,0,0,0,0,0,0,0,0,0,0,0,0,0,0,0,0,0,0,0,0,0,0,0,0,0,0,0,0,0,0,0,0,0,0,0,0,0,0,0,0,0,0,0,0,0,0,0,0,0,0,0,0,0,0,0,0,0,0,0,0,0,0,0,0,0,0,0,0,0,0,0,0,0,0,0,0,0,0,0,0,0,0,0,0,0,0,0,0,0,0,0,0,0,0,0,0,0,0,0,0,0,0,0,0,0,0,0,0,0,0,0,0,0,0,0,0,0,0,0,0,0,0,0,0,0,0,0,0,0,0,0,0,0,0,0,0,0,0,0,0,0,0,0,0,0,0,0,0,0,0,0,0,0,0,0,0,0,0,0,0,0,0,0,0,0,0,0,0,0,0,0,0,0,0,0,0,0,0,0,0,0,0,0,0,0,0,0,0,0,0,0,0,0,0,0,0,0,0,0,0,0,0,0,0,0,0,0,0,0,0,0,0,0,0,0,0,0,0,0,0,0,0,0,0,0,0,0,0,0,0,0,0,0,0,0,0,0,0,0,0,0,14,14,14,14,14,14,14,14,14,14,14,14,14,14,14,14,14,14,14,14,14,14,14,14,14,14,14,29,29,29,29,29,29,29,29,29,29,29,29,29,29,36,36,36,36,36,36,36,36,36,36,36,36,36,36,36,36,36,36,36,36,45,45,45,45,45,45,45,45,45,45,45,45,45,45,45,45,45,32,32,32,32,32,32,32,32,32,32,32,32,32,32,32,32,32,32,32,32,15,15,15,15,15,15,15,15,15,15,15,15,15,15,15,15,15,15,15,15,15,15,15,15,15,15,15,14,14,14,14,14,14,14,14,14,14,14,14,14,14,1,1,1,1,1,1,1,1,1,1,1,1,1,1,1,1,1,1,1,1,0,0,0,0,0,0,0,0,0,0,0,0,0,0,0,0,0,0,0,0,0,0,0,0,0,0,0,0,0,0,0,0,0,0,0,0,0,0,0,0,0,0,0,0,0,0,0,0,0,0,0,0,0,0,0,0,0,0,0,0,0,0,0,0,0,0,0,0,0,0,0,0,0,0,0,0,0,0,0,0,0,0,0,0,0,0,0,0,0,0,0,0,0,0,0,0,0,0,0,0,0,0,0,0,0,0,0,0,0,0,0,0,0,0,0,0,0,0,0,0,0,0,0,0,0,0,0,0,0,0,0,0,0,0,0,0,0,0,0,0,0,0,0,0,0,0,0,0,0,0,0,0,0,0,0,0,0,0,0,0,0,0,0,0,0,0,0,0,0,0,0,0,0,0,0,0,0,0,0,0,0,0,0,0,0,0,0,0,0,0,0,0,0,0,0,0,0,0,0,0,0,0,0,0,0,0,0,0,0,0,0,0,0,0,0,0,0,0,0,0,0,0,0,0,0,0,0,0,0,0,0,0,0,0,0,0,0,0,0,0,0,0,0,0,0,0,0,0,0,0,0,0,0,0,0,0,0,0,0,0,0,0,0,0,0,0,0,0,0,0,0,0,0,0,0,0,0,0,0,0,0,0,0,0,0,0,0,0,0,0,0,0,0,0,0,0,0,0,0,0,0,0,0,0,0,0,0,0,0,0,0,0,0,0,0,0,0,0,0,0,0,0,0,0,0,0,0,0,0,0,0,0,0,0,0,0,0,0,0,0,0,0,0,0,0,0,0,0,0,0,0,0,0,0,0,0,0,0,0,0,0,0,0,0,0,0,0,0,0,0,0,0,0,0,0,0,0,0,0,0,0,0,0,0,0,0,0,0,0,0,0,0,0,0,0,0,0,0,0,0,0,0,0,0,0,0,0,0,0,0,0,0,0,0,0,0,0,0,0,0,0,0,0,0,0,0,0,0,0,0,0,0,0,0,0,0,0,0,0,0,0,0,0,0,0,0,0,0,0,0,0,0,0,0,0,0,0,0,0,0,0,0,0,0,0,0,0,0,0,0,0,0,0,0,0,0,0,0,0,0,0,0,0,0,0,0,0,0,0,0,0,0,0,0,0,0,0,0,0,0,0,0,0,0,0,0,0,0,0,0,0,0,0,0,0,0,0,0,0,0,0,0,0,0,0,0,0,0,0,0,0,0,0,0,0,0,0,0,0,0,0,0,0,0,0,0,0,0,0,0,0,0,0,0,0,0,0,0
Shuttle9,	0,0,0,0,0,0,0,0,0,0,0,0,0,0,0,0,0,0,0,0,0,0,0,0,0,0,0,0,0,0,0,0,0,0,0,0,0,0,0,0,0,0,0,0,0,0,0,0,0,0,0,0,0,0,0,0,0,0,0,0,0,0,0,0,0,0,0,0,0,0,0,0,0,0,0,0,0,0,0,0,0,0,0,0,0,0,0,0,0,0,0,0,0,0,0,0,0,0,0,0,0,0,0,0,0,0,0,0,0,0,0,0,0,0,0,0,0,0,0,0,0,0,0,0,0,0,0,0,0,0,0,0,0,0,0,0,0,0,0,0,0,0,0,0,0,0,0,0,0,0,0,0,0,0,0,0,0,0,0,0,0,0,0,0,0,0,0,0,0,0,0,0,0,0,0,0,0,0,0,0,0,0,0,0,0,0,0,0,0,0,0,0,0,0,0,0,0,0,0,0,0,0,0,0,0,0,0,0,0,0,0,0,0,0,0,0,0,0,0,0,0,0,0,0,0,0,0,0,0,0,0,0,0,0,0,0,0,0,0,0,0,0,0,0,0,0,0,0,0,0,0,0,0,0,0,0,0,0,0,0,0,0,0,0,0,0,0,0,0,0,0,0,0,0,0,0,0,0,0,0,0,0,0,0,0,0,0,0,0,0,0,0,0,0,0,0,0,0,0,0,0,0,0,0,0,0,0,0,0,0,0,0,0,0,0,0,0,0,0,0,0,0,0,0,0,0,0,0,0,0,0,0,0,0,0,0,0,0,0,0,0,0,0,0,0,0,0,0,0,0,0,0,0,0,0,0,0,0,0,0,0,0,0,0,0,0,0,0,0,0,0,0,0,0,0,0,0,0,0,0,0,0,0,0,0,0,0,0,0,0,0,0,0,0,0,0,0,0,0,0,0,0,0,0,0,0,0,0,0,0,0,0,0,0,0,0,0,0,0,0,0,0,0,0,0,0,0,0,0,0,0,0,0,0,0,0,0,0,0,0,0,0,0,0,0,0,0,0,0,0,0,0,0,0,0,0,0,0,0,0,0,0,0,0,0,0,0,0,0,0,0,0,0,0,0,0,0,0,0,0,0,0,0,0,0,0,0,0,0,0,0,0,0,0,0,0,0,0,0,0,0,0,0,0,0,0,0,0,0,0,0,0,0,0,0,0,0,0,0,0,0,0,0,0,0,0,0,0,0,0,0,0,0,0,0,0,0,0,0,0,0,0,0,0,0,0,0,0,0,0,0,0,0,0,0,0,0,0,0,0,0,0,0,0,0,0,0,0,0,0,0,0,0,0,0,0,0,0,0,0,0,0,0,0,0,0,0,0,0,0,0,0,0,0,0,0,0,0,0,0,0,0,0,0,0,0,0,0,0,0,0,0,0,0,0,0,0,0,0,0,0,0,0,0,0,0,0,0,0,0,0,0,0,0,0,0,0,0,0,0,0,0,0,0,0,0,0,0,0,0,0,0,0,0,0,0,0,0,0,0,0,0,0,0,0,0,0,0,0,0,0,0,0,0,0,0,0,0,0,0,0,0,0,0,0,0,0,0,0,0,0,0,0,0,0,0,0,0,0,0,0,0,0,0,0,0,0,0,0,0,0,0,0,0,0,0,0,0,0,0,0,0,0,0,0,0,0,0,0,0,0,0,0,0,0,0,0,0,0,0,0,0,0,0,0,0,0,0,0,0,0,0,0,0,0,0,0,0,0,0,0,0,0,0,0,0,0,0,0,0,0,0,0,0,0,0,0,0,0,0,0,0,0,0,6,6,6,6,6,6,6,6,6,6,6,6,6,6,22,22,22,22,22,22,22,22,22,22,22,22,22,22,22,22,22,22,22,22,22,22,22,14,14,14,14,14,14,14,14,14,14,14,14,14,14,14,14,14,14,14,14,14,14,14,14,14,14,14,7,7,7,7,7,7,7,7,7,7,7,7,7,7,6,6,6,6,6,6,6,6,6,6,6,6,6,6,6,6,6,6,6,6,0,0,0,0,0,0,0,0,0,0,0,0,0,0,0,0,0,0,0,0,0,0,0,0,0,0,0,0,0,0,0,0,0,0,0,0,0,0,0,0,0,0,0,0,0,0,0,0,0,0,0,0,0,0,0,0,0,0,0,0,0,0,0,0,0,0,0,0,0,0,0,0,0,0,0,0,0,0,0,0,0,0,0,0,0,0,0,0,0,0,0,0,0,0,0,0,0,0,0,0,0,0,0,0,0,0,0,0,0,0,0,0,0,0,0,0,0,0,0,0,0,0,0,0,0,0,0,0,0,0,0,0,0,0,0,0,0,0,0,0,0,0,0,0,0,0,0,0,0,0,0,0,0,0,0,0,0,0,0,0,0,0,0,0,0,0,0,0,0,0,0,0,0,0,0,0,0,0,0,0,0,0,0,0,0,0,0,0,0,0,0,0,0,0,0,0,0,0,0,0,0,0,0,0,0,0,0,0,0,0,0,0,0,0,0,0,0,0,0,0,0,0,0,0,0,0,0,0,0,0,0,0,0,0,0,0,0,0,0,0,0,0,0,0,0,0,0,0,0,0,0,0,0,0,0,0,0,0,0,0,0,0,0,0,0,0,0,0,0,0,0,0,0,0,0,0,0,0,0,0,0,0,0,0,0,0,0,0,0,0,0,0,0,0,0,0,0,0,0,0,0,0,0,0,0,0,0,0,0,0,0,0,0,0,0,0,0,0,0,0,0,0,0,0,0,0,0,0,0,0,0,0,0,0,0,0,0,0,0,0,0,0,0,0,0,0,0,0,0,0,0,0,0,0,0,0,0,0,0,0,0,0,0,0,0,0,0,0,0,0,0,0,0,0,0,0,0,0,0,0,0,0,0,0,0,0,0,0,0,0,0,0,0,0,0,0,0,0,0,0,0,0,0,0,0,0,0,0,0,0,0,0,0,0,0,0,0,0,0,0,0,0,0,0,0,0,0,0,0,0,0,0,0,0,0,0,0,0,0,0,0,0,0,0,0,0,0,0,0,0,0,0,0,0,0,0,0,0,0,0,0,0,0,0,0,0,0,0,0,0,0,0,0,0,0,0,0,0,0,0,0,0,0,0,0,0,0,0,0,0,0,0,0,0,0,0,0,0,0,0,0,0,0,0,0,0,0,0,0,0,0,0,0,0,0,0,0,0,0,0,0,0,0,0,0,0,0,0,0,0,0,0,0,0,0,0,0,0,0,0,0,0,0,0,0,0,0,0,0,0,0,0,0,0,0,0,0,0

How early,	-825252/2912,	-40,-32,-20,-9,27,-30,1,0,32,-26,-26,31,-11,-10,18,31,26,32,32,4,18,18,18,26,-20,-34,-12,-11,12,-22,12,3,-43,-43,-36,-36,-36,-17,-16,-28,-11,-11,-17,-24,-16,-10,-10,-23,-22,-5,-4,-4,-4,2,3,38,38,31,31,31,29,30,38,28,19,19,19,-41,-41,-38,25,21,26,-33,26,-2,18,20,20,20,7,-27,-27,21,21,1,8,-26,-26,-26,-2,9,-25,-25,-1,-1,-1,19,-16,-16,-16,8,14,-15,-15,-15,-38,-38,-38,-38,-43,-37,-37,-37,-37,-36,-36,-36,-42,-36,-36,-41,-35,-35,-39,-40,-38,28,28,-37,-37,22,22,-36,23,30,31,31,-15,-25,32,-40,-39,-39,-44,-44,-38,-38,-38,26,27,27,28,28,28,-33,-33,29,-32,-32,-16,-31,-15,-15,-14,-26,-13,-25,-10,-10,-10,-10,-24,-24,-9,16,-9,-9,16,-9,-16,-16,-16,-16,-16,17,-8,-8,-8,17,27,27,-15,-20,-23,-22,-22,-22,-22,-23,-23,-23,-22,-22,35,35,35,35,27,27,27,28,28,29,-40,-40,-30,-39,-29,26,-38,-38,27,-28,27,27,-37,-27,-27,-27,12,13,13,13,-29,26,14,14,21,29,29,30,30,31,31,31,32,5,5,6,6,7,9,20,-26,10,10,10,21,-25,-50,-50,-49,-55,-55,-49,-49,1,1,2,2,2,20,20,21,21,21,21,22,22,23,-51,-51,-50,-50,-58,-50,-57,-57,-56,-55,-55,-47,-58,-57,-65,-64,-63,-61,-61,-46,-46,-62,-43,-41,-60,-39,-62,-66,-65,-63,-57,-56,-3,-40,-28,-2,-48,-2,-48,5,5,-61,-54,-66,-60,-21,-20,-20,-22,-21,-21,-21,-20,-20,8,9,9,10,10,10,11,-68,-4,-4,-60,-34,-34,-33,7,7,7,7,8,8,-3,-3,-2,-2,-1,-36,-36,-36,-36,-35,-11,-52,-52,-50,-10,-55,-55,-75,-75,-58,-74,-68,-75,-14,-14,-13,-77,-77,-73,-73,-72,-73,-84,-83,-82,-34,-33,-8,-8,-6,-6,-6,-6,-4,-41,-40,-39,-39,-87,-86,-86,-83,-62,-23,-22,-22,-21,-10,-9,-9,-9,-9,-8,-8,-8,-29,-28,-28,-28,-27,-27,-27,-27,-26,-26,-31,-26,-25,-90,-89,-89,-89,-66,-72,-19,-81,-80,-92,-91,-91,-90,-86,-85,-25,-92,-84,-24,-96,-95,-92,-91,-91,-91,-100,-35,-35,-35,-75,-35,-75,-75,-80,-80,-93,-55,-40,-72,-44,-73,-97,-96,-77,-31,-31,-31,-77,-97,-36,-88,-59,-59,-27,-27,-26,-26,-26,-25,-25,-27,-27,-27,-26,-26,-26,-87,-25,-85,-85,-84,-84,-84,-67,-67,-67,-66,-66,-88,-88,-95,-87,-99,-86,-93,-93,-98,-98,-105,-105,-105,-97,-107,-107,-106,-39,-100,-107,-46,-91,-113,-85,-72,-52,-71,-70,-70,-78,-78,-73,-77,-43,-43,-90,-90,-50,-88,-52,-42,-108,-42,-98,-111,-97,-111,-96,-96,-110,-49,-51,-51,-93,-57,-57,-50,-44,-50,-44,-116,-122,-102,-47,-102,-101,-46,-46,-109,-116,-48,-113,-47,-105,-112,-104,-46,-46,-104,-111,-105,-75,-75,-94,-109,-93,-107,-107,-93,-40,-40,-39,-39,-39,-99,-98,-98,-97,-97,-97,-83,-96,-96,-82,-81,-111,-111,-111,-110,-110,-110,-47,-47,-47,-46,-46,-46,-45,-45,-120,-120,-119,-118,-63,-63,-122,-122,-120,-120,-119,-107,-44,-43,-43,-43,-42,-42,-50,-101,-101,-49,-100,-100,-125,-124,-124,-65,-65,-65,-123,-105,-105,-85,-85,-99,-108,-123,-117,-57,-57,-116,-122,-122,-116,-116,-89,-104,-104,-104,-119,-84,-128,-73,-62,-74,-71,-75,-117,-68,-125,-125,-76,-76,-69,-58,-58,-57,-57,-57,-130,-130,-130,-88,-104,-104,-104,-104,-104,-87,-87,-109,-79,-97,-96,-96,-123,-69,-69,-121,-135,-135,-74,-124,-124,-75,-128,-68,-68,-128,-78,-73,-77,-83,-125,-125,-70,-83,-136,-136,-143,-142,-87,-125,-138,-137,-137,-137,-134,-123,-81,-81,-127,-127,-127,-83,-70,-145,-145,-137,-137,-138,-138,-146,-89,-142,-84,-92,-80,-145,-91,-83,-138,-148,-155,-149,-148,-127,-110,-133,-139,-142,-142,-103,-141,-92,-141,-89,-157,-93,-139,-156,-139,-139,-134,-134,-156,-142,-136,-136,-157,-145,-157,-157,-150,-150,-91,-91,-91,-156,-156,-137,-161,-148,-96,-160,-149,-149,-94,-104,-167,-167,-167,-166,-154,-153,-113,-99,-139,-152,-158,-139,-139,-98,-138,-138,-168,-167,-168,-161,-153,-167,-167,-159,-149,-149,-125,-125,-125,-125,-125,-125,-125,-114,-138,-109,-133,-133,-133,-133,-132,-145,-145,-117,-107,-169,-168,-158,-158,-152,-116,-116,-116,-115,-115,-109,-109,-167,-109,-109,-173,-173,-111,-172,-108,-161,-167,-167,-161,-174,-177,-164,-164,-157,-162,-171,-179,-163,-113,-178,-122,-119,-121,-121,-121,-117,-169,-169,-174,-125,-149,-119,-119,-131,-173,-165,-165,-171,-171,-122,-122,-181,-121,-121,-121,-128,-184,-183,-183,-182,-182,-187,-179,-173,-179,-179,-179,-173,-179,-173,-186,-178,-178,-178,-185,-169,-122,-176,-182,-182,-183,-165,-138,-190,-187,-174,-174,-130,-182,-183,-183,-183,-183,-183,-183,-183,-141,-131,-131,-144,-144,-170,-182,-176,-182,-176,-169,-179,-168,-168,-175,-146,-146,-146,-146,-133,-139,-177,-133,-133,-201,-149,-201,-149,-149,-201,-149,-176,-176,-182,-182,-189,-189,-159,-159,-159,-159,-193,-186,-144,-144,-167,-147,-201,-143,-166,-156,-198,-155,-142,-141,-180,-180,-145,-182,-182,-144,-160,-181,-160,-143,-151,-158,-207,-213,-196,-196,-189,-189,-155,-155,-206,-171,-171,-171,-171,-171,-171,-171,-198,-198,-154,-158,-158,-182,-182,-182,-159,-178,-178,-171,-171,-171,-157,-157,-170,-180,-161,-208,-208,-208,-208,-163,-152,-152,-214,-162,-214,-214,-161,-155,-155,-166,-211,-164,-170,-210,-196,-156,-156,-169,-173,-173,-166,-166,-166,-166,-175,-223,-202,-202,-207,-207,-170,-206,-206,-184,-184,-184,-184,-211,-167,-164,-210,-193,-211,-168,-191,-191,-191,-207,-207,-178,-166,-173,-225,-180,-180,-223,-223,-230,-230,-230,-214,-232,-232,-232,-224,-224,-208,-227,-221,-221,-227,-188,-213,-238,-231,-231,-231,-230,-230,-181,-181,-218,-181,-227,-226,-226,-210,-197,-197,-197,-197,-222,-222,-211,-223,-212,-222,-177,-194,-194,-177,-177,-233,-233,-186,-226,-231,-231,-231,-225,-230,-230,-205,-186,-192,-193,-193,-193,-193,-226,-232,-232,-232,-232,-239,-217,-217,-223,-223,-191,-191,-239,-233,-207,-207,-250,-249,-249,-184,-184,-190,-190,-192,-194,-191,-240,-188,-188,-192,-244,-194,-206,-222,-243,-209,-209,-235,-192,-235,-218,-191,-198,-205,-205,-205,-205,-204,-204,-204,-191,-223,-190,-202,-205,-205,-205,-234,-234,-217,-233,-233,-216,-216,-216,-231,-231,-248,-202,-248,-248,-230,-229,-220,-220,-220,-203,-243,-202,-227,-227,-202,-240,-226,-204,-199,-256,-256,-207,-207,-198,-240,-240,-256,-256,-206,-218,-235,-224,-217,-240,-205,-211,-211,-216,-216,-210,-239,-204,-204,-204,-238,-206,-233,-210,-233,-202,-202,-202,-202,-236,-204,-236,-236,-204,-236,-236,-230,-229,-229,-215,-265,-265,-254,-207,-202,-202,-202,-225,-235,-201,-233,-225,-223,-223,-223,-223,-230,-230,-230,-253,-247,-246,-246,-218,-238,-217,-237,-217,-267,-267,-267,-267,-226,-213,-268,-253,-253,-213,-216,-248,-248,-248,-222,-257,-279,-222,-224,-218,-234,-221,-234,-243,-243,-243,-243,-258,-258,-257,-257,-250,-250,-260,-249,-259,-259,-252,-258,-227,-265,-230,-258,-229,-229,-229,-257,-252,-254,-248,-248,-279,-279,-279,-279,-279,-279,-279,-279,-279,-279,-279,-225,-225,-280,-280,-239,-239,-239,-239,-239,-239,-228,-231,-231,-230,-228,-240,-233,-236,-287,-287,-287,-287,-286,-286,-280,-259,-282,-284,-289,-289,-240,-255,-277,-261,-269,-264,-263,-263,-263,-263,-264,-264,-264,-262,-262,-264,-292,-292,-292,-292,-251,-251,-251,-251,-256,-275,-255,-255,-255,-247,-247,-239,-293,-238,-298,-249,-249,-291,-248,-243,-243,-247,-242,-281,-246,-236,-236,-259,-265,-247,-272,-295,-248,-294,-271,-293,-251,-251,-264,-251,-280,-280,-268,-268,-268,-268,-268,-268,-268,-268,-268,-268,-268,-248,-255,-278,-255,-263,-266,-266,-266,-305,-305,-305,-305,-264,-264,-264,-257,-299,-299,-256,-298,-298,-298,-266,-266,-297,-255,-248,-248,-248,-248,-247,-270,-270,-269,-257,-263,-262,-256,-256,-262,-262,-262,-256,-261,-255,-270,-270,-270,-270,-270,-263,-307,-300,-288,-252,-312,-263,-263,-304,-292,-292,-292,-292,-292,-285,-285,-277,-284,-281,-260,-260,-299,-299,-299,-299,-305,-317,-317,-317,-317,-317,-317,-279,-271,-306,-265,-271,-277,-277,-277,-277,-315,-283,-260,-283,-283,-266,-318,-311,-296,-296,-296,-288,-286,-286,-286,-285,-272,-272,-285,-284,-284,-281,-294,-294,-280,-289,-289,-289,-288,-282,-300,-317,-264,-316,-316,-304,-293,-293,-293,-293,-293,-303,-303,-303,-296,-273,-306,-306,-311,-289,-289,-289,-289,-328,-286,-286,-286,-281,-280,-273,-279,-279,-279,-272,-311,-271,-286,-286,-332,-332,-300,-300,-299,-299,-276,-328,-284,-284,-296,-296,-283,-283,-282,-317,-317,-317,-308,-308,-314,-291,-291,-307,-297,-324,-287,-287,-287,-303,-295,-292,-301,-292,-335,-335,-341,-348,-348,-348,-348,-334,-303,-290,-296,-318,-305,-304,-304,-305,-300,-314,-314,-312,-312,-306,-306,-307,-306,-305,-329,-329,-329,-329,-342,-342,-305,-328,-351,-351,-351,-310,-310,-352,-305,-305,-352,-352,-305,-304,-304,-303,-335,-311,-298,-339,-339,-330,-335,-298,-315,-343,-304,-304,-304,-304,-317,-316,-316,-316,-316,-328,-344,-340,-340,-340,-323,-357,-357,-323,-327,-327,-327,-327,-327,-327,-327,-363,-363,-363,-363,-363,-363,-363,-363,-363,-363,-363,-363,-363,-363,-363,-363,-363,-316,-351,-351,-316,-316,-310,-322,-323,-325,-325,-325,-316,-363,-315,-324,-324,-344,-344,-344,-359,-320,-344,-354,-319,-319,-307,-317,-326,-339,-316,-345,-345,-325,-369,-369,-309,-348,-325,-308,-360,-340,-339,-339,-339,-339,-339,-339,-339,-339,-341,-341,-376,-376,-376,-376,-376,-376,-376,-376,-376,-376,-376,-376,-376,-376,-376,-376,-376,-376,-376,-376,-376,-376,-333,-358,-358,-355,-335,-335,-348,-348,-348,-348,-348,-348,-370,-334,-354,-354,-354,-369,-369,-363,-328,-328,-363,-328,-365,-360,-339,-357,-337,-350,-350,-336,-348,-348,-358,-335,-351,-351,-351,-362,-362,-362,-362,-362,-352,-352,-353,-332,-344,-361,-361,-345,-363,-348,-389,-389,-389,-389,-389,-389,-389,-389,-389,-389,-389,-389,-389,-389,-389,-389,-389,-348,-348,-341,-335,-377,-378,-367,-367,-370,-363,-374,-365,-365,-365,-365,-365,-365,-365,-365,-366,-401,-401,-401,-401,-401,-401,-401,-401,-401,-401,-401,-401,-401,-401,-401,-401,-353,-357,-357,-353,-404,-404,-388,-388,-388,-364,-344,-344,-390,-344,-390,-376,-406,-377,-377,-377,-377,-377,-377,-393,-378,-403,-403,-403,-380,-402,-371,-383,-383,-382,-370,-376,-370,-376,-393,-376,-382,-382,-376,-398,-369,-392,-369,-392,-385,-373,-373,-373,-388,-370,-383,-383,-382,-356,-415,-415,-393,-374,-374,-391,-391,-391,-413,-413,-413,-389,-385,-403,-403,-403,-402,-402,-402,-404,-381,-381,-387,-409,-409,-403,-408,-406,-383,-402,-379,-399,-404,-397,-385,-420,-397,-403,-425,-425,-411,-411,-424,-424,-435,-435,-435,-435,-435,-435,-435,-435,-435,-435,-435,-435,-435,-435,-435,-418,-395,-418,-417,-417,-417,-417,-394,-394,-394,-394,-417,-393,-410,-380,-410,-416,-416,-416,-397,-411,-447,-447,-447,-447,-447,-447,-447,-447,-447,-447,-447,-447,-447,-447,-447,-447,-447,-447,-447,-447,-447,-447,-447,-407,-407,-407,-407,-407,-407,-445,-445,-445,-416,-421,-421,-444,-421,-409,-409,-415,-415,-408,-431,-442,-422,-418,-417,-417,-435,-436,-435,-412,-412,-460,-460,-460,-460,-460,-460,-460,-460,-460,-460,-460,-460,-460,-460,-460,-460,-460,-460,-460,-460,-460,-460,-460,-460,-460,-460,-460,-419,-419,-419,-419,-419,-419,-419,-433,-434,-442,-422,-442,-441,-421,-421,-421,-441,-440,-420,-442,-441,-441,-440,-446,-464,-464,-458,-421,-444,-427,-443,-473,-473,-473,-473,-473,-473,-473,-473,-473,-473,-473,-473,-473,-473,-473,-473,-473,-473,-473,-473,-473,-473,-473,-473,-473,-432,-447,-414,-414,-453,-446,-445,-459,-475,-432,-432,-432,-432,-455,-455,-426,-485,-485,-485,-485,-485,-485,-485,-485,-485,-485,-485,-485,-485,-485,-485,-485,-485,-485,-485,-485,-485,-485,-485,-485,-485,-485,-485,-445,-445,-445,-445,-445,-445,-465,-451,-472,-472,-453,-447,-445,-449,-449,-449,-455,-457,-457,-457,-457,-484,-484,-483,-483,-476,-474,-478,-474,-459,-459,-458,-458,-461,-497,-497,-462,-480,-519,-519,-519,-519,-519,-519,-519,-519,-519,-519,-519,-519,-519,-519,-519,-519,-519,-519,-519,-519,-519,-519,-519,-519,-519,-519,-519,-519,-519,-519,-519,-519,-519,-519,-519,-519,-519,-519,-519,-519,-464,-492,-492,-467,-467,-471,-497,-497,-497,-497,-531,-531,-531,-531,-531,-531,-531,-531,-531,-531,-531,-531,-531,-531,-531,-531,-531,-531,-531,-531,-531,-531,-531,-531,-531,-531,-531,-531,-531,-531,-531,-531,-531,-531,-531,-531,-531,-531,-531,-531,-531,-531,-531,-491,-502,-495,-494,-544,-544,-544,-544,-544,-544,-544,-544,-544,-544,-544,-544,-544,-544,-544,-544,-544,-544,-544,-544,-544,-544,-544,-544,-544,-544,-544,-544,-544,-544,-544,-544,-544,-544,-544,-544,-544,-544,-527,-548,-542,-520,-557,-557,-557,-557,-557,-557,-557,-557,-557,-557,-557,-557,-557,-557,-557,-557,-557,-557,-557,-557,-557,-557,-557,-557,-557,-557,-557,-557,-557,-557,-557,-557,-557,-557,-557,-557,-557,-557,-557,-557,-557,-557,-557,-516,-516,-516,-516,-536,-532,-569,-569,-569,-569,-569,-569,-569,-569,-569,-569,-569,-569,-569,-569,-569,-569,-569,-569,-569,-569,-569,-569,-569,-569,-569,-569,-569,-569,-569,-569,-569,-569,-569,-569,-569,-569,-569,-569,-569,-569,-569,-552,-552,-552,-552,-557,-556,-603,-603,-603,-603,-603,-603,-603,-603,-603,-603,-603,-603,-603,-603,-603,-603,-603,-603,-603,-603,-603,-603,-603,-603,-603,-603,-603,-603,-603,-603,-603,-603,-603,-603,-603,-603,-603,-603,-603,-603,-603,-603,-603,-579,-615,-615,-615,-615,-615,-615,-615,-615,-615,-615,-615,-615,-615,-615,-615,-615,-615,-615,-615,-615,-615,-615,-615,-615,-615,-615,-615,-615,-615,-615,-615,-615,-615,-615,-615,-615,-615,-615,-615,-615,-615,-615,-615,-615,-615,-628,-628,-628,-628,-628,-628,-628,-628,-628,-628,-628,-628,-628,-628,-628,-628,-628,-628,-628,-628,-628,-628,-628,-628,-628,-628,-628,-628,-628,-628,-628,-628,-628,-628,-621,-621,-621,-572,-572,-627,-627,-620,-620,-581,-581,-602,-590,-600,-600,-600,-587,-593,-593,-628,-616,-599,-599,-599,-586,-586,-592,-586,-615,-626,-614,-614,-614,-614,-614,-614,-614,-614,-614,-614,-614,-614,-614,-614,-614,-614,-614,-614,-614,-614,-614,-614,-614,-614,-614,-614,-614,-626,-626,-626,-626,-626,-626,-626,-626,-626,-626,-626,-626,-626,-626,-626,-626,-626,-626,-626,-626,-626,-626,-626,-626,-626,-626,-626,-626,-626,-626,-626,-626,-626,-626,-626,-626,-626,-626,-626,-626,-626,-626,-626,-626,-626,-627,-627,-625,-620,-633,-633,-622,-633,-633,-622,-626,-626,-632,-625,-625,-625,-625,-637,-660,-660,-660,-660,-660,-660,-660,-660,-660,-660,-660,-660,-660,-660,-660,-660,-660,-660,-660,-660,-660,-660,-660,-660,-660,-660,-660,-660,-660,-660,-660,-660,-660,-660,-660,-660,-660,-660,-660,-660,-660,-660,-660,-660,-660,-660,-659,-659,-659,-658,-659,-659,-659,-659,-661,-658,-658,-659,-659,-659,-659,-658,-661,-660,-642,-658,-661,-660,-660,-660,-660,-659,-659,-659,-661,-658,-660,-659,-658,-658,-657,-663,-662,-662,-661,-664,-664,-664,-664,-664

How wait,	819766/2912,	0,0,0,1,0,0,0,0,0,0,0,1,1,0,0,1,0,0,0,0,0,0,0,0,1,0,1,0,0,0,0,0,1,1,0,0,0,1,0,0,1,1,1,2,0,0,0,1,0,1,0,0,0,2,1,0,0,0,0,0,1,0,0,0,2,2,2,3,3,0,2,0,1,1,1,3,3,1,1,1,2,3,3,0,0,0,1,2,2,2,3,0,1,1,2,2,2,2,3,3,3,1,1,2,2,2,2,2,2,2,3,3,1,1,1,2,2,2,2,2,2,1,1,1,3,0,2,4,4,1,1,2,2,0,1,2,1,1,2,3,0,4,3,3,4,4,2,2,2,4,3,3,2,2,2,3,3,1,2,2,4,1,3,3,2,4,1,3,4,4,4,4,2,2,3,3,3,3,3,3,4,4,4,4,4,2,2,2,2,2,3,3,3,4,3,2,2,2,2,3,3,3,2,2,3,3,3,3,5,5,5,4,4,3,6,6,7,5,6,6,4,4,5,5,5,5,3,4,4,4,6,5,5,5,6,6,4,4,5,9,9,8,8,7,7,7,6,9,9,8,8,7,5,12,13,14,14,14,11,12,16,16,15,15,15,15,15,17,17,16,16,16,18,18,17,17,17,17,16,16,15,19,19,18,18,18,18,17,19,18,17,17,19,20,19,21,20,19,21,21,23,23,22,23,21,22,23,24,24,25,23,25,24,24,27,29,26,26,26,26,27,27,27,28,26,26,29,28,28,30,29,29,29,28,28,30,29,29,28,28,28,27,28,31,31,32,31,31,30,31,31,31,31,30,30,31,31,30,30,29,30,30,30,30,29,35,32,32,34,34,35,35,35,35,35,34,36,35,38,38,37,37,37,39,39,38,41,44,43,42,45,44,46,46,44,44,44,44,42,45,44,43,43,45,46,46,45,46,47,46,46,45,48,47,47,47,47,46,46,46,49,48,48,48,47,47,47,47,46,46,50,50,49,50,49,49,49,53,50,51,53,52,54,53,53,52,54,57,57,54,56,56,58,57,60,59,59,59,58,59,59,59,59,59,59,59,60,60,61,62,59,60,59,60,63,62,63,63,63,63,63,63,66,66,63,63,65,65,64,64,64,63,63,65,65,65,64,64,64,67,63,65,65,64,64,64,65,65,65,64,64,66,66,67,65,67,64,65,65,66,66,67,67,67,65,67,67,66,71,68,69,70,71,71,72,73,73,72,71,71,73,73,74,72,73,73,74,74,75,76,71,72,76,74,76,75,75,75,74,74,74,76,77,77,78,75,75,76,76,76,76,78,78,79,79,79,78,78,78,77,78,80,81,79,79,80,78,78,78,78,79,77,79,79,80,77,79,79,79,79,78,78,77,77,77,80,79,79,78,78,78,81,77,77,80,79,79,79,79,78,78,78,79,79,79,78,78,78,77,77,80,80,81,80,81,81,82,82,82,82,81,81,82,81,81,81,80,80,82,83,83,81,82,82,83,82,82,83,83,83,81,83,83,86,86,86,86,91,91,89,89,90,90,90,90,90,93,90,90,90,87,88,90,92,92,93,90,93,94,94,93,93,94,94,95,96,96,95,95,95,96,96,96,98,99,99,99,99,99,97,97,97,98,98,97,97,97,99,99,99,103,103,101,101,101,101,100,100,100,100,102,103,101,102,102,102,102,107,104,104,103,104,105,105,106,105,105,105,108,103,107,107,108,108,108,107,108,111,111,111,111,114,114,114,113,114,114,116,112,113,115,115,115,116,115,117,116,117,117,117,117,119,119,121,118,118,118,121,121,119,120,120,120,120,120,120,120,120,123,123,123,123,123,123,124,124,123,123,123,124,124,123,127,128,126,128,126,126,126,128,127,127,127,126,128,130,131,131,131,132,132,129,129,130,130,130,132,133,132,133,131,131,131,131,133,133,135,135,135,135,135,135,135,138,139,139,137,137,137,137,136,137,137,136,137,137,136,138,138,138,140,140,140,139,139,139,139,139,139,139,139,139,141,138,138,141,141,141,141,142,139,142,142,141,146,143,147,149,145,146,149,146,148,148,148,147,147,147,148,149,150,149,149,150,151,151,151,151,151,152,152,153,151,151,151,152,154,153,153,152,152,155,153,153,153,153,153,153,153,153,154,152,152,152,153,155,154,156,156,156,155,155,157,158,161,158,158,157,158,160,160,160,160,160,160,160,160,161,161,162,162,164,162,162,162,162,163,165,162,162,166,164,164,164,164,165,165,167,165,165,167,167,167,167,167,167,167,166,166,166,166,167,167,169,169,169,169,171,170,171,171,174,174,169,170,173,174,175,173,174,173,175,175,176,174,174,175,176,173,174,174,177,179,177,179,177,177,179,179,179,179,180,181,181,181,181,181,181,181,182,182,184,182,182,183,183,183,186,185,185,186,186,186,184,184,185,187,188,185,185,185,185,187,184,184,186,186,186,186,187,187,187,190,191,190,188,190,188,188,188,190,191,191,192,192,192,192,193,191,192,192,193,193,194,192,192,194,194,194,194,195,197,194,194,194,197,195,198,198,198,199,199,199,196,197,197,198,198,200,200,198,198,198,200,200,200,200,202,202,200,201,201,201,201,203,203,202,205,205,205,204,204,205,205,204,205,205,204,204,206,207,207,207,207,208,208,209,209,206,208,208,208,208,208,208,210,210,210,210,211,211,211,209,210,210,212,212,210,211,211,211,211,212,212,212,212,212,213,213,213,214,214,215,215,213,213,214,214,214,215,215,216,216,216,216,217,218,215,218,218,218,216,218,218,219,220,217,219,219,221,222,219,219,221,222,221,221,221,219,220,220,220,221,221,220,221,223,223,223,224,224,224,223,223,223,223,223,223,223,228,226,226,226,226,225,227,227,227,230,227,229,229,229,227,228,228,228,229,230,230,231,231,228,230,230,230,230,230,231,231,231,232,232,232,232,232,231,231,231,231,231,231,231,230,233,234,234,234,232,232,232,232,234,234,234,234,234,234,234,237,236,236,236,239,239,234,239,240,240,240,240,239,239,237,239,239,242,242,242,243,243,243,243,243,242,242,245,245,244,244,244,244,244,244,244,244,245,245,247,247,244,246,246,246,246,248,248,247,251,250,250,250,251,250,253,253,253,253,254,254,253,253,254,254,256,253,255,255,256,254,252,253,257,258,256,256,256,257,259,260,255,255,256,256,256,256,256,256,256,256,256,256,256,257,257,257,257,257,257,257,257,257,257,258,259,259,258,256,259,259,260,261,261,261,261,260,260,260,263,263,262,263,263,264,265,265,268,269,271,270,270,270,270,270,270,270,269,269,270,269,269,269,269,269,269,269,269,271,267,270,270,270,271,272,269,270,270,272,273,273,271,272,273,273,271,272,272,272,274,274,274,272,276,276,276,274,275,275,277,275,275,277,275,276,276,278,278,278,278,278,278,278,278,278,278,278,278,279,279,279,284,281,281,281,282,282,282,282,282,282,282,283,284,284,282,283,283,283,284,284,283,285,286,286,286,286,285,288,288,287,289,289,288,288,288,288,288,288,288,287,287,288,288,288,288,288,289,288,289,289,290,286,287,287,288,288,288,288,288,288,289,289,291,288,291,290,290,293,293,293,293,291,294,294,294,294,294,294,294,295,297,297,297,295,295,295,295,295,298,298,298,298,298,299,300,300,300,300,302,300,300,300,301,302,302,299,300,300,300,301,301,299,302,302,302,301,301,301,301,302,302,302,302,303,303,303,303,303,304,304,304,305,303,304,304,305,307,307,307,307,308,307,307,307,308,309,311,309,309,309,310,312,309,310,310,312,312,313,313,312,312,314,312,314,314,312,312,313,313,312,315,315,315,317,317,315,315,315,316,316,318,319,319,319,318,319,321,322,319,321,321,321,322,322,322,322,320,321,322,322,322,323,322,322,323,324,321,321,325,325,325,325,326,325,324,327,327,327,327,328,328,329,326,328,328,328,329,329,330,330,330,330,330,330,331,329,330,331,329,330,330,330,328,329,330,333,335,333,333,333,333,335,334,334,334,334,332,333,335,335,335,335,335,335,335,337,337,337,337,337,337,337,340,340,340,340,340,340,340,340,340,340,340,340,340,340,340,340,340,342,342,342,342,342,342,340,341,344,344,344,341,341,342,343,343,343,343,343,345,344,345,346,343,343,345,346,347,348,345,346,346,346,347,347,347,349,349,346,346,349,349,349,349,349,349,349,349,349,350,350,353,353,353,353,353,353,353,353,353,353,353,353,353,353,353,353,353,353,353,353,353,353,354,354,354,354,354,354,355,355,355,355,355,355,356,353,353,353,353,355,355,354,354,354,354,354,357,359,357,358,358,359,359,357,360,360,359,359,360,360,360,360,360,360,360,360,362,362,362,364,365,365,365,366,367,363,366,366,366,366,366,366,366,366,366,366,366,366,366,366,366,366,366,366,366,367,367,369,370,368,368,371,372,372,375,375,375,375,375,375,375,375,375,378,378,378,378,378,378,378,378,378,378,378,378,378,378,378,378,377,378,378,379,378,378,380,380,380,382,382,382,382,382,382,385,386,387,387,387,387,387,387,391,387,389,389,389,387,388,390,390,390,389,389,389,389,389,389,389,389,389,389,390,388,388,388,388,391,391,391,391,392,391,392,392,391,394,395,395,397,395,395,395,395,395,399,399,399,398,400,401,401,401,400,400,400,400,400,400,400,401,401,399,400,402,402,398,398,403,405,406,406,406,406,407,411,411,409,409,410,410,412,412,412,412,412,412,412,412,412,412,412,412,412,412,412,414,414,414,413,413,413,413,413,413,413,413,413,412,414,412,416,417,417,417,418,421,424,424,424,424,424,424,424,424,424,424,424,424,424,424,424,424,424,424,424,424,424,424,424,425,425,425,425,425,425,431,431,431,431,430,430,430,430,430,430,430,430,429,432,428,431,433,432,432,433,434,433,435,435,437,437,437,437,437,437,437,437,437,437,437,437,437,437,437,437,437,437,437,437,437,437,437,437,437,437,437,437,437,437,437,437,437,437,437,443,443,443,443,442,442,442,442,442,441,441,443,442,442,441,444,444,444,444,445,448,448,449,450,450,450,450,450,450,450,450,450,450,450,450,450,450,450,450,450,450,450,450,450,450,450,450,450,450,456,452,452,454,455,454,457,455,456,456,456,456,461,461,458,462,462,462,462,462,462,462,462,462,462,462,462,462,462,462,462,462,462,462,462,462,462,462,462,462,462,462,463,463,463,463,463,463,465,466,470,470,468,470,469,470,470,470,468,475,475,475,475,476,476,475,475,476,478,478,475,482,482,481,481,482,483,483,485,486,496,496,496,496,496,496,496,496,496,496,496,496,496,496,496,496,496,496,496,496,496,496,496,496,496,496,496,496,496,496,496,496,496,496,496,496,496,496,496,496,496,498,498,499,499,500,501,501,501,501,508,508,508,508,508,508,508,508,508,508,508,508,508,508,508,508,508,508,508,508,508,508,508,508,508,508,508,508,508,508,508,508,508,508,508,508,508,508,508,508,508,508,508,509,514,518,517,521,521,521,521,521,521,521,521,521,521,521,521,521,521,521,521,521,521,521,521,521,521,521,521,521,521,521,521,521,521,521,521,521,521,521,521,521,521,526,526,528,530,534,534,534,534,534,534,534,534,534,534,534,534,534,534,534,534,534,534,534,534,534,534,534,534,534,534,534,534,534,534,534,534,534,534,534,534,534,534,534,534,534,534,534,534,534,534,534,536,542,546,546,546,546,546,546,546,546,546,546,546,546,546,546,546,546,546,546,546,546,546,546,546,546,546,546,546,546,546,546,546,546,546,546,546,546,546,546,546,546,546,551,551,551,551,567,566,580,580,580,580,580,580,580,580,580,580,580,580,580,580,580,580,580,580,580,580,580,580,580,580,580,580,580,580,580,580,580,580,580,580,580,580,580,580,580,580,580,580,580,589,592,592,592,592,592,592,592,592,592,592,592,592,592,592,592,592,592,592,592,592,592,592,592,592,592,592,592,592,592,592,592,592,592,592,592,592,592,592,592,592,592,592,592,592,592,605,605,605,605,605,605,605,605,605,605,605,605,605,605,605,605,605,605,605,605,605,605,605,605,605,605,605,605,605,605,605,605,605,605,606,606,606,604,604,604,604,605,605,607,607,612,616,618,618,618,619,619,619,619,620,617,617,617,618,618,618,618,619,617,618,618,618,618,618,618,618,618,618,618,618,618,618,618,618,618,618,618,618,618,618,618,618,618,618,618,618,630,630,630,630,630,630,630,630,630,630,630,630,630,630,630,630,630,630,630,630,630,630,630,630,630,630,630,630,630,630,630,630,630,630,630,630,630,630,630,630,630,630,630,630,630,637,637,635,641,654,654,654,654,654,654,655,655,653,654,654,654,654,655,664,664,664,664,664,664,664,664,664,664,664,664,664,664,664,664,664,664,664,664,664,664,664,664,664,664,664,664,664,664,664,664,664,664,664,664,664,664,664,664,664,664,664,664,664,678,677,677,677,676,677,677,677,677,679,676,676,677,677,677,677,676,679,678,674,676,679,678,678,678,678,677,677,677,679,676,678,677,676,676,675,681,680,680,679,682,682,682,682,682


Missed people's location (Destination / Demand time) At 1439
A Station,	
B Station,	
C Station,	(N/772/-1), (N/772/-1), (N/772/-1), (N/772/-1), (N/772/-1), (N/772/-1), (N/772/-1), (N/772/-1), (N/772/-1), (N/772/-1), (N/772/-1), (N/772/-1), (N/772/-1), (N/772/-1), (N/772/-1), (N/772/-1), (N/772/-1), (N/772/-1), (N/772/-1), (N/772/-1), (N/772/-1), (N/772/-1), (N/772/-1), (N/772/-1), (N/772/-1), (N/772/-1), (N/772/-1), (N/772/-1), (N/772/-1), (N/772/-1), (N/772/-1), (N/772/-1), (N/772/-1), (N/772/-1), (N/772/-1), (N/772/-1), (N/772/-1), (N/772/-1), (N/772/-1), (N/772/-1), (N/772/-1), (N/772/-1), (N/772/-1), (N/772/-1), (N/772/-1), (N/772/-1), (N/772/-1), (N/772/-1), (N/772/-1), (N/772/-1), (N/772/-1), (N/772/-1), (N/772/-1), (N/772/-1), (N/772/-1), (N/772/-1), (N/772/-1), (N/772/-1), (N/772/-1), (N/772/-1), (N/772/-1), (N/772/-1), (N/772/-1), (N/772/-1), (N/772/-1), (N/772/-1), (N/772/-1), (N/772/-1), (N/772/-1), (N/772/-1), (N/772/-1), (N/772/-1), (N/772/-1), (N/772/-1), (N/772/-1), (N/772/-1), (N/772/-1), (N/772/-1), (N/772/-1), (N/772/-1), (N/772/-1), (N/772/-1), (N/772/-1), (N/772/-1), (N/772/-1), (N/772/-1), (N/772/-1), (N/772/-1), (N/772/-1), (N/772/-1), (N/772/-1), (N/772/-1), (N/772/-1), (N/772/-1), (N/772/-1), (N/772/-1), (N/772/-1), (N/772/-1), (N/772/-1), (N/772/-1), (N/772/-1), (N/772/-1), (N/772/-1), (N/772/-1), (N/772/-1), (N/772/-1), (N/772/-1), (N/772/-1), (N/772/-1), (N/772/-1), (N/772/-1), (N/772/-1), (N/772/-1), (N/772/-1), (N/772/-1), (N/772/-1), (N/772/-1), (N/772/-1), (N/772/-1), (N/772/-1), (N/772/-1), (N/772/-1), (N/772/-1), (N/772/-1), (N/772/-1), (N/772/-1), (N/772/-1), (N/772/-1), (N/772/-1), (N/772/-1), (N/772/-1), (N/772/-1), (N/772/-1), (N/772/-1), (N/772/-1), (N/772/-1), (N/772/-1), (N/772/-1), (N/772/-1), (N/772/-1), (N/772/-1), (N/772/-1), (N/772/-1), (N/772/-1), (N/772/-1), (N/772/-1), (N/772/-1), (N/772/-1), (N/772/-1), (N/772/-1), (N/772/-1), (N/772/-1), (N/772/-1), (N/772/-1), (N/772/-1), (N/772/-1), (N/772/-1), (N/772/-1), (N/772/-1), (N/772/-1), (N/772/-1), (N/772/-1), (N/772/-1), (N/772/-1), (N/772/-1), (N/772/-1), (N/772/-1), (N/772/-1), (N/772/-1), (N/772/-1), (N/772/-1), (N/772/-1), (N/772/-1), (N/772/-1), (N/772/-1), (N/772/-1), (N/772/-1), (N/772/-1), (N/772/-1), (N/772/-1), (N/772/-1), (N/772/-1), (N/772/-1), (N/772/-1), (N/772/-1), (N/772/-1), (N/772/-1), (N/772/-1), (N/772/-1), (N/772/-1), (N/772/-1), (N/772/-1), (N/772/-1), (N/772/-1), (N/772/-1), (N/772/-1), (N/772/-1), (N/772/-1), (N/772/-1), (N/772/-1), (N/772/-1), (N/772/-1), (N/772/-1), (N/772/-1), (N/772/-1), (N/772/-1), (N/772/-1), (N/772/-1), (N/772/-1), (N/772/-1), (N/772/-1), (N/772/-1), (N/772/-1), (N/772/-1), (N/772/-1), (N/772/-1), (N/772/-1), (N/772/-1), (N/772/-1), (N/772/-1), (N/772/-1), (N/772/-1), (N/772/-1), (N/772/-1), (N/772/-1), (N/772/-1), (N/772/-1), (N/772/-1), (N/772/-1), (N/772/-1), (N/772/-1), (N/772/-1), (N/772/-1), (N/772/-1), (N/772/-1), (N/772/-1), (N/772/-1), (N/772/-1), (N/772/-1), (N/772/-1), (N/772/-1), (N/772/-1), (N/772/-1), (N/772/-1), (N/772/-1), (N/772/-1), (N/772/-1), (N/772/-1), (N/772/-1), (N/772/-1), (N/772/-1), (N/772/-1), (N/772/-1), (N/772/-1), (N/772/-1), (N/772/-1), (N/772/-1), (N/772/-1), (N/772/-1), (N/772/-1), (N/772/-1), (N/772/-1), (N/772/-1), (N/772/-1), (N/772/-1), (N/772/-1), (N/772/-1), (N/772/-1), (N/772/-1), (N/772/-1), (N/772/-1), (N/772/-1), (N/772/-1), (N/772/-1), (N/772/-1), (N/772/-1), (N/772/-1), (N/772/-1), (N/772/-1), (N/772/-1), (N/772/-1), (N/772/-1), (N/772/-1), (N/772/-1), (N/772/-1), (N/772/-1), (N/772/-1), (N/772/-1), (N/772/-1), (N/772/-1), (N/772/-1), (N/772/-1), (N/772/-1), (N/772/-1), (N/772/-1), (N/772/-1), (N/772/-1), (N/772/-1), (N/772/-1), (N/772/-1), (N/772/-1), (N/772/-1), (N/772/-1), (N/772/-1), (N/772/-1), (N/772/-1), (N/772/-1), (N/772/-1), (N/772/-1), (N/772/-1), (N/772/-1), (N/772/-1), (N/772/-1), (N/772/-1), (N/772/-1), (N/772/-1), (N/772/-1), (N/772/-1), (N/772/-1), (N/772/-1), (N/772/-1), (N/772/-1), (N/772/-1), (N/772/-1), (N/772/-1), (N/772/-1), (N/772/-1), (N/772/-1), (N/772/-1), (N/772/-1), (N/772/-1), (N/772/-1), (N/772/-1), (N/772/-1), (N/772/-1), (N/772/-1), (N/772/-1), (N/772/-1), (N/772/-1), (N/772/-1), (N/772/-1), (N/772/-1), (N/772/-1), (N/772/-1), (N/772/-1), (N/772/-1), (N/772/-1), (N/772/-1), (N/772/-1), (N/772/-1), (N/772/-1), (N/772/-1), (N/772/-1), (N/772/-1), (N/772/-1), (N/772/-1), (N/772/-1), (N/772/-1), (N/772/-1), (N/772/-1), (N/772/-1), (N/772/-1), (N/772/-1), (N/772/-1), (N/772/-1), (N/772/-1), (N/772/-1), (N/772/-1), (N/772/-1), (N/772/-1), (N/772/-1), (N/772/-1), (N/772/-1), (N/772/-1), (N/772/-1), (N/772/-1), (N/772/-1), (N/772/-1), (N/772/-1), (N/772/-1), (N/772/-1), (N/772/-1), (N/772/-1), (N/772/-1), (N/772/-1), (N/772/-1), (N/772/-1), (N/772/-1), (N/772/-1), (N/772/-1), (N/772/-1), (N/772/-1), (N/772/-1), (N/772/-1), (N/772/-1), (N/772/-1), (N/772/-1), (N/772/-1), (N/772/-1), (N/772/-1), (N/772/-1), (N/772/-1), (N/772/-1), (N/772/-1), (N/772/-1), (N/772/-1), (N/772/-1), (N/772/-1), (N/772/-1), (N/772/-1), (N/772/-1), (N/772/-1), (N/772/-1), (N/772/-1), (N/772/-1), (N/772/-1), (N/772/-1), (N/772/-1), (N/772/-1), (N/772/-1), (N/772/-1), (N/772/-1), (N/772/-1), (N/772/-1), (N/772/-1), (N/773/-1), (N/774/-1), (M/774/-1), (P/774/-1), (M/775/-1), (P/775/-1), (P/775/-1), (M/776/-1), (P/776/-1), (P/776/-1), (P/777/-1), (P/777/-1)
D Station,	(L/771/-1), (N/771/-1), (N/771/-1), (N/771/-1), (N/772/-1), (M/772/-1), (M/773/-1), (M/773/-1), (M/774/-1), (M/774/-1), (P/774/-1), (M/775/-1)
E Station,	(M/772/-1), (M/772/-1), (M/773/-1)
F Station,	
G Station,	(N/769/-1), (N/769/-1), (N/769/-1), (N/769/-1), (N/769/-1), (N/769/-1), (N/769/-1), (N/769/-1), (N/769/-1), (N/769/-1), (N/769/-1), (N/769/-1), (N/769/-1), (N/769/-1), (N/769/-1), (N/769/-1), (N/769/-1), (N/769/-1), (N/769/-1), (N/769/-1), (N/769/-1), (N/769/-1), (N/769/-1), (N/769/-1), (N/769/-1), (N/769/-1), (N/769/-1), (N/769/-1), (N/769/-1), (N/769/-1), (N/769/-1), (N/769/-1), (N/769/-1), (N/769/-1), (N/769/-1), (N/769/-1), (N/769/-1), (N/769/-1), (N/769/-1), (N/769/-1), (N/769/-1), (N/769/-1), (N/769/-1), (N/769/-1), (N/769/-1), (N/769/-1), (N/769/-1), (N/769/-1), (N/769/-1), (N/769/-1), (N/769/-1), (N/769/-1), (N/769/-1), (N/769/-1), (N/769/-1), (N/769/-1), (N/769/-1), (N/769/-1), (N/769/-1), (N/769/-1), (N/769/-1), (N/769/-1), (N/769/-1), (N/769/-1), (N/769/-1), (N/769/-1), (N/769/-1), (N/769/-1), (N/769/-1), (N/769/-1), (N/769/-1), (N/769/-1), (N/769/-1), (N/769/-1), (N/769/-1), (N/769/-1), (N/769/-1), (N/769/-1), (N/769/-1), (N/769/-1), (N/769/-1), (N/769/-1), (N/769/-1), (N/769/-1), (N/769/-1), (N/769/-1), (N/769/-1), (N/769/-1), (N/769/-1), (N/769/-1), (N/769/-1), (N/769/-1), (N/769/-1), (N/769/-1), (N/769/-1), (N/769/-1), (N/769/-1), (N/769/-1), (N/769/-1), (N/769/-1), (N/769/-1), (N/769/-1), (N/769/-1), (N/769/-1), (N/769/-1), (N/769/-1), (N/769/-1), (N/769/-1), (N/769/-1), (N/769/-1), (N/769/-1), (N/769/-1), (N/769/-1), (N/769/-1), (N/769/-1), (N/769/-1), (N/769/-1), (N/769/-1), (N/769/-1), (N/769/-1), (N/769/-1), (N/769/-1), (N/769/-1), (N/769/-1), (N/769/-1), (N/769/-1), (N/769/-1), (N/769/-1), (N/769/-1), (N/769/-1), (N/769/-1), (N/769/-1), (N/769/-1), (N/769/-1), (N/769/-1), (N/769/-1), (N/769/-1), (N/769/-1), (N/769/-1), (N/769/-1), (N/769/-1), (N/769/-1), (N/769/-1), (N/769/-1), (N/769/-1), (N/769/-1), (N/769/-1), (N/769/-1), (N/769/-1), (N/769/-1), (N/769/-1), (N/769/-1), (N/769/-1), (N/769/-1), (N/769/-1), (N/769/-1), (N/769/-1), (N/769/-1), (N/769/-1), (N/769/-1), (N/769/-1), (N/769/-1), (N/769/-1), (N/769/-1), (N/769/-1), (N/769/-1), (N/769/-1), (N/769/-1), (N/769/-1), (N/769/-1), (N/769/-1), (N/769/-1), (N/769/-1), (N/769/-1), (N/769/-1), (N/769/-1), (N/769/-1), (N/769/-1), (N/769/-1), (N/769/-1), (N/769/-1), (N/769/-1), (N/769/-1), (N/769/-1), (N/769/-1), (N/769/-1), (N/769/-1), (N/769/-1), (N/769/-1), (N/769/-1), (N/769/-1), (N/769/-1), (N/769/-1), (N/769/-1), (N/769/-1), (N/769/-1), (N/769/-1), (N/769/-1), (N/769/-1), (N/769/-1), (N/769/-1), (N/769/-1), (N/769/-1), (N/769/-1), (N/769/-1), (N/769/-1), (N/769/-1), (N/769/-1), (N/769/-1), (N/769/-1), (N/769/-1), (N/769/-1), (N/769/-1), (N/769/-1), (N/769/-1), (N/769/-1), (N/769/-1), (N/769/-1), (N/769/-1), (N/769/-1), (N/769/-1), (N/769/-1), (N/769/-1), (N/769/-1), (N/769/-1), (N/769/-1), (N/769/-1), (N/769/-1), (N/769/-1), (N/769/-1), (N/769/-1), (N/769/-1), (N/769/-1), (N/769/-1), (N/769/-1), (N/769/-1), (N/769/-1), (N/769/-1), (N/769/-1), (N/769/-1), (N/769/-1), (N/769/-1), (N/769/-1), (N/769/-1), (N/769/-1), (N/769/-1), (N/769/-1), (N/769/-1), (N/769/-1), (N/769/-1), (N/769/-1), (N/769/-1), (N/769/-1), (N/769/-1), (N/769/-1), (N/769/-1), (N/769/-1), (N/769/-1), (N/769/-1), (N/769/-1), (N/769/-1), (N/769/-1), (N/769/-1), (N/769/-1), (N/769/-1), (N/769/-1), (N/769/-1), (N/769/-1), (N/769/-1), (N/769/-1), (N/769/-1), (N/769/-1), (N/769/-1), (N/769/-1), (N/769/-1), (N/769/-1), (N/769/-1), (N/769/-1), (N/769/-1), (N/769/-1), (N/769/-1), (N/769/-1), (N/769/-1), (N/769/-1), (N/769/-1), (N/769/-1), (N/769/-1), (N/769/-1), (N/769/-1), (N/769/-1), (N/769/-1), (N/769/-1), (N/769/-1), (N/769/-1), (N/769/-1), (N/769/-1), (N/769/-1), (N/769/-1), (N/769/-1), (N/769/-1), (N/769/-1), (N/769/-1), (N/769/-1), (N/769/-1), (N/769/-1), (N/769/-1), (N/769/-1), (N/769/-1), (N/769/-1), (N/769/-1), (N/769/-1), (N/769/-1), (N/769/-1), (N/769/-1), (N/769/-1), (N/769/-1), (N/769/-1), (N/769/-1), (N/769/-1), (N/769/-1), (N/769/-1), (N/769/-1), (N/769/-1), (N/769/-1), (N/769/-1), (N/769/-1), (N/769/-1), (N/769/-1), (N/769/-1), (N/769/-1), (N/769/-1), (N/769/-1), (N/769/-1), (N/769/-1), (N/769/-1), (N/769/-1), (N/769/-1), (N/769/-1), (N/769/-1), (N/769/-1), (N/769/-1), (N/769/-1), (N/769/-1), (N/769/-1), (N/769/-1), (N/769/-1), (N/769/-1), (N/769/-1), (N/769/-1), (N/769/-1), (N/769/-1), (N/769/-1), (N/769/-1), (N/769/-1), (N/769/-1), (N/769/-1), (N/769/-1), (N/769/-1), (N/769/-1), (N/769/-1), (N/769/-1), (N/769/-1), (N/769/-1), (N/769/-1), (N/769/-1), (N/769/-1), (N/769/-1), (N/769/-1), (N/769/-1), (N/769/-1), (N/769/-1), (N/769/-1), (N/769/-1), (N/769/-1), (N/769/-1), (N/769/-1), (N/769/-1), (N/769/-1), (N/769/-1), (N/769/-1), (N/769/-1), (N/769/-1), (N/769/-1), (N/769/-1), (N/769/-1), (N/769/-1), (N/769/-1), (N/769/-1), (N/769/-1), (N/769/-1), (N/769/-1), (N/769/-1), (N/769/-1), (N/769/-1), (N/769/-1), (N/769/-1), (N/769/-1), (N/769/-1), (N/769/-1), (N/769/-1), (N/769/-1), (N/769/-1), (N/769/-1), (N/769/-1), (N/769/-1), (N/769/-1), (N/769/-1), (N/769/-1), (N/769/-1), (N/769/-1), (N/769/-1), (N/769/-1), (N/769/-1), (N/769/-1), (N/769/-1), (N/769/-1), (N/769/-1), (N/769/-1), (N/769/-1), (N/769/-1), (N/769/-1), (N/769/-1), (N/769/-1), (N/769/-1), (N/769/-1), (N/769/-1), (N/769/-1), (N/769/-1), (N/769/-1), (N/769/-1), (N/769/-1), (N/769/-1), (N/769/-1), (N/769/-1), (N/769/-1), (N/769/-1), (N/769/-1), (N/769/-1), (N/769/-1), (N/769/-1), (N/769/-1), (N/769/-1), (N/769/-1), (N/769/-1), (N/769/-1), (N/769/-1), (N/769/-1), (N/769/-1), (N/769/-1), (N/769/-1), (N/769/-1), (N/769/-1), (N/769/-1), (N/769/-1), (N/769/-1), (N/769/-1), (N/769/-1), (N/769/-1), (N/769/-1), (N/769/-1), (N/769/-1), (N/769/-1), (N/769/-1), (N/769/-1), (N/769/-1), (N/769/-1), (N/769/-1), (N/769/-1), (N/769/-1), (N/769/-1), (N/769/-1), (N/769/-1), (N/769/-1), (N/769/-1), (N/769/-1), (N/769/-1), (N/769/-1), (N/769/-1), (N/769/-1), (N/769/-1), (N/769/-1), (N/769/-1), (N/769/-1), (N/769/-1), (N/769/-1), (N/769/-1), (N/769/-1), (N/769/-1), (N/769/-1), (N/769/-1), (N/769/-1), (N/769/-1), (N/769/-1), (N/769/-1), (N/769/-1), (N/769/-1), (N/769/-1), (N/769/-1), (N/769/-1), (N/769/-1), (N/769/-1), (N/769/-1), (N/769/-1), (N/769/-1), (N/769/-1), (N/769/-1), (N/769/-1), (O/769/-1), (O/769/-1), (R/769/-1), (N/770/-1), (B/770/-1), (B/770/-1), (O/770/-1), (O/770/-1), (O/770/-1), (R/770/-1), (R/770/-1), (L/770/-1), (O/771/-1), (R/771/-1), (R/771/-1), (R/771/-1), (L/771/-1), (P/771/-1), (R/772/-1), (P/772/-1), (P/773/-1), (P/773/-1), (P/773/-1), (L/774/-1), (V/774/-1), (M/774/-1), (Q/775/-1), (M/775/-1), (Q/775/-1), (M/776/-1), (M/776/-1), (Q/776/-1), (M/777/-1), (Q/778/-1)
H Station,	(P/769/-1), (P/769/-1), (P/769/-1), (P/769/-1), (P/769/-1), (P/769/-1), (P/769/-1), (P/769/-1), (P/769/-1), (P/769/-1), (P/769/-1), (P/769/-1), (P/769/-1), (P/769/-1), (P/769/-1), (P/769/-1), (P/769/-1), (P/769/-1), (P/769/-1), (P/769/-1), (P/769/-1), (P/769/-1), (P/769/-1), (P/769/-1), (P/769/-1), (P/769/-1), (P/769/-1), (P/769/-1), (P/769/-1), (P/769/-1), (P/769/-1), (P/769/-1), (P/769/-1), (P/769/-1), (P/769/-1), (P/769/-1), (P/769/-1), (P/769/-1), (P/769/-1), (P/769/-1), (P/769/-1), (P/769/-1), (P/769/-1), (P/769/-1), (P/769/-1), (P/769/-1), (P/769/-1), (P/769/-1), (P/769/-1), (P/769/-1), (P/769/-1), (P/769/-1), (P/769/-1), (P/769/-1), (P/769/-1), (P/769/-1), (P/769/-1), (P/769/-1), (P/769/-1), (P/769/-1), (P/769/-1), (P/769/-1), (P/769/-1), (P/769/-1), (P/769/-1), (P/769/-1), (P/769/-1), (P/769/-1), (P/769/-1), (P/769/-1), (P/769/-1), (P/769/-1), (P/769/-1), (P/769/-1), (P/769/-1), (P/769/-1), (P/769/-1), (P/769/-1), (P/769/-1), (P/769/-1), (P/769/-1), (P/769/-1), (P/769/-1), (P/769/-1), (P/769/-1), (P/769/-1), (P/769/-1), (P/769/-1), (P/769/-1), (P/769/-1), (P/769/-1), (P/769/-1), (P/769/-1), (P/769/-1), (P/769/-1), (P/769/-1), (P/769/-1), (P/769/-1), (P/769/-1), (P/769/-1), (P/769/-1), (P/769/-1), (P/769/-1), (P/769/-1), (P/769/-1), (P/769/-1), (P/769/-1), (P/769/-1), (P/769/-1), (P/769/-1), (P/769/-1), (P/769/-1), (P/769/-1), (P/769/-1), (P/769/-1), (P/769/-1), (P/769/-1), (P/769/-1), (P/769/-1), (P/769/-1), (P/769/-1), (P/769/-1), (P/769/-1), (P/769/-1), (P/769/-1), (P/769/-1), (P/769/-1), (P/769/-1), (P/769/-1), (P/769/-1), (P/769/-1), (P/769/-1), (P/769/-1), (P/769/-1), (P/769/-1), (P/769/-1), (P/769/-1), (P/769/-1), (P/769/-1), (P/769/-1), (P/769/-1), (P/769/-1), (P/769/-1), (P/769/-1), (P/769/-1), (P/769/-1), (P/769/-1), (P/769/-1), (P/769/-1), (P/769/-1), (P/769/-1), (P/769/-1), (P/769/-1), (P/769/-1), (P/769/-1), (P/769/-1), (P/769/-1), (P/769/-1), (P/769/-1), (P/769/-1), (P/769/-1), (P/769/-1), (P/769/-1), (P/769/-1), (P/769/-1), (P/769/-1), (P/769/-1), (P/769/-1), (P/769/-1), (P/769/-1), (P/769/-1), (P/769/-1), (P/769/-1), (P/769/-1), (P/769/-1), (P/769/-1), (P/769/-1), (P/769/-1), (P/769/-1), (P/769/-1), (P/769/-1), (P/769/-1), (P/769/-1), (P/769/-1), (P/769/-1), (P/769/-1), (P/769/-1), (P/769/-1), (P/769/-1), (P/769/-1), (P/769/-1), (P/769/-1), (P/769/-1), (P/769/-1), (P/769/-1), (P/769/-1), (P/769/-1), (P/769/-1), (P/769/-1), (P/769/-1), (P/769/-1), (P/769/-1), (P/769/-1), (P/769/-1), (P/769/-1), (P/769/-1), (P/769/-1), (P/769/-1), (P/769/-1), (P/769/-1), (P/769/-1), (P/769/-1), (P/769/-1), (P/769/-1), (P/769/-1), (P/769/-1), (P/769/-1), (P/769/-1), (P/769/-1), (P/769/-1), (P/769/-1), (P/769/-1), (P/769/-1), (P/769/-1), (P/769/-1), (P/769/-1), (P/769/-1), (P/769/-1), (P/769/-1), (P/769/-1), (P/769/-1), (P/769/-1), (P/769/-1), (P/769/-1), (P/769/-1), (P/769/-1), (P/769/-1), (P/769/-1), (P/769/-1), (P/769/-1), (P/769/-1), (P/769/-1), (P/769/-1), (P/769/-1), (P/769/-1), (P/769/-1), (P/769/-1), (P/769/-1), (P/769/-1), (P/769/-1), (P/769/-1), (P/769/-1), (P/769/-1), (P/769/-1), (P/769/-1), (P/769/-1), (P/769/-1), (P/769/-1), (P/769/-1), (P/769/-1), (P/769/-1), (P/769/-1), (P/769/-1), (P/769/-1), (P/769/-1), (P/769/-1), (P/769/-1), (P/769/-1), (P/769/-1), (P/769/-1), (P/769/-1), (P/769/-1), (P/769/-1), (P/769/-1), (P/769/-1), (P/769/-1), (P/769/-1), (P/769/-1), (P/769/-1), (P/769/-1), (P/769/-1), (P/769/-1), (P/769/-1), (P/769/-1), (P/769/-1), (P/769/-1), (P/769/-1), (P/769/-1), (P/769/-1), (P/769/-1), (P/769/-1), (P/769/-1), (P/769/-1), (P/769/-1), (P/769/-1), (P/769/-1), (P/769/-1), (P/769/-1), (P/769/-1), (P/769/-1), (P/769/-1), (P/769/-1), (P/769/-1), (P/769/-1), (P/769/-1), (P/769/-1), (P/769/-1), (P/769/-1), (P/769/-1), (P/769/-1), (P/769/-1), (P/769/-1), (P/769/-1), (P/769/-1), (P/769/-1), (P/769/-1), (P/769/-1), (P/769/-1), (P/769/-1), (P/769/-1), (P/769/-1), (P/769/-1), (P/769/-1), (P/769/-1), (P/769/-1), (P/769/-1), (P/769/-1), (P/769/-1), (P/769/-1), (P/769/-1), (P/769/-1), (P/769/-1), (P/769/-1), (P/769/-1), (P/769/-1), (P/769/-1), (P/769/-1), (P/769/-1), (P/769/-1), (P/769/-1), (P/769/-1), (P/769/-1), (P/769/-1), (P/769/-1), (P/769/-1), (P/769/-1), (P/769/-1), (P/769/-1), (P/769/-1), (P/769/-1), (P/769/-1), (P/769/-1), (P/769/-1), (P/769/-1), (P/769/-1), (P/769/-1), (P/769/-1), (P/769/-1), (P/769/-1), (P/769/-1), (P/769/-1), (P/769/-1), (P/769/-1), (P/769/-1), (P/769/-1), (P/769/-1), (P/769/-1), (P/769/-1), (P/769/-1), (P/769/-1), (P/769/-1), (P/769/-1), (P/769/-1), (P/769/-1), (P/769/-1), (P/769/-1), (P/769/-1), (P/769/-1), (P/769/-1), (P/769/-1), (P/769/-1), (P/769/-1), (P/769/-1), (P/769/-1), (P/769/-1), (P/769/-1), (P/769/-1), (P/769/-1), (P/769/-1), (P/769/-1), (P/769/-1), (P/769/-1), (P/769/-1), (P/769/-1), (P/769/-1), (P/769/-1), (P/769/-1), (P/769/-1), (P/769/-1), (P/769/-1), (P/769/-1), (P/769/-1), (P/769/-1), (P/769/-1), (P/769/-1), (P/769/-1), (P/769/-1), (P/769/-1), (P/769/-1), (P/769/-1), (P/769/-1), (P/769/-1), (P/769/-1), (P/769/-1), (P/769/-1), (P/769/-1), (P/769/-1), (P/769/-1), (P/769/-1), (P/769/-1), (P/769/-1), (P/769/-1), (P/769/-1), (P/769/-1), (P/769/-1), (P/769/-1), (P/769/-1), (P/769/-1), (P/769/-1), (P/769/-1), (P/769/-1), (P/769/-1), (P/769/-1), (P/769/-1), (P/769/-1), (P/769/-1), (P/769/-1), (P/769/-1), (P/769/-1), (P/769/-1), (P/769/-1), (P/769/-1), (P/769/-1), (P/769/-1), (P/769/-1), (P/769/-1), (P/769/-1), (P/769/-1), (P/769/-1), (P/769/-1), (P/769/-1), (P/769/-1), (P/769/-1), (P/769/-1), (P/769/-1), (P/769/-1), (P/769/-1), (P/769/-1), (P/769/-1), (P/769/-1), (P/769/-1), (P/769/-1), (P/769/-1), (P/769/-1), (P/769/-1), (P/769/-1), (P/769/-1), (P/769/-1), (P/769/-1), (P/769/-1), (P/769/-1), (P/769/-1), (P/769/-1), (P/769/-1), (P/769/-1), (P/769/-1), (P/769/-1), (P/769/-1), (P/769/-1), (P/769/-1), (P/769/-1), (P/769/-1), (P/769/-1), (P/769/-1), (P/769/-1), (P/769/-1), (P/769/-1), (P/769/-1), (P/769/-1), (P/769/-1), (P/769/-1), (P/769/-1), (P/769/-1), (P/769/-1), (P/769/-1), (P/769/-1), (P/769/-1), (P/769/-1), (P/769/-1), (P/769/-1), (F/769/-1), (A/769/-1), (Q/769/-1), (V/770/-1), (V/770/-1), (F/770/-1), (F/770/-1), (F/770/-1), (V/770/-1), (S/770/-1), (S/770/-1), (S/770/-1), (A/770/-1), (S/770/-1), (S/770/-1), (A/771/-1), (S/771/-1), (S/771/-1), (A/771/-1), (A/772/-1), (A/772/-1), (A/772/-1), (B/772/-1), (O/772/-1), (B/773/-1), (O/773/-1), (O/773/-1), (O/773/-1), (O/773/-1), (O/773/-1), (B/774/-1), (L/774/-1), (O/775/-1), (L/775/-1), (L/777/-1), (L/777/-1), (M/780/-1), (M/780/-1), (M/780/-1), (M/781/-1)
I Station,	
J Station,	
K Station,	
L Station,	
M Station,	
N Station,	
O Station,	
P Station,	
Q Station,	
R Station,	(A/779/-1), (A/780/-1), (A/780/-1), (A/780/-1), (A/781/-1)
S Station,	
T Station,	
U Station,	(P/771/-1), (Q/772/-1), (Q/772/-1), (M/772/-1), (M/772/-1), (Q/773/-1), (M/774/-1), (M/774/-1)
V Station,	(E/774/-1), (M/774/-1), (D/774/-1), (D/774/-1), (M/775/-1), (M/775/-1), (M/775/-1), (M/775/-1), (F/775/-1), (F/775/-1), (D/775/-1), (C/775/-1), (C/775/-1), (C/775/-1), (F/776/-1), (F/776/-1), (D/776/-1), (D/776/-1), (C/776/-1), (C/776/-1), (C/776/-1), (F/777/-1), (D/777/-1), (C/777/-1), (B/777/-1), (L/778/-1), (L/778/-1), (L/778/-1), (L/778/-1), (B/778/-1), (L/778/-1), (O/778/-1), (B/779/-1), (B/779/-1), (O/779/-1), (B/780/-1), (O/780/-1), (O/780/-1), (A/781/-1), (A/782/-1), (A/783/-1), (A/783/-1)
W Station,	
