Circular HS	Serviced: 4497, Unfair: 0, UserN :4500
Shuttle0,	0,0,0,0,0,0,0,3,3,3,4,4,5,5,5,7,7,7,7,7,7,7,6,6,6,6,6,6,6,6,6,6,6,6,6,6,6,6,12,12,12,12,10,10,10,10,10,10,10,10,10,10,10,10,10,10,10,10,10,10,10,10,10,10,10,10,10,10,10,10,10,10,10,10,10,10,10,12,12,12,12,12,12,12,12,12,12,12,12,12,12,13,13,13,13,13,8,8,8,11,11,11,11,9,9,9,7,7,7,7,7,7,6,6,6,7,7,7,7,8,8,8,13,13,13,13,12,12,12,12,12,12,12,12,13,13,13,13,11,11,11,11,11,11,11,11,12,12,12,12,12,12,12,12,13,13,13,13,10,10,10,14,14,14,14,14,14,14,13,13,13,13,13,13,13,13,13,13,13,13,9,9,9,7,7,7,7,4,4,4,7,7,7,7,7,7,7,7,7,10,10,10,10,9,9,9,11,11,11,11,9,9,9,9,9,8,8,8,6,6,6,6,7,7,7,7,7,7,7,7,7,7,7,7,7,7,7,7,6,6,6,6,5,5,5,7,7,7,7,7,7,7,7,7,7,7,7,7,7,7,7,7,7,7,8,8,8,6,6,6,6,4,4,4,5,5,5,6,6,6,6,6,6,6,6,6,6,6,6,6,10,10,10,10,7,7,7,7,7,6,6,6,6,6,6,6,7,7,7,7,7,7,7,7,7,7,7,7,7,7,7,7,6,6,6,6,7,7,7,8,8,8,8,8,8,8,6,6,6,6,6,6,6,9,9,9,10,10,9,9,9,11,11,11,11,9,9,9,6,6,6,7,7,7,7,7,7,4,4,4,4,5,5,5,8,8,8,8,7,7,7,7,7,8,8,8,10,10,10,10,8,8,8,8,8,8,8,8,7,7,7,7,7,7,7,7,11,11,11,11,11,11,11,13,13,13,13,13,13,13,12,12,12,12,12,12,13,16,16,16,15,15,15,15,15,16,16,16,16,13,13,13,11,11,11,10,10,10,9,9,9,7,7,7,7,7,7,7,9,9,9,9,7,7,7,6,6,7,7,7,5,5,5,5,5,5,5,5,5,5,5,5,6,6,6,6,6,6,6,6,6,6,6,6,6,6,6,6,6,6,6,6,6,6,7,7,7,7,7,7,6,7,7,7,7,7,6,6,6,9,9,9,9,9,9,9,6,6,6,5,5,5,5,5,5,3,3,3,3,2,2,2,8,8,8,8,6,6,6,6,6,5,5,5,5,5,5,5,5,5,5,5,5,5,5,5,7,7,7,7,8,8,8,8,9,9,9,9,8,8,8,9,9,9,9,9,9,9,11,11,11,11,11,11,12,12,12,12,11,11,10,10,10,9,9,9,9,8,8,8,8,8,8,8,8,8,9,9,9,8,8,8,8,9,9,9,11,11,11,11,8,8,8,7,7,6,6,6,6,6,6,6,7,7,7,7,7,7,7,7,7,7,7,7,4,4,4,4,4,4,4,4,4,4,4,5,5,5,5,5,5,5,5,5,5,5,5,5,6,9,9,9,10,10,9,9,9,11,11,11,11,9,9,9,7,7,7,7,7,7,7,7,7,6,6,6,6,6,6,6,7,7,7,7,7,7,7,7,7,9,9,9,9,9,9,9,10,10,10,10,10,10,10,10,11,11,11,11,11,11,11,11,11,11,11,11,11,11,11,11,11,11,11,11,11,11,8,8,8,8,8,8,5,6,6,6,6,6,5,5,5,7,7,7,7,7,7,7,3,3,3,5,5,5,5,5,5,6,6,6,6,6,6,6,9,9,9,9,8,8,8,8,8,7,7,7,7,7,7,7,7,7,7,7,7,7,7,7,8,8,8,8,8,8,8,8,7,7,7,7,7,7,7,7,7,7,7,7,7,7,7,7,7,7,7,7,6,8,8,8,6,6,4,4,4,5,5,5,5,5,5,5,3,3,3,3,3,3,3,3,3,1,1,1,1,0,0,0,1,1,1,1,2,2,2,2,2,2,2,2,2,2,2,2,2,2,2,2,2,2,2,2,2,2,2,2,3,3,3,3,4,4,4,4,6,6,6,8,8,8,8,8,8,8,8,8,8,8,8,8,8,12,12,12,14,14,13,13,13,13,13,13,13,13,13,13,12,12,12,11,11,11,12,12,12,8,8,8,8,7,7,7,12,12,12,12,9,9,9,9,9,9,9,9,9,9,9,9,8,8,8,8,8,8,8,8,10,10,10,10,10,10,10,10,10,10,10,10,8,8,8,15,15,15,15,15,15,15,15,15,15,15,15,15,13,15,15,15,14,14,13,13,13,12,12,12,12,7,7,7,8,8,8,8,8,8,8,8,8,10,10,10,10,11,11,11,14,14,14,14,12,12,12,12,12,11,11,11,11,11,11,11,9,9,9,9,9,9,9,9,9,9,9,9,10,10,10,10,9,9,9,9,10,10,10,11,11,11,11,11,11,11,11,11,11,11,11,11,11,12,12,12,11,11,10,10,10,7,7,7,7,3,3,3,3,3,3,4,4,4,4,4,4,4,4,4,4,4,4,4,8,8,8,8,5,5,5,7,7,7,7,7,6,6,6,6,5,5,5,5,5,5,5,5,5,5,5,5,5,5,5,5,5,5,5,5,5,5,5,9,9,9,9,9,9,9,9,9,9,9,9,9,9,45,45,45,45,45,44,44,44,42,42,42,42,38,38,38,39,39,39,39,39,39,39,39,39,4,4,4,4,4,4,4,9,9,9,9,6,6,6,6,6,7,7,7,5,5,5,5,5,5,5,5,5,5,5,5,6,6,6,6,6,6,6,6,5,5,5,5,5,5,5,9,9,9,9,9,9,9,9,9,9,9,9,9,8,45,45,45,45,45,45,45,45,45,45,45,45,43,43,43,42,42,42,43,43,43,43,43,43,7,7,7,7,8,8,8,14,14,14,14,7,7,7,7,7,8,8,8,8,8,8,8,6,6,6,6,6,6,6,6,6,6,6,6,6,6,6,6,5,5,5,5,5,5,5,5,5,5,5,5,5,5,5,5,5,5,5,5,5,7,7,7,8,8,7,7,7,6,6,6,6,6,6,6,6,6,6,6,6,6,6,6,6,3,3,3,3,2,2,2,2,2,2,2,2,2,2,2,2,2,2,2,2,2,2,2,2,2,2,2,2,2,2,2,2,2,2,2,2,2,2,2,1,1,1,1,1,1,1,1,1,1,1,1,1,1,1,1,1,1,1,1,1,0,0,0,0,0
Shuttle1,	0,0,0,0,0,1,1,1,2,2,2,2,2,2,2,0,0,0,1,1,1,1,1,1,2,2,2,2,2,2,2,7,7,7,7,4,4,4,4,4,4,4,4,6,6,6,6,8,8,8,8,8,8,8,8,8,8,8,8,8,8,8,8,8,8,8,8,8,8,8,13,13,13,13,13,13,13,13,13,13,13,13,13,12,13,13,13,13,13,10,10,10,10,10,10,10,6,6,6,5,5,5,4,4,4,3,3,3,7,7,7,7,7,7,7,9,9,9,9,8,8,8,7,7,6,6,6,6,6,6,6,6,6,6,6,6,6,6,6,6,6,6,6,7,7,7,7,7,7,7,7,7,7,7,7,7,7,7,7,7,7,7,7,7,7,7,7,7,7,7,7,7,7,6,6,6,2,2,2,2,2,2,2,3,3,3,4,4,4,4,4,4,4,4,4,4,4,4,4,5,5,5,5,3,3,3,4,4,4,4,4,2,2,2,2,3,3,3,3,3,3,3,3,2,2,2,2,2,2,2,2,2,2,2,2,4,4,4,7,7,7,7,7,7,7,6,6,6,6,6,6,6,6,6,6,6,6,8,8,8,9,9,9,9,6,6,6,5,5,5,6,6,6,8,8,8,7,7,7,7,6,6,6,6,6,6,6,4,4,4,3,3,2,2,2,2,2,2,2,2,2,2,2,2,2,2,2,2,2,2,2,2,2,2,2,3,3,3,3,3,3,3,3,3,3,3,3,3,3,3,3,3,3,3,3,3,5,5,5,5,5,4,4,4,5,5,5,5,5,5,5,4,4,4,3,3,3,2,2,2,2,2,2,2,2,2,2,5,5,5,5,4,4,4,4,4,4,4,4,4,4,4,4,6,6,6,6,6,6,6,6,6,6,6,6,6,6,6,6,6,6,6,6,6,6,6,7,7,7,7,7,7,7,7,7,7,7,7,7,6,8,8,8,9,9,8,8,8,7,7,7,7,6,6,6,6,6,6,5,5,5,4,4,4,5,5,5,5,5,5,5,10,10,10,10,6,6,6,6,6,7,7,7,6,6,6,6,6,6,6,6,6,6,6,6,7,7,7,7,7,7,7,7,6,6,6,6,7,7,7,10,10,10,10,10,10,10,10,10,10,10,10,10,10,10,10,10,10,10,8,8,8,8,8,8,8,5,5,5,3,3,3,3,3,3,3,3,3,4,4,4,4,3,3,3,5,5,5,5,3,3,3,3,3,3,3,3,3,3,3,3,3,3,3,3,3,3,3,3,3,3,3,3,3,3,3,3,4,4,4,4,4,4,4,5,5,5,5,5,5,5,5,5,5,5,5,5,6,5,5,5,5,5,4,4,4,4,4,4,4,4,4,4,3,3,3,4,4,4,4,4,4,6,6,6,6,6,6,6,9,9,9,9,6,6,6,6,6,5,5,5,5,5,5,5,5,5,5,5,5,5,5,5,4,4,4,4,4,4,4,4,3,3,3,3,3,3,3,6,6,6,6,6,6,6,7,7,7,7,7,7,7,8,8,8,7,7,8,8,8,10,10,10,10,6,6,6,4,4,4,4,4,4,6,6,6,6,6,6,6,6,6,6,8,8,8,8,7,7,7,9,9,9,9,9,11,11,11,11,11,11,11,11,11,11,11,11,9,9,9,9,9,9,9,9,9,9,9,9,9,9,9,8,8,8,8,8,8,8,8,8,8,8,8,8,8,9,9,9,7,7,7,7,7,10,10,10,10,8,8,8,6,6,6,7,7,7,7,7,7,8,8,8,8,8,8,8,12,12,12,12,8,8,8,8,8,7,7,7,7,7,7,7,7,7,7,7,7,7,7,7,9,9,9,9,10,10,10,10,10,10,10,10,9,9,9,9,9,9,9,9,9,9,8,8,8,8,8,8,7,6,6,6,6,6,5,5,5,5,5,5,5,5,5,5,3,3,3,3,3,3,3,3,3,4,4,4,4,4,4,4,6,6,6,6,5,5,5,5,5,5,5,5,4,4,4,4,4,4,4,4,4,4,4,4,4,4,4,4,4,4,4,4,3,3,3,3,3,3,3,4,4,4,4,4,4,4,4,4,4,4,4,4,4,7,7,7,7,7,6,6,6,7,7,7,7,7,7,7,4,4,4,5,5,5,6,6,6,3,3,3,3,4,4,4,8,8,8,8,7,7,7,7,7,7,7,7,7,7,7,7,7,7,7,7,7,7,7,7,6,6,6,6,6,6,6,6,7,7,7,7,7,7,7,7,7,7,7,7,7,7,8,8,8,8,8,8,8,10,10,10,12,12,9,9,9,8,8,8,8,8,8,8,7,7,7,5,5,5,5,5,5,5,5,5,5,5,5,5,10,10,10,10,6,6,6,5,5,5,5,5,6,6,6,6,6,6,6,6,6,6,6,6,5,5,5,5,7,7,7,7,8,8,8,8,7,7,7,6,6,6,6,6,6,6,6,6,6,6,6,6,6,6,6,6,7,7,7,7,7,6,6,6,6,6,6,6,3,3,3,3,3,3,4,4,4,5,5,5,5,6,6,6,10,10,10,10,9,9,9,8,8,9,9,9,9,9,9,9,9,9,9,9,9,9,9,9,9,9,9,9,8,8,8,8,7,7,7,7,7,7,7,8,8,8,8,8,8,8,8,8,8,8,8,8,8,45,45,45,45,45,43,43,43,42,42,42,42,41,41,41,42,42,42,41,41,41,42,42,42,6,6,6,6,7,7,7,7,7,7,7,7,7,7,6,6,5,5,5,5,5,5,5,6,6,6,6,6,6,6,6,6,6,6,6,6,6,6,6,6,6,6,6,6,6,6,9,9,9,9,9,9,9,10,10,10,10,10,10,10,45,45,45,45,45,45,45,45,43,43,43,43,41,41,41,40,40,40,40,40,40,40,40,40,3,3,3,3,2,2,2,4,4,4,4,2,2,2,2,2,2,2,2,2,2,2,2,2,2,2,2,2,2,2,2,2,2,2,2,2,2,2,2,2,2,2,2,2,2,2,2,2,2,2,2,2,2,2,2,2,2,2,2,2,4,4,4,4,4,2,2,2,3,3,3,3,3,3,3,3,3,3,3,3,3,2,2,2,1,1,1,1,1,1,1,1,1,1,1,1,1,1,1,1,0,0,0,0,0,0,0,0,0,0,0,0,0,0,0,0,0,0,0,0,0,0,0,0,0,0,0,0,0,0,0,0,0,0,0,0,0,0,0,0,0,0,0,0,0,0,0,0,0,0,0,0,0,0,0,0
Shuttle2,	0,0,0,1,1,1,1,1,1,1,1,1,1,1,1,1,1,1,1,1,1,1,1,1,1,1,3,3,3,3,2,2,2,3,3,3,3,3,2,2,2,2,1,1,1,1,1,1,1,1,2,2,2,2,2,2,2,2,3,3,3,3,3,3,3,6,6,6,6,6,6,6,6,6,6,6,6,6,6,6,6,6,5,5,5,5,5,4,4,4,4,1,1,1,1,1,1,2,2,2,2,2,2,3,3,3,3,3,3,3,5,5,5,5,5,5,5,4,4,3,3,3,3,3,3,3,3,3,3,3,3,3,3,3,3,3,3,3,3,3,3,3,3,3,3,3,4,4,4,6,6,6,6,6,6,6,5,5,5,5,5,5,5,4,4,4,4,4,3,3,3,5,5,5,5,4,4,4,5,5,5,5,5,5,5,5,5,10,10,10,10,10,10,10,12,12,12,12,11,11,11,11,11,11,11,11,11,11,11,11,10,10,10,10,10,10,10,10,11,11,11,11,11,11,11,11,11,11,11,11,11,11,11,15,15,15,15,15,15,15,16,16,16,16,16,16,17,17,17,17,17,17,15,15,15,13,13,13,13,8,8,8,7,7,7,8,8,8,8,8,8,12,12,12,12,11,11,11,15,15,15,15,11,11,11,12,12,12,12,12,11,11,11,11,11,11,11,11,11,11,11,11,11,11,11,11,12,12,12,12,12,12,12,12,13,13,13,16,16,16,16,16,16,16,16,16,16,16,16,16,17,15,15,15,14,14,11,11,11,7,7,7,7,3,3,3,3,3,3,3,3,3,3,3,3,3,3,3,3,3,3,3,6,6,6,6,5,5,5,5,5,5,5,5,5,5,5,5,4,4,4,4,4,4,4,4,5,5,5,5,5,5,5,5,5,5,5,5,6,6,6,9,9,9,9,9,9,9,10,10,10,10,10,10,11,15,15,15,14,14,11,11,11,12,12,12,12,10,10,10,10,10,10,11,11,11,11,11,11,7,7,7,7,8,8,8,10,10,10,10,9,9,9,8,8,9,9,9,9,9,9,9,8,8,8,8,8,8,8,8,9,9,9,9,8,8,8,8,6,6,6,6,6,6,6,7,7,7,7,7,7,7,5,5,5,5,5,5,5,7,7,7,6,6,4,4,4,5,5,5,5,5,5,5,4,4,4,3,3,3,3,3,3,4,4,4,4,4,4,4,7,7,7,7,8,8,8,8,8,8,8,8,7,7,7,7,8,8,8,8,8,8,8,8,7,7,7,7,7,7,7,7,7,7,7,7,9,9,9,13,13,13,13,13,13,13,13,13,13,13,13,13,13,15,15,15,15,15,16,16,16,13,13,13,13,9,9,9,9,9,9,8,8,8,7,7,7,4,4,4,4,4,4,4,6,6,6,6,5,5,5,6,6,6,6,6,6,6,6,6,6,6,6,6,6,6,6,6,7,7,7,7,7,7,7,7,6,6,6,6,7,7,7,8,8,8,8,8,8,8,8,8,8,8,8,8,9,11,11,11,11,11,10,10,10,10,10,10,10,7,7,7,5,5,5,6,6,6,6,6,6,7,7,7,7,6,6,6,9,9,9,9,9,9,9,8,8,8,8,8,10,10,10,10,10,10,10,10,10,10,10,10,10,10,10,10,10,10,10,10,11,11,11,11,12,12,12,15,15,15,15,15,15,15,14,14,14,14,14,14,14,18,18,18,18,18,13,13,13,13,13,13,13,10,10,10,8,8,8,7,7,7,7,7,7,4,4,4,4,5,5,5,11,11,11,11,10,10,10,10,10,9,9,9,9,9,9,9,9,9,9,9,9,9,9,9,9,9,9,9,8,8,8,8,10,10,10,10,11,11,11,12,12,12,12,12,12,12,11,11,11,11,11,11,11,12,12,12,10,10,6,6,6,7,7,7,7,6,6,6,6,6,6,4,4,4,5,5,5,5,5,5,5,5,5,5,6,6,6,6,5,5,5,5,5,6,6,6,6,6,6,6,6,6,6,6,6,6,6,6,4,4,4,4,5,5,5,5,5,5,5,5,6,6,6,11,11,11,11,11,11,11,11,11,11,11,11,11,11,12,12,12,12,12,13,13,13,15,15,15,15,13,13,13,11,11,11,10,10,10,10,10,10,14,14,14,14,14,14,14,19,19,19,19,17,17,17,14,14,14,14,14,12,12,12,12,12,12,12,12,12,12,12,12,11,11,11,11,11,11,11,11,11,11,11,11,10,10,10,11,11,11,11,11,11,11,11,11,11,11,11,11,11,12,12,12,12,12,6,6,6,3,3,3,3,2,2,2,3,3,3,3,3,3,2,2,2,4,4,4,4,4,4,4,8,8,8,8,8,8,8,7,7,7,7,7,9,9,9,9,9,9,9,9,9,9,9,9,10,10,10,10,11,11,11,11,10,10,10,10,11,11,11,14,14,14,14,14,14,14,15,15,15,15,15,15,16,19,19,19,19,19,15,15,15,15,15,15,15,11,11,11,9,9,9,10,10,10,10,10,10,7,7,7,7,5,5,5,9,9,9,9,5,5,5,4,4,4,4,4,5,5,5,5,5,5,5,5,5,5,5,5,4,4,4,4,4,4,4,4,4,4,4,4,5,5,5,8,8,8,8,8,8,8,8,8,8,8,8,8,8,45,45,45,45,45,44,44,44,43,43,43,43,40,40,40,39,39,39,40,40,40,42,42,42,10,10,10,10,10,10,10,14,14,14,14,14,14,14,14,14,14,14,14,13,13,13,13,15,15,15,15,15,15,15,15,16,16,16,16,16,16,16,16,15,15,15,15,15,15,15,15,15,15,15,15,15,15,14,14,14,14,14,14,15,45,45,45,45,45,42,42,42,40,40,40,40,39,39,39,39,39,39,40,40,40,41,41,41,11,11,11,11,11,11,11,12,12,12,12,10,10,10,9,9,9,9,9,5,5,5,5,6,6,6,6,6,6,6,6,6,6,6,6,5,5,5,5,5,5,5,5,5,5,5,7,7,7,7,7,7,7,7,7,7,7,7,7,7,8,8,8,6,6,5,5,5,6,6,6,6,4,4,4,3,3,3,3,3,3,3,3,3,2,2,2,2,1,1,1,2,2,2,2,2,2,2,2,2,2,2,2,2,2,2,2,2,2,2,2,2,2,2,2,2,2,2,2,2,2,2,2,2,2,2,2,2,2,2,2,2,2,2,2,2,2,2,2,2,2,2,2,2,1,1,1,1,1,0,0,0,0,0,0,0,0,0,0,0,0
Shuttle3,	0,0,0,1,1,1,1,1,1,1,1,1,5,5,5,5,6,6,6,9,9,9,9,8,8,8,9,9,10,10,10,12,12,12,12,12,12,12,12,12,12,12,12,12,12,12,12,12,12,12,12,11,11,11,11,12,12,12,14,14,14,14,14,14,14,14,14,14,14,14,14,12,13,13,13,13,13,11,11,11,8,8,8,8,5,5,5,3,3,3,2,2,2,3,3,3,5,5,5,5,5,5,5,8,8,8,8,6,6,6,6,6,6,6,6,6,6,6,6,5,5,5,5,5,5,5,5,5,5,5,5,6,6,6,6,5,5,5,5,5,5,5,7,7,7,7,7,7,7,7,7,7,7,7,7,7,6,6,6,6,6,5,5,5,3,3,3,3,2,2,2,1,1,1,1,1,1,1,1,1,1,1,1,1,1,1,1,7,7,7,7,4,4,4,5,5,5,5,5,5,5,5,5,6,6,6,6,6,6,6,6,6,6,6,6,6,6,6,6,6,6,6,6,6,6,6,7,7,7,7,7,7,7,7,7,7,7,7,7,9,10,10,10,9,9,5,5,5,8,8,8,8,6,6,6,3,3,3,3,3,3,3,3,3,2,2,2,2,2,2,2,5,5,5,5,4,4,4,4,4,3,3,3,4,4,4,4,4,4,4,4,4,4,4,4,5,5,5,5,6,6,6,6,6,6,6,6,8,8,8,9,9,9,9,9,9,9,9,9,9,9,9,9,9,10,10,10,10,10,8,8,8,10,10,10,10,8,8,8,5,5,5,5,5,5,5,5,5,3,3,3,3,3,3,3,4,4,4,4,3,3,3,3,3,2,2,2,4,4,4,4,5,5,5,5,5,5,5,5,4,4,4,4,5,5,5,5,5,5,5,5,5,5,5,5,5,5,5,5,5,5,5,5,5,5,5,5,5,6,6,6,7,7,5,5,5,6,6,6,6,6,6,6,6,6,6,6,6,6,6,6,6,7,7,7,7,7,7,7,12,12,12,12,9,9,9,9,9,9,9,9,9,9,9,9,9,9,9,9,9,9,9,9,9,9,9,9,9,9,9,9,8,8,8,8,10,10,10,11,11,11,11,11,11,11,11,11,11,11,11,11,10,11,11,11,10,10,6,6,6,4,4,4,4,4,4,4,4,4,4,5,5,5,5,5,5,7,7,7,7,5,5,5,12,12,12,12,9,9,9,9,9,9,9,9,9,9,9,9,8,8,8,8,8,8,8,8,7,7,7,7,7,7,7,7,7,7,7,7,7,7,7,11,11,11,11,11,11,11,11,11,11,11,11,11,11,14,14,14,14,14,13,13,13,12,12,12,12,7,7,7,6,6,6,5,5,5,4,4,4,5,5,5,5,5,5,5,11,11,11,11,10,10,10,10,10,10,10,10,10,10,10,10,9,9,9,9,9,9,9,9,9,9,9,9,9,9,9,9,9,9,9,9,9,9,9,12,12,12,12,12,12,12,13,13,13,13,13,13,13,15,15,15,14,14,12,12,12,13,13,13,13,11,11,11,9,9,9,10,10,10,9,9,9,6,6,6,6,6,6,6,6,6,6,6,4,4,4,5,5,5,5,5,5,5,5,5,6,6,6,6,6,6,6,6,5,5,5,5,5,5,5,5,5,5,5,5,5,5,5,6,6,6,6,6,6,6,7,7,7,7,7,7,4,4,4,4,5,5,4,4,4,6,6,6,6,5,5,5,3,3,3,3,3,3,3,3,3,5,5,5,5,6,6,6,11,11,11,11,9,9,9,8,8,8,8,8,9,9,9,9,9,9,9,9,9,9,9,9,9,9,9,9,10,10,10,10,11,11,11,11,12,12,12,12,12,12,12,12,12,12,13,13,13,13,13,13,13,13,13,13,13,13,11,11,11,9,9,9,9,10,10,10,8,8,8,7,7,7,7,7,7,8,8,8,8,9,9,9,9,9,9,9,8,8,8,7,7,6,6,6,6,6,6,6,6,6,6,6,6,6,6,6,8,8,8,8,9,9,9,9,8,8,8,8,8,8,8,8,8,8,8,8,8,8,7,7,7,7,7,7,8,8,8,8,8,8,7,7,7,7,7,7,7,7,7,7,6,6,6,6,6,6,5,5,5,7,7,7,7,7,7,7,7,7,7,7,7,7,7,9,9,8,8,8,8,8,8,8,8,8,8,8,8,8,8,8,8,8,8,8,9,9,9,9,10,10,10,10,10,10,10,12,12,12,12,12,12,12,12,12,12,12,12,12,12,12,12,12,12,12,11,11,11,7,7,7,7,3,3,3,4,4,4,4,4,4,5,5,5,7,7,7,7,8,8,8,10,10,10,10,10,10,10,11,11,10,10,10,10,10,10,10,10,10,10,10,10,10,10,10,8,8,8,8,8,8,8,8,8,8,8,8,10,10,10,8,8,8,8,8,8,8,8,8,8,8,8,8,7,10,10,10,10,10,8,8,8,6,6,6,6,6,6,6,7,7,7,6,6,6,6,6,6,9,9,9,9,9,9,9,10,10,10,10,8,8,8,8,8,10,10,10,10,10,10,10,9,9,9,9,9,9,9,9,10,10,10,10,10,10,10,10,8,8,8,8,9,9,9,10,10,10,10,10,10,10,10,10,10,10,10,10,11,45,45,45,45,45,44,44,44,39,39,39,39,38,38,38,37,37,37,37,37,37,37,37,37,7,7,7,7,6,6,6,9,9,9,9,8,8,8,8,8,8,8,8,9,9,9,9,8,8,8,8,8,8,8,8,7,7,7,7,7,7,7,7,8,8,8,8,7,7,7,7,7,7,7,7,7,7,7,7,7,7,7,7,7,45,45,45,45,45,43,43,43,44,44,44,44,44,44,44,40,40,40,39,39,39,39,39,39,3,3,3,3,4,4,4,7,7,7,7,6,6,6,7,7,8,8,8,7,7,7,7,7,7,7,7,7,7,7,7,6,6,6,6,6,6,6,6,6,6,6,6,7,7,7,7,7,7,7,7,7,7,7,7,7,7,7,7,7,6,6,6,6,6,4,4,4,1,1,1,1,1,1,1,2,2,2,1,1,1,1,1,1,1,1,1,1,1,1,1,3,3,3,3,1,1,1,1,1,1,1,1,1,1,1,1,1,1,1,1,1,1,1,1,1,1,1,1,1,1,1,1,1,1,1,1,1,1,1,1,1,1,1,1,1,1,1,1,1,1,1,1,1,1,1,1,0,0,0,0,0,0,0,0,0,0,0,0,0,0,0,0,0,0,0,0,0
Shuttle4,	0,0,0,0,0,0,3,3,3,3,4,4,4,8,8,8,8,9,9,9,9,9,9,9,9,9,9,9,9,9,9,9,9,9,9,9,9,9,9,9,9,9,9,9,9,9,9,9,9,9,9,9,10,10,10,10,10,10,10,9,9,9,9,9,9,9,10,10,10,10,10,6,6,6,8,8,8,8,8,8,8,3,3,3,3,3,3,2,2,2,2,2,2,2,2,2,2,5,5,5,5,2,2,2,2,2,2,2,2,4,4,4,4,4,4,4,4,4,4,4,4,4,4,4,4,4,4,4,4,3,3,3,3,3,3,3,5,5,5,5,5,5,5,5,5,5,5,5,5,5,7,7,7,7,7,6,6,6,6,6,6,6,5,5,5,5,5,5,6,6,6,7,7,7,6,6,6,6,6,6,6,6,6,6,6,6,6,6,6,6,5,5,5,5,5,5,5,5,5,5,5,5,5,5,5,5,5,5,5,5,5,5,5,3,3,3,3,3,3,3,5,5,5,5,5,5,5,5,5,5,5,5,5,4,5,5,5,5,5,5,5,5,6,6,6,6,5,5,5,5,5,5,5,5,5,6,6,6,6,6,6,6,5,5,5,10,10,10,10,9,9,9,9,9,9,9,9,8,8,8,8,8,8,8,8,8,8,8,8,8,8,8,8,8,8,8,8,9,9,9,9,8,8,8,10,10,10,10,10,10,10,9,9,9,9,9,9,8,8,8,8,8,8,6,6,6,5,5,5,5,4,4,4,4,4,4,4,4,4,3,3,3,5,5,5,5,5,5,5,10,10,10,10,9,9,9,9,9,9,9,9,9,9,9,9,8,8,8,8,8,8,8,8,8,8,8,8,9,9,9,9,8,8,8,8,9,9,9,11,11,11,11,11,11,11,11,11,11,11,11,11,11,12,12,12,13,13,9,9,9,8,8,8,8,7,7,7,6,6,6,6,6,6,5,5,5,6,6,6,6,5,5,5,8,8,8,8,9,9,9,8,8,8,8,8,9,9,9,9,8,8,8,8,8,8,8,8,9,9,9,9,9,9,9,9,10,10,10,10,11,11,11,11,11,11,11,11,11,11,11,11,11,11,11,11,11,13,13,13,14,14,12,12,12,14,14,14,14,13,13,13,10,10,10,10,10,10,9,9,9,6,6,6,6,6,6,6,8,8,8,8,7,7,7,7,7,7,7,7,8,8,8,8,9,9,9,9,9,9,9,9,6,6,6,6,7,7,7,7,7,7,7,7,7,7,7,9,9,9,9,9,9,9,8,8,8,8,8,8,8,9,9,9,8,8,7,7,7,8,8,8,8,4,4,4,3,3,3,3,3,3,3,3,3,7,7,7,7,6,6,6,6,6,6,6,6,6,6,6,6,5,5,5,6,6,6,6,6,6,6,6,6,6,6,6,7,7,7,7,7,7,7,7,7,7,7,7,8,8,8,10,10,10,10,10,10,10,10,10,10,10,10,10,11,14,14,14,14,14,14,14,14,11,11,11,11,9,9,9,9,9,9,10,10,10,11,11,11,9,9,9,9,7,7,7,11,11,11,11,9,9,9,9,9,9,9,9,8,8,8,8,7,7,7,7,7,7,7,7,6,6,6,6,5,5,5,5,6,6,6,6,6,6,6,8,8,8,8,8,8,8,8,8,8,8,8,8,8,9,9,9,9,9,8,8,8,7,7,7,7,4,4,4,4,4,4,5,5,5,6,6,6,5,5,5,5,4,4,4,9,9,9,9,5,5,5,6,6,5,5,5,6,6,6,6,6,6,6,6,6,6,6,6,5,5,5,5,5,5,5,5,5,5,5,5,5,5,5,8,8,8,8,8,8,8,8,8,8,8,8,8,8,10,10,10,11,11,8,8,8,9,9,9,9,7,7,7,5,5,5,4,4,4,4,4,4,4,4,4,4,6,6,6,10,10,10,10,7,7,7,8,8,7,7,7,6,6,6,6,6,6,6,6,6,6,6,6,5,5,5,5,5,5,5,5,4,4,4,4,4,4,4,5,5,5,5,5,5,5,6,6,6,6,6,6,5,7,7,7,8,8,10,10,10,10,10,10,10,9,9,9,9,9,9,9,9,9,10,10,10,8,8,8,8,9,9,9,14,14,14,14,12,12,12,12,12,12,12,12,10,10,10,10,10,10,10,10,10,10,10,10,11,11,11,11,11,11,11,11,11,11,11,11,11,11,11,11,11,11,11,11,11,11,11,11,11,11,11,11,11,12,12,12,11,11,9,9,9,11,11,11,11,10,10,10,5,5,5,5,5,5,5,5,5,3,3,3,3,4,4,4,7,7,7,7,5,5,5,4,4,4,4,4,5,5,5,5,4,4,4,4,4,4,4,4,5,5,5,5,5,5,5,5,5,5,5,5,5,5,5,6,6,6,6,6,6,6,7,7,7,7,7,7,7,11,11,11,12,12,14,14,14,16,16,16,16,13,13,13,10,10,10,11,11,11,11,11,11,11,11,11,11,12,12,12,16,16,16,16,12,12,12,13,13,11,11,11,11,11,11,11,13,13,13,13,13,13,13,13,11,11,11,11,11,11,11,11,11,11,11,11,12,12,12,15,15,15,15,15,15,15,14,14,14,14,14,14,14,45,45,45,45,45,43,43,43,40,40,40,40,38,38,38,37,37,37,38,38,38,38,38,38,8,8,8,8,10,10,10,15,15,15,15,14,14,14,13,13,12,12,12,14,14,14,14,14,14,14,14,14,14,14,14,14,14,14,14,13,13,13,13,14,14,14,14,15,15,15,15,15,15,15,15,15,15,13,13,13,13,13,13,13,45,45,45,45,45,44,44,44,42,42,42,42,40,40,40,40,40,40,39,39,39,39,39,39,12,12,12,12,13,13,13,17,17,17,17,15,15,15,14,14,14,14,14,13,13,13,13,13,13,13,13,13,13,13,13,13,13,13,13,13,13,13,13,13,13,13,13,13,13,13,14,14,14,14,14,14,14,12,12,12,12,12,12,12,15,15,15,15,15,13,13,13,7,7,7,7,5,5,5,4,4,4,4,4,4,4,4,4,2,2,2,2,2,2,2,2,2,2,2,2,2,2,1,1,1,1,1,1,1,1,1,1,1,1,1,1,1,1,1,1,1,1,1,1,1,1,1,1,1,1,1,1,1,1,1,1,1,1,1,1,1,0,0,0,0,0,0,0,0,0,0,0,0,0,0,0,0,0,0,0,0,0,0,0,0,0,0,0,0,0,0,0,0,0,0,0,0,0
Shuttle5,	0,0,0,0,0,0,0,4,4,4,4,3,3,3,3,3,3,3,3,3,3,3,3,3,3,3,3,3,3,3,3,3,3,3,3,5,5,5,5,8,8,8,8,10,10,10,12,12,12,12,12,12,12,13,13,13,13,13,13,11,11,11,11,12,12,10,10,10,12,12,12,12,9,9,9,5,5,5,6,6,6,6,6,6,6,6,6,6,6,6,6,12,12,12,12,10,10,10,10,10,10,10,10,9,9,9,9,9,9,9,9,9,9,9,9,8,8,8,8,8,8,8,8,8,8,8,8,8,8,8,8,8,8,8,8,8,8,8,8,8,8,8,8,10,9,9,9,10,10,8,8,8,9,9,9,9,9,9,9,7,7,7,7,7,7,8,8,8,7,7,7,7,8,8,8,13,13,13,13,10,10,10,10,10,10,10,10,10,10,10,10,11,11,11,11,11,11,11,11,11,11,11,11,11,11,11,11,12,12,12,12,12,12,12,14,14,14,14,14,14,14,13,13,13,13,13,13,12,14,14,14,14,14,10,10,10,12,12,12,12,10,10,10,6,6,6,7,7,7,6,6,6,9,9,9,9,9,9,9,9,9,9,9,10,10,10,8,8,7,7,7,6,6,6,6,6,6,6,6,6,6,6,6,8,8,8,8,10,10,10,10,10,10,10,10,7,7,7,11,11,11,11,11,11,11,11,11,11,11,11,11,10,10,10,10,12,12,10,10,10,10,10,10,10,6,6,6,5,5,5,5,5,5,5,5,5,6,6,6,6,6,6,6,8,8,8,8,5,5,5,5,5,7,7,7,5,5,5,5,6,6,6,6,6,6,6,6,7,7,7,7,6,6,6,6,5,5,5,5,5,5,5,5,5,5,5,5,5,5,4,4,4,4,4,4,4,7,7,7,8,8,8,8,8,7,7,7,7,6,6,6,5,5,5,6,6,6,6,6,6,4,4,4,4,3,3,3,6,6,6,6,3,3,3,3,3,3,3,3,4,4,4,4,4,4,4,4,4,4,4,4,4,4,4,4,4,4,4,4,3,3,3,3,4,4,4,5,5,5,5,5,5,5,5,5,5,5,5,5,6,7,7,7,7,7,5,5,5,6,6,6,6,6,6,6,5,5,5,3,3,3,3,3,3,6,6,6,6,6,6,6,9,9,9,9,9,9,9,9,9,10,10,10,11,11,11,11,12,12,12,12,12,12,12,12,12,12,12,12,14,14,14,14,12,12,12,12,12,12,12,13,13,13,13,13,13,13,13,13,13,13,13,13,13,15,15,15,15,15,13,13,13,10,10,10,10,11,11,11,9,9,9,10,10,10,9,9,9,5,5,5,5,4,4,4,7,7,7,7,6,6,6,5,5,6,6,6,7,7,7,7,8,8,8,8,8,8,8,8,10,10,10,10,10,10,10,10,9,9,9,9,9,9,9,11,11,11,11,11,11,11,13,13,13,13,13,13,12,11,11,11,10,10,9,9,9,12,12,12,12,8,8,8,5,5,5,4,4,4,6,6,6,6,6,6,6,6,6,6,9,9,9,9,8,8,8,9,9,9,9,9,8,8,8,8,8,8,8,8,8,8,8,8,8,8,8,8,7,7,7,7,6,6,6,6,7,7,7,8,8,8,8,8,8,8,8,8,8,8,8,8,8,11,11,11,12,12,11,11,11,9,9,9,9,8,8,8,8,8,8,8,8,8,9,9,9,10,10,10,10,10,10,10,13,13,13,13,13,13,13,13,13,11,11,11,10,10,10,10,12,12,12,12,12,12,12,12,12,12,12,12,12,12,12,12,13,13,13,13,13,13,13,13,13,13,13,13,13,13,15,15,15,15,15,15,15,16,16,16,18,18,16,16,16,17,17,17,17,15,15,15,11,11,11,10,10,10,8,8,8,7,7,7,7,7,7,7,11,11,11,11,6,6,6,6,6,5,5,5,5,5,5,5,6,6,6,6,6,6,6,6,6,6,6,6,6,6,6,6,6,6,6,6,6,6,6,6,6,6,6,6,6,6,6,6,6,6,6,6,6,10,10,10,10,10,10,10,10,8,8,8,8,10,10,10,10,10,10,10,10,10,9,9,9,11,11,11,11,11,11,11,14,14,14,14,11,11,11,11,11,10,10,10,10,10,10,10,9,9,9,9,9,9,9,9,11,11,11,11,11,11,11,11,11,11,11,11,11,11,11,12,12,12,12,12,12,12,12,12,12,12,12,12,12,11,11,11,12,12,11,11,11,7,7,7,7,5,5,5,5,5,5,5,5,5,6,6,6,7,7,7,7,6,6,6,7,7,7,7,4,4,4,3,3,3,3,3,4,4,4,4,4,4,4,4,4,4,4,4,4,4,4,4,4,4,4,4,3,3,3,3,5,5,5,8,8,8,8,8,8,8,7,7,7,7,7,7,7,9,9,9,9,9,10,10,10,14,14,14,14,11,11,11,6,6,6,5,5,5,5,5,5,4,4,4,4,4,4,4,10,10,10,10,7,7,7,6,6,5,5,5,5,5,5,5,5,5,5,5,5,5,5,5,4,4,4,4,5,5,5,5,5,5,5,5,5,5,5,5,5,5,5,5,5,5,5,5,5,5,5,5,4,45,45,45,45,45,45,45,45,45,45,45,45,45,45,45,45,45,45,45,45,45,45,45,45,7,7,7,7,6,6,6,11,11,11,11,12,12,12,11,11,12,12,12,12,12,12,12,11,11,11,11,11,11,11,11,10,10,10,10,10,10,10,10,10,10,10,10,10,10,10,11,11,11,11,11,11,11,12,12,12,12,12,12,11,45,45,45,45,45,42,42,42,40,40,40,40,42,42,42,42,42,42,43,43,43,44,44,44,11,11,11,11,12,12,12,17,17,17,17,13,13,13,12,12,12,12,12,11,11,11,11,11,11,11,11,11,11,11,11,11,11,11,11,11,11,11,11,12,12,12,12,11,11,11,12,12,12,12,12,12,12,10,10,10,10,10,10,10,10,10,10,9,9,7,7,7,6,6,6,6,5,5,5,4,4,4,4,4,4,3,3,3,6,6,6,6,6,6,6,6,6,6,6,6,6,6,6,6,6,6,6,6,6,6,6,5,5,5,5,5,5,5,5,5,5,5,5,4,4,4,4,4,4,4,4,4,4,4,4,4,4,4,4,4,4,3,3,3,3,3,3,3,3,3,3,3,3,3,3,3,0,0,0,0,0,0,0,0,0,0,0,0,0,0,0,0,0,0,0,0,0,0,0,0,0,0,0,0
Shuttle6,	0,0,0,0,0,0,0,2,2,2,2,2,2,2,2,2,2,2,2,2,2,2,2,2,2,2,2,2,2,2,2,2,4,4,4,4,3,3,3,5,5,5,5,5,5,5,5,5,5,5,5,5,5,6,6,6,7,7,7,7,7,6,6,6,6,6,6,6,6,6,6,6,6,6,6,6,6,7,7,7,7,8,8,8,9,9,9,9,8,8,8,8,8,8,8,8,9,9,9,9,8,8,8,8,8,8,8,8,6,6,6,6,6,6,6,6,5,5,5,5,5,5,5,9,9,9,9,9,9,9,11,11,11,11,11,11,13,14,14,14,15,15,11,11,11,10,10,10,10,7,7,7,7,7,7,7,7,7,8,8,8,7,7,7,7,6,6,6,8,8,8,8,7,7,7,7,7,6,6,6,6,6,6,6,6,6,6,6,6,6,6,6,5,5,5,5,5,5,5,5,5,5,5,5,4,4,4,6,6,6,6,6,6,6,5,5,5,5,5,5,5,6,6,6,5,5,5,5,5,8,8,8,8,6,6,6,2,2,2,2,2,2,3,3,3,6,6,6,6,6,6,6,8,8,8,8,8,8,8,10,10,11,11,11,11,11,11,11,11,11,11,11,11,11,11,11,11,11,11,11,11,11,11,11,12,12,12,12,14,14,14,16,16,16,16,16,16,16,14,14,14,14,14,14,13,13,13,13,13,13,10,10,10,9,9,9,9,6,6,6,7,7,7,8,8,8,5,5,5,7,7,7,7,9,9,9,15,15,15,15,10,10,10,10,10,10,10,10,10,10,10,10,11,11,11,11,11,11,11,11,12,12,12,12,13,13,13,13,13,13,13,13,14,14,14,18,18,18,18,18,18,18,19,19,19,19,19,19,17,19,19,19,19,19,17,17,17,15,15,15,15,12,12,12,10,10,10,12,12,12,12,12,12,11,11,11,11,10,10,10,16,16,16,16,12,12,12,10,10,10,10,10,9,9,9,9,9,9,9,9,9,9,9,9,9,9,9,9,8,8,8,8,8,8,8,8,7,7,7,10,10,10,10,10,10,10,10,10,10,10,10,10,10,13,13,13,13,13,9,9,9,11,11,11,11,8,8,8,6,6,6,6,6,6,6,6,6,7,7,7,7,7,7,7,9,9,9,9,7,7,7,7,7,7,7,7,7,7,7,7,7,7,7,7,7,7,7,7,7,7,7,7,7,7,7,7,6,6,6,6,6,6,6,6,6,6,6,6,6,6,6,6,6,6,6,6,7,9,9,9,9,9,8,8,8,8,8,8,8,6,6,6,4,4,4,5,5,5,4,4,4,6,6,6,6,6,6,6,10,10,10,10,6,6,6,6,6,8,8,8,8,8,8,8,8,8,8,8,8,8,8,8,6,6,6,6,7,7,7,7,7,7,7,7,8,8,8,10,10,10,10,10,10,10,9,9,9,9,9,9,10,12,12,12,12,12,10,10,10,9,9,9,9,6,6,6,4,4,4,4,4,4,4,4,4,4,4,4,4,4,4,4,13,13,13,13,11,11,11,12,12,13,13,13,14,14,14,14,15,15,15,15,15,15,15,15,15,15,15,15,15,15,15,15,16,16,16,16,16,16,16,20,20,20,20,20,20,20,20,20,20,20,20,20,17,20,20,20,20,20,14,14,14,16,16,16,16,14,14,14,8,8,8,8,8,8,8,8,8,8,8,8,8,8,8,8,8,8,8,8,8,8,8,7,7,7,7,7,7,7,7,7,7,7,7,7,7,7,7,7,8,8,8,8,9,9,9,9,10,10,10,10,11,11,11,12,12,12,12,12,12,12,11,11,11,11,11,11,11,15,15,15,14,14,12,12,12,12,12,12,12,10,10,10,8,8,8,7,7,7,7,7,7,8,8,8,8,8,8,8,9,9,9,9,8,8,8,8,8,10,10,10,10,10,10,10,11,11,11,11,11,11,11,11,12,12,12,12,12,12,12,12,12,12,12,12,11,11,11,12,12,12,12,12,12,12,10,10,10,10,10,10,10,10,10,10,10,10,12,12,12,15,15,15,15,15,15,15,8,8,8,7,7,7,8,8,8,11,11,11,11,10,10,10,13,13,13,13,11,11,11,11,11,10,10,10,12,12,12,12,13,13,13,13,13,13,13,13,13,13,13,13,11,11,11,11,11,11,11,11,11,11,11,12,12,12,12,12,12,12,12,12,12,12,12,12,12,12,12,12,11,11,11,11,11,7,7,7,7,6,6,6,5,5,5,5,5,5,6,6,6,7,7,7,7,7,7,7,11,11,11,11,7,7,7,7,7,7,7,7,7,7,7,7,7,7,7,7,7,7,7,7,7,7,7,7,8,8,8,8,9,9,9,9,9,9,9,9,9,9,9,9,9,9,10,10,10,10,10,10,11,15,15,15,15,15,13,13,13,10,10,10,10,8,8,8,8,8,8,7,7,7,6,6,6,3,3,3,3,3,3,3,5,5,5,5,6,6,6,6,6,6,6,6,6,6,6,6,7,7,7,7,7,7,7,7,7,7,7,7,7,7,7,7,10,10,10,10,10,10,10,9,9,9,9,9,9,9,9,9,9,9,9,9,9,45,45,45,45,45,41,41,41,41,41,41,41,41,41,41,42,42,42,42,42,42,42,42,42,8,8,8,8,7,7,7,16,16,16,16,12,12,12,11,11,10,10,10,11,11,11,11,11,11,11,11,11,11,11,11,10,10,10,10,9,9,9,9,9,9,9,9,9,9,9,10,10,10,10,10,10,10,10,10,10,10,10,10,12,45,45,45,45,45,40,40,40,40,40,40,40,38,38,38,36,36,36,36,36,36,36,36,36,6,6,6,6,7,7,7,11,11,11,11,8,8,8,8,8,7,7,7,7,7,7,7,6,6,6,6,6,6,6,6,8,8,8,8,8,8,8,8,7,7,7,7,6,6,6,8,8,8,8,8,8,8,8,8,8,8,8,8,7,7,7,7,7,7,6,6,6,4,4,4,4,3,3,3,3,3,3,3,3,3,2,2,2,3,3,3,3,3,3,3,5,5,5,5,4,4,4,3,3,3,3,3,3,3,3,3,2,2,2,2,2,2,2,2,2,2,2,2,2,2,2,2,2,2,2,2,2,2,2,2,2,2,2,2,2,2,2,2,2,2,2,2,2,2,2,2,2,2,1,1,1,0,0,0,0,0,0,0,0,0,0,0,0,0,0,0,0,0,0,0,0,0,0,0,0,0,0,0,0,0,0,0,0,0,0,0
Shuttle7,	0,0,0,0,0,0,0,0,0,0,0,0,0,0,0,0,0,1,1,1,1,2,2,2,2,2,2,2,2,3,3,3,3,3,3,3,3,3,3,3,3,3,3,3,3,3,3,3,3,3,3,3,3,3,5,5,5,5,5,5,5,3,3,3,1,1,1,1,1,1,3,3,3,3,4,4,4,5,5,5,5,5,5,5,4,4,5,5,5,6,6,6,6,7,7,7,7,7,7,7,7,7,7,7,7,6,6,6,6,7,7,7,7,7,7,7,9,9,9,9,9,9,9,9,9,9,9,9,9,10,11,11,11,12,12,9,9,9,8,8,8,8,7,7,7,5,5,5,5,5,5,6,6,6,7,7,7,7,7,7,7,9,9,9,9,7,7,7,6,6,6,6,6,6,6,6,6,7,7,7,7,7,7,7,7,7,7,7,7,7,7,7,7,8,8,8,8,8,8,8,9,9,9,9,9,9,9,7,7,7,7,7,7,7,10,10,10,11,11,9,9,9,10,10,10,10,10,10,10,7,7,7,8,8,8,8,8,8,5,5,5,5,4,4,4,7,7,7,7,7,7,7,6,6,5,5,5,5,5,5,5,3,3,3,3,3,3,3,3,3,3,3,3,3,3,3,3,3,3,3,3,3,3,3,5,5,5,5,5,5,5,5,5,5,5,5,5,5,5,5,5,5,5,3,3,3,5,5,5,5,2,2,2,1,1,1,2,2,2,2,2,2,4,4,4,4,5,5,5,6,6,6,6,7,7,7,5,5,6,6,6,6,6,6,6,6,6,6,6,6,6,6,6,5,5,5,5,5,5,5,5,5,5,5,5,4,4,4,5,5,5,5,5,5,5,6,6,6,6,6,6,7,8,8,8,9,9,9,9,9,7,7,7,7,5,5,5,4,4,4,4,4,4,6,6,6,9,9,9,9,9,9,9,12,12,12,12,10,10,10,9,9,8,8,8,8,8,8,8,7,7,7,7,7,7,7,7,6,6,6,6,6,6,6,6,6,6,6,6,6,6,6,6,6,6,6,6,6,6,7,7,7,7,7,7,7,12,12,12,12,12,11,11,11,9,9,9,9,9,9,9,9,9,9,9,9,9,10,10,10,7,7,7,7,5,5,5,6,6,6,6,7,7,7,8,8,9,9,9,9,9,9,9,10,10,10,10,10,10,10,10,10,10,10,10,10,10,10,10,9,9,9,9,9,9,9,10,10,10,10,10,10,10,11,11,11,11,11,11,11,14,14,14,15,15,11,11,11,13,13,13,13,11,11,11,8,8,8,7,7,7,7,7,7,8,8,8,8,7,7,7,10,10,10,10,9,9,9,9,9,9,9,9,9,9,9,9,8,8,8,8,8,8,8,8,8,8,8,8,9,9,9,9,11,11,11,11,11,11,11,11,11,11,11,11,11,11,11,11,11,11,11,11,11,13,13,13,11,11,7,7,7,6,6,6,6,6,6,6,4,4,4,4,4,4,4,4,4,3,3,3,3,3,3,3,6,6,6,6,5,5,5,4,4,4,4,4,4,4,4,4,4,4,4,4,4,4,4,4,4,4,4,4,5,5,5,5,6,6,6,6,7,7,7,10,10,10,10,10,10,10,9,9,9,9,9,9,7,8,8,8,7,7,5,5,5,6,6,6,6,3,3,3,3,3,3,3,3,3,3,3,3,2,2,2,2,2,2,2,7,7,7,7,4,4,4,5,5,5,5,5,5,5,5,5,5,5,5,5,5,5,5,5,6,6,6,6,6,6,6,6,6,6,6,6,6,6,6,6,6,6,6,6,6,6,6,6,6,6,6,6,6,5,5,5,3,3,2,2,2,5,5,5,5,5,5,5,3,3,3,4,4,4,6,6,6,5,5,5,5,6,6,6,10,10,10,10,6,6,6,6,6,7,7,7,7,7,7,7,7,7,7,7,7,7,7,7,8,8,8,8,6,6,6,6,6,6,6,6,6,6,6,7,7,7,7,7,7,7,7,7,7,7,7,7,7,8,8,8,7,7,5,5,5,7,7,7,7,8,8,8,6,6,6,3,3,3,3,3,3,3,3,3,3,2,2,2,6,6,6,6,5,5,5,6,6,6,6,6,6,6,6,6,7,7,7,7,7,7,7,7,7,7,7,7,8,8,8,8,8,8,8,8,8,8,8,8,8,8,8,8,8,8,8,8,8,8,8,8,7,7,7,7,7,7,4,4,4,3,3,3,3,2,2,2,3,3,3,3,3,3,3,3,3,4,4,4,4,4,4,4,9,9,9,9,10,10,10,10,10,10,10,10,10,10,10,10,9,9,9,9,9,9,9,9,9,9,9,9,9,9,9,9,9,9,9,9,8,8,8,9,9,9,9,9,9,9,7,7,7,7,7,7,7,8,8,8,7,7,4,4,4,2,2,2,2,1,1,1,1,1,1,1,1,1,1,1,1,1,1,1,1,1,1,1,3,3,3,3,3,3,3,3,3,3,3,3,4,4,4,4,4,4,4,4,4,4,4,4,5,5,5,5,4,4,4,4,4,4,4,4,4,4,4,5,5,5,5,5,5,5,5,5,5,5,5,5,5,45,45,45,45,45,42,42,42,42,42,42,42,42,42,42,43,43,43,43,43,43,42,42,42,2,2,2,2,2,2,2,5,5,5,5,4,4,4,4,4,5,5,5,5,5,5,5,6,6,6,6,6,6,6,6,6,6,6,6,6,6,6,6,6,6,6,6,6,6,6,7,7,7,7,7,7,7,8,8,8,8,8,8,8,45,45,45,45,45,44,44,44,45,45,45,45,43,43,43,41,41,41,41,41,41,42,42,42,7,7,7,7,6,6,6,6,6,6,6,6,6,6,5,5,4,4,4,4,4,4,4,5,5,5,5,5,5,5,5,5,5,5,5,5,5,5,5,5,5,5,5,5,5,5,6,6,6,6,6,6,6,6,6,6,6,6,6,6,31,31,31,38,38,36,36,36,36,36,36,36,34,34,34,31,31,31,31,31,31,31,31,31,14,14,14,14,13,13,13,14,14,14,14,13,13,13,13,13,11,11,11,9,9,9,9,7,7,7,7,7,7,7,7,6,6,6,6,5,5,5,5,4,4,4,4,3,3,3,2,2,2,2,2,2,2,2,2,2,2,2,2,0,0,0,0,0,0,0,0,0,0,0,0,0,0,0,0,0,0,0,0,0,0,0,0,0,0,0,0,0,0,0,0,0,0,0,0,0,0,0,0,0,0,0,0,0,0,0,0,0,0,0
Shuttle8,	0,0,0,0,0,0,0,0,0,0,0,0,1,1,1,1,1,1,1,1,2,2,2,2,2,2,2,9,9,9,9,9,9,9,10,10,10,10,10,10,10,12,12,12,12,12,12,12,12,14,14,14,14,8,8,8,8,8,8,7,7,7,8,8,8,8,8,8,8,8,8,8,18,18,18,18,16,16,16,19,19,18,18,18,18,18,18,18,18,18,18,18,18,18,18,18,18,18,18,18,18,18,18,18,17,17,17,17,17,17,17,19,19,19,19,19,19,19,19,19,19,19,19,19,19,23,23,23,25,25,19,19,19,15,15,15,15,12,12,12,9,9,9,8,8,8,9,9,9,9,9,9,9,10,10,10,12,12,12,12,11,11,11,13,13,14,14,14,12,12,12,12,13,13,13,13,13,13,13,13,15,15,15,15,14,14,14,14,14,14,14,14,14,14,14,18,18,18,18,18,18,18,19,19,19,19,19,19,20,21,21,21,22,22,21,21,21,18,18,18,18,13,13,13,12,12,12,12,12,12,13,13,13,19,19,19,19,16,16,16,26,26,26,26,21,21,21,23,23,25,25,25,25,25,25,25,24,24,24,24,24,24,24,24,24,24,24,24,24,24,24,24,22,22,22,22,22,22,22,24,24,24,24,24,24,24,24,24,24,24,24,24,23,24,24,24,23,23,16,16,16,12,12,12,12,10,10,10,9,9,9,10,10,10,10,10,10,12,12,12,12,11,11,11,18,18,18,18,10,10,10,12,12,12,12,12,13,13,13,13,13,13,13,13,13,13,13,13,12,12,12,12,11,11,11,11,11,11,11,11,10,10,10,10,10,10,10,10,10,10,9,9,9,9,9,9,8,16,16,16,16,16,15,15,15,13,13,13,13,12,12,12,14,14,14,15,15,15,15,15,15,8,8,8,8,9,9,9,16,16,16,16,15,15,15,16,16,16,16,16,15,15,15,15,16,16,16,16,16,16,16,16,16,16,16,16,16,16,16,16,13,13,13,13,15,15,15,17,17,17,17,17,17,17,17,17,17,17,17,17,17,18,18,18,19,19,13,13,13,13,13,13,13,9,9,9,8,8,8,7,7,7,7,7,7,9,9,9,9,10,10,10,15,15,15,15,9,9,9,9,9,10,10,10,11,11,11,11,11,11,11,11,11,11,11,11,11,11,11,11,10,10,10,10,11,11,11,11,14,14,14,18,18,18,18,18,18,18,18,18,18,18,18,18,19,21,21,21,22,22,17,17,17,15,15,15,15,11,11,11,11,11,11,11,11,11,10,10,10,10,10,10,10,8,8,8,11,11,11,11,9,9,9,8,8,8,8,8,11,11,11,11,11,11,11,11,11,11,11,11,13,13,13,13,11,11,11,11,10,10,10,10,8,8,8,8,8,8,8,8,8,8,9,9,9,9,9,9,10,14,14,14,15,15,14,14,14,14,14,14,14,14,14,14,11,11,11,12,12,12,11,11,11,11,11,11,11,11,11,11,14,14,14,14,13,13,13,13,13,12,12,12,12,12,12,12,12,12,12,12,12,12,12,12,13,13,13,13,13,13,13,13,13,13,13,13,13,13,13,18,18,18,18,18,18,18,18,18,18,18,18,18,14,16,16,16,17,17,11,11,11,13,13,13,13,9,9,9,5,5,5,6,6,6,6,6,6,8,8,8,8,9,9,9,18,18,18,18,10,10,10,10,10,10,10,10,10,10,10,10,10,10,10,10,10,10,10,10,10,10,10,10,10,10,10,10,10,10,10,10,9,9,9,14,14,14,14,14,14,14,14,14,14,14,14,14,15,18,18,18,19,19,16,16,16,16,16,16,16,12,12,12,9,9,9,8,8,8,8,8,8,6,6,6,6,6,6,6,12,12,12,12,12,12,12,14,14,14,14,14,13,13,13,13,12,12,12,12,12,12,12,12,12,12,12,12,13,13,13,13,14,14,14,14,13,13,13,15,15,15,15,15,15,15,14,14,14,14,14,14,13,16,16,16,17,17,14,14,14,13,13,13,13,11,11,11,9,9,9,10,10,10,12,12,12,14,14,14,14,15,15,15,17,17,17,17,11,11,11,10,10,10,10,10,8,8,8,8,7,7,7,7,7,7,7,7,8,8,8,8,8,8,8,8,7,7,7,7,8,8,8,13,13,13,13,13,13,13,12,12,12,12,12,12,12,18,18,18,15,15,16,16,16,18,18,18,18,14,14,14,12,12,12,12,12,12,11,11,11,7,7,7,7,7,7,7,8,8,8,8,7,7,7,7,7,7,7,7,8,8,8,8,8,8,8,8,8,8,8,8,9,9,9,9,9,9,9,9,9,9,9,9,10,10,10,10,10,10,10,10,10,10,10,10,10,10,10,10,10,11,11,11,12,12,11,11,11,15,15,15,15,14,14,14,9,9,9,7,7,7,8,8,8,8,8,8,8,9,9,9,18,18,18,18,13,13,13,15,15,16,16,16,17,17,17,17,16,16,16,16,16,16,16,16,17,17,17,17,16,16,16,16,16,16,16,16,16,16,16,17,17,17,17,17,17,17,18,18,18,18,18,18,18,45,45,45,45,45,39,39,39,43,43,43,43,42,42,42,34,34,34,36,36,36,34,34,34,10,10,10,10,10,10,10,17,17,17,17,14,14,14,14,14,16,16,16,15,15,15,15,14,14,14,14,14,14,14,14,13,13,13,13,14,14,14,14,14,14,14,14,13,13,13,14,14,14,14,14,14,14,14,14,14,14,14,14,15,45,45,45,45,45,43,43,43,44,44,44,44,44,44,44,40,40,40,39,39,39,37,37,37,8,8,8,8,7,7,7,12,12,12,12,10,10,10,10,10,10,10,10,11,11,11,11,11,11,11,11,11,11,11,11,13,13,13,13,12,12,12,12,13,13,13,13,12,12,12,16,16,16,16,16,16,16,15,15,15,15,15,15,19,45,45,45,45,45,41,41,41,42,42,42,42,38,38,38,36,36,36,36,36,36,36,36,36,14,14,14,14,14,14,14,18,18,18,18,15,15,15,14,14,14,14,14,12,12,12,12,11,11,11,11,11,11,11,11,11,11,11,11,10,10,10,10,10,10,10,10,8,8,8,7,7,7,7,7,7,7,7,7,7,7,7,7,7,7,7,7,6,6,3,3,3,1,1,1,1,0,0,0,0,0,0,0,0,0,0,0,0,0,0,0,0,0,0,0,0,0,0,0,0,0,0,0,0,0,0,0,0,0,0,0,0,0,0,0,0,0,0,0
Shuttle9,	0,0,0,0,0,0,0,0,2,2,2,2,2,2,2,8,8,8,8,8,8,8,10,10,10,10,10,10,11,16,16,16,18,18,21,21,21,31,31,31,31,24,24,24,22,22,22,24,24,24,23,23,23,24,24,24,24,26,26,26,40,40,40,40,31,31,31,32,32,29,29,29,30,30,30,30,29,29,29,29,29,29,29,29,29,29,29,29,28,28,28,28,27,27,27,27,25,25,25,28,28,28,28,28,28,28,28,28,28,28,28,28,27,32,32,32,31,31,28,28,28,24,24,24,24,20,20,20,17,17,17,18,18,18,18,18,18,17,17,17,17,16,16,16,19,19,19,19,18,18,18,18,18,19,19,19,17,17,17,17,19,19,19,19,19,19,19,19,18,18,18,18,21,21,21,21,20,20,20,20,20,20,20,28,28,28,28,28,28,28,27,27,27,27,27,27,27,30,30,30,31,31,32,32,32,38,38,38,38,31,31,31,22,22,22,19,19,19,19,19,19,19,19,19,19,17,17,17,30,30,30,30,22,22,22,22,22,20,20,20,21,21,21,21,21,21,21,21,21,21,21,21,21,21,21,21,21,21,21,21,23,23,23,23,27,27,27,32,32,32,32,32,32,32,32,32,32,32,32,32,34,43,43,43,42,42,36,36,36,39,39,39,39,34,34,34,30,30,30,29,29,29,29,29,29,21,21,21,21,20,20,20,31,31,31,31,21,21,21,20,20,19,19,19,19,19,19,19,16,16,16,16,16,16,16,16,17,17,17,17,18,18,18,18,19,19,19,19,20,20,20,22,22,22,22,22,22,22,24,24,24,24,24,24,27,35,35,35,36,36,35,35,35,32,32,32,32,29,29,29,28,28,28,29,29,29,27,27,27,27,27,27,27,32,32,32,36,36,36,36,37,37,37,36,36,36,36,36,34,34,34,34,33,33,33,33,33,33,33,33,32,32,32,32,31,31,31,31,34,34,34,34,34,34,34,37,37,37,37,37,37,37,38,38,38,38,38,38,39,39,39,39,36,36,30,30,30,33,33,33,33,27,27,27,19,19,19,20,20,20,21,21,21,28,28,28,28,28,28,28,41,41,41,41,39,39,39,38,38,35,35,35,36,36,36,36,36,36,36,36,36,36,36,36,36,36,36,36,36,36,36,36,33,33,33,33,33,33,33,41,41,41,41,41,41,41,41,41,41,41,41,41,41,42,42,42,43,43,36,36,36,33,33,33,33,28,28,28,22,22,22,19,19,19,18,18,18,20,20,20,20,23,23,23,32,32,32,32,28,28,28,30,30,33,33,33,31,31,31,31,34,34,34,34,34,34,34,34,34,34,34,34,38,38,38,38,36,36,36,36,37,37,37,41,41,41,41,41,41,41,42,42,42,42,42,42,40,45,45,45,45,45,38,38,38,32,32,32,32,30,30,30,25,25,25,24,24,24,24,24,24,23,23,23,23,22,22,22,29,29,29,29,25,25,25,25,25,29,29,29,29,29,29,29,33,33,33,33,33,33,33,33,30,30,30,30,30,30,30,30,29,29,29,29,27,27,27,35,35,35,35,35,35,35,35,35,35,35,35,35,30,33,33,33,34,34,32,32,32,38,38,38,38,29,29,29,19,19,19,19,19,19,21,21,21,20,20,20,20,20,20,20,29,29,29,29,26,26,26,25,25,24,24,24,23,23,23,23,23,23,23,23,23,23,23,23,23,23,23,23,22,22,22,22,22,22,22,22,19,19,19,23,23,23,23,23,23,23,24,24,24,24,24,24,25,35,35,35,38,38,32,32,32,40,40,40,40,38,38,38,28,28,28,32,32,32,33,33,33,30,30,30,30,28,28,28,38,38,38,38,34,34,34,32,32,31,31,31,31,31,31,31,28,28,28,28,28,28,28,28,26,26,26,26,24,24,24,24,23,23,23,23,22,22,22,32,32,32,32,32,32,32,32,32,32,32,32,32,32,36,36,36,35,35,27,27,27,32,32,32,32,21,21,21,14,14,14,14,14,14,15,15,15,21,21,21,21,21,21,21,29,29,29,29,28,28,28,30,30,32,32,32,32,32,32,32,30,30,30,30,30,30,30,30,28,28,28,28,28,28,28,28,31,31,31,31,30,30,30,35,35,35,35,35,35,35,36,36,36,36,36,36,36,39,39,39,41,41,36,36,36,34,34,34,34,30,30,30,24,24,24,26,26,26,25,25,25,26,26,26,26,25,25,25,32,32,32,32,29,29,29,29,29,25,25,25,26,26,26,26,25,25,25,25,25,25,25,25,27,27,27,27,27,27,27,27,24,24,24,24,24,24,24,29,29,29,29,29,29,29,31,31,31,31,31,31,32,36,36,36,36,36,30,30,30,31,31,31,31,26,26,26,23,23,23,23,23,23,25,25,25,26,26,26,26,27,27,27,33,33,33,33,29,29,29,27,27,29,29,29,26,26,26,26,29,29,29,29,29,29,29,29,30,30,30,30,32,32,32,32,33,33,33,33,33,33,33,37,37,37,37,37,37,37,37,37,37,37,37,37,36,45,45,45,45,45,42,42,42,45,45,45,45,41,41,41,31,31,31,32,32,32,32,32,32,26,26,26,26,25,25,25,39,39,39,39,30,30,30,34,34,33,33,33,34,34,34,34,33,33,33,33,33,33,33,33,33,33,33,33,33,33,33,33,34,34,34,34,37,37,37,38,38,38,38,38,38,38,32,32,32,32,32,32,33,45,45,45,45,45,40,40,40,44,44,44,44,40,40,40,35,35,35,35,35,35,34,34,34,26,26,26,26,24,24,24,30,30,30,30,25,25,25,25,25,27,27,27,27,27,27,27,27,27,27,27,27,27,27,27,26,26,26,26,26,26,26,26,25,25,25,25,25,25,25,30,30,30,30,30,30,30,27,27,27,27,27,27,26,45,45,45,45,45,45,45,45,41,41,41,41,37,37,37,34,34,34,32,32,32,32,32,32,17,17,17,17,18,18,18,26,26,26,26,22,22,22,22,22,23,23,23,21,21,21,21,21,21,21,21,21,21,21,21,21,21,21,21,22,22,22,22,21,21,21,21,20,20,20,23,23,23,23,23,23,23,23,23,23,23,23,23,19,20,20,20,21,21,17,17,17,10,10,10,10,6,6,6,6,6,6,6,6,6,5,5,5,3,3,3,3,2,2,2,2,2,2,2,2,2,2,2,2,2,2,2,1,1,1,1,0,0,0,0,0,0,0,0,0,0,0,0,0,0,0,0,0,0,0,0

How early,	287813/4497,	87,78,65,34,74,78,49,110,126,10,55,119,146,29,100,104,36,81,96,74,66,-12,-11,47,53,33,-1,10,16,38,92,119,99,40,63,69,71,112,131,82,88,25,131,19,0,124,73,45,69,0,101,2,103,141,89,-6,58,75,89,89,124,132,12,89,58,75,88,89,113,119,11,3,84,35,94,65,143,94,95,86,70,93,26,73,77,50,40,94,35,112,65,102,38,63,26,101,108,120,120,59,82,133,7,29,30,46,63,136,55,114,127,8,56,48,81,99,48,21,11,53,105,120,14,115,106,110,95,53,87,109,118,-11,58,93,56,110,116,52,124,116,75,103,79,80,-28,-16,5,14,97,63,64,83,56,139,93,63,104,55,29,48,98,68,84,106,88,59,30,-17,54,2,7,15,70,77,86,78,97,116,123,133,40,81,57,54,64,72,100,126,102,19,23,27,39,44,131,51,72,70,96,113,52,60,57,98,106,0,37,75,64,16,77,29,102,59,75,133,87,142,91,92,46,60,60,71,100,74,105,36,-14,105,-9,53,48,94,34,39,39,55,42,89,3,94,70,74,32,38,55,1,49,47,14,64,44,26,60,93,54,115,4,140,63,69,89,92,108,49,73,33,41,113,81,136,57,81,48,22,74,82,48,71,28,120,142,60,113,121,92,42,48,54,82,21,9,113,139,63,14,49,54,65,71,8,106,109,-1,104,68,94,127,37,27,78,82,85,69,113,2,7,20,56,148,71,91,108,114,65,80,114,138,-2,10,114,74,99,43,80,92,114,126,122,44,84,114,124,51,-3,113,120,94,115,86,118,0,105,114,103,75,80,17,63,125,112,-5,66,88,55,45,5,19,18,57,84,53,72,77,93,49,43,133,51,20,28,63,-8,49,52,20,82,135,109,9,114,-7,53,6,45,115,124,83,135,103,54,63,76,82,89,117,118,50,11,66,86,102,35,69,126,66,119,78,76,59,87,-6,101,133,59,-6,13,-2,2,16,77,103,50,54,70,99,28,12,89,53,130,97,-11,54,66,77,17,64,16,41,131,-28,64,34,60,53,138,41,104,95,25,-2,61,20,102,70,-3,55,85,95,71,93,113,82,28,81,76,41,56,65,31,53,40,72,76,58,81,84,87,73,90,33,37,40,73,85,49,18,77,83,36,75,62,37,116,116,118,-7,48,1,57,14,21,100,81,24,61,102,120,22,42,37,70,-2,37,8,53,-24,126,76,100,88,116,46,31,98,41,39,72,29,52,54,61,65,71,73,52,132,142,83,97,47,48,96,41,86,6,104,84,4,-16,4,108,50,127,40,71,117,-17,50,79,90,107,117,18,116,57,106,116,52,32,68,61,74,57,64,113,79,110,77,125,129,-7,101,39,92,-11,9,12,74,32,32,87,92,97,108,129,82,132,91,80,89,118,146,24,78,76,117,63,47,50,118,130,120,7,8,13,25,48,130,122,24,133,90,91,136,19,46,108,130,133,48,38,82,80,52,0,2,65,16,45,100,57,59,68,77,53,63,76,137,48,120,79,75,61,79,70,103,53,46,51,81,17,19,95,91,50,132,52,51,105,128,138,66,83,84,8,23,105,74,32,75,101,78,77,103,139,38,140,35,41,101,84,39,18,108,93,72,92,47,19,142,32,36,97,47,40,79,76,-43,6,79,82,10,4,69,141,87,93,87,30,48,46,60,63,98,118,45,64,25,30,94,15,26,68,76,60,12,60,42,75,101,110,24,60,79,98,53,98,56,66,87,35,36,76,68,52,89,127,70,70,70,72,72,91,92,101,110,117,75,74,10,35,88,91,114,48,119,21,85,98,67,60,99,140,72,86,95,97,103,105,139,109,140,88,145,64,86,102,120,5,45,102,97,46,100,94,98,88,53,78,83,84,133,76,78,109,116,43,25,66,63,-2,40,52,70,39,42,89,111,98,48,89,83,11,60,56,87,24,12,44,49,82,30,84,95,54,129,78,134,141,142,31,131,96,30,62,114,-14,104,105,130,42,9,64,83,116,78,28,72,60,33,96,79,76,48,51,129,80,46,58,75,90,100,56,112,142,79,66,98,119,75,85,46,110,104,105,75,92,143,18,55,56,122,137,36,117,-1,15,49,49,-3,34,96,97,71,30,60,3,72,100,112,73,85,62,28,96,97,47,48,111,49,-23,69,55,77,65,-18,73,46,18,94,58,76,83,69,86,110,46,52,86,97,113,41,113,64,74,16,78,-10,129,-10,23,101,8,16,50,35,4,59,17,35,87,61,111,125,23,113,74,-27,34,41,37,86,83,107,118,60,-3,77,134,53,104,117,37,-15,55,3,77,115,78,52,85,127,109,40,69,67,118,123,126,86,66,70,82,68,62,57,71,92,105,108,109,111,118,129,2,86,18,-31,42,93,118,103,42,97,110,73,19,77,20,52,92,74,85,130,92,93,118,127,112,40,66,110,20,36,38,42,65,47,118,70,-22,59,20,64,67,91,72,40,90,46,98,115,-1,23,24,100,66,69,131,87,88,55,57,68,67,83,-18,9,13,121,78,87,88,92,95,-9,78,38,100,97,83,65,97,-5,53,102,53,96,54,90,46,-1,82,88,66,22,67,69,88,113,-2,37,38,52,121,87,93,100,67,136,99,61,26,114,130,9,9,73,86,69,127,116,137,70,82,87,131,67,32,123,89,71,95,51,38,40,50,108,68,126,135,89,95,50,17,94,113,53,76,89,43,59,37,38,48,64,23,54,76,93,113,126,69,3,71,94,107,105,71,78,97,16,44,95,88,62,53,37,13,68,79,19,9,63,8,45,117,56,91,88,116,141,40,53,86,110,114,2,82,6,13,82,53,108,132,61,116,22,81,99,87,68,21,71,21,45,26,60,81,36,108,57,94,96,50,-8,-9,83,88,106,55,-5,52,56,33,108,120,126,-40,63,93,59,34,78,84,87,92,85,100,101,124,66,20,-22,35,103,120,20,30,119,69,99,76,82,51,105,122,68,47,-14,40,99,115,127,6,0,29,50,69,134,84,43,75,39,110,130,-17,-5,4,53,46,17,16,30,38,40,47,51,53,73,77,9,53,103,13,21,81,33,134,40,107,19,80,31,90,36,68,43,98,61,62,121,75,76,93,75,46,97,98,63,10,46,57,82,65,18,117,77,79,50,53,80,112,115,99,142,-14,-5,122,20,23,46,108,60,63,106,113,55,55,59,14,71,85,51,68,88,31,86,33,97,145,22,68,12,16,33,65,-3,146,60,47,73,100,132,28,6,108,37,51,100,107,18,21,62,74,108,113,22,48,81,35,26,48,136,70,49,121,47,34,113,5,24,94,68,8,17,76,85,-3,54,33,69,113,117,130,39,44,50,61,70,86,91,97,54,-14,77,54,4,41,81,55,28,37,99,57,113,113,74,-12,15,129,104,54,101,5,45,114,107,128,69,37,112,84,81,90,108,137,86,16,44,24,41,44,51,75,24,58,49,52,54,52,50,32,21,37,98,95,-37,66,69,88,102,108,110,116,116,54,-13,25,112,78,90,23,41,78,62,40,77,125,131,101,134,40,83,103,123,117,61,99,110,129,128,-2,30,88,103,107,114,101,56,70,-20,15,11,28,26,41,50,130,90,59,76,146,-20,-2,90,41,43,80,119,91,71,74,79,-6,51,2,6,7,18,49,50,106,108,110,68,69,103,116,48,91,1,81,44,37,42,34,48,44,125,24,37,58,63,17,19,55,20,71,68,129,61,44,46,55,112,-20,48,66,69,117,99,59,56,78,27,61,45,59,54,132,50,-28,-1,74,112,123,61,7,48,68,1,3,28,62,11,61,105,134,108,101,-8,30,119,33,28,51,83,81,112,128,129,68,57,118,137,84,34,55,82,105,78,6,8,27,27,103,70,118,97,13,21,137,40,22,41,51,55,97,25,120,-10,64,96,96,108,16,95,33,50,53,57,32,37,48,73,61,60,126,91,38,22,19,27,65,23,91,73,114,93,92,72,-1,57,37,38,61,48,50,61,62,11,82,85,88,29,124,19,36,56,106,81,92,18,32,57,137,36,39,72,80,86,99,110,129,-4,71,128,109,118,121,46,3,112,52,51,105,105,-9,58,133,34,21,-11,-21,49,36,88,-34,37,20,40,15,31,6,65,71,78,145,48,59,44,43,56,64,91,104,130,46,73,111,-14,12,58,72,119,60,140,11,31,48,65,55,107,-3,37,73,116,66,12,69,31,48,41,54,131,139,149,66,114,61,58,88,54,43,101,43,104,116,115,56,14,139,75,54,58,121,60,52,116,134,35,56,35,88,72,54,63,91,119,57,49,120,4,6,50,107,76,17,127,0,62,16,48,96,82,103,79,68,84,113,140,-1,15,98,64,88,112,79,126,83,52,88,105,50,62,61,71,45,-18,33,65,66,37,43,46,108,66,73,74,134,102,53,119,81,66,33,51,110,99,60,11,43,54,3,42,113,115,70,58,78,87,-2,2,11,91,92,46,93,128,60,42,127,140,117,4,86,98,76,60,32,33,45,55,60,85,121,122,43,78,42,70,105,84,102,95,74,6,14,44,81,132,120,42,85,88,18,25,62,98,135,51,52,62,76,87,68,62,77,88,117,120,25,61,32,32,122,57,80,108,-25,118,128,65,68,127,52,59,35,40,82,98,100,117,125,134,72,19,81,127,81,104,85,88,120,112,32,71,81,68,44,44,96,66,65,136,99,98,138,74,18,50,43,29,42,43,58,71,86,46,41,108,40,53,35,43,38,74,120,-10,45,-2,13,69,18,51,92,97,116,-4,72,67,92,108,49,6,65,23,78,24,30,120,69,88,60,63,98,112,141,69,100,91,52,9,48,81,136,2,38,74,95,129,108,50,38,57,47,111,93,42,-1,44,112,24,112,119,-3,47,49,-1,57,58,27,21,98,118,141,46,69,65,80,15,10,25,75,-4,80,83,55,85,56,56,20,115,65,77,85,0,103,83,126,127,97,-1,16,26,91,88,6,60,92,119,-18,51,40,-10,50,46,97,73,86,90,111,85,142,22,83,65,77,-4,-2,72,107,53,117,138,143,112,59,119,144,36,51,56,99,118,45,69,105,46,59,13,24,103,56,64,62,57,80,8,45,21,30,88,66,43,126,40,13,78,42,55,87,142,40,66,70,83,121,25,50,111,104,26,35,37,43,13,62,86,61,85,101,125,125,95,51,59,107,131,147,-30,106,19,77,92,74,40,52,81,57,64,88,19,91,99,102,114,115,135,141,142,27,94,42,136,54,130,-14,39,52,62,67,125,38,82,112,83,40,10,28,-25,16,124,112,-26,105,-20,58,63,45,64,89,113,60,94,39,58,63,123,40,-1,56,6,39,68,70,109,-10,46,40,47,66,97,97,100,39,142,63,68,27,25,86,88,98,71,76,114,53,55,54,7,68,27,89,52,59,61,69,78,56,89,107,149,81,62,54,64,107,100,45,55,91,101,7,41,68,90,97,111,54,-7,68,11,41,83,100,125,24,123,59,107,44,4,47,106,125,80,19,102,110,124,110,117,40,63,129,94,18,41,38,48,75,111,116,124,82,84,66,28,111,120,54,16,35,79,139,17,67,81,109,109,72,78,80,52,67,110,91,47,120,137,63,83,124,-12,123,12,46,50,66,84,105,120,102,51,69,147,60,50,56,62,79,80,85,95,120,124,123,96,62,33,39,88,56,25,18,57,120,1,21,107,29,11,52,83,63,106,52,142,38,46,109,107,69,76,121,131,69,89,119,35,78,97,130,-7,106,60,71,83,99,102,103,117,122,97,39,93,56,52,63,111,43,104,68,40,87,121,54,38,107,127,50,58,72,121,44,128,75,122,-19,-2,9,12,17,17,32,33,61,73,25,125,69,116,92,63,99,43,90,28,53,40,27,55,94,113,137,-8,51,55,57,5,11,29,33,115,80,89,55,65,65,104,120,130,87,-4,40,63,7,47,112,41,57,92,89,134,62,77,61,-9,42,95,22,38,109,114,32,3,72,97,117,64,120,67,142,50,95,121,112,121,50,117,40,84,109,141,8,75,61,104,85,93,21,32,-7,79,0,32,34,40,73,70,-2,36,42,136,91,84,59,78,55,69,108,83,95,-8,-12,-3,6,50,66,126,52,4,32,124,50,79,71,112,18,74,15,87,1,37,40,81,100,44,51,10,82,94,54,70,14,122,112,104,45,60,109,82,83,129,73,81,80,34,56,24,96,52,35,132,115,29,48,52,83,96,110,132,118,64,81,59,20,28,32,60,60,20,113,113,109,8,-8,82,85,99,110,0,16,38,47,50,73,69,70,33,71,87,96,111,128,43,23,41,51,101,83,111,129,-11,37,111,73,94,18,82,92,74,58,-12,45,120,98,34,106,8,21,44,53,62,67,34,108,123,114,50,96,53,88,93,76,105,58,60,87,96,107,115,74,86,66,108,41,50,53,20,62,-15,92,71,76,41,82,38,62,66,133,64,-7,23,24,24,27,61,47,53,56,68,65,23,0,79,80,37,40,57,134,86,132,61,48,23,142,45,65,125,8,13,106,97,11,13,43,97,108,101,38,65,88,67,68,106,35,21,24,80,130,136,143,147,15,49,51,56,65,112,79,138,47,-7,1,71,31,48,81,143,95,51,20,71,35,78,41,112,40,101,109,56,92,24,72,101,53,72,104,60,132,36,33,65,113,119,52,37,81,70,137,66,141,48,47,80,35,27,28,5,35,73,139,45,51,64,71,74,114,117,96,8,31,84,48,95,127,17,66,43,65,30,42,31,89,37,65,8,9,20,84,139,109,128,52,-34,22,32,55,112,31,52,117,66,116,120,124,128,107,115,109,8,83,70,80,107,108,125,102,72,132,134,85,32,79,61,72,98,87,69,57,77,70,41,34,85,79,83,44,137,55,80,113,85,94,28,36,53,-11,-9,74,127,134,136,139,-4,-5,82,51,133,16,38,42,109,114,33,2,17,35,50,126,114,-20,50,39,82,68,46,87,35,69,73,37,-6,-1,5,1,16,87,60,123,70,30,53,56,74,73,132,133,11,25,53,58,51,52,54,108,112,-8,78,50,64,101,106,112,74,9,-2,68,52,82,133,46,89,128,50,55,91,52,53,75,77,131,88,115,68,21,147,1,12,34,55,61,134,82,44,27,109,34,30,110,34,70,101,71,78,45,43,116,55,16,46,61,68,20,62,75,48,78,132,92,143,84,65,95,63,12,21,74,116,123,-23,66,66,75,78,104,91,115,114,105,15,-5,36,58,65,72,90,83,90,73,11,60,116,120,38,78,92,103,118,140,78,52,33,34,68,124,88,8,80,46,41,105,3,89,37,39,89,106,107,126,96,31,99,80,38,80,53,15,11,62,42,96,115,115,136,136,136,136,136,136,46,53,24,131,86,87,1,46,47,82,-1,81,14,32,37,27,115,136,40,37,42,43,56,63,99,99,111,77,49,110,130,149,-8,89,2,63,70,57,104,124,124,124,124,124,124,124,124,124,124,124,124,124,124,124,124,124,124,124,124,124,124,124,124,0,24,35,82,61,12,56,74,147,61,119,119,119,119,119,119,119,119,119,119,119,119,119,119,119,119,119,119,119,119,119,119,119,119,119,119,119,119,119,119,119,119,119,119,119,119,119,119,119,119,7,49,83,94,102,109,118,129,144,90,51,35,53,31,60,42,112,112,112,112,112,112,112,112,112,112,112,112,112,112,112,112,112,112,112,112,112,112,112,112,112,112,112,112,112,112,112,112,112,112,112,10,58,25,31,36,35,42,40,7,11,105,105,105,105,105,105,105,105,105,105,105,105,105,105,105,105,105,105,105,105,105,105,105,105,105,105,105,105,105,105,105,105,105,105,105,105,105,105,105,105,105,-10,46,49,5,63,71,28,59,112,115,65,71,79,94,95,104,47,52,59,117,-9,69,116,17,112,99,99,99,99,99,99,99,99,99,99,99,99,99,99,99,99,99,99,99,99,99,99,99,99,99,99,99,99,99,99,99,99,-22,0,81,127,128,43,63,135,42,37,117,93,93,93,93,93,93,93,93,93,93,93,93,93,93,93,93,93,93,93,93,93,93,93,93,93,93,93,93,93,93,93,93,93,93,0,59,27,36,98,107,118,67,120,113,108,98,46,66,39,68,82,129,37,71,96,108,81,3,48,47,40,86,86,86,86,86,86,86,86,86,86,86,86,86,86,86,86,86,86,86,86,86,86,86,86,86,86,86,86,86,86,86,86,86,86,86,107,50,97,62,81,81,81,81,81,81,81,81,81,81,81,81,81,81,81,81,81,81,81,81,81,81,81,81,81,81,81,81,81,81,81,81,81,81,81,81,81,4,-8,64,71,83,47,65,37,101,63,66,131,138,92,121,87,7,37,28,33,18,84,71,30,33,61,64,74,74,74,74,74,74,74,74,74,74,74,74,74,74,74,74,74,74,74,74,74,74,74,74,74,74,74,74,74,74,74,74,74,74,74,4,5,20,21,90,35,37,40,9,37,52,71,90,43,-2,20,88,102,84,67,129,3,69,95,111,123,92,92,48,49,97,103,17,73,66,96,49,46,5,47,83,-5,37,67,87,47,65,128,30,139,41,2,-4,36,1,118,7,37,104,63,135,24,40,1,17,103,79,56,48,39,47,52,52,52,52,52,52,52,52,52,52,52,52,52,21,42,69,37,123,75,-13,-22,67,56,121,48,61,68,38,87,83,116,34,96,100,114,136,92,29,14,40,40,40,40,40,40,40,40,40,40,40,40,40,40,40,40,40,40,40,40,40,40,40,40,40,40,40,40,40,40,62,79,8,77,-30,-47,-12,51,117,106,86,35,35,35,35,35,35,35,35,35,35,35,35,35,35,35,35,35,35,35,35,35,35,35,35,35,35,35,35,35,35,35,35,35,35,35,35,35,35,40,74,40,31,69,49,71,75,127,24,138,47,42,81,67,27,28,28,28,28,28,28,28,28,28,28,28,28,28,28,28,28,28,28,28,28,28,28,28,28,28,28,28,28,28,28,28,28,28,-7,-5,1,4,6,29,69,75,87,59,69,85,21,21,21,21,21,21,21,21,21,21,21,21,21,21,21,21,21,21,21,21,21,21,21,21,21,21,21,21,21,21,21,21,21,21,-12,-9,52,57,-4,87,111,113,126,81,139,69,52,69,19,69,26,15,15,15,15,15,15,15,15,15,15,15,15,15,15,15,15,15,15,15,15,15,15,15,15,15,15,15,15,15,15,15,15,131,35,111,103,-65,11,-13,84,97,93,106,124,15,47,58,9,9,9,9,9,9,9,9,9,9,9,9,9,9,9,9,9,9,9,9,9,9,9,9,9,9,9,9,9,9,9,9,9,9,9,9,9,9,-9,37,120,12,16,72,68,126,104,125,23,66,40,74,46,106,100,124,114,95,-12,23,101,83,68,2,2,2,2,2,2,2,2,2,2,2,2,2,2,2,2,2,2,2,2,2,2,2,2,2,2,2,2,2,2,2,2,59,69,102,135,28,61,68,3,-3,-3,-3,-3,-3,-3,-3,-3,-3,-3,-3,-3,-3,-3,-3,-3,-3,-3,-3,-3,-3,-3,-3,-3,-3,-3,-3,-3,-3,-3,-3,-3,-3,-3,-3,-3,21,-12,87,56,60,127,92,38,15,80,113,16,31,92,71,72,39,2,9,50,61,70,77,-10,-10,-10,-10,-10,-10,-10,-10,-10,-10,-10,-10,-10,-10,-10,-10,-10,-10,-10,-10,-10,-10,-10,-10,-10,-10,-10,-10,-10,-10,-10,-10,-10,-10,-10,-10,-10,79,31,87,111,122,67,15,112,59,45,110,56,89,120,82,122,16,91,44,77,77,59,34,45,76,95,95,33,85,9,141,32,38,92,65,88,23,119,62,65,120,16,106,37,98,98,102,109,113,92,96,-32,-32,-32,-32,-32,-32,-32,-32,-32,-32,-32,-32,-32,-32,-32,-32,-32,-32,-32,-32,-32,28,23,117,72,86,-52,-28,74,1,35,-27,37,43,57,2,58,50,16,82,60,90,97,99,49,37,73,77,42,22,11,37,24,-44,-44,-44,-44,-44,-44,-44,-44,-44,-44,-44,-44,-43,-24,-40,-33,-32,-30,-30,-23,-21,-54,-1,1,2,4,8,2,66,59,93,49,-53,7,10,10,13,-17,-18,18,18,-18,30,31,31,34,-2,59,48,55,76,81,66,90,78,99,101,31,30,32,22,22,-18,-31,24,48,24,48,55,69,51,100,14,22,47,44,49,51,79,86,97,59,76,36,56,60,89,38,-11,60,24,74,31,88,56,39,50,5,71,81,8,26,102,39,49,68,7,16,62,55,7,10,77,23,29,91,-9,69,51,46,68,-8,8,25,15,54,13,49,14,3,31,15,39,56,55,13,0,63,27,37,2,45,57,71,1,29,13,30

How wait,	81075/4497,	1,2,2,2,5,5,0,1,4,1,1,4,2,2,4,2,2,2,5,5,0,4,5,1,5,7,4,5,0,1,1,6,6,7,2,11,3,5,6,0,5,3,1,5,1,2,3,6,3,10,6,1,3,6,0,9,3,1,4,10,10,0,3,2,3,0,9,7,15,11,3,4,2,0,3,3,2,1,0,5,1,1,21,2,3,10,14,17,9,5,5,3,12,15,19,21,0,16,20,6,19,7,6,0,5,3,2,2,6,4,6,1,3,5,0,9,12,3,2,1,0,2,10,8,17,18,5,0,0,0,4,0,3,9,10,11,7,4,2,5,5,6,2,0,20,20,12,18,12,21,2,4,0,0,0,4,0,15,14,20,4,1,2,1,3,6,20,17,15,20,6,1,16,13,21,10,14,18,14,12,1,2,2,1,3,1,3,5,0,11,3,9,4,6,4,2,2,0,6,3,2,0,0,2,1,0,0,4,4,10,5,2,10,11,10,2,1,4,3,5,5,1,2,2,5,5,3,10,10,4,1,5,0,2,2,1,3,2,5,6,9,4,0,3,4,1,0,1,2,4,1,1,7,7,3,1,0,4,1,0,4,0,1,2,5,1,4,4,3,3,5,2,11,4,2,5,5,5,6,0,3,5,3,1,5,6,1,14,4,6,8,6,4,5,3,10,0,3,1,2,4,3,3,0,0,4,9,9,8,4,15,2,9,2,17,20,5,6,4,3,0,2,2,18,5,3,1,11,8,2,3,1,0,3,5,2,1,4,3,5,3,0,9,1,4,6,9,0,0,1,2,3,0,4,2,4,7,20,2,7,6,0,3,1,5,3,0,6,21,12,14,0,4,2,6,7,0,0,1,4,3,2,6,10,11,16,19,10,5,4,2,0,0,1,9,2,21,6,2,2,6,8,3,4,1,2,0,4,4,3,0,2,0,0,8,13,1,3,4,6,4,4,10,6,10,6,5,1,1,9,7,4,7,3,1,6,3,5,0,3,0,3,5,4,3,1,6,1,1,1,3,0,3,6,1,5,6,0,15,18,13,5,0,2,6,0,3,4,4,4,4,3,1,8,6,3,10,21,2,1,0,3,12,11,10,10,4,16,21,4,3,3,1,5,2,0,1,5,3,1,0,1,5,0,4,4,3,20,3,10,0,0,3,0,0,4,9,7,3,8,14,8,5,9,2,4,2,0,3,4,2,6,0,7,13,6,8,2,3,1,21,14,12,1,8,14,20,10,14,7,2,5,4,2,1,2,3,11,7,3,2,16,20,1,4,2,4,4,4,4,20,1,3,7,5,3,20,3,3,6,13,4,16,5,2,3,2,2,4,14,0,0,1,1,5,5,6,15,9,4,1,15,21,0,11,0,15,2,15,4,1,3,3,4,2,7,10,1,2,18,2,5,0,1,0,2,6,2,11,5,7,5,3,2,1,1,5,6,0,3,0,4,2,2,5,3,8,7,3,6,1,1,10,4,7,0,1,15,12,16,4,4,1,4,0,19,4,3,6,3,1,1,2,4,2,4,5,4,4,6,3,4,5,5,0,4,3,0,0,1,6,5,0,11,9,6,3,6,4,2,12,3,0,0,1,0,1,0,2,2,6,6,2,1,20,4,3,5,1,5,17,13,15,5,2,5,0,4,5,2,2,17,21,1,4,7,2,12,5,3,1,4,2,6,0,2,2,3,2,4,4,2,2,1,3,0,15,1,0,6,1,5,2,10,5,0,4,7,18,2,4,15,16,7,21,7,16,20,21,1,3,6,4,4,0,1,3,1,0,2,1,6,5,2,2,3,12,9,5,4,20,3,4,2,5,2,2,5,4,2,0,6,9,4,4,11,17,0,5,4,5,0,2,3,4,2,18,0,8,8,5,4,2,19,18,18,12,1,2,2,0,4,5,1,1,9,3,0,3,2,4,6,6,15,2,5,13,19,18,8,9,0,5,6,3,4,0,4,5,2,2,0,1,0,2,5,3,4,3,6,6,21,10,2,3,3,3,1,6,5,6,9,8,8,2,10,8,6,8,1,3,3,1,5,4,0,1,3,0,2,4,2,0,3,3,3,2,3,5,2,4,6,5,4,6,6,1,15,14,1,5,6,0,2,0,6,3,3,2,4,2,1,4,5,1,8,0,2,18,15,5,4,2,4,2,3,4,0,5,5,18,0,19,19,5,0,2,3,2,1,1,0,18,8,6,1,1,3,5,5,5,1,2,3,0,11,2,13,0,14,17,13,11,6,10,2,13,5,3,3,0,3,5,2,3,5,4,3,0,14,6,8,0,0,5,3,18,9,17,13,3,0,1,2,4,3,5,3,0,11,4,8,9,0,11,3,2,19,18,2,12,0,2,2,1,3,10,8,5,3,1,4,18,3,4,3,4,2,3,5,3,1,1,0,3,17,13,13,13,17,3,8,2,21,5,11,5,4,20,2,3,4,0,3,2,8,7,19,9,1,14,1,1,5,4,2,3,0,4,6,17,5,17,6,4,6,4,6,8,4,5,4,3,8,4,4,3,8,14,0,4,2,0,4,1,3,2,5,5,6,5,0,4,0,9,3,8,5,8,3,4,1,0,2,4,7,5,1,2,6,3,4,0,1,1,6,2,0,0,0,7,1,5,0,1,2,0,4,1,2,3,4,0,3,6,2,3,14,7,2,1,5,0,1,2,19,13,10,1,2,5,1,4,0,3,0,1,4,5,2,0,14,10,1,1,6,6,0,6,1,6,1,4,3,6,6,5,2,4,4,0,4,0,2,1,7,9,4,13,3,3,2,6,0,3,4,3,5,4,6,20,21,11,1,2,3,1,2,7,3,0,5,3,0,4,11,3,4,17,21,9,0,8,1,2,3,4,4,1,0,3,20,5,5,4,18,18,14,6,1,12,11,11,17,1,6,2,6,5,5,4,4,8,2,5,4,0,7,1,12,4,5,3,1,0,3,0,3,21,3,6,4,1,12,5,0,4,2,4,13,7,21,18,17,6,5,16,21,14,19,17,6,14,3,4,1,0,1,12,4,3,5,4,0,18,17,11,6,9,0,19,0,11,9,12,1,12,1,6,6,5,3,0,5,3,11,17,3,4,1,1,5,8,10,5,0,2,3,1,7,18,0,5,0,4,7,12,2,2,4,2,0,0,8,4,1,0,2,4,5,3,5,0,4,0,14,5,3,2,4,1,0,0,3,4,0,3,0,2,4,7,4,4,3,5,5,2,4,0,5,1,7,11,20,8,4,1,5,3,2,5,2,4,6,3,1,0,0,4,0,3,4,3,2,6,3,4,3,20,16,11,2,15,18,9,0,5,4,2,5,3,4,3,5,3,4,2,5,3,0,5,10,2,4,19,5,3,3,4,5,3,2,0,6,4,3,6,3,10,1,17,1,0,20,7,8,4,4,2,4,0,0,4,7,10,16,8,14,5,3,18,5,21,14,19,0,14,10,2,2,3,6,2,1,4,2,3,6,2,5,7,10,0,18,7,0,6,1,6,1,1,0,0,2,1,11,10,0,3,1,4,5,3,0,15,13,14,9,0,2,19,3,0,1,4,2,17,4,0,0,5,5,4,4,6,4,2,6,21,2,13,19,3,13,7,2,4,19,2,3,2,0,5,1,2,0,1,5,14,5,1,5,4,8,8,2,3,6,2,4,17,14,1,1,17,18,7,12,6,1,4,0,2,4,5,4,3,3,3,2,6,9,6,0,1,16,4,5,0,1,4,4,1,4,3,2,0,1,0,3,1,3,2,1,3,1,1,1,2,5,0,5,4,4,3,2,10,9,6,0,6,16,6,16,6,3,3,0,1,3,0,2,3,12,5,6,2,5,3,3,5,6,16,3,15,13,14,18,18,6,4,3,2,1,0,2,1,1,1,2,0,0,1,3,1,4,3,2,2,2,1,2,1,3,3,4,13,21,16,4,19,1,14,0,3,2,3,3,5,3,2,13,2,9,12,20,6,6,0,5,4,21,9,1,9,6,18,1,4,1,0,4,2,6,7,10,4,13,0,18,16,10,0,2,2,11,17,2,20,4,1,2,1,0,8,15,17,2,5,6,6,3,6,17,3,4,1,1,3,5,5,0,3,10,1,17,8,15,2,3,1,3,10,15,4,3,1,7,5,4,6,0,6,6,7,20,12,1,17,1,0,2,0,4,1,6,9,15,16,3,6,0,4,3,2,6,2,1,5,2,6,4,1,4,5,12,5,9,15,2,0,0,2,2,3,5,0,8,7,11,10,17,2,17,18,21,0,14,2,2,2,1,2,5,4,0,2,3,3,0,3,0,0,7,1,1,0,6,0,4,0,3,2,6,3,0,1,4,4,4,1,4,1,3,11,6,4,2,2,9,14,1,0,2,3,0,1,5,2,3,4,5,3,2,2,4,1,4,2,1,4,1,2,2,3,0,3,6,2,1,6,3,2,17,9,13,18,11,4,12,6,2,5,4,4,6,2,3,1,2,3,4,3,3,15,21,5,2,1,5,5,4,2,1,8,0,6,1,0,4,0,3,10,6,6,5,0,3,4,5,0,3,2,17,7,7,6,0,1,8,3,5,15,9,2,18,0,19,10,2,1,0,2,3,6,3,4,1,6,7,8,9,0,6,4,1,4,1,9,4,2,0,0,5,1,13,14,7,5,4,0,8,9,10,6,2,4,4,2,0,1,5,15,0,13,14,16,6,0,0,2,3,4,8,5,0,6,9,20,14,10,11,18,21,0,7,1,2,5,6,0,1,4,3,0,0,1,2,1,2,14,5,4,0,3,4,4,9,6,5,0,3,9,3,7,8,0,0,4,5,5,1,10,9,2,1,1,3,8,8,17,2,10,10,1,2,1,5,4,4,2,0,3,1,5,4,6,5,1,0,3,3,3,0,3,1,4,6,5,3,2,8,6,6,5,2,5,2,5,3,6,6,3,4,5,3,3,3,10,1,2,0,0,3,2,1,3,2,1,5,1,3,2,4,16,8,20,2,2,4,4,4,0,4,0,4,0,2,0,9,4,0,4,1,2,0,0,2,4,5,3,6,1,1,6,3,4,6,4,9,11,9,2,1,7,3,21,16,2,5,15,17,18,16,14,19,12,3,5,0,3,2,4,1,4,5,9,21,12,5,0,5,3,6,14,19,13,19,3,10,17,13,13,3,2,3,3,1,4,0,3,4,3,10,9,11,1,5,3,3,4,4,6,19,12,3,5,3,0,2,20,19,1,12,3,6,3,5,15,2,4,4,4,6,3,6,2,6,0,6,2,8,17,13,21,5,1,3,0,1,2,2,1,3,16,2,0,2,0,6,3,11,5,17,4,10,6,9,4,6,18,14,5,6,1,5,0,0,0,6,6,0,3,11,4,4,6,1,10,6,1,3,1,1,0,1,4,13,4,1,4,6,1,0,4,8,11,0,2,1,6,21,11,3,1,1,0,7,6,4,1,3,6,6,0,0,2,3,2,2,4,10,4,3,2,5,5,6,2,1,7,2,1,12,4,1,4,2,4,4,4,3,4,0,3,0,4,4,2,2,4,0,4,2,4,5,0,1,3,4,0,15,16,12,9,8,18,12,14,4,3,6,5,0,4,3,4,3,2,2,5,2,0,6,5,11,2,4,5,1,1,4,0,10,1,10,14,5,16,9,3,0,1,1,1,17,4,5,4,1,11,14,12,13,4,2,16,15,4,4,3,2,9,7,0,13,14,5,4,3,5,0,18,3,4,0,1,2,2,12,18,5,7,17,15,7,17,5,2,16,14,6,9,6,3,2,3,9,6,0,4,2,4,2,5,11,5,0,6,0,20,18,7,15,13,21,15,3,19,6,0,3,3,6,3,1,5,4,10,4,8,21,20,1,6,5,3,6,4,0,8,3,0,5,3,0,9,3,1,5,10,19,11,0,0,3,4,5,4,4,5,0,0,2,2,11,8,8,3,19,6,5,0,4,1,4,4,6,3,4,1,4,0,3,6,4,4,1,2,3,1,2,9,4,0,1,3,1,1,6,0,2,2,6,0,1,5,0,0,1,4,6,0,0,7,4,1,1,4,1,5,6,6,3,1,4,2,1,3,11,5,15,3,4,5,2,4,2,0,2,0,1,6,4,0,3,3,4,5,3,10,0,14,4,1,1,0,3,1,4,4,6,3,4,6,0,4,1,5,5,8,5,2,6,7,2,4,4,3,3,2,5,4,1,8,3,6,11,2,1,3,4,14,10,21,10,13,6,4,3,2,0,3,5,6,6,6,17,11,7,9,0,0,0,2,0,15,13,5,13,21,3,10,9,4,5,2,6,4,6,3,11,8,11,2,0,11,8,3,5,4,18,20,1,1,3,18,17,2,3,4,9,4,4,3,4,3,5,20,19,20,14,11,2,4,1,2,6,4,3,3,15,3,19,17,6,1,4,4,3,3,2,3,3,1,10,9,5,4,0,6,8,0,0,9,3,3,1,4,3,9,0,15,10,3,2,1,4,1,3,1,1,0,4,2,4,0,1,1,1,3,4,1,0,3,0,1,1,1,1,2,1,0,4,2,5,2,0,5,19,12,1,2,0,3,9,4,5,2,3,1,12,21,4,4,3,1,6,3,1,1,5,9,18,21,5,1,0,19,0,17,18,9,10,12,3,1,6,2,3,2,0,4,0,17,20,1,2,2,8,0,1,4,6,3,1,4,9,0,12,15,21,20,2,8,6,3,3,5,1,1,3,0,0,6,4,4,5,15,9,6,20,4,16,6,4,5,2,6,5,3,6,6,6,20,5,4,4,1,3,9,5,3,11,1,6,5,0,1,0,0,19,1,5,9,7,2,11,9,5,21,2,5,0,3,4,4,6,4,5,21,9,16,2,18,5,5,2,2,21,8,2,0,0,1,0,6,16,19,18,16,4,10,10,6,11,11,6,2,2,2,3,6,0,6,7,6,1,1,4,4,4,3,4,15,5,0,0,0,1,3,2,5,14,3,1,2,0,2,1,8,5,7,5,0,11,4,7,2,3,5,2,2,0,21,21,15,1,1,2,2,3,3,5,4,1,0,7,0,1,4,5,5,4,5,6,2,3,3,19,20,0,4,1,0,1,4,2,19,10,4,2,4,5,4,2,4,2,4,3,2,2,3,3,4,2,6,4,2,3,3,4,5,17,6,2,1,3,0,0,20,1,15,6,15,2,1,1,3,2,0,3,4,0,3,4,0,10,0,2,6,2,6,4,1,1,0,8,0,4,4,0,20,15,0,0,14,21,17,8,1,1,1,1,1,1,4,6,2,3,3,4,4,2,3,4,21,3,16,16,10,2,14,0,4,19,12,14,5,8,0,21,21,4,6,4,4,0,2,4,7,6,8,9,7,13,13,13,13,13,13,13,13,13,13,13,13,13,13,13,13,13,13,13,13,13,13,13,13,15,13,1,5,17,2,14,1,0,0,18,18,18,18,18,18,18,18,18,18,18,18,18,18,18,18,18,18,18,18,18,18,18,18,18,18,18,18,18,18,18,18,18,18,18,18,18,18,18,18,8,19,0,7,25,3,26,8,1,9,8,4,2,2,1,3,25,25,25,25,25,25,25,25,25,25,25,25,25,25,25,25,25,25,25,25,25,25,25,25,25,25,25,25,25,25,25,25,25,25,25,5,4,12,17,10,1,10,5,1,7,32,32,32,32,32,32,32,32,32,32,32,32,32,32,32,32,32,32,32,32,32,32,32,32,32,32,32,32,32,32,32,32,32,32,32,32,32,32,32,32,32,15,14,14,4,12,3,20,21,4,19,7,18,8,1,1,2,6,2,1,4,9,0,4,1,4,38,38,38,38,38,38,38,38,38,38,38,38,38,38,38,38,38,38,38,38,38,38,38,38,38,38,38,38,38,38,38,38,14,11,16,8,4,4,18,2,2,0,1,44,44,44,44,44,44,44,44,44,44,44,44,44,44,44,44,44,44,44,44,44,44,44,44,44,44,44,44,44,44,44,44,44,44,6,6,4,7,1,4,9,14,16,7,5,6,7,13,2,5,2,4,4,6,4,3,1,9,4,5,2,51,51,51,51,51,51,51,51,51,51,51,51,51,51,51,51,51,51,51,51,51,51,51,51,51,51,51,51,51,51,51,51,51,51,51,4,3,3,10,56,56,56,56,56,56,56,56,56,56,56,56,56,56,56,56,56,56,56,56,56,56,56,56,56,56,56,56,56,56,56,56,56,56,56,56,56,5,4,2,2,3,5,3,2,0,1,2,5,5,2,7,1,9,11,4,15,6,2,11,2,0,3,6,63,63,63,63,63,63,63,63,63,63,63,63,63,63,63,63,63,63,63,63,63,63,63,63,63,63,63,63,63,63,63,63,63,63,63,0,3,5,0,5,1,13,3,3,5,0,5,3,1,0,5,1,3,3,12,6,0,2,3,3,2,1,0,2,11,0,15,6,0,1,6,10,2,4,0,1,6,4,6,4,3,1,0,0,0,4,5,3,0,2,0,3,2,6,6,0,8,3,18,18,1,13,17,4,10,16,85,85,85,85,85,85,85,85,85,85,85,85,85,3,6,0,4,2,3,74,11,5,14,0,5,12,2,5,7,18,19,4,1,2,4,2,4,0,1,97,97,97,97,97,97,97,97,97,97,97,97,97,97,97,97,97,97,97,97,97,97,97,97,97,97,97,97,97,97,21,2,2,3,83,73,60,10,17,5,5,102,102,102,102,102,102,102,102,102,102,102,102,102,102,102,102,102,102,102,102,102,102,102,102,102,102,102,102,102,102,102,102,102,102,102,102,102,102,7,2,0,7,3,7,2,3,4,5,1,14,4,4,4,3,109,109,109,109,109,109,109,109,109,109,109,109,109,109,109,109,109,109,109,109,109,109,109,109,109,109,109,109,109,109,109,109,109,16,13,2,11,10,8,2,5,15,0,1,4,116,116,116,116,116,116,116,116,116,116,116,116,116,116,116,116,116,116,116,116,116,116,116,116,116,116,116,116,116,116,116,116,116,116,16,14,16,13,11,7,11,11,17,9,2,6,3,10,1,6,4,122,122,122,122,122,122,122,122,122,122,122,122,122,122,122,122,122,122,122,122,122,122,122,122,122,122,122,122,122,122,122,122,3,20,3,4,99,11,5,15,15,0,0,1,4,3,0,128,128,128,128,128,128,128,128,128,128,128,128,128,128,128,128,128,128,128,128,128,128,128,128,128,128,128,128,128,128,128,128,128,128,128,128,128,128,3,6,4,10,2,11,4,9,1,1,3,1,4,6,6,4,2,1,1,1,4,0,6,5,6,135,135,135,135,135,135,135,135,135,135,135,135,135,135,135,135,135,135,135,135,135,135,135,135,135,135,135,135,135,135,135,135,3,3,1,1,6,5,4,73,140,140,140,140,140,140,140,140,140,140,140,140,140,140,140,140,140,140,140,140,140,140,140,140,140,140,140,140,140,140,140,140,140,140,140,140,5,4,1,0,2,5,7,6,87,4,2,3,0,2,6,20,0,2,3,3,2,0,1,147,147,147,147,147,147,147,147,147,147,147,147,147,147,147,147,147,147,147,147,147,147,147,147,147,147,147,147,147,147,147,147,147,147,147,147,147,1,3,5,0,6,2,1,4,1,8,4,4,0,10,10,6,0,5,5,2,0,1,13,0,21,12,20,4,2,6,4,1,6,1,0,0,2,11,3,6,3,2,6,2,3,10,2,0,1,0,18,169,169,169,169,169,169,169,169,169,169,169,169,169,169,169,169,169,169,169,169,169,5,2,1,0,3,112,47,6,18,2,5,20,7,1,3,25,1,4,4,6,4,6,3,5,4,4,2,8,9,4,7,10,181,181,181,181,181,181,181,181,181,181,181,181,158,162,167,152,71,91,131,157,111,88,47,112,105,86,114,8,0,0,20,1,96,108,54,107,79,73,41,99,107,81,36,40,89,91,25,57,51,20,15,56,14,19,30,4,19,4,8,3,61,127,91,112,93,25,11,3,4,6,4,0,20,13,10,12,1,12,4,4,0,0,5,14,6,8,4,17,10,5,1,16,7,16,15,13,4,8,2,6,2,5,5,5,1,4,6,15,6,3,5,0,7,8,2,5,1,1,4,4,2,5,1,5,6,0,6,0,6,0,19,3,0,4,1,1,6,8,15,3,7,16,0,3,6,11,21,13


Missed people's location (Destination / Demand time) At 1439
A Station,	
B Station,	
C Station,	
D Station,	
E Station,	
F Station,	
G Station,	
H Station,	
I Station,	
J Station,	
K Station,	(I/1436/-1)
L Station,	
M Station,	
N Station,	
O Station,	
P Station,	
Q Station,	
R Station,	
S Station,	(W/1434/-1), (U/1438/-1)
T Station,	
U Station,	
V Station,	
W Station,	
