Greedy 90 CM	Serviced: 3046, Unfair: 35, UserN :4500
Shuttle0,	0,0,0,0,0,0,0,0,0,0,0,0,0,0,0,0,0,0,0,0,0,0,0,0,0,0,0,0,0,0,0,0,0,0,0,0,0,0,0,0,0,0,0,0,0,0,0,0,0,0,0,0,0,0,0,0,0,0,0,0,0,0,0,0,0,0,0,0,0,0,0,0,0,0,0,0,0,0,0,0,0,0,0,0,0,0,0,0,0,0,0,0,0,0,0,0,0,0,0,0,0,0,0,0,0,0,0,0,0,0,0,0,0,0,0,0,0,0,0,0,0,0,0,0,0,0,0,0,0,0,0,0,0,0,0,0,0,0,0,0,0,0,0,0,0,0,0,0,0,0,0,0,0,0,0,0,0,0,0,0,0,0,0,0,0,0,0,0,0,0,0,0,0,0,0,0,0,0,0,0,0,0,0,0,0,0,0,0,0,0,0,0,0,0,0,0,0,0,0,0,0,0,0,0,0,0,0,0,0,0,0,0,0,0,0,0,0,0,0,0,0,0,0,0,0,0,0,0,0,0,0,0,0,0,0,0,0,0,0,0,0,0,0,0,0,0,0,0,0,0,0,0,0,0,0,0,0,0,0,0,0,0,0,0,0,0,0,0,0,0,0,0,0,0,0,0,0,0,0,0,0,0,0,0,0,0,0,0,0,0,0,0,0,0,0,0,0,0,0,0,0,0,0,0,0,0,0,0,0,0,0,0,0,0,0,0,0,0,0,0,0,0,0,0,0,0,0,0,0,0,0,0,0,0,0,0,0,0,0,0,0,0,0,0,0,0,0,0,0,0,0,0,0,0,0,0,0,0,7,7,7,45,45,45,45,45,45,45,45,45,45,45,45,45,45,45,45,45,45,45,45,45,45,45,45,45,45,45,45,45,45,45,45,45,45,45,45,45,45,45,45,45,45,45,45,45,45,45,45,45,45,45,45,45,45,45,45,45,45,45,45,45,45,45,45,45,45,45,45,45,45,45,45,45,45,45,45,45,45,45,45,45,45,45,45,45,45,45,45,45,45,45,45,45,45,45,45,45,45,45,45,45,45,45,45,45,45,45,45,45,45,45,45,45,45,45,45,45,45,45,45,45,45,45,45,45,45,45,45,45,45,45,45,45,45,45,45,45,45,45,45,45,45,45,45,45,45,45,45,45,45,45,45,45,45,45,45,45,45,40,40,40,40,45,45,45,45,45,45,41,41,41,45,45,45,41,41,41,41,39,39,39,44,44,44,44,45,45,45,45,45,45,45,45,44,44,44,44,45,45,45,45,45,45,45,45,45,45,45,45,45,45,45,45,45,45,45,45,45,45,45,45,45,45,45,45,45,45,45,45,45,45,45,45,45,45,45,45,44,44,43,43,43,42,42,42,42,41,41,41,34,34,34,31,31,31,24,24,24,20,20,20,20,19,19,19,17,17,17,17,14,14,14,11,11,9,9,9,3,3,3,3,3,3,3,3,3,3,3,3,1,1,1,1,0,0,0,0,0,0,0,0,0,0,0,0,0,0,0,0,0,0,0,0,0,0,0,0,0,0,0,0,0,0,0,0,0,0,0,0,0,0,0,0,0,0,0,0,0,0,0,0,0,0,0,0,0,0,0,0,0,0,0,0,0,0,0,0,0,0,0,0,0,0,0,0,0,0,0,0,0,0,0,0,0,0,0,0,0,0,0,0,0,0,0,0,0,0,0,0,0,0,0,0,0,0,0,0,0,0,0,0,0,0,0,0,0,0,0,0,0,0,0,0,0,0,0,0,0,0,0,0,0,0,0,0,0,0,0,0,0,0,0,0,0,0,0,0,0,0,0,0,0,0,0,0,0,0,0,0,0,0,0,0,0,0,0,0,0,0,0,0,0,0,0,0,0,0,0,0,0,0,0,0,0,0,0,0,0,0,0,0,0,0,0,0,0,0,0,0,0,0,0,0,0,0,0,0,0,0,0,0,0,0,0,0,0,0,0,0,0,0,0,0,0,0,0,0,0,0,0,0,0,0,0,0,0,0,0,0,0,0,0,0,0,0,0,0,0,0,0,0,0,0,0,0,0,0,0,0,0,0,0,0,0,0,0,0,0,0,0,0,0,0,0,0,0,0,0,0,0,0,0,0,0,0,0,0,0,0,0,0,0,0,0,0,0,0,0,0,0,0,0,0,0,0,0,0,0,0,0,0,0,0,0,0,0,0,0,0,0,0,0,0,0,0,0,0,0,0,0,0,0,0,0,0,0,0,0,0,0,0,0,0,0,0,0,0,0,0,0,0,0,0,0,0,0,0,0,0,0,0,0,0,0,0,0,0,0,0,0,0,0,0,0,0,0,0,0,0,0,0,0,0,0,0,0,0,0,0,0,0,0,0,0,0,0,0,0,0,0,0,0,0,0,0,0,0,0,0,0,0,0,0,0,0,0,0,0,0,0,0,0,0,0,0,0,0,18,18,18,18,45,45,45,45,45,45,45,45,45,45,45,45,45,45,45,45,45,45,45,45,45,45,45,45,45,45,45,45,45,45,45,45,45,45,45,45,45,45,45,45,45,45,45,45,45,45,45,45,45,45,45,45,45,45,45,45,45,45,45,45,45,45,45,45,45,45,45,45,45,45,45,45,45,45,45,45,45,45,45,45,45,45,45,45,45,45,45,45,45,45,45,45,45,45,45,45,45,45,45,45,45,45,45,45,45,45,41,41,41,45,45,45,45,45,45,45,45,45,45,45,45,45,45,45,45,45,45,45,45,45,45,45,45,45,45,45,45,45,45,45,45,45,45,45,45,45,45,45,45,45,45,45,45,45,45,45,45,45,45,45,45,45,45,45,45,45,45,45,45,45,45,35,35,35,35,35,35,35,34,34,34,34,34,34,45,45,45,45,45,45,44,44,44,45,45,45,45,45,45,45,45,45,45,45,45,45,45,45,45,45,45,45,45,45,45,45,45,45,45,45,45,45,45,45,45,45,45,45,44,44,44,44,33,33,33,33,33,33,33,33,35,35,35,35,45,45,45,45,45,45,45,45,45,45,45,31,31,31,31,31,31,31,28,28,28,28,28,28,45,44,44,44,45,45,45,45,45,45,45,45,45,45,45,45,45,45,45,45,45,45,45,45,45,45,45,45,45,45,45,45,45,45,45,45,45,45,45,45,45,45,45,45,22,22,22,22,21,21,21,21,21,21,21,21,20,20,20,20,20,20,20,20,20,20,20,20,20,20,20,2,2,2,2,2,2,2,1,1,1,1,1,1,0,0,0,0,0,0
Shuttle1,	0,0,0,0,0,0,0,0,0,0,0,0,0,0,0,0,0,0,0,0,0,0,0,0,0,0,0,0,0,0,0,0,0,0,0,0,0,0,0,0,0,0,0,0,0,0,0,0,0,0,0,0,0,0,0,0,0,0,0,0,0,0,0,0,0,0,0,0,0,0,0,0,0,0,0,0,0,0,0,0,0,0,0,0,0,0,0,0,0,0,0,0,0,0,0,0,0,0,0,0,0,0,0,0,0,0,0,0,0,0,0,0,0,0,0,0,0,0,0,0,0,0,0,0,0,0,0,0,0,0,0,0,0,0,0,0,0,0,0,0,0,0,0,0,0,0,0,0,0,0,0,0,0,0,0,0,0,0,0,0,0,0,0,0,0,0,0,0,0,0,0,0,0,0,0,0,0,0,0,0,0,0,0,0,0,0,0,0,0,0,0,0,0,0,0,0,0,0,0,0,0,0,0,0,0,0,0,0,0,0,0,0,0,0,0,0,0,0,0,0,0,0,0,0,0,0,0,0,0,0,0,0,0,0,0,0,0,0,0,0,0,0,0,0,0,0,0,0,0,0,0,0,0,0,0,0,0,0,0,0,0,0,0,0,0,0,0,0,0,0,0,0,0,0,0,0,0,0,0,0,0,0,0,0,0,0,0,0,0,0,0,0,0,0,0,0,0,0,0,0,0,0,0,0,0,0,0,0,0,0,0,0,0,0,0,0,0,0,0,0,0,0,0,0,0,0,0,0,0,0,0,0,0,0,0,0,0,0,0,0,0,0,0,0,0,0,0,0,0,0,0,0,0,0,0,0,0,1,1,1,45,45,45,45,45,45,45,45,45,45,45,45,45,45,45,45,45,45,45,45,45,45,45,45,45,45,45,45,45,45,45,45,45,45,45,45,45,45,45,45,45,45,45,45,45,45,45,45,45,45,45,45,45,45,45,45,45,45,45,45,45,45,45,45,45,45,45,45,45,45,45,45,45,45,45,45,45,45,45,45,45,45,45,45,45,45,45,45,45,45,45,45,45,45,45,45,45,45,45,45,45,45,45,45,45,45,45,45,45,45,45,45,45,45,45,45,45,45,45,45,45,45,45,45,45,45,45,45,45,45,45,45,45,45,45,45,45,45,45,45,45,45,45,45,45,45,45,45,45,45,45,45,41,41,41,41,45,45,45,45,45,45,44,44,44,45,45,45,44,44,44,44,39,39,39,45,45,45,45,45,45,45,45,45,45,45,45,45,45,45,45,45,45,45,45,45,45,45,45,45,45,45,45,45,45,45,45,45,45,45,45,45,45,45,45,45,45,45,45,45,45,45,45,45,45,45,45,45,45,45,45,45,45,43,43,43,41,41,41,41,35,35,35,28,28,28,28,28,28,26,26,26,21,21,21,21,18,18,18,13,13,13,13,9,9,9,9,9,9,9,9,5,5,5,5,4,4,4,4,4,4,4,4,1,1,1,1,11,11,11,11,10,10,10,10,10,10,10,10,10,10,10,10,10,10,10,10,10,10,10,10,10,10,10,10,10,10,10,10,10,10,10,10,10,10,10,10,7,7,7,6,6,6,6,6,6,6,6,6,6,6,6,6,6,6,6,6,5,5,5,1,1,0,0,0,0,0,0,0,0,0,0,0,0,0,0,0,0,0,0,0,0,0,0,0,0,0,0,0,0,0,0,0,0,0,0,0,0,0,0,0,0,0,0,0,0,0,0,0,0,0,0,0,0,0,0,0,0,0,0,0,0,0,0,0,0,0,0,0,0,0,0,0,0,0,0,0,0,0,0,0,0,0,0,0,0,0,0,0,0,0,0,0,0,0,0,0,0,0,0,0,0,0,0,0,0,0,0,0,0,0,0,0,0,0,0,0,0,0,0,0,0,0,0,0,0,0,0,0,0,0,0,0,0,0,0,0,0,0,0,0,0,0,0,0,0,0,0,0,0,0,0,0,0,0,0,0,0,0,0,0,0,0,0,0,0,0,0,0,0,0,0,0,0,0,0,0,0,0,0,0,0,0,0,0,0,0,0,0,0,0,0,0,0,0,0,0,0,0,0,0,0,0,0,0,0,0,0,0,0,0,0,0,0,0,0,0,0,0,0,0,0,0,0,0,0,0,0,0,0,0,0,0,0,0,0,0,0,0,0,0,0,0,0,0,0,0,0,0,0,0,0,0,0,0,0,0,0,0,0,0,0,0,0,0,0,0,0,0,0,0,0,0,0,0,0,0,0,0,0,0,0,0,0,0,0,0,0,0,0,0,0,0,0,0,0,0,0,0,0,0,0,0,0,0,0,0,0,0,0,0,0,0,0,0,0,0,0,0,0,0,0,0,0,0,0,0,0,0,0,0,0,0,0,0,0,0,0,0,0,0,0,0,0,0,0,0,0,0,0,0,0,0,0,0,0,0,0,0,0,0,0,0,0,0,0,0,0,15,15,15,15,15,15,15,23,23,23,23,23,23,45,45,45,45,45,45,45,45,45,45,45,45,45,45,45,45,45,45,45,45,45,45,45,45,45,45,45,45,45,45,45,45,45,45,45,45,45,45,45,45,45,45,45,45,45,45,45,45,45,45,45,45,45,45,45,45,45,45,45,45,45,45,45,45,45,45,45,45,45,45,45,45,45,45,45,45,45,45,45,45,45,45,45,45,45,45,45,45,45,45,42,42,42,45,45,45,45,45,45,45,45,45,45,45,45,45,45,45,45,45,45,45,45,45,45,45,45,45,45,45,45,45,45,45,45,45,45,45,45,45,45,45,45,45,45,45,45,45,45,45,45,45,45,45,45,45,45,45,45,45,45,45,45,45,45,45,45,45,45,45,45,45,44,44,44,44,44,44,45,45,45,45,45,45,44,44,44,45,45,45,45,45,45,45,45,45,45,45,45,45,45,45,45,45,45,45,45,45,45,45,45,45,45,45,45,45,45,45,45,45,45,45,41,41,41,41,29,29,29,29,29,29,29,29,45,45,45,45,45,45,45,45,45,45,45,45,45,45,45,35,35,35,35,35,35,35,33,33,33,33,33,33,45,43,43,43,45,45,45,45,45,45,45,45,45,45,45,45,45,45,45,45,45,45,44,44,44,45,45,45,45,45,45,45,45,45,45,45,45,45,45,45,45,45,45,45,43,43,43,43,36,36,36,36,36,36,36,36,36,36,36,36,36,36,36,36,36,36,36,36,35,35,35,12,12,12,12,12,12,12,4,4,4,4,4,4,3,2,2,2,2,2,0,0,0,0,0,0,0
Shuttle2,	0,0,0,0,0,0,0,0,0,0,0,0,0,0,0,0,0,0,0,0,0,0,0,0,0,0,0,0,0,0,0,0,0,0,0,0,0,0,0,0,0,0,0,0,0,0,0,0,0,0,0,0,0,0,0,0,0,0,0,0,0,0,0,0,0,0,0,0,0,0,0,0,0,0,0,0,0,0,0,0,0,0,0,0,0,0,0,0,0,0,0,0,0,0,0,0,0,0,0,0,0,0,0,0,0,0,0,0,0,0,0,0,0,0,0,0,0,0,0,0,0,0,0,0,0,0,0,0,0,0,0,0,0,0,0,0,0,0,0,0,0,0,0,0,0,0,0,0,0,0,0,0,0,0,0,0,0,0,0,0,0,0,0,0,0,0,0,0,0,0,0,0,0,0,0,0,0,0,0,0,0,0,0,0,0,0,0,0,0,0,0,0,0,0,0,0,0,0,0,0,0,0,0,0,0,0,0,0,0,0,0,0,0,0,0,0,0,0,0,0,0,0,0,0,0,0,0,0,0,0,0,0,0,0,0,0,0,0,0,0,0,0,0,0,0,0,0,0,0,0,0,0,0,0,0,0,0,0,0,0,0,0,0,0,0,0,0,0,0,0,0,0,0,0,0,0,0,0,0,0,0,0,0,0,0,0,0,0,0,0,0,0,0,0,0,0,0,0,0,0,0,0,0,0,0,0,0,0,0,0,0,0,0,0,0,0,0,0,0,0,0,0,0,0,0,0,0,0,0,0,0,0,0,0,0,0,0,0,0,0,0,0,0,0,0,0,0,0,0,0,0,0,0,0,0,0,0,0,0,38,38,38,45,45,45,45,45,45,45,45,45,45,45,45,45,45,45,45,45,45,45,45,45,45,45,45,45,45,45,45,45,45,45,45,45,45,45,45,45,45,45,45,45,45,45,45,45,45,45,45,45,45,45,45,45,45,45,45,45,45,45,45,45,45,45,45,45,45,45,45,45,45,45,45,45,45,45,45,45,45,45,45,45,45,45,45,45,45,45,45,45,45,45,45,45,45,45,45,45,45,45,45,45,45,45,45,45,45,45,45,45,45,45,45,45,45,45,45,45,45,45,45,45,45,45,45,45,45,45,45,45,45,45,45,45,45,45,45,45,45,45,45,45,45,45,45,45,45,45,45,45,45,45,45,45,45,45,45,45,45,45,45,45,43,43,43,43,39,39,39,45,45,45,45,45,45,45,45,45,45,45,45,45,45,45,45,45,45,45,45,45,45,45,45,45,45,45,45,45,45,45,45,45,45,45,45,45,45,45,45,45,45,45,45,45,45,45,45,45,45,45,45,45,45,45,45,42,42,44,44,44,44,44,44,44,39,39,39,45,45,45,43,43,43,41,41,41,35,35,35,35,34,34,34,28,28,28,28,27,27,27,26,26,40,40,40,38,38,38,38,34,34,34,34,34,34,34,34,44,44,44,44,45,45,45,45,42,42,42,42,43,43,43,41,41,41,41,41,41,41,34,34,34,34,34,34,42,44,44,44,41,41,38,38,38,37,37,37,37,30,30,30,30,30,30,25,25,25,23,23,23,19,19,19,19,19,19,19,16,16,16,16,14,14,14,9,9,5,5,5,3,3,3,3,3,3,3,3,3,3,3,3,0,0,0,0,0,0,0,0,0,0,0,0,0,0,0,0,0,0,0,0,0,0,0,0,0,0,0,0,0,0,0,0,0,0,0,0,0,0,0,0,0,0,0,0,0,0,0,0,0,0,0,0,0,0,0,0,0,0,0,0,0,0,0,0,0,0,0,0,0,0,0,0,0,0,0,0,0,0,0,0,0,0,0,0,0,0,0,0,0,0,0,0,0,0,0,0,0,0,0,0,0,0,0,0,0,0,0,0,0,0,0,0,0,0,0,0,0,0,0,0,0,0,0,0,0,0,0,0,0,0,0,0,0,0,0,0,0,0,0,0,0,0,0,0,0,0,0,0,0,0,0,0,0,0,0,0,0,0,0,0,0,0,0,0,0,0,0,0,0,0,0,0,0,0,0,0,0,0,0,0,0,0,0,0,0,0,0,0,0,0,0,0,0,0,0,0,0,0,0,0,0,0,0,0,0,0,0,0,0,0,0,0,0,0,0,0,0,0,0,0,0,0,0,0,0,0,0,0,0,0,0,0,0,0,0,0,0,0,0,0,0,0,0,0,0,0,0,0,0,0,0,0,0,0,0,0,0,0,0,0,0,0,0,0,0,0,0,0,0,0,0,0,0,0,0,0,0,0,0,0,0,0,0,0,0,0,0,0,0,0,0,0,0,0,0,0,0,0,0,0,0,0,0,0,0,0,0,0,0,0,0,0,0,0,0,0,0,0,0,0,0,0,0,0,0,0,0,0,0,0,0,0,0,0,0,0,0,0,0,0,0,0,0,0,0,0,0,0,0,0,0,0,0,0,0,0,0,0,41,41,41,41,41,41,45,45,45,45,45,45,45,45,45,45,45,45,45,45,45,45,45,45,45,45,45,45,45,45,45,45,45,45,45,45,45,45,45,45,45,45,45,45,45,45,45,45,45,45,45,45,45,45,45,45,45,45,45,45,45,45,45,45,45,45,45,45,45,45,45,45,45,45,45,45,45,45,45,45,45,45,45,45,41,41,41,41,41,41,45,45,45,45,45,45,45,45,45,45,45,45,45,45,45,45,45,45,45,45,45,45,45,45,45,45,45,45,45,45,45,45,45,45,45,45,45,45,45,45,45,45,45,45,45,45,45,45,45,45,45,45,45,45,45,45,45,45,45,45,45,45,45,45,45,45,45,45,45,45,45,45,45,45,45,45,45,45,43,43,43,43,43,43,45,45,45,45,45,45,42,42,42,45,45,45,45,45,45,45,45,45,45,45,45,45,45,45,45,45,45,45,45,45,45,45,45,45,45,45,45,45,45,45,45,45,45,45,43,43,43,43,35,35,35,35,35,35,35,35,45,45,45,45,45,45,45,45,45,45,45,45,45,45,45,40,40,40,40,40,40,40,36,36,36,36,36,36,45,45,45,45,45,45,39,39,39,45,45,45,45,45,45,45,45,45,45,45,45,45,45,45,45,45,45,45,45,45,45,45,45,45,45,45,45,45,45,45,45,45,45,45,37,37,37,37,30,30,30,30,30,30,30,30,29,29,29,29,27,27,27,27,26,26,26,26,24,24,24,6,6,6,6,6,6,6,3,3,3,3,3,3,3,3,3,3,3,3,3,3,3,3,3,3,3,3,3,3,0,0
Shuttle3,	0,0,0,0,0,0,0,0,0,0,0,0,0,0,0,0,0,0,0,0,0,0,0,0,0,0,0,0,0,0,0,0,0,0,0,0,0,0,0,0,0,0,0,0,0,0,0,0,0,0,0,0,0,0,0,0,0,0,0,0,0,0,0,0,0,0,0,0,0,0,0,0,0,0,0,0,0,0,0,0,0,0,0,0,0,0,0,0,0,0,0,0,0,0,0,0,0,0,0,0,0,0,0,0,0,0,0,0,0,0,0,0,0,0,0,0,0,0,0,0,0,0,0,0,0,0,0,0,0,0,0,0,0,0,0,0,0,0,0,0,0,0,0,0,0,0,0,0,0,0,0,0,0,0,0,0,0,0,0,0,0,0,0,0,0,0,0,0,0,0,0,0,0,0,0,0,0,0,0,0,0,0,0,0,0,0,0,0,0,0,0,0,0,0,0,0,0,0,0,0,0,0,0,0,0,0,0,0,0,0,0,0,0,0,0,0,0,0,0,0,0,0,0,0,0,0,0,0,0,0,0,0,0,0,0,0,0,0,0,0,0,0,0,0,0,0,0,0,0,0,0,0,0,0,0,0,0,0,0,0,0,0,0,0,0,0,0,0,0,0,0,0,0,0,0,0,0,0,0,0,0,0,0,0,0,0,0,0,0,0,0,0,0,0,0,0,0,0,0,0,0,0,0,0,0,0,0,0,0,0,0,0,0,0,0,0,0,0,0,0,0,0,0,0,0,0,0,0,0,0,0,0,0,0,0,0,0,0,0,0,0,0,0,0,0,0,0,0,0,0,0,0,0,0,0,0,0,0,0,39,39,39,45,45,45,45,45,45,45,45,45,45,45,45,45,45,45,45,45,45,45,45,45,45,45,45,45,45,45,45,45,45,45,45,45,45,45,45,45,45,45,45,45,45,45,45,45,45,45,45,45,45,45,45,45,45,45,45,45,45,45,45,45,45,45,45,45,45,45,45,45,45,45,45,45,45,45,45,45,45,45,45,45,45,45,45,45,45,45,45,45,45,45,45,45,45,45,45,45,45,45,45,45,45,45,45,45,45,45,45,45,45,45,45,45,45,45,45,45,45,45,45,45,45,45,45,45,45,45,45,45,45,45,45,45,45,45,45,45,45,45,45,45,45,45,45,45,45,45,45,45,45,45,45,45,45,45,45,45,45,39,39,39,45,45,45,45,45,45,45,45,45,45,45,45,45,45,45,45,45,45,45,45,45,45,45,45,45,45,45,45,45,45,45,45,45,45,45,45,45,45,45,45,45,45,45,45,45,45,45,45,45,45,45,45,45,45,45,45,42,42,45,45,45,43,43,43,43,41,41,41,45,45,45,42,42,42,41,41,41,40,40,40,40,36,36,36,35,35,35,35,30,30,30,33,33,45,45,45,38,38,38,38,45,45,45,45,45,45,45,45,45,45,45,45,45,45,45,45,45,45,45,45,45,45,45,38,38,38,38,38,38,38,40,40,40,40,40,40,45,45,45,45,45,45,42,42,42,40,40,40,40,40,40,40,40,40,40,39,39,39,39,39,39,34,34,34,34,30,30,30,27,27,27,27,25,25,25,19,19,8,8,8,3,3,3,3,3,3,3,3,3,3,3,3,2,2,2,2,0,0,0,0,0,0,0,0,0,0,0,0,0,0,0,0,0,0,0,0,0,0,0,0,0,0,0,0,0,0,0,0,0,0,0,0,0,0,0,0,0,0,0,0,0,0,0,0,0,0,0,0,0,0,0,0,0,0,0,0,0,0,0,0,0,0,0,0,0,0,0,0,0,0,0,0,0,0,0,0,0,0,0,0,0,0,0,0,0,0,0,0,0,0,0,0,0,0,0,0,0,0,0,0,0,0,0,0,0,0,0,0,0,0,0,0,0,0,0,0,0,0,0,0,0,0,0,0,0,0,0,0,0,0,0,0,0,0,0,0,0,0,0,0,0,0,0,0,0,0,0,0,0,0,0,0,0,0,0,0,0,0,0,0,0,0,0,0,0,0,0,0,0,0,0,0,0,0,0,0,0,0,0,0,0,0,0,0,0,0,0,0,0,0,0,0,0,0,0,0,0,0,0,0,0,0,0,0,0,0,0,0,0,0,0,0,0,0,0,0,0,0,0,0,0,0,0,0,0,0,0,0,0,0,0,0,0,0,0,0,0,0,0,0,0,0,0,0,0,0,0,0,0,0,0,0,0,0,0,0,0,0,0,0,0,0,0,0,0,0,0,0,0,0,0,0,0,0,0,0,0,0,0,0,0,0,0,0,0,0,0,0,0,0,0,0,0,0,0,0,0,0,0,0,0,0,0,0,0,0,0,0,0,0,0,0,0,0,0,0,0,0,0,0,0,0,0,0,0,0,0,0,0,0,0,0,0,0,0,0,0,0,0,0,0,0,0,0,0,0,0,0,0,0,0,0,0,0,0,0,34,45,45,45,45,45,45,45,45,45,45,45,45,45,45,45,45,45,45,45,45,45,45,45,45,45,45,45,45,45,45,45,45,45,45,45,45,45,45,45,45,45,45,45,45,45,45,45,45,45,45,45,45,45,45,45,45,45,45,45,45,45,45,45,45,45,45,45,45,45,45,45,45,45,45,45,45,45,40,40,40,40,40,40,45,45,45,45,45,45,45,45,45,45,45,45,45,45,45,45,45,45,45,45,45,45,45,45,45,45,45,45,45,45,45,45,45,45,45,45,45,45,45,45,45,45,45,45,45,45,45,45,45,45,45,45,45,45,45,45,45,45,45,45,45,45,45,45,45,45,45,45,45,45,45,45,45,45,45,45,45,45,45,45,45,45,45,45,45,45,45,45,45,45,43,43,43,45,45,45,45,45,45,45,45,45,45,45,45,45,45,45,45,45,45,45,45,45,45,45,45,45,45,45,45,45,45,45,45,45,45,45,45,45,45,45,45,45,45,45,45,45,45,45,45,45,45,45,45,45,45,45,45,45,45,45,45,45,45,37,37,37,37,37,37,37,37,37,37,37,37,37,45,45,45,45,45,45,44,44,44,45,45,45,45,45,45,45,45,45,45,45,45,45,45,45,45,45,45,45,45,45,45,45,45,45,45,45,45,45,45,45,45,45,45,45,40,40,40,40,37,37,37,37,37,37,37,37,33,33,33,33,45,45,45,45,45,45,45,45,45,45,45,27,27,27,27,27,27,27,27,27,27,27,27,27,27,26,26,26,26,26,26,26,26,25,25,25,25,19,19,19,11,11,11,4,4,4,0,0,0
Shuttle4,	0,0,0,0,0,0,0,0,0,0,0,0,0,0,0,0,0,0,0,0,0,0,0,0,0,0,0,0,0,0,0,0,0,0,0,0,0,0,0,0,0,0,0,0,0,0,0,0,0,0,0,0,0,0,0,0,0,0,0,0,0,0,0,0,0,0,0,0,0,0,0,0,0,0,0,0,0,0,0,0,0,0,0,0,0,0,0,0,0,0,0,0,0,0,0,0,0,0,0,0,0,0,0,0,0,0,0,0,0,0,0,0,0,0,0,0,0,0,0,0,0,0,0,0,0,0,0,0,0,0,0,0,0,0,0,0,0,0,0,0,0,0,0,0,0,0,0,0,0,0,0,0,0,0,0,0,0,0,0,0,0,0,0,0,0,0,0,0,0,0,0,0,0,0,0,0,0,0,0,0,0,0,0,0,0,0,0,0,0,0,0,0,0,0,0,0,0,0,0,0,0,0,0,0,0,0,0,0,0,0,0,0,0,0,0,0,0,0,0,0,0,0,0,0,0,0,0,0,0,0,0,0,0,0,0,0,0,0,0,0,0,0,0,0,0,0,0,0,0,0,0,0,0,0,0,0,0,0,0,0,0,0,0,0,0,0,0,0,0,0,0,0,0,0,0,0,0,0,0,0,0,0,0,0,0,0,0,0,0,0,0,0,0,0,0,0,0,0,0,0,0,0,0,0,0,0,0,0,0,0,0,0,0,0,0,0,0,0,0,0,0,0,0,0,0,0,0,0,0,0,0,0,0,0,0,0,0,0,0,0,0,0,0,0,0,0,0,0,0,0,0,0,0,0,0,0,0,0,13,13,13,45,45,45,45,45,45,45,45,45,45,45,45,45,45,45,45,45,45,45,45,45,45,45,45,45,45,45,45,45,45,45,45,45,45,45,45,45,45,45,45,45,45,45,45,45,45,45,45,45,45,45,45,45,45,45,45,45,45,45,45,45,45,45,45,45,45,45,45,45,45,45,45,45,45,45,45,45,45,45,45,45,45,45,45,45,45,45,45,45,45,45,45,45,45,45,45,45,45,45,45,45,45,45,45,45,45,45,45,45,45,45,45,45,45,45,45,45,45,45,45,45,45,45,45,45,45,45,45,45,45,45,45,45,45,45,45,45,45,45,45,45,45,45,45,45,45,45,45,45,37,37,37,37,40,40,40,45,45,45,45,45,45,45,45,45,45,45,45,45,45,45,45,45,45,45,45,45,45,45,45,45,45,45,45,45,45,45,45,45,45,45,45,45,45,45,45,45,45,45,45,45,45,45,45,45,45,45,45,45,45,45,45,45,45,45,45,45,41,41,41,41,45,45,45,45,45,45,41,41,41,43,43,43,43,43,43,43,40,40,40,30,30,30,30,29,29,29,45,45,45,45,45,44,44,44,44,45,45,45,45,45,45,45,45,45,45,45,45,45,45,45,45,45,45,45,45,45,45,45,40,40,40,40,40,40,40,45,45,45,45,45,45,45,45,45,45,45,45,45,45,45,45,45,45,45,42,42,42,38,38,38,33,33,33,32,32,32,23,23,23,23,23,23,23,21,21,21,21,11,11,11,6,6,5,5,5,3,3,3,3,1,1,1,1,1,1,1,1,1,1,1,1,0,0,0,0,0,0,0,0,0,0,0,0,0,0,0,0,0,0,0,0,0,0,0,0,0,0,0,0,0,0,0,0,0,0,0,0,0,0,0,0,0,0,0,0,0,0,0,0,0,0,0,0,0,0,0,0,0,0,0,0,0,0,0,0,0,0,0,0,0,0,0,0,0,0,0,0,0,0,0,0,0,0,0,0,0,0,0,0,0,0,0,0,0,0,0,0,0,0,0,0,0,0,0,0,0,0,0,0,0,0,0,0,0,0,0,0,0,0,0,0,0,0,0,0,0,0,0,0,0,0,0,0,0,0,0,0,0,0,0,0,0,0,0,0,0,0,0,0,0,0,0,0,0,0,0,0,0,0,0,0,0,0,0,0,0,0,0,0,0,0,0,0,0,0,0,0,0,0,0,0,0,0,0,0,0,0,0,0,0,0,0,0,0,0,0,0,0,0,0,0,0,0,0,0,0,0,0,0,0,0,0,0,0,0,0,0,0,0,0,0,0,0,0,0,0,0,0,0,0,0,0,0,0,0,0,0,0,0,0,0,0,0,0,0,0,0,0,0,0,0,0,0,0,0,0,0,0,0,0,0,0,0,0,0,0,0,0,0,0,0,0,0,0,0,0,0,0,0,0,0,0,0,0,0,0,0,0,0,0,0,0,0,0,0,0,0,0,0,0,0,0,0,0,0,0,0,0,0,0,0,0,0,0,0,0,0,0,0,0,0,0,0,0,0,0,0,0,0,0,0,0,0,0,0,0,0,0,0,0,0,0,0,0,0,0,0,0,6,6,6,6,6,6,6,9,9,9,9,9,9,9,0,0,0,2,2,35,35,35,45,45,45,45,45,45,45,45,45,45,45,45,45,45,45,45,45,45,45,45,45,45,45,45,45,45,45,45,45,45,45,45,45,45,45,45,45,45,45,45,45,45,45,45,45,45,45,45,45,45,45,45,45,45,45,45,45,45,45,45,45,45,45,45,45,45,45,45,45,45,45,45,45,45,45,45,45,45,45,45,45,45,45,45,45,45,45,45,45,45,45,45,45,45,45,45,45,45,45,45,45,45,45,45,45,45,45,45,45,45,45,45,45,45,45,45,45,45,45,45,45,45,45,45,45,45,45,45,45,45,45,45,45,45,45,45,45,45,45,45,45,45,45,45,45,45,45,45,45,45,45,45,45,43,43,43,43,43,43,45,45,45,45,45,45,41,41,41,45,45,45,45,45,45,45,45,45,45,45,45,45,45,45,45,45,45,45,45,45,45,45,45,45,45,45,45,45,45,45,45,45,45,45,45,45,45,45,45,45,45,45,45,45,45,45,45,45,45,45,45,45,45,45,45,45,45,45,45,45,45,41,41,41,41,41,41,41,40,40,40,40,40,40,45,45,45,45,45,45,43,43,43,45,45,45,45,45,45,45,45,45,45,45,45,45,45,45,45,45,45,45,45,45,45,45,45,45,45,45,45,45,45,45,45,45,45,45,45,45,45,45,45,45,45,45,45,45,45,45,45,45,45,45,45,45,45,45,45,45,45,45,45,45,45,0,0,0,0,0,0,0,0,0,0,0,0,0,9,9,9,9,12,12,12,12,12,13,13,13,13,29,29,29,20,20,20,15,15,15,7,7,7,3,3,3,3,0,0
Shuttle5,	0,0,0,0,0,0,0,0,0,0,0,0,0,0,0,0,0,0,0,0,0,0,0,0,0,0,0,0,0,0,0,0,0,0,0,0,0,0,0,0,0,0,0,0,0,0,0,0,0,0,0,0,0,0,0,0,0,0,0,0,0,0,0,0,0,0,0,0,0,0,0,0,0,0,0,0,0,0,0,0,0,0,0,0,0,0,0,0,0,0,0,0,0,0,0,0,0,0,0,0,0,0,0,0,0,0,0,0,0,0,0,0,0,0,0,0,0,0,0,0,0,0,0,0,0,0,0,0,0,0,0,0,0,0,0,0,0,0,0,0,0,0,0,0,0,0,0,0,0,0,0,0,0,0,0,0,0,0,0,0,0,0,0,0,0,0,0,0,0,0,0,0,0,0,0,0,0,0,0,0,0,0,0,0,0,0,0,0,0,0,0,0,0,0,0,0,0,0,0,0,0,0,0,0,0,0,0,0,0,0,0,0,0,0,0,0,0,0,0,0,0,0,0,0,0,0,0,0,0,0,0,0,0,0,0,0,0,0,0,0,0,0,0,0,0,0,0,0,0,0,0,0,0,0,0,0,0,0,0,0,0,0,0,0,0,0,0,0,0,0,0,0,0,0,0,0,0,0,0,0,0,0,0,0,0,0,0,0,0,0,0,0,0,0,0,0,0,0,0,0,0,0,0,0,0,0,0,0,0,0,0,0,0,0,0,0,0,0,0,0,0,0,0,0,0,0,0,0,0,0,0,0,0,0,0,0,0,0,0,0,0,0,0,0,0,0,0,0,0,0,0,0,0,0,0,0,0,0,0,0,0,0,0,16,16,16,16,16,16,16,16,16,16,16,16,16,16,16,16,16,16,12,12,9,9,9,9,9,9,9,9,9,9,9,9,9,9,9,9,16,16,16,16,16,16,25,25,25,25,25,25,25,25,25,25,25,25,25,25,8,8,8,8,8,8,8,8,8,8,8,8,8,8,8,19,19,19,19,19,19,19,19,19,19,19,19,19,19,16,16,16,16,16,16,16,7,7,7,7,7,7,7,7,7,7,7,7,7,7,7,7,7,7,7,7,7,7,7,7,7,7,7,7,7,7,7,7,7,7,7,7,7,7,7,7,7,7,7,7,7,7,7,7,7,7,7,7,7,7,7,7,7,7,7,7,7,7,7,7,7,7,7,7,7,7,7,7,7,7,7,7,7,7,7,7,7,7,7,7,7,7,7,7,7,7,7,7,7,7,7,7,7,7,7,7,7,7,7,7,7,7,7,7,7,7,7,7,7,7,7,7,7,7,7,7,7,7,7,7,7,7,7,7,7,7,7,7,7,7,7,7,7,7,7,7,7,7,7,7,7,7,7,7,7,7,7,7,7,7,7,7,7,7,7,7,7,7,7,7,7,7,7,7,7,7,7,7,7,7,7,7,7,7,7,7,7,7,7,7,7,7,7,7,7,7,7,7,7,7,7,7,7,7,7,7,7,7,7,7,7,7,7,7,7,7,7,7,7,7,7,7,7,7,7,7,7,7,7,7,7,7,7,7,7,7,7,7,7,7,7,7,7,7,7,7,7,7,7,7,7,7,7,7,7,7,7,7,7,7,7,7,7,7,7,7,7,7,7,7,7,7,7,7,7,7,7,7,7,7,7,7,7,7,7,7,7,7,7,7,7,7,7,7,7,7,7,7,7,7,7,7,7,7,7,7,7,7,7,7,7,7,7,7,7,7,7,7,7,7,7,7,7,7,7,7,7,7,7,7,7,7,7,7,7,7,7,7,7,7,7,7,7,7,7,7,7,7,7,7,7,7,7,7,7,7,7,7,7,7,7,7,7,7,7,7,7,7,7,7,7,7,7,7,7,7,7,7,7,7,7,7,7,7,7,7,7,7,7,7,7,7,7,7,7,7,7,7,7,7,7,7,7,7,7,7,7,7,7,7,7,7,7,7,7,7,7,7,7,7,7,7,7,7,7,7,7,7,7,7,7,7,7,7,7,7,7,7,7,7,7,7,7,7,7,7,7,7,7,7,7,7,7,7,7,7,7,7,7,7,7,7,7,7,7,7,7,7,7,7,7,7,7,7,7,7,7,7,7,7,7,7,7,7,7,7,7,7,7,7,7,7,7,7,7,7,7,7,7,7,7,7,7,7,7,7,7,7,7,7,7,7,7,7,7,7,7,7,7,7,7,7,7,7,7,7,7,7,7,7,7,7,7,7,7,7,7,7,7,7,7,7,7,7,7,7,7,7,7,7,7,7,7,7,7,7,7,7,7,7,7,7,7,7,7,7,7,7,7,7,7,7,7,7,7,7,7,7,7,7,7,7,7,7,7,7,7,7,7,7,7,7,7,7,7,7,7,7,7,7,7,0,0,0,0,0,0,0,0,0,0,0,0,0,0,0,0,0,0,0,0,0,0,0,0,0,0,0,0,0,0,0,0,0,0,12,12,12,12,12,12,12,12,12,12,12,12,12,12,45,45,45,45,45,45,45,45,45,45,45,45,45,45,45,45,45,45,45,45,45,45,45,45,45,45,45,45,45,45,45,45,45,45,45,45,45,45,45,45,45,45,45,45,45,45,45,45,45,45,45,45,45,45,45,45,45,45,45,45,45,45,45,45,45,45,45,45,45,45,45,45,45,45,45,45,45,45,45,45,45,45,45,1,1,1,1,1,1,1,1,1,1,1,1,1,1,1,1,1,1,1,1,1,1,1,1,1,1,1,1,1,1,1,1,1,1,1,1,1,1,1,1,1,1,1,1,1,1,1,1,1,1,1,1,1,1,1,1,1,1,1,1,1,1,1,1,1,1,1,1,1,1,1,1,1,1,1,1,1,1,1,1,1,1,1,1,1,1,1,1,1,1,1,1,1,1,1,1,1,1,1,1,1,1,1,1,1,1,1,1,1,1,1,1,1,1,1,1,1,1,1,1,1,1,1,1,1,1,1,1,1,1,1,1,1,1,1,1,1,1,1,1,1,1,1,1,1,1,1,1,1,1,1,1,1,1,1,1,1,1,1,1,1,1,1,1,1,1,1,1,1,1,1,1,1,1,1,1,1,1,1,1,1,1,1,1,1,1,1,1,1,1,1,1,1,1,1,1,1,1,1,1,1,1,1,1,1,1,1,1,1,1,1,1,1,1,1,1,1,1,1,1,1,1,1,1,1,1,1,1,1,1,1,1,1,1,1,1,1,1,0,0,0,0,0,0,0,0,0,0,0,0,0,0,0,0,0,0,0,0,0
Shuttle6,	0,0,0,0,0,0,0,0,0,0,0,0,0,0,0,0,0,0,0,0,0,0,0,0,0,0,0,0,0,0,0,0,0,0,0,0,0,0,0,0,0,0,0,0,0,0,0,0,0,0,0,0,0,0,0,0,0,0,0,0,0,0,0,0,0,0,0,0,0,0,0,0,0,0,0,0,0,0,0,0,0,0,0,0,0,0,0,0,0,0,0,0,0,0,0,0,0,0,0,0,0,0,0,0,0,0,0,0,0,0,0,0,0,0,0,0,0,0,0,0,0,0,0,0,0,0,0,0,0,0,0,0,0,0,0,0,0,0,0,0,0,0,0,0,0,0,0,0,0,0,0,0,0,0,0,0,0,0,0,0,0,0,0,0,0,0,0,0,0,0,0,0,0,0,0,0,0,0,0,0,0,0,0,0,0,0,0,0,0,0,0,0,0,0,0,0,0,0,0,0,0,0,0,0,0,0,0,0,0,0,0,0,0,0,0,0,0,0,0,0,0,0,0,0,0,0,0,0,0,0,0,0,0,0,0,0,0,0,0,0,0,0,0,0,0,0,0,0,0,0,0,0,0,0,0,0,0,0,0,0,0,0,0,0,0,0,0,0,0,0,0,0,0,0,0,0,0,0,0,0,0,0,0,0,0,0,0,0,0,0,0,0,0,0,0,0,0,0,0,0,0,0,0,0,0,0,0,0,0,0,0,0,0,0,0,0,0,0,0,0,0,0,0,0,0,0,0,0,0,0,0,0,0,0,0,0,0,0,0,0,0,0,0,0,0,0,0,0,0,0,0,0,0,0,0,0,0,0,0,0,0,0,0,0,0,0,2,2,2,2,2,2,2,2,2,2,2,2,2,2,2,2,2,2,2,2,2,2,2,2,2,2,2,2,2,2,2,2,2,2,2,2,2,2,2,2,2,2,2,2,2,2,2,2,2,2,2,2,16,16,6,6,6,6,6,6,6,6,6,16,16,16,16,16,16,16,16,16,16,16,16,16,16,16,16,11,11,11,11,11,11,11,6,6,6,6,6,6,6,6,6,6,6,6,6,6,6,6,6,6,6,6,6,6,6,6,6,6,6,6,6,6,6,6,6,6,6,6,6,6,6,6,6,6,6,6,6,6,6,6,6,6,6,6,6,6,6,6,6,6,6,6,6,6,6,6,6,6,6,6,6,6,6,6,6,6,6,6,6,6,6,6,6,6,6,6,6,6,6,6,6,6,6,6,6,6,6,6,6,6,6,6,6,6,6,6,6,6,6,6,6,6,6,6,6,6,6,6,6,6,6,6,6,6,6,6,6,6,6,6,6,6,6,6,6,6,6,6,6,6,6,6,6,6,6,6,6,6,6,6,6,6,6,6,6,6,6,6,6,6,6,6,6,6,6,6,6,6,6,6,6,6,6,6,6,6,6,6,6,6,6,6,6,6,6,6,6,6,6,6,6,6,6,6,6,6,6,6,6,6,6,6,6,6,6,6,6,6,6,6,6,6,6,6,6,6,6,6,6,6,6,6,6,6,6,6,6,6,6,6,6,6,6,6,6,6,6,6,6,6,6,6,6,6,6,6,6,6,6,6,6,6,6,6,6,6,6,6,6,6,6,6,6,6,6,6,6,6,6,6,6,6,6,6,6,6,6,6,6,6,6,6,6,6,6,6,6,6,6,6,6,6,6,6,6,6,6,6,6,6,6,6,6,6,6,6,6,6,6,6,6,6,6,6,6,6,6,6,6,6,6,6,6,6,6,6,6,6,6,6,6,6,6,6,6,6,6,6,6,6,6,6,6,6,6,6,6,6,6,6,6,6,6,6,6,6,6,6,6,6,6,6,6,6,6,6,6,6,6,6,6,6,6,6,6,6,6,6,6,6,6,6,6,6,6,6,6,6,6,6,6,6,6,6,6,6,6,6,6,6,6,6,6,6,6,6,6,6,6,6,6,6,6,6,6,6,6,6,6,6,6,6,6,6,6,6,6,6,6,6,6,6,6,6,6,6,6,6,6,6,6,6,6,6,6,6,6,6,6,6,6,6,6,6,6,6,6,6,6,6,6,6,6,6,6,6,6,6,6,6,6,6,6,6,6,6,6,6,6,6,6,6,6,6,6,6,6,6,6,6,6,6,6,6,6,6,6,6,6,6,6,6,6,6,6,6,6,6,6,6,6,6,6,6,6,6,6,6,6,6,6,6,6,6,6,6,6,6,6,6,6,6,6,6,6,6,6,6,6,6,6,6,6,6,6,6,6,6,6,6,6,6,6,6,6,6,6,6,6,6,6,6,6,6,6,6,6,6,6,6,6,6,6,6,6,6,6,6,6,6,6,6,6,6,6,6,6,6,6,6,6,6,6,6,6,6,6,6,6,6,6,6,6,6,0,0,0,0,0,0,0,0,0,0,0,0,0,0,0,0,0,0,0,0,0,0,0,0,4,4,4,4,4,4,4,4,4,4,4,4,4,4,45,45,45,45,45,45,45,45,45,45,45,45,45,45,45,45,45,45,45,45,45,45,45,45,45,45,45,45,45,45,45,45,45,45,45,45,45,45,45,45,45,45,45,45,45,45,45,45,45,45,45,3,3,16,16,16,16,16,16,16,16,16,16,16,16,16,16,16,16,16,16,16,16,16,16,16,16,16,16,16,7,7,7,7,7,7,7,0,0,0,0,0,0,0,0,0,0,0,0,0,0,0,0,0,0,0,0,0,0,0,0,0,0,0,0,0,0,0,0,0,0,0,0,0,0,0,0,0,0,0,0,0,0,0,0,0,0,0,0,0,0,0,0,0,0,0,0,0,0,0,0,0,0,0,0,0,0,0,0,0,0,0,0,0,0,0,0,0,0,0,0,0,0,0,0,0,0,0,0,0,0,0,0,0,0,0,0,0,0,0,0,0,0,0,0,0,0,0,0,0,0,0,0,0,0,0,0,0,0,0,0,0,0,0,0,0,0,0,0,0,0,0,0,0,0,0,0,0,0,0,0,0,0,0,0,0,0,0,0,0,0,0,0,0,0,0,0,0,0,0,0,0,0,0,0,0,0,0,0,0,0,0,0,0,0,0,0,0,0,0,0,0,0,0,0,0,0,0,0,0,0,0,0,0,0,0,0,0,0,0,0,0,0,0,0,0,0,0,0,0,0,0,0,0,0,0,0,0,0,0,0,0,0,0,0,0,0,0,0,0,0,0,0,0,0,0,0,0,0,0,0,0,0,0,0,0,0,0,0,0,0,0,0,0,0,0,0,0
Shuttle7,	0,0,0,0,0,0,0,0,0,0,0,0,0,0,0,0,0,0,0,0,0,0,0,0,0,0,0,0,0,0,0,0,0,0,0,0,0,0,0,0,0,0,0,0,0,0,0,0,0,0,0,0,0,0,0,0,0,0,0,0,0,0,0,0,0,0,0,0,0,0,0,0,0,0,0,0,0,0,0,0,0,0,0,0,0,0,0,0,0,0,0,0,0,0,0,0,0,0,0,0,0,0,0,0,0,0,0,0,0,0,0,0,0,0,0,0,0,0,0,0,0,0,0,0,0,0,0,0,0,0,0,0,0,0,0,0,0,0,0,0,0,0,0,0,0,0,0,0,0,0,0,0,0,0,0,0,0,0,0,0,0,0,0,0,0,0,0,0,0,0,0,0,0,0,0,0,0,0,0,0,0,0,0,0,0,0,0,0,0,0,0,0,0,0,0,0,0,0,0,0,0,0,0,0,0,0,0,0,0,0,0,0,0,0,0,0,0,0,0,0,0,0,0,0,0,0,0,0,0,0,0,0,0,0,0,0,0,0,0,0,0,0,0,0,0,0,0,0,0,0,0,0,0,0,0,0,0,0,0,0,0,0,0,0,0,0,0,0,0,0,0,0,0,0,0,0,0,0,0,0,0,0,0,0,0,0,0,0,0,0,0,0,0,0,0,0,0,0,0,0,0,0,0,0,0,0,0,0,0,0,0,0,0,0,0,0,0,0,0,0,0,0,0,0,0,0,0,0,0,0,0,0,0,0,0,0,0,0,0,0,0,0,0,0,0,0,0,0,0,0,0,0,0,0,0,0,0,0,0,0,9,9,9,9,9,9,9,9,9,9,9,23,23,22,22,22,22,22,22,22,22,22,22,22,22,22,22,22,22,22,22,22,22,22,22,22,22,22,22,26,26,26,26,40,40,40,40,40,40,40,40,40,40,40,40,40,40,4,4,12,12,12,12,12,12,12,12,12,12,12,12,12,12,12,12,12,7,7,7,7,7,7,7,7,7,7,7,7,7,7,7,7,7,7,7,7,7,0,0,0,0,0,0,0,0,0,0,0,0,0,0,0,0,0,0,0,0,0,0,0,0,0,0,0,0,0,0,0,0,0,0,0,0,0,0,0,0,0,0,0,0,0,0,0,0,0,0,0,0,0,0,0,0,0,0,0,0,0,0,0,0,0,0,0,0,0,0,0,0,0,0,0,0,0,0,0,0,0,0,0,0,0,0,0,0,0,0,0,0,0,0,0,0,0,0,0,0,0,0,0,0,0,0,0,0,0,0,0,0,0,0,0,0,0,0,0,0,0,0,0,0,0,0,0,0,0,0,0,0,0,0,0,0,0,0,0,0,0,0,0,0,0,0,0,0,0,0,0,0,0,0,0,0,0,0,0,0,0,0,0,0,0,0,0,0,0,0,0,0,0,0,0,0,0,0,0,0,0,0,0,0,0,0,0,0,0,0,0,0,0,0,0,0,0,0,0,0,0,0,0,0,0,0,0,0,0,0,0,0,0,0,0,0,0,0,0,0,0,0,0,0,0,0,0,0,0,0,0,0,0,0,0,0,0,0,0,0,0,0,0,0,0,0,0,0,0,0,0,0,0,0,0,0,0,0,0,0,0,0,0,0,0,0,0,0,0,0,0,0,0,0,0,0,0,0,0,0,0,0,0,0,0,0,0,0,0,0,0,0,0,0,0,0,0,0,0,0,0,0,0,0,0,0,0,0,0,0,0,0,0,0,0,0,0,0,0,0,0,0,0,0,0,0,0,0,0,0,0,0,0,0,0,0,0,0,0,0,0,0,0,0,0,0,0,0,0,0,0,0,0,0,0,0,0,0,0,0,0,0,0,0,0,0,0,0,0,0,0,0,0,0,0,0,0,0,0,0,0,0,0,0,0,0,0,0,0,0,0,0,0,0,0,0,0,0,0,0,0,0,0,0,0,0,0,0,0,0,0,0,0,0,0,0,0,0,0,0,0,0,0,0,0,0,0,0,0,0,0,0,0,0,0,0,0,0,0,0,0,0,0,0,0,0,0,0,0,0,0,0,0,0,0,0,0,0,0,0,0,0,0,0,0,0,0,0,0,0,0,0,0,0,0,0,0,0,0,0,0,0,0,0,0,0,0,0,0,0,0,0,0,0,0,0,0,0,0,0,0,0,0,0,0,0,0,0,0,0,0,0,0,0,0,0,0,0,0,0,0,0,0,0,0,0,0,0,0,0,0,0,0,0,0,0,0,0,0,0,0,0,0,0,0,0,0,0,0,0,0,0,0,0,0,0,0,0,0,0,0,0,0,0,0,0,0,0,0,0,0,0,0,0,0,0,0,0,0,0,0,0,0,0,0,0,0,0,0,0,0,0,0,0,0,4,4,4,4,4,4,4,4,4,4,4,4,0,0,0,0,0,0,0,0,0,0,0,0,0,0,0,0,0,0,0,0,0,0,0,0,0,0,0,0,45,45,45,45,45,45,45,45,45,45,45,45,45,45,45,45,45,45,45,45,45,45,45,45,45,45,45,45,45,45,45,45,45,45,45,45,45,45,45,45,45,45,45,45,45,45,45,45,45,45,45,0,0,0,0,0,0,0,0,0,0,0,0,0,0,0,0,0,0,0,0,0,0,0,0,0,0,0,0,0,0,0,0,0,0,0,0,0,0,0,0,0,0,0,0,0,0,0,0,0,0,0,0,0,0,0,0,0,0,0,0,0,0,0,0,0,0,0,0,0,0,0,0,0,0,0,0,0,0,0,0,0,0,0,0,0,0,0,0,0,0,0,0,0,0,0,0,0,0,0,0,0,0,0,0,0,0,0,0,0,0,0,0,0,0,0,0,0,0,0,0,0,0,0,0,0,0,0,0,0,0,0,0,0,0,0,0,0,0,0,0,0,0,0,0,0,0,0,0,0,0,0,0,0,0,0,0,0,0,0,0,0,0,0,0,0,0,0,0,0,0,0,0,0,0,0,0,0,0,0,0,0,0,0,0,0,0,0,0,0,0,0,0,0,0,0,0,0,0,0,0,0,0,0,0,0,0,0,0,0,0,0,0,0,0,0,0,0,0,0,0,0,0,0,0,0,0,0,0,0,0,0,0,0,0,0,0,0,0,0,0,0,0,0,0,0,0,0,0,0,0,0,0,0,0,0,0,0,0,0,0,0,0,0,0,0,0,0,0,0,0,0,0,0,0,0,0,0,0,0,0,0,0,0,0,0,0,0,0,0,0,0,0,0,0,0,0,0
Shuttle8,	0,0,0,0,0,0,0,0,0,0,0,0,0,0,0,0,0,0,0,0,0,0,0,0,0,0,0,0,0,0,0,0,0,0,0,0,0,0,0,0,0,0,0,0,0,0,0,0,0,0,0,0,0,0,0,0,0,0,0,0,0,0,0,0,0,0,0,0,0,0,0,0,0,0,0,0,0,0,0,0,0,0,0,0,0,0,0,0,0,0,0,0,0,0,0,0,0,0,0,0,0,0,0,0,0,0,0,0,0,0,0,0,0,0,0,0,0,0,0,0,0,0,0,0,0,0,0,0,0,0,0,0,0,0,0,0,0,0,0,0,0,0,0,0,0,0,0,0,0,0,0,0,0,0,0,0,0,0,0,0,0,0,0,0,0,0,0,0,0,0,0,0,0,0,0,0,0,0,0,0,0,0,0,0,0,0,0,0,0,0,0,0,0,0,0,0,0,0,0,0,0,0,0,0,0,0,0,0,0,0,0,0,0,0,0,0,0,0,0,0,0,0,0,0,0,0,0,0,0,0,0,0,0,0,0,0,0,0,0,0,0,0,0,0,0,0,0,0,0,0,0,0,0,0,0,0,0,0,0,0,0,0,0,0,0,0,0,0,0,0,0,0,0,0,0,0,0,0,0,0,0,0,0,0,0,0,0,0,0,0,0,0,0,0,0,0,0,0,0,0,0,0,0,0,0,0,0,0,0,0,0,0,0,0,0,0,0,0,0,0,0,0,0,0,0,0,0,0,0,0,0,0,0,0,0,0,0,0,0,0,0,0,0,0,0,0,0,0,0,0,0,0,0,0,0,0,0,0,0,0,0,0,0,0,0,0,0,0,0,0,0,0,0,0,0,0,0,0,0,0,0,0,0,0,0,0,0,0,0,0,0,0,0,0,0,0,0,0,0,0,0,0,0,0,0,0,0,0,0,0,0,0,0,0,0,0,0,0,0,0,1,1,1,1,1,1,1,1,1,1,1,1,1,1,1,1,1,1,1,1,1,1,1,1,1,1,1,0,0,0,0,0,0,0,0,0,0,0,0,0,0,0,0,0,0,0,0,0,0,0,0,0,0,0,0,0,0,0,0,0,0,0,0,0,0,0,0,0,0,0,0,0,0,0,0,0,0,0,0,0,0,0,0,0,0,0,0,0,0,0,0,0,0,0,0,0,0,0,0,0,0,0,0,0,0,0,0,0,0,0,0,0,0,0,0,0,0,0,0,0,0,0,0,0,0,0,0,0,0,0,0,0,0,0,0,0,0,0,0,0,0,0,0,0,0,0,0,0,0,0,0,0,0,0,0,0,0,0,0,0,0,0,0,0,0,0,0,0,0,0,0,0,0,0,0,0,0,0,0,0,0,0,0,0,0,0,0,0,0,0,0,0,0,0,0,0,0,0,0,0,0,0,0,0,0,0,0,0,0,0,0,0,0,0,0,0,0,0,0,0,0,0,0,0,0,0,0,0,0,0,0,0,0,0,0,0,0,0,0,0,0,0,0,0,0,0,0,0,0,0,0,0,0,0,0,0,0,0,0,0,0,0,0,0,0,0,0,0,0,0,0,0,0,0,0,0,0,0,0,0,0,0,0,0,0,0,0,0,0,0,0,0,0,0,0,0,0,0,0,0,0,0,0,0,0,0,0,0,0,0,0,0,0,0,0,0,0,0,0,0,0,0,0,0,0,0,0,0,0,0,0,0,0,0,0,0,0,0,0,0,0,0,0,0,0,0,0,0,0,0,0,0,0,0,0,0,0,0,0,0,0,0,0,0,0,0,0,0,0,0,0,0,0,0,0,0,0,0,0,0,0,0,0,0,0,0,0,0,0,0,0,0,0,0,0,0,0,0,0,0,0,0,0,0,0,0,0,0,0,0,0,0,0,0,0,0,0,0,0,0,0,0,0,0,0,0,0,0,0,0,0,0,0,0,0,0,0,0,0,0,0,0,0,0,0,0,0,0,0,0,0,0,0,0,0,0,0,0,0,0,0,0,0,0,0,0,0,0,0,0,0,0,0,0,0,0,0,0,0,0,0,0,0,0,0,0,0,0,0,0,0,0,0,0,0,0,0,0,0,0,0,0,0,0,0,0,0,0,0,0,0,0,0,0,0,0,0,0,0,0,0,0,0,0,0,0,0,0,0,0,0,0,0,0,0,0,0,0,0,0,0,0,0,0,0,0,0,0,0,0,0,0,0,0,0,0,0,0,0,0,0,0,0,0,0,0,0,0,0,0,0,0,0,0,0,0,0,0,0,0,0,0,0,0,0,0,0,0,0,0,0,0,0,0,0,0,0,0,0,0,0,0,0,0,0,0,0,0,0,0,0,0,0,0,0,0,0,0,0,0,0,0,0,0,0,0,0,0,0,0,0,0,0,0,0,0,0,0,0,0,0,0,0,0,0,0,0,0,0,0,0,0,0,0,0,0,0,0,0,0,0,0,0,45,45,45,45,45,45,45,45,45,45,45,45,45,45,45,45,45,45,45,45,45,45,45,45,45,45,45,45,45,45,45,45,45,45,45,45,45,45,45,45,45,45,45,45,45,45,45,45,45,45,45,45,45,45,45,45,45,45,45,45,45,45,45,45,45,45,45,45,45,45,45,45,45,45,45,45,45,45,45,45,45,45,45,45,45,45,45,45,45,45,45,45,45,45,45,45,45,45,45,45,45,45,45,45,45,45,45,45,45,45,45,0,0,0,0,0,0,0,0,0,0,0,0,0,0,0,0,0,0,0,0,0,0,0,0,0,0,0,0,0,0,0,0,0,0,0,0,0,0,0,0,0,0,0,0,0,0,0,0,0,0,0,0,0,0,0,0,0,0,0,0,0,0,0,0,0,0,0,0,0,0,0,0,0,0,0,0,0,0,0,0,0,0,0,0,0,0,0,0,0,0,0,0,0,0,0,0,0,0,0,0,0,0,0,0,0,0,0,0,0,0,0,0,0,0,0,0,0,0,0,0,0,0,0,0,0,0,0,0,0,0,0,0,0,0,0,0,0,0,0,0,0,0,0,0,0,0,0,0,0,0,0,0,0,0,0,0,0,0,0,0,0,0,0,0,0,0,0,0,0,0,0,0,0,0,0,0,0,0,0,0,0,0,0,0,0,0,0,0,0,0,0,0,0,0,0,0,0,0,0,0,0,0,0,0,0,0,0,0,0,0,0,0,0,0,0,0,0,0,0,0,0,0,0,0,0,0,0,0,0,0,0,0,0,0,0,0,0,0,0,0,0,0,0,0,0,0
Shuttle9,	0,0,0,0,0,0,0,0,0,0,0,0,0,0,0,0,0,0,0,0,0,0,0,0,0,0,0,0,0,0,0,0,0,0,0,0,0,0,0,0,0,0,0,0,0,0,0,0,0,0,0,0,0,0,0,0,0,0,0,0,0,0,0,0,0,0,0,0,0,0,0,0,0,0,0,0,0,0,0,0,0,0,0,0,0,0,0,0,0,0,0,0,0,0,0,0,0,0,0,0,0,0,0,0,0,0,0,0,0,0,0,0,0,0,0,0,0,0,0,0,0,0,0,0,0,0,0,0,0,0,0,0,0,0,0,0,0,0,0,0,0,0,0,0,0,0,0,0,0,0,0,0,0,0,0,0,0,0,0,0,0,0,0,0,0,0,0,0,0,0,0,0,0,0,0,0,0,0,0,0,0,0,0,0,0,0,0,0,0,0,0,0,0,0,0,0,0,0,0,0,0,0,0,0,0,0,0,0,0,0,0,0,0,0,0,0,0,0,0,0,0,0,0,0,0,0,0,0,0,0,0,0,0,0,0,0,0,0,0,0,0,0,0,0,0,0,0,0,0,0,0,0,0,0,0,0,0,0,0,0,0,0,0,0,0,0,0,0,0,0,0,0,0,0,0,0,0,0,0,0,0,0,0,0,0,0,0,0,0,0,0,0,0,0,0,0,0,0,0,0,0,0,0,0,0,0,0,0,0,0,0,0,0,0,0,0,0,0,0,0,0,0,0,0,0,0,0,0,0,0,0,0,0,0,0,0,0,0,0,0,0,0,0,0,0,0,0,0,0,0,0,0,0,0,0,0,0,0,3,3,3,3,3,3,3,3,3,3,3,3,3,3,3,1,1,1,1,1,1,1,1,1,1,1,1,1,1,1,1,1,1,1,1,1,1,1,1,1,1,1,1,1,1,0,0,0,0,0,0,0,0,0,0,0,0,0,0,0,0,0,0,0,0,0,0,0,0,0,0,0,0,0,0,0,0,0,0,0,0,0,0,0,0,0,0,0,0,0,0,0,0,0,0,0,0,0,0,0,0,0,0,0,0,0,0,0,0,0,0,0,0,0,0,0,0,0,0,0,0,0,0,0,0,0,0,0,0,0,0,0,0,0,0,0,0,0,0,0,0,0,0,0,0,0,0,0,0,0,0,0,0,0,0,0,0,0,0,0,0,0,0,0,0,0,0,0,0,0,0,0,0,0,0,0,0,0,0,0,0,0,0,0,0,0,0,0,0,0,0,0,0,0,0,0,0,0,0,0,0,0,0,0,0,0,0,0,0,0,0,0,0,0,0,0,0,0,0,0,0,0,0,0,0,0,0,0,0,0,0,0,0,0,0,0,0,0,0,0,0,0,0,0,0,0,0,0,0,0,0,0,0,0,0,0,0,0,0,0,0,0,0,0,0,0,0,0,0,0,0,0,0,0,0,0,0,0,0,0,0,0,0,0,0,0,0,0,0,0,0,0,0,0,0,0,0,0,0,0,0,0,0,0,0,0,0,0,0,0,0,0,0,0,0,0,0,0,0,0,0,0,0,0,0,0,0,0,0,0,0,0,0,0,0,0,0,0,0,0,0,0,0,0,0,0,0,0,0,0,0,0,0,0,0,0,0,0,0,0,0,0,0,0,0,0,0,0,0,0,0,0,0,0,0,0,0,0,0,0,0,0,0,0,0,0,0,0,0,0,0,0,0,0,0,0,0,0,0,0,0,0,0,0,0,0,0,0,0,0,0,0,0,0,0,0,0,0,0,0,0,0,0,0,0,0,0,0,0,0,0,0,0,0,0,0,0,0,0,0,0,0,0,0,0,0,0,0,0,0,0,0,0,0,0,0,0,0,0,0,0,0,0,0,0,0,0,0,0,0,0,0,0,0,0,0,0,0,0,0,0,0,0,0,0,0,0,0,0,0,0,0,0,0,0,0,0,0,0,0,0,0,0,0,0,0,0,0,0,0,0,0,0,0,0,0,0,0,0,0,0,0,0,0,0,0,0,0,0,0,0,0,0,0,0,0,0,0,0,0,0,0,0,0,0,0,0,0,0,0,0,0,0,0,0,0,0,0,0,0,0,0,0,0,0,0,0,0,0,0,0,0,0,0,0,0,0,0,0,0,0,0,0,0,0,0,0,0,0,0,0,0,0,0,0,0,0,0,0,0,0,0,0,0,0,0,0,0,0,0,0,0,0,0,0,0,0,0,0,0,0,0,0,0,0,0,0,0,0,0,0,0,0,0,0,0,0,0,0,0,0,0,0,0,0,0,0,0,0,0,0,0,0,0,0,0,0,0,0,0,0,0,0,0,0,0,0,0,0,0,0,0,0,0,0,0,0,0,0,0,0,0,0,0,0,0,0,0,0,0,0,0,0,0,0,0,0,0,0,0,0,0,0,0,0,0,0,0,0,0,0,0,0,0,0,0,0,0,0,0,0,0,0,0,0,0,0,0,0,0,0,0,0,0,45,45,45,45,45,45,45,45,45,45,45,45,45,45,45,45,45,45,45,45,45,45,45,45,45,45,45,45,45,45,45,45,45,45,45,45,45,45,45,45,45,45,45,45,45,45,45,45,45,45,45,0,0,0,0,0,0,0,0,0,0,0,0,0,0,0,0,0,0,0,0,0,0,0,0,0,0,0,0,0,0,0,0,0,0,0,0,0,0,0,0,0,0,0,0,0,0,0,0,0,0,0,0,0,0,0,0,0,0,0,0,0,0,0,0,0,0,0,0,0,0,0,0,0,0,0,0,0,0,0,0,0,0,0,0,0,0,0,0,0,0,0,0,0,0,0,0,0,0,0,0,0,0,0,0,0,0,0,0,0,0,0,0,0,0,0,0,0,0,0,0,0,0,0,0,0,0,0,0,0,0,0,0,0,0,0,0,0,0,0,0,0,0,0,0,0,0,0,0,0,0,0,0,0,0,0,0,0,0,0,0,0,0,0,0,0,0,0,0,0,0,0,0,0,0,0,0,0,0,0,0,0,0,0,0,0,0,0,0,0,0,0,0,0,0,0,0,0,0,0,0,0,0,0,0,0,0,0,0,0,0,0,0,0,0,0,0,0,0,0,0,0,0,0,0,0,0,0,0,0,0,0,0,0,0,0,0,0,0,0,0,0,0,0,0,0,0,0,0,0,0,0,0,0,0,0,0,0,0,0,0,0,0,0,0,0,0,0,0,0,0,0,0,0,0,0,0,0,0,0,0,0,0,0,0,0,0,0,0,0,0,0,0,0,0,0,0,0
How early,	-407182/3046,	38,38,36,38,-28,33,36,36,36,-28,-32,-28,-27,-43,-32,-32,-32,-32,-32,-26,-28,-28,-32,-29,-28,-28,-28,23,23,34,36,35,-23,23,23,23,-23,-24,30,-23,29,29,29,30,30,30,-42,-29,-28,-24,-23,-26,-29,-29,-29,-29,-29,-25,-32,-28,-24,-25,-25,27,27,28,28,34,23,23,30,22,22,24,30,21,22,22,-32,-46,-23,-23,-23,-27,23,23,24,35,35,35,22,-29,-23,-23,22,13,20,-29,-7,-7,-16,-16,-15,-7,-7,-18,-16,-16,-16,-15,-16,-17,-16,-1,0,-22,-20,-20,-20,-20,-18,-17,-17,-17,-16,-3,-15,-15,-22,-22,-20,-20,-20,-19,8,-1,0,-17,-17,-16,-14,10,-12,-1,-1,-1,0,0,2,8,-22,-20,-17,-17,-16,-6,-6,-6,-6,-14,-5,-5,-5,-13,-42,-42,-42,-42,-12,-3,-1,-1,-1,0,0,1,2,2,-11,-35,-35,-35,-31,-29,-29,-35,-23,-23,-23,-24,-24,-29,-28,-42,-35,-22,-22,-20,-20,-43,-42,-45,-47,-46,-46,-45,-43,-32,-31,-37,-27,-27,-26,-24,-23,-23,-45,-44,-44,-47,-43,-43,-43,-22,-40,-47,-37,-43,-43,-44,-42,-40,-40,-45,-52,-51,-48,-48,-47,-37,-37,-51,-48,-47,-42,-40,-40,-38,-38,-55,-55,-90,-107,-89,-51,-51,-88,-79,-79,-103,-103,-51,-55,-55,-90,-51,-51,-88,-88,-58,-57,-55,-103,-107,-101,-116,-109,-109,-97,-50,-101,-63,-97,-91,-103,-103,-103,-103,-90,-102,-84,-84,-84,-84,-97,-87,-87,-102,-81,-93,-86,-91,-91,-90,-105,-86,-89,-89,-98,-107,-103,-102,-102,-105,-105,-105,-103,-103,-99,-81,-81,-86,-86,-99,-64,-64,-108,-119,-119,-119,-79,-85,-101,-58,-58,-65,-86,-86,-86,-85,-85,-85,-117,-93,-103,-103,-88,-99,-99,-99,-101,-97,-83,-100,-100,-100,-99,-99,-99,-117,-116,-97,-83,-114,-114,-114,-114,-114,-114,-114,-102,-97,-96,-99,-108,-108,-108,-107,-114,-114,-114,-102,-144,-144,-104,-98,-104,-111,-105,-101,-111,-97,-96,-96,-96,-99,-98,-101,-101,-100,-107,-134,-121,-127,-143,-109,-131,-121,-120,-111,-110,-107,-121,-121,-107,-130,-129,-116,-116,-128,-128,-128,-127,-127,-127,-109,-114,-129,-114,-128,-114,-120,-120,-120,-119,-111,-110,-110,-110,-130,-130,-129,-129,-109,-129,-130,-125,-129,-129,-123,-123,-123,-123,-131,-131,-131,-131,-119,-119,-131,-121,-120,-119,-125,-127,-127,-131,-132,-131,-131,-131,-133,-133,-117,-140,-140,-125,-124,-130,-134,-129,-122,-129,-131,-129,-140,-134,-134,-134,-136,-134,-135,-127,-132,-138,-138,-164,-172,-172,-137,-137,-145,-164,-177,-135,-136,-135,-172,-172,-172,-172,-147,-143,-164,-148,-176,-177,-177,-147,-147,-147,-157,-146,-188,-149,-149,-145,-207,-207,-148,-170,-162,-151,-138,-145,-157,-158,-147,-151,-151,-147,-146,-146,-157,-158,-155,-164,-176,-170,-145,-149,-149,-169,-169,-148,-172,-172,-169,-169,-169,-143,-147,-145,-141,-193,-193,-193,-200,-200,-151,-140,-151,-149,-150,-164,-147,-218,-168,-145,-169,-169,-169,-176,-168,-172,-172,-158,-206,-145,-141,-188,-188,-188,-188,-188,-161,-158,-213,-213,-191,-191,-191,-191,-191,-158,-206,-175,-175,-175,-189,-183,-183,-183,-193,-189,-172,-204,-219,-171,-171,-171,-175,-162,-162,-162,-162,-213,-167,-166,-166,-193,-193,-193,-188,-176,-207,-207,-158,-182,-169,-167,-159,-207,-207,-187,-181,-201,-204,-220,-219,-189,-201,-193,-176,-176,-227,-183,-183,-213,-213,-203,-205,-220,-220,-177,-206,-176,-201,-192,-192,-188,-196,-214,-172,-172,-179,-213,-198,-198,-186,-189,-188,-187,-187,-215,-215,-181,-183,-183,-204,-219,-199,-199,-219,-198,-206,-218,-198,-201,-201,-220,-215,-214,-214,-183,-189,-232,-188,-191,-204,-203,-195,-195,-205,-205,-204,-204,-203,-219,-215,-214,-213,-213,-211,-211,-203,-203,-196,-196,-201,-198,-211,-210,-219,-213,-212,-211,-208,-195,-194,-194,-194,-208,-208,-207,-193,-208,-207,-221,-216,-216,-232,-208,-208,-208,-208,-214,-214,-216,-225,-208,-208,-208,-221,-219,-229,-227,-220,-211,-211,-211,-219,-210,-210,-210,-214,-221,-221,-219,-225,-222,-226,-216,-216,-212,-220,-232,-210,-217,-222,-222,-225,-225,-223,-221,-221,-220,-230,-223,-259,-285,-260,-273,-230,-271,-229,-260,-259,-259,-222,-226,-226,-258,-258,-258,-234,-233,-273,-233,-283,-253,-236,-285,-285,-228,-226,-226,-226,-238,-234,-276,-276,-233,-232,-254,-254,-260,-263,-263,-263,-263,-277,-273,-273,-273,-273,-276,-236,-236,-236,-230,-229,-273,-227,-291,-283,-251,-232,-283,-273,-289,-269,-291,-290,-269,-255,-254,-271,-282,-269,-269,-276,-282,-282,-282,-289,-276,-276,-276,-276,-275,-302,-282,-282,-282,-279,-264,-308,-272,-282,-302,-290,-282,-279,-278,-278,-288,-287,-290,-288,-289,-289,-295,-279,-278,-278,-278,-307,-292,-292,-307,-307,-306,-668,-668,-668,-667,-667,-667,-651,-650,-650,-650,-662,-661,-661,-26,-40,-38,20,21,29,21,1,20,21,-14,-6,-24,-32,27,21,27,27,27,0,1,1,-14,-35,-23,-23,-23,-23,-15,-15,-10,-9,-43,-42,-42,-37,-37,32,-20,-20,-19,-19,-6,-6,-5,3,-33,-20,-27,-27,-27,35,-26,37,38,31,-20,32,32,-19,-10,-18,32,32,25,3,-45,-45,-44,31,-24,32,-23,-33,23,-41,-41,-41,-40,-40,-35,24,25,-1,19,20,-40,-45,-44,-38,-43,-42,-38,-11,-11,-41,-40,33,33,34,-4,-4,35,-18,-3,-17,28,28,-22,28,22,26,-40,-40,-28,-44,7,7,21,-34,-34,-34,-34,-34,-34,-34,-34,-34,-34,-34,-34,-34,-34,-40,-38,18,18,19,-41,-41,-41,-40,-40,19,-35,24,20,25,21,18,18,-1,19,6,6,6,-4,29,20,21,9,9,1,20,9,15,21,9,9,-14,-6,6,26,14,14,-48,-48,-34,6,6,-46,-33,-40,-40,-46,-45,14,14,-44,15,-31,-31,31,31,31,-20,-28,-23,-27,-27,-27,-26,-16,0,-34,-34,31,-20,6,32,32,-19,-45,-45,-44,-51,-51,-51,-50,18,-42,-42,-35,19,-41,-34,-34,-24,-34,-44,-40,-40,-23,-23,-23,-23,-33,16,23,21,10,-37,-41,11,-41,25,31,25,25,19,19,19,9,-23,32,26,-43,-40,-45,-42,-42,17,-44,25,25,-38,-43,-52,26,-37,-37,-42,-51,-41,18,-34,25,25,-38,-46,10,-20,-20,3,13,13,13,-38,-38,11,11,-2,-2,-2,-2,-2,-2,-2,-2,-2,-51,-51,8,9,-55,-55,-57,-57,-24,-32,14,7,7,28,15,15,21,-34,-34,-34,-34,-34,-34,-34,-34,-34,-34,-34,-34,-34,-34,-34,-34,-34,7,7,26,21,27,27,-15,-23,12,28,1,-14,13,13,20,-22,27,27,-41,-58,4,-41,-40,-8,-8,-8,-8,-8,-8,-8,-8,-2,25,6,6,12,-56,-55,-47,-46,-63,-56,-44,14,4,20,8,-2,-27,-27,-1,4,0,-3,5,5,5,5,-41,-58,-7,-2,-13,-7,-60,-21,-21,-21,-21,-21,-21,-21,-73,-52,-5,-13,-71,-65,-55,-55,-9,-76,-16,-14,-64,-11,-10,-60,-79,-18,-18,-57,-30,-30,-30,-30,-30,-80,-14,-18,-18,-81,-80,-49,-49,-49,-49,-49,-49,-49,-49,-49,-49,-49,-49,-49,-36,-36,-36,-36,-36,-36,-36,-36,-36,-36,-36,-36,-36,-36,-36,-36,-36,-24,-24,-65,-63,-85,-25,-25,-90,-20,-86,-91,-81,-82,-76,-88,-18,-17,-17,-16,-39,-39,-39,-39,-39,-39,-39,-39,-39,-39,-39,-39,-79,-80,-87,-92,-86,-91,-21,-95,-95,-95,-95,-95,-101,-85,-85,-30,-29,-29,-97,-97,-94,-94,-93,-93,-93,-93,-30,-29,-29,-29,-29,-29,-28,-28,-25,-105,-104,-82,-81,-105,-104,-39,-98,-98,-45,-92,-92,-44,-91,-56,-108,-108,-108,-111,-88,-55,-55,-63,-54,-54,-53,-110,-109,-109,-117,-45,-45,-100,-116,-60,-60,-99,-60,-60,-53,-46,-46,-52,-122,-104,-104,-121,-120,-112,-62,-62,-62,-111,-121,-56,-55,-115,-115,-56,-55,-55,-54,-54,-53,-54,-67,-67,-106,-53,-53,-46,-46,-46,-45,-59,-59,-52,-58,-100,-51,-109,-101,-125,-125,-82,-58,-73,-44,-50,-59,-113,-113,-113,-72,-72,-106,-106,-106,-105,-104,-61,-40,-40,-40,-39,-39,-39,-39,-124,-115,-120,-132,-77,-53,-53,-53,-53,-53,-53,-53,-53,-53,-53,-53,-53,-53,-53,-53,-53,-53,-53,-53,-53,-53,-53,-53,-53,-53,-53,-53,-53,-53,-53,-53,-53,-53,-53,-53,-53,-53,-53,-53,-53,-53,-53,-53,-53,-56,-68,-67,-78,-110,-80,-103,-103,-81,-74,-123,-116,-68,-120,-75,-71,-71,-70,-63,-90,-105,-69,-92,-82,-101,-85,-85,-104,-116,-75,-68,-68,-72,-72,-65,-63,-68,-68,-81,-115,-62,-74,-62,-62,-62,-79,-82,-61,-65,-81,-88,-60,-60,-112,-62,-62,-62,-111,-125,-125,-125,-125,-125,-70,-81,-80,-68,-111,-126,-125,-125,-64,-70,-106,-106,-73,-73,-105,-77,-124,-124,-72,-129,-96,-96,-92,-92,-58,-100,-68,-104,-68,-61,-126,-120,-71,-79,-79,-79,-79,-120,-95,-91,-106,-106,-106,-106,-106,-76,-77,-77,-70,-70,-73,-76,-97,-97,-122,-104,-104,-121,-120,-72,-136,-136,-74,-126,-126,-126,-122,-73,-73,-120,-110,-80,-103,-103,-72,-72,-119,-79,-79,-131,-124,-99,-60,-60,-124,-70,-71,-71,-71,-71,-73,-75,-86,-91,-82,-82,-110,-68,-74,-105,-109,-109,-117,-80,-77,-104,-108,-108,-108,-132,-77,-76,-88,-77,-68,-67,-61,-67,-113,-113,-113,-113,-113,-113,-113,-106,-74,-74,-85,-85,-85,-85,-85,-85,-85,-85,-73,-79,-72,-118,-83,-94,-117,-83,-129,-129,-80,-129,-122,-122,-90,-90,-127,-140,-66,-66,-66,-66,-66,-66,-66,-66,-66,-66,-66,-66,-66,-66,-66,-66,-66,-66,-66,-66,-66,-66,-66,-66,-66,-66,-66,-66,-66,-66,-66,-66,-66,-66,-66,-66,-66,-66,-66,-66,-66,-66,-66,-66,-66,-94,-94,-79,-72,-78,-85,-94,-121,-113,-75,-71,-112,-81,-74,-74,-123,-116,-80,-87,-92,-115,-115,-115,-72,-86,-91,-98,-98,-106,-106,-73,-79,-72,-118,-83,-90,-90,-90,-90,-90,-90,-90,-90,-90,-90,-136,-124,-75,-75,-70,-113,-113,-124,-124,-124,-101,-101,-101,-101,-101,-101,-101,-101,-101,-139,-139,-118,-118,-97,-97,-128,-133,-130,-110,-127,-84,-129,-82,-84,-137,-131,-144,-136,-136,-150,-138,-86,-94,-145,-143,-155,-154,-154,-154,-143,-139,-114,-86,-151,-151,-151,-118,-139,-139,-131,-125,-154,-133,-133,-138,-134,-132,-142,-136,-84,-101,-95,-141,-95,-156,-148,-140,-120,-139,-158,-121,-138,-137,-137,-142,-142,-157,-163,-156,-151,-143,-143,-98,-125,-163,-155,-146,-148,-148,-124,-112,-148,-161,-161,-161,-161,-157,-157,-156,-155,-145,-145,-145,-138,-159,-159,-166,-98,-119,-109,-136,-142,-148,-148,-148,-143,-131,-136,-136,-142,-135,-151,-163,-168,-136,-141,-124,-124,-124,-112,-136,-130,-130,-142,-142,-142,-134,-141,-169,-129,-121,-141,-128,-163,-163,-125,-125,-125,-141,-146,-159,-159,-131,-121,-133,-130,-120,-174,-112,-161,-165,-141,-141,-127,-128,-162,-127,-132,-132,-124,-131,-126,-140,-140,-130,-139,-171,-171,-171,-132,-131,-128,-128,-133,-144,-135,-134,-153,-133,-153,-161,-161,-184,-184,-184,-173,-176,-164,-126,-187,-144,-157,-161,-190,-150,-137,-137,-182,-170,-160,-160,-160,-160,-160,-160,-160,-160,-154,-185,-140,-146,-181,-146,-169,-140,-165,-167,-166,-197,-150,-185,-173,-166,-166,-166,-203,-197,-159,-187,-146,-146,-175,-140,-202,-202,-148,-189,-153,-162,-162,-205,-197,-180,-180,-180,-210,-210,-173,-173,-173,-173,-173,-207,-199,-199,-153,-198,-155,-152,-154,-209,-209,-209,-209,-209,-209,-186,-150,-162,-162,-162,-162,-156,-156,-156,-195,-183,-171,-194,-169,-169,-178,-178,-178,-178,-178,-178,-178,-178,-178,-187,-203,-203,-217,-187,-216,-216,-174,-166,-213,-161,-201,-165,-148,-161,-161,-168,-217,-187,-160,-163,-163,-209,-209,-209,-209,-209,-209,-209,-209,-209,-209,-209,-209,-209,-216,-216,-174,-146,-159,-159,-180,-144,-157,-183,-171,-182,-170,-194,-142,-142,-142,-141,-165,-167,-166,-174,-174,-157,-163,-163,-156,-152,-151,-151,-151,-151,-154,-185,-181,-169,-152,-151,-163,-190,-190,-190,-209,-207,-187,-203,-203,-150,-166,-166,-166,-162,-162,-186,-150,-162,-162,-162,-162,-165,-165,-165,-201,-200,-200,-187,-186,-186,-154,-152,-154,-158,-157,-157,-156,-159,-187,-152,-152,-175,-155,-174,-197,-197,-197,-169,-169,-150,-185,-173,-173,-173,-173,-173,-173,-169,-169,-166,-213,-161,-209,-192,-192,-156,-156,-163,-207,-155,-207,-187,-164,-171,-171,-171,-160,-156,-156,-155,-154,-154,-154,-154,-187,-180,-180,-201,-199,-199,-170,-170,-153,-198,-155,-169,-219,-198,-181,-197,-184,-184,-184,-173,-203,-197,-152,-180,-176,-160,-160,-160,-160,-160,-160,-160,-160,-160,-160,-205,-180,-185,-185,-185,-185,-185,-185,-185,-185,-217,-165,-158,-210,-207,-227,-227,-227,-206,-218,-218,-218,-205,-211,-211,-216,-156,-156,-163,-159,-159,-166,-155,-161,-161,-180,-210,-210,-202,-202,-202,-202,-178,-178,-178,-178,-178,-178,-178,-178,-178,-174,-174,-161,-173,-189,-217,-165,-158,-164,-153,-211,-198,-198,-198,-175,-198,-168,-183,-183,-174,-193,-185,-185,-169,-203,-186,-186,-162,-162,-162,-202,-168,-219,-219,-213,-215,-215,-172,-224,-213,-196,-231,-225,-211,-196,-196,-189,-192,-227,-184,-220,-219,-232,-168,-209,-202,-222,-221,-178,-178,-176,-234,-228,-234,-197,-204,-204,-217,-196,-196,-216,-178,-212,-212,-226,-188,-192,-168,-188,-188,-206,-198,-198,-181,-196,-196,-195,-182,-182,-195,-239,-182,-218,-229,-231,-218,-217,-216,-216,-216,-211,-211,-230,-188,-187,-190,-236,-182,-197,-235,-235,-235,-228,-218,-195,-195,-216,-235,-216,-216,-216,-255,-202,-196,-209,-209,-228,-235,-200,-212,-212,-212,-212,-206,-211,-222,-209,-214,-196,-211,-211,-210,-235,-235,-210,-210,-210,-217,-216,-216,-215,-228,-228,-234,-214,-233,-228,-238,-237,-261,-212,-210,-228,-228,-223,-228,-228,-228,-241,-227,-229,-229,-210,-230,-274,-254,-254,-254,-242,-253,-236,-239,-224,-281,-281,-241,-224,-224,-224,-225,-224,-286,-286,-286,-246,-240,-240,-239,-230,-230,-257,-245,-229,-229,-237,-244,-244,-236,-243,-238,-261,-244,-256,-221,-253,-253,-262,-265,-259,-275,-251,-237,-251,-275,-274,-268,-293,-237,-258,-255,-238,-280,-280,-279,-269,-269,-269,-269,-269,-289,-254,-278,-257,-243,-266,-266,-287,-262,-279,-284,-284,-238,-256,-240,-248,-255,-241,-293,-293,-293,-293,-293,-293,-293,-293,-293,-293,-293,-293,-293,-293,-293,-293,-293,-293,-265,-265,-265,-265,-265,-265,-265,-265,-265,-265,-265,-265,-265,-265,-265,-265,-265,-265,-265,-265,-265,-265,-239,-281,-281,-281,-281,-281,-281,-281,-281,-281,-281,-281,-281,-281,-281,-281,-257,-257,-257,-257,-257,-257,-253,-253,-256,-251,-275,-235,-247,-245,-238,-250,-274,-237,-247,-247,-247,-247,-262,-262,-280,-280,-280,-234,-234,-274,-274,-274,-274,-274,-274,-274,-274,-274,-274,-274,-274,-274,-274,-274,-274,-250,-250,-250,-243,-266,-266,-245,-265,-260,-260,-285,-244,-302,-270,-270,-263,-299,-299,-259,-258,-298,-234,-254,-254,-254,-242,-233,-241,-241,-268,-268,-268,-268,-268,-268,-268,-268,-268,-268,-268,-268,-268,-268,-268,-268,-268,-268,-268,-268,-268,-268,-268,-268,-268,-268,-268,-268,-268,-268,-268,-268,-268,-268,-268,-268,-268,-268,-268,-268,-268,-268,-268,-268,-268,-262,-295,-273,-250,-292,-255,-249,-286,-286,-286,-286,-286,-286,-286,-286,-286,-286,-286,-286,-286,-286,-286,-286,-286,-250,-250,-262,-262,-262,-262,-258,-261,-261,-289,-242,-254,-278,-250,-248,-248,-247,-248,-246,-285,-285,-246,-284,-284,-284,-245,-254,-257,-260,-243,-275,-268,-310,-252,-287,-286,-281,-281,-266,-296,-295,-310,-309,-271,-263,-286,-286,-286,-286,-286,-286,-301,-300,-266,-293,-304,-303,-299,-293,-299,-301,-292,-298,-292,-291,-297,-291,-293,-292,-292,-280,-295,-301,-299,-295,-280,-302,-294,-302,-296,-293,-303,-297,-291,-296,-289,-288,-294,-295,-294,-294,-304,-296,-305,-302,-309,-296,-298,-298,-301,-301,-294,-294,-294,-307,-300,-299,-299,-299,-305,-287,-287,-282,-296
How wait,	394464/3046,	7,7,6,6,6,6,6,6,7,16,16,16,16,17,17,17,19,20,20,20,19,19,22,22,19,19,21,23,19,19,19,2,2,2,2,25,2,2,2,2,2,2,2,2,26,2,2,2,2,2,2,2,2,4,4,2,2,2,2,4,4,2,2,2,2,13,13,13,4,4,2,2,2,2,14,13,15,14,15,10,13,13,15,14,43,43,15,10,10,13,13,5,4,4,2,2,2,1,43,53,44,43,60,64,58,60,73,73,73,73,39,61,60,60,61,61,59,59,64,67,27,25,25,74,39,57,61,61,60,60,59,59,67,17,73,80,67,67,71,74,79,73,74,72,23,80,86,85,86,64,64,58,59,63,63,57,60,67,60,60,60,60,60,60,71,71,79,79,79,80,80,79,72,16,15,43,43,72,72,13,67,67,74,95,95,89,89,88,95,95,95,95,95,88,88,95,95,95,95,52,57,57,57,64,51,61,61,63,63,64,71,79,80,91,73,94,95,95,97,97,97,97,90,90,49,49,48,46,47,64,64,98,67,27,27,97,65,67,67,67,67,25,25,73,65,65,72,72,73,61,61,98,98,97,97,97,98,99,98,98,99,86,99,99,98,43,97,99,99,106,65,61,111,112,112,112,77,77,115,117,115,123,123,123,123,123,123,123,127,126,126,126,128,128,131,130,130,130,128,129,131,130,131,132,132,132,136,136,136,136,136,138,138,139,139,139,138,139,140,140,141,140,144,144,144,143,145,144,147,147,147,147,147,147,147,147,147,147,147,147,148,148,148,149,148,148,153,153,155,155,155,155,155,155,155,156,157,159,163,149,149,163,163,127,126,126,131,130,129,145,134,151,157,150,155,155,156,156,156,156,157,163,153,165,153,182,182,182,186,175,115,115,125,125,137,140,146,160,160,160,142,143,154,154,154,160,121,155,155,168,168,164,164,165,147,169,186,186,186,186,186,186,164,164,166,161,124,124,130,130,130,130,129,128,144,166,166,147,156,175,175,175,175,175,173,173,175,165,162,154,168,182,182,179,178,178,132,132,132,132,132,132,144,144,113,134,138,143,143,145,145,137,144,144,153,153,153,134,142,138,140,142,164,164,186,186,187,156,163,164,164,126,138,139,131,148,148,142,154,190,190,190,156,186,186,186,187,156,157,182,187,189,146,149,172,189,189,189,189,189,148,166,179,191,192,192,192,171,193,194,196,196,196,196,198,196,197,197,193,198,198,199,200,197,198,198,198,198,199,200,161,163,163,163,163,199,199,200,202,202,202,202,202,202,202,203,203,204,204,201,203,203,203,204,204,204,179,198,199,199,194,203,205,171,206,189,205,208,208,208,208,212,210,208,208,210,208,208,209,209,209,209,209,209,209,210,210,210,211,212,211,211,210,210,209,210,212,212,208,210,213,209,214,193,194,194,214,213,213,213,215,215,216,214,214,215,215,215,215,215,216,216,214,216,215,218,216,218,219,219,219,219,222,222,220,221,222,220,221,222,222,221,222,224,225,225,224,229,229,228,228,228,227,229,229,228,228,228,228,228,229,228,232,232,232,231,231,232,231,231,249,249,249,249,237,211,207,207,248,206,240,240,231,233,240,238,206,206,211,211,227,215,221,220,228,222,220,221,207,207,207,248,248,206,263,263,262,238,239,237,262,277,277,277,277,262,210,209,215,243,244,221,256,256,256,211,257,257,257,238,258,279,279,258,258,263,263,278,280,252,252,216,232,277,277,231,279,255,258,258,258,258,270,270,270,270,270,270,270,270,271,278,269,269,269,277,248,248,248,228,233,280,221,284,283,283,283,238,286,258,284,286,287,288,288,288,288,288,287,286,287,288,287,287,287,286,289,286,286,287,287,288,290,294,294,293,294,294,293,293,294,292,293,299,298,298,300,301,302,299,299,300,306,305,306,306,308,305,306,305,306,307,307,76,75,75,75,70,76,75,75,76,75,75,75,70,70,70,69,76,75,75,76,75,75,75,70,70,70,69,69,69,77,77,77,76,76,76,75,75,75,77,77,77,2,1,1,1,1,1,1,0,0,0,0,1,1,1,1,0,0,0,0,0,0,1,1,1,0,0,0,0,0,2,1,0,0,0,0,1,0,0,1,0,0,1,1,1,0,1,1,0,0,0,0,1,1,1,0,0,1,1,1,0,0,0,1,1,0,0,0,1,0,0,0,2,1,1,1,1,2,1,1,1,0,1,0,1,2,0,0,1,0,0,1,0,0,1,0,0,0,2,0,0,1,1,1,0,1,0,0,2,1,0,0,1,1,0,1,1,2,0,0,1,2,2,2,2,4,2,2,2,2,5,1,4,5,4,2,2,2,2,2,5,4,5,5,4,5,5,4,4,4,4,4,4,4,4,4,6,6,6,5,11,11,11,11,11,11,11,11,2,0,2,2,2,4,2,0,1,2,0,3,3,3,3,3,2,2,3,3,3,5,0,1,0,0,0,0,1,0,0,0,0,0,0,0,6,2,11,1,6,6,10,11,10,11,1,1,1,2,5,1,1,1,0,11,1,2,0,0,1,1,1,0,13,13,13,14,14,14,1,13,13,0,0,1,2,8,13,0,0,0,0,1,2,3,11,14,11,13,13,13,1,1,1,1,13,13,13,15,0,0,0,1,4,5,0,0,1,4,13,13,1,1,2,3,0,1,1,2,2,2,11,15,0,0,0,3,0,0,1,1,2,13,13,14,1,1,1,11,11,11,13,13,15,15,16,15,15,15,17,17,16,0,0,1,11,11,4,11,11,11,11,11,11,11,11,11,11,11,11,11,11,11,11,11,11,11,11,0,0,1,0,0,0,0,5,5,6,4,17,17,5,5,6,4,5,5,3,3,3,3,3,3,3,3,3,3,3,3,3,3,3,3,3,3,3,3,3,3,3,3,3,3,3,3,3,3,3,3,3,3,3,3,3,3,3,3,3,3,3,3,3,20,5,4,20,7,20,22,22,23,21,21,24,23,23,24,24,14,7,24,26,25,26,24,27,27,27,27,27,28,27,26,28,28,29,29,29,29,20,32,3,3,33,32,5,4,33,32,33,35,37,35,35,39,38,38,41,41,41,12,12,12,12,12,12,12,12,12,12,12,12,12,12,42,42,42,44,44,44,42,42,44,3,3,5,4,48,48,49,47,48,48,47,49,49,52,52,50,51,52,52,54,54,54,56,54,40,40,40,40,40,40,40,40,12,12,12,12,12,12,12,12,12,12,12,12,12,12,12,12,12,12,12,12,54,59,58,59,60,58,59,59,61,63,63,64,63,63,65,65,66,66,66,65,65,65,65,64,67,67,67,63,63,66,66,63,11,10,69,67,67,66,69,66,65,67,18,18,18,18,18,18,18,18,18,18,70,70,70,71,76,76,76,76,76,76,72,74,75,75,76,74,77,77,77,21,21,49,77,79,79,76,78,79,78,78,78,31,31,31,82,82,83,83,81,81,81,83,82,83,83,83,82,83,82,82,81,81,80,82,81,82,82,55,55,55,55,55,66,71,71,72,72,72,71,72,66,66,85,86,83,85,88,86,87,87,89,76,77,76,76,77,62,62,62,62,62,62,90,90,90,91,92,92,92,91,92,66,66,66,65,65,65,65,92,94,93,93,93,94,94,95,18,18,18,18,18,18,18,18,18,18,18,18,18,18,18,18,18,18,18,18,18,18,18,18,18,18,18,18,18,18,18,18,18,18,18,18,18,18,18,18,18,18,18,18,86,85,96,96,96,96,84,84,84,84,99,101,100,87,89,89,88,23,50,11,49,54,56,61,63,63,10,78,41,42,42,44,44,45,47,48,48,55,77,40,40,40,40,40,59,69,33,67,76,79,79,82,83,83,83,81,74,74,74,74,74,38,45,44,36,71,86,87,87,38,38,93,93,103,103,92,101,102,102,102,103,91,91,84,85,86,91,92,93,100,100,101,103,103,103,103,90,67,55,55,55,55,55,40,35,35,42,42,33,34,65,65,82,81,81,81,82,102,102,102,100,100,100,102,103,103,104,84,84,84,84,102,102,103,103,103,103,104,76,78,78,92,94,101,101,101,101,37,50,51,54,54,78,28,42,67,77,77,77,42,55,66,70,70,70,94,95,54,56,45,100,76,76,76,62,62,62,62,62,62,62,91,92,92,103,103,103,103,103,103,103,103,105,103,104,105,107,104,104,107,106,106,106,106,107,107,108,108,107,108,31,31,31,31,31,31,31,31,31,31,31,31,31,31,31,31,31,31,31,31,31,31,31,31,31,31,31,31,31,31,31,31,31,31,31,31,31,31,31,31,31,31,31,31,31,52,52,41,32,40,47,54,81,81,101,31,74,99,100,100,100,101,58,59,60,83,83,83,52,58,59,76,82,105,103,104,105,107,108,108,108,108,108,108,108,108,108,108,108,108,99,99,62,62,110,110,111,111,111,111,111,111,111,111,111,111,113,113,67,67,115,115,106,107,114,117,117,116,115,114,117,117,116,116,116,116,116,121,118,118,118,118,121,121,120,118,119,119,67,119,119,121,74,122,123,123,124,120,122,122,122,125,125,125,125,124,124,126,126,124,125,126,128,128,129,129,128,128,129,127,127,128,129,127,127,132,131,129,132,132,132,132,136,134,135,135,135,134,133,135,135,135,134,137,137,138,138,139,140,138,138,138,138,139,139,140,140,138,139,140,139,141,142,140,143,144,145,143,143,143,145,145,145,146,146,146,148,145,147,148,148,148,149,149,149,108,108,108,149,150,151,151,150,151,149,150,149,151,152,152,152,150,150,154,155,154,154,153,153,154,156,159,159,160,159,160,157,157,160,159,162,161,160,160,160,161,161,133,133,133,164,161,165,164,165,165,165,166,139,139,139,168,169,169,169,171,170,170,172,170,172,172,172,172,173,172,173,172,146,146,146,176,178,178,178,178,178,179,151,151,151,151,179,180,180,179,181,181,181,183,185,185,183,185,182,158,158,158,158,187,174,180,180,180,174,174,174,185,187,189,185,187,187,188,188,188,188,188,188,188,188,189,189,191,191,190,190,192,190,191,191,191,143,134,135,135,142,191,191,140,149,149,158,158,158,158,158,158,158,158,158,158,158,158,158,190,190,192,150,151,151,158,165,166,187,189,169,171,185,146,146,146,145,172,173,172,192,192,129,127,127,128,120,119,119,119,129,172,170,172,173,140,139,141,139,139,139,183,185,188,189,189,168,176,176,176,180,180,187,188,174,180,180,180,152,152,152,191,192,192,194,193,193,120,122,126,135,135,134,177,178,178,178,179,133,152,146,146,146,187,147,176,176,177,183,183,183,183,183,187,187,190,191,191,193,193,193,194,194,181,193,193,193,196,182,158,158,158,118,120,120,119,118,118,118,118,164,165,165,191,185,185,194,194,183,184,185,193,193,194,194,133,133,133,164,177,177,182,193,161,170,170,170,170,170,170,170,170,170,170,179,181,195,195,195,195,195,195,195,195,195,196,196,197,195,195,195,196,198,198,198,199,197,197,196,124,124,131,137,137,138,129,135,135,184,184,184,151,151,151,151,188,188,188,188,188,188,188,188,188,192,192,149,151,180,195,195,196,165,179,197,199,199,199,199,199,186,186,186,198,200,200,200,161,187,187,187,180,180,180,198,199,199,199,201,201,202,202,203,203,205,205,203,203,203,204,205,207,208,206,205,206,210,211,206,207,208,208,208,208,208,208,211,208,208,209,210,210,208,209,210,210,212,212,213,175,212,212,210,212,212,212,212,212,211,212,212,209,213,215,216,215,215,215,216,215,214,214,214,215,215,218,218,219,218,220,221,222,221,221,221,222,222,220,227,225,225,225,228,226,227,229,227,229,229,231,231,231,231,231,233,233,231,233,237,237,237,236,236,234,234,236,236,237,239,238,239,239,239,243,217,217,217,247,247,247,248,246,246,247,247,247,248,245,247,247,244,247,247,247,223,223,223,223,223,223,223,223,223,253,253,252,251,254,254,230,230,230,230,230,230,230,230,258,258,261,262,262,262,263,235,235,235,235,235,235,235,235,235,235,235,235,235,264,263,262,264,264,265,263,267,269,267,267,267,268,268,267,267,267,242,242,242,242,242,242,269,270,268,271,236,271,271,271,272,274,273,275,276,68,278,278,277,279,279,279,279,279,278,279,280,281,283,283,282,256,228,230,226,227,215,242,242,242,242,242,242,242,242,242,242,242,242,242,242,242,242,242,242,283,283,283,283,283,283,283,283,283,283,283,283,283,283,283,283,283,283,283,283,283,283,213,230,230,230,230,230,230,230,230,230,230,230,230,230,230,230,267,267,267,267,267,267,271,271,234,275,276,229,231,233,239,274,275,238,242,242,242,242,283,283,284,284,284,252,252,223,223,223,223,223,223,223,223,223,223,223,223,223,223,223,223,254,260,260,281,281,281,269,274,284,284,275,268,282,283,283,284,285,285,274,282,284,235,253,253,253,254,234,236,236,68,261,261,261,261,261,261,261,261,261,261,261,261,261,261,261,261,261,261,261,261,261,261,261,261,261,261,261,261,261,261,261,261,261,261,261,261,261,261,261,261,261,261,261,261,261,285,287,288,288,286,287,221,235,235,235,235,235,235,235,235,235,235,235,235,235,235,235,235,235,268,268,272,272,272,272,276,239,239,281,243,278,279,234,236,236,235,266,264,283,283,264,288,288,288,252,258,257,259,261,276,277,68,294,259,285,296,274,274,68,300,301,300,299,270,287,279,279,279,279,279,279,305,304,68,286,311,310,312,312,312,308,311,311,311,310,310,310,313,312,311,311,68,316,316,314,316,68,323,68,328,328,314,329,329,317,328,315,314,68,333,332,332,336,70,331,311,316,334,330,330,316,316,280,280,280,306,307,306,306,306,304,300,300,301,322


Missed people's location (Destination / Demand time) At 1439
A Station,	
B Station,	
C Station,	(B/1128/-1), (B/1128/-1), (B/1128/-1), (B/1128/-1), (B/1128/-1), (B/1128/-1), (B/1128/-1), (B/1128/-1), (B/1128/-1), (B/1128/-1), (B/1128/-1), (B/1128/-1), (B/1128/-1), (B/1128/-1), (B/1128/-1), (B/1128/-1), (B/1128/-1), (B/1128/-1), (B/1128/-1), (B/1128/-1), (B/1128/-1), (B/1128/-1), (B/1128/-1), (B/1128/-1), (B/1128/-1), (B/1128/-1), (B/1128/-1), (B/1129/-1), (B/1129/-1), (N/1129/-1), (M/1129/-1), (S/1130/-1), (B/1130/-1), (L/1131/-1), (L/1131/-1), (B/1131/-1), (B/1131/-1), (N/1132/-1), (N/1132/-1), (N/1132/-1), (N/1132/-1), (N/1132/-1), (N/1132/-1), (N/1132/-1), (N/1132/-1), (N/1132/-1), (N/1132/-1), (N/1132/-1), (N/1132/-1), (N/1132/-1), (N/1132/-1), (N/1132/-1), (N/1132/-1), (N/1132/-1), (N/1132/-1), (N/1132/-1), (N/1132/-1), (N/1132/-1), (N/1132/-1), (N/1132/-1), (N/1132/-1), (N/1132/-1), (N/1132/-1), (N/1132/-1), (N/1132/-1), (N/1132/-1), (N/1132/-1), (N/1132/-1), (N/1132/-1), (N/1132/-1), (N/1132/-1), (N/1132/-1), (N/1132/-1), (N/1132/-1), (N/1132/-1), (N/1132/-1), (N/1132/-1), (N/1132/-1), (N/1132/-1), (N/1132/-1), (N/1132/-1), (N/1132/-1), (N/1132/-1), (N/1132/-1), (N/1132/-1), (N/1132/-1), (N/1132/-1), (N/1132/-1), (N/1132/-1), (N/1132/-1), (N/1132/-1), (N/1132/-1), (N/1132/-1), (N/1132/-1), (N/1132/-1), (N/1132/-1), (N/1132/-1), (N/1132/-1), (N/1132/-1), (N/1132/-1), (N/1132/-1), (N/1132/-1), (N/1132/-1), (N/1132/-1), (N/1132/-1), (N/1132/-1), (N/1132/-1), (N/1132/-1), (N/1132/-1), (N/1132/-1), (N/1132/-1), (N/1132/-1), (N/1132/-1), (N/1132/-1), (N/1132/-1), (N/1132/-1), (N/1132/-1), (N/1132/-1), (N/1132/-1), (N/1132/-1), (N/1132/-1), (N/1132/-1), (N/1132/-1), (N/1132/-1), (N/1132/-1), (N/1132/-1), (N/1132/-1), (N/1132/-1), (N/1132/-1), (N/1132/-1), (N/1132/-1), (N/1132/-1), (N/1132/-1), (N/1132/-1), (N/1132/-1), (N/1132/-1), (N/1132/-1), (N/1132/-1), (N/1132/-1), (N/1132/-1), (N/1132/-1), (N/1132/-1), (N/1132/-1), (N/1132/-1), (N/1132/-1), (N/1132/-1), (N/1132/-1), (N/1132/-1), (N/1132/-1), (N/1132/-1), (N/1132/-1), (N/1132/-1), (N/1132/-1), (N/1132/-1), (N/1132/-1), (N/1132/-1), (N/1132/-1), (N/1132/-1), (N/1132/-1), (N/1132/-1), (N/1132/-1), (N/1132/-1), (N/1132/-1), (N/1132/-1), (N/1132/-1), (N/1132/-1), (N/1132/-1), (N/1132/-1), (N/1132/-1), (N/1132/-1), (N/1132/-1), (N/1132/-1), (N/1132/-1), (N/1132/-1), (N/1132/-1), (N/1132/-1), (N/1132/-1), (N/1132/-1), (N/1132/-1), (N/1132/-1), (N/1132/-1), (N/1132/-1), (N/1132/-1), (N/1132/-1), (N/1132/-1), (N/1132/-1), (N/1132/-1), (N/1132/-1), (N/1132/-1), (N/1132/-1), (N/1132/-1), (N/1132/-1), (N/1132/-1), (N/1132/-1), (N/1132/-1), (N/1132/-1), (N/1132/-1), (N/1132/-1), (N/1132/-1), (N/1132/-1), (N/1132/-1), (N/1132/-1), (N/1132/-1), (N/1132/-1), (N/1132/-1), (N/1132/-1), (N/1132/-1), (N/1132/-1), (N/1132/-1), (N/1132/-1), (N/1132/-1), (N/1132/-1), (N/1132/-1), (N/1132/-1), (N/1132/-1), (N/1132/-1), (N/1132/-1), (N/1132/-1), (N/1132/-1), (N/1132/-1), (N/1132/-1), (N/1132/-1), (N/1132/-1), (N/1132/-1), (N/1132/-1), (N/1132/-1), (N/1132/-1), (N/1132/-1), (N/1132/-1), (N/1132/-1), (N/1132/-1), (N/1132/-1), (N/1132/-1), (N/1132/-1), (N/1132/-1), (N/1132/-1), (N/1132/-1), (N/1132/-1), (N/1132/-1), (N/1132/-1), (N/1132/-1), (N/1132/-1), (N/1132/-1), (N/1132/-1), (N/1132/-1), (N/1132/-1), (N/1132/-1), (N/1132/-1), (N/1132/-1), (N/1132/-1), (N/1132/-1), (N/1132/-1), (N/1132/-1), (N/1132/-1), (N/1132/-1), (N/1132/-1), (N/1132/-1), (N/1132/-1), (N/1132/-1), (N/1132/-1), (N/1132/-1), (N/1132/-1), (N/1132/-1), (N/1132/-1), (N/1132/-1), (N/1132/-1), (N/1132/-1), (N/1132/-1), (N/1132/-1), (N/1132/-1), (N/1132/-1), (N/1132/-1), (N/1132/-1), (N/1132/-1), (N/1132/-1), (N/1132/-1), (N/1132/-1), (N/1132/-1), (N/1132/-1), (N/1132/-1), (N/1132/-1), (N/1132/-1), (N/1132/-1), (N/1132/-1), (N/1132/-1), (N/1132/-1), (N/1132/-1), (N/1132/-1), (N/1132/-1), (N/1132/-1), (N/1132/-1), (N/1132/-1), (N/1132/-1), (N/1132/-1), (N/1132/-1), (N/1132/-1), (N/1132/-1), (N/1132/-1), (N/1132/-1), (N/1132/-1), (N/1132/-1), (N/1132/-1), (N/1132/-1), (N/1132/-1), (N/1132/-1), (N/1132/-1), (N/1132/-1), (N/1132/-1), (N/1132/-1), (N/1132/-1), (N/1132/-1), (N/1132/-1), (N/1132/-1), (N/1132/-1), (N/1132/-1), (N/1132/-1), (N/1132/-1), (N/1132/-1), (N/1132/-1), (N/1132/-1), (N/1132/-1), (N/1132/-1), (N/1132/-1), (N/1132/-1), (N/1132/-1), (N/1132/-1), (N/1132/-1), (N/1132/-1), (N/1132/-1), (N/1132/-1), (N/1132/-1), (N/1132/-1), (N/1132/-1), (N/1132/-1), (N/1132/-1), (N/1132/-1), (N/1132/-1), (N/1132/-1), (N/1132/-1), (N/1132/-1), (N/1132/-1), (N/1132/-1), (N/1132/-1), (N/1132/-1), (N/1132/-1), (N/1132/-1), (N/1132/-1), (N/1132/-1), (N/1132/-1), (N/1132/-1), (N/1132/-1), (N/1132/-1), (N/1132/-1), (N/1132/-1), (N/1132/-1), (N/1132/-1), (N/1132/-1), (N/1132/-1), (N/1132/-1), (N/1132/-1), (N/1132/-1), (N/1132/-1), (N/1132/-1), (N/1132/-1), (N/1132/-1), (N/1132/-1), (N/1132/-1), (N/1132/-1), (N/1132/-1), (N/1132/-1), (N/1132/-1), (N/1132/-1), (N/1132/-1), (N/1132/-1), (N/1132/-1), (N/1132/-1), (N/1132/-1), (N/1132/-1), (N/1132/-1), (N/1132/-1), (N/1132/-1), (N/1132/-1), (N/1132/-1), (N/1132/-1), (N/1132/-1), (N/1132/-1), (N/1132/-1), (N/1132/-1), (N/1132/-1), (N/1132/-1), (N/1132/-1), (N/1132/-1), (N/1132/-1), (N/1132/-1), (N/1132/-1), (N/1132/-1), (N/1132/-1), (N/1132/-1), (N/1132/-1), (N/1132/-1), (N/1132/-1), (N/1132/-1), (N/1132/-1), (N/1132/-1), (N/1132/-1), (N/1132/-1), (N/1132/-1), (N/1132/-1), (N/1132/-1), (N/1132/-1), (N/1132/-1), (N/1132/-1), (N/1132/-1), (N/1132/-1), (N/1132/-1), (N/1132/-1), (N/1132/-1), (N/1132/-1), (N/1132/-1), (N/1132/-1), (N/1132/-1), (N/1132/-1), (N/1132/-1), (N/1132/-1), (N/1132/-1), (N/1132/-1), (N/1132/-1), (N/1132/-1), (N/1132/-1), (N/1132/-1), (N/1132/-1), (N/1132/-1), (N/1132/-1), (N/1132/-1), (N/1132/-1), (N/1132/-1), (N/1132/-1), (N/1132/-1), (N/1132/-1), (N/1132/-1), (N/1132/-1), (N/1132/-1), (N/1132/-1), (B/1132/-1), (B/1132/-1), (S/1132/-1), (B/1133/-1), (R/1134/-1), (R/1134/-1), (R/1134/-1), (B/1134/-1), (R/1135/-1), (V/1137/-1), (V/1137/-1), (P/1137/-1)
D Station,	
E Station,	(R/1129/-1), (R/1130/-1), (M/1130/-1), (R/1131/-1), (M/1131/-1), (P/1131/-1), (M/1132/-1), (M/1132/-1), (P/1133/-1), (P/1133/-1), (V/1133/-1), (Q/1135/-1)
F Station,	(V/1135/-1), (Q/1138/-1)
G Station,	(N/1129/-1), (N/1129/-1), (N/1129/-1), (N/1129/-1), (N/1129/-1), (N/1129/-1), (N/1129/-1), (N/1129/-1), (N/1129/-1), (N/1129/-1), (N/1129/-1), (N/1129/-1), (N/1129/-1), (N/1129/-1), (N/1129/-1), (N/1129/-1), (N/1129/-1), (N/1129/-1), (N/1129/-1), (N/1129/-1), (N/1129/-1), (N/1129/-1), (N/1129/-1), (N/1129/-1), (N/1129/-1), (N/1129/-1), (N/1129/-1), (N/1129/-1), (N/1129/-1), (N/1129/-1), (N/1129/-1), (N/1129/-1), (N/1129/-1), (N/1129/-1), (N/1129/-1), (N/1129/-1), (N/1129/-1), (N/1129/-1), (N/1129/-1), (N/1129/-1), (N/1129/-1), (N/1129/-1), (N/1129/-1), (N/1129/-1), (N/1129/-1), (N/1129/-1), (N/1129/-1), (N/1129/-1), (N/1129/-1), (N/1129/-1), (N/1129/-1), (N/1129/-1), (N/1129/-1), (N/1129/-1), (N/1129/-1), (N/1129/-1), (N/1129/-1), (N/1129/-1), (N/1129/-1), (N/1129/-1), (N/1129/-1), (N/1129/-1), (N/1129/-1), (N/1129/-1), (N/1129/-1), (N/1129/-1), (N/1129/-1), (N/1129/-1), (N/1129/-1), (N/1129/-1), (N/1129/-1), (N/1129/-1), (N/1129/-1), (N/1129/-1), (N/1129/-1), (N/1129/-1), (N/1129/-1), (N/1129/-1), (N/1129/-1), (N/1129/-1), (N/1129/-1), (N/1129/-1), (N/1129/-1), (N/1129/-1), (N/1129/-1), (N/1129/-1), (N/1129/-1), (N/1129/-1), (N/1129/-1), (N/1129/-1), (N/1129/-1), (N/1129/-1), (N/1129/-1), (N/1129/-1), (N/1129/-1), (N/1129/-1), (N/1129/-1), (N/1129/-1), (N/1129/-1), (N/1129/-1), (N/1129/-1), (N/1129/-1), (N/1129/-1), (N/1129/-1), (N/1129/-1), (N/1129/-1), (N/1129/-1), (N/1129/-1), (N/1129/-1), (N/1129/-1), (N/1129/-1), (N/1129/-1), (N/1129/-1), (N/1129/-1), (N/1129/-1), (N/1129/-1), (N/1129/-1), (N/1129/-1), (N/1129/-1), (N/1129/-1), (N/1129/-1), (N/1129/-1), (N/1129/-1), (N/1129/-1), (N/1129/-1), (N/1129/-1), (N/1129/-1), (N/1129/-1), (N/1129/-1), (N/1129/-1), (N/1129/-1), (N/1129/-1), (N/1129/-1), (N/1129/-1), (N/1129/-1), (N/1129/-1), (N/1129/-1), (N/1129/-1), (N/1129/-1), (N/1129/-1), (N/1129/-1), (N/1129/-1), (N/1129/-1), (N/1129/-1), (N/1129/-1), (N/1129/-1), (N/1129/-1), (N/1129/-1), (N/1129/-1), (N/1129/-1), (N/1129/-1), (N/1129/-1), (N/1129/-1), (N/1129/-1), (N/1129/-1), (N/1129/-1), (N/1129/-1), (N/1129/-1), (N/1129/-1), (N/1129/-1), (N/1129/-1), (N/1129/-1), (N/1129/-1), (N/1129/-1), (N/1129/-1), (N/1129/-1), (N/1129/-1), (N/1129/-1), (N/1129/-1), (N/1129/-1), (N/1129/-1), (N/1129/-1), (N/1129/-1), (N/1129/-1), (N/1129/-1), (N/1129/-1), (N/1129/-1), (N/1129/-1), (N/1129/-1), (N/1129/-1), (N/1129/-1), (N/1129/-1), (N/1129/-1), (N/1129/-1), (N/1129/-1), (N/1129/-1), (N/1129/-1), (N/1129/-1), (N/1129/-1), (N/1129/-1), (N/1129/-1), (N/1129/-1), (N/1129/-1), (N/1129/-1), (N/1129/-1), (N/1129/-1), (N/1129/-1), (N/1129/-1), (N/1129/-1), (N/1129/-1), (N/1129/-1), (N/1129/-1), (N/1129/-1), (N/1129/-1), (N/1129/-1), (N/1129/-1), (N/1129/-1), (N/1129/-1), (N/1129/-1), (N/1129/-1), (N/1129/-1), (N/1129/-1), (N/1129/-1), (N/1129/-1), (N/1129/-1), (N/1129/-1), (N/1129/-1), (N/1129/-1), (N/1129/-1), (N/1129/-1), (N/1129/-1), (N/1129/-1), (N/1129/-1), (N/1129/-1), (N/1129/-1), (N/1129/-1), (N/1129/-1), (N/1129/-1), (N/1129/-1), (N/1129/-1), (N/1129/-1), (N/1129/-1), (N/1129/-1), (N/1129/-1), (N/1129/-1), (N/1129/-1), (N/1129/-1), (N/1129/-1), (N/1129/-1), (N/1129/-1), (N/1129/-1), (N/1129/-1), (N/1129/-1), (N/1129/-1), (N/1129/-1), (N/1129/-1), (N/1129/-1), (N/1129/-1), (N/1129/-1), (N/1129/-1), (N/1129/-1), (N/1129/-1), (N/1129/-1), (N/1129/-1), (N/1129/-1), (N/1129/-1), (N/1129/-1), (N/1129/-1), (N/1129/-1), (N/1129/-1), (N/1129/-1), (N/1129/-1), (N/1129/-1), (N/1129/-1), (N/1129/-1), (N/1129/-1), (N/1129/-1), (N/1129/-1), (N/1129/-1), (N/1129/-1), (R/1129/-1), (B/1130/-1), (R/1130/-1), (L/1130/-1), (L/1130/-1), (R/1131/-1), (R/1131/-1), (L/1131/-1), (R/1132/-1), (P/1132/-1), (P/1132/-1), (P/1132/-1), (L/1133/-1), (P/1133/-1), (P/1133/-1), (P/1133/-1), (P/1134/-1), (P/1134/-1), (V/1134/-1), (Q/1134/-1), (Q/1134/-1), (P/1135/-1), (M/1135/-1), (M/1135/-1), (M/1135/-1), (M/1136/-1)
H Station,	(P/1129/-1), (P/1129/-1), (P/1129/-1), (P/1129/-1), (P/1129/-1), (P/1129/-1), (P/1129/-1), (P/1129/-1), (P/1129/-1), (P/1129/-1), (P/1129/-1), (P/1129/-1), (P/1129/-1), (P/1129/-1), (P/1129/-1), (P/1129/-1), (P/1129/-1), (P/1129/-1), (P/1129/-1), (P/1129/-1), (P/1129/-1), (P/1129/-1), (P/1129/-1), (P/1129/-1), (P/1129/-1), (P/1129/-1), (P/1129/-1), (P/1129/-1), (P/1129/-1), (P/1129/-1), (P/1129/-1), (P/1129/-1), (P/1129/-1), (P/1129/-1), (P/1129/-1), (P/1129/-1), (P/1129/-1), (P/1129/-1), (P/1129/-1), (P/1129/-1), (P/1129/-1), (P/1129/-1), (P/1129/-1), (P/1129/-1), (P/1129/-1), (P/1129/-1), (P/1129/-1), (P/1129/-1), (P/1129/-1), (P/1129/-1), (P/1129/-1), (P/1129/-1), (P/1129/-1), (P/1129/-1), (P/1129/-1), (P/1129/-1), (P/1129/-1), (P/1129/-1), (P/1129/-1), (P/1129/-1), (P/1129/-1), (P/1129/-1), (P/1129/-1), (P/1129/-1), (P/1129/-1), (P/1129/-1), (P/1129/-1), (P/1129/-1), (P/1129/-1), (P/1129/-1), (P/1129/-1), (P/1129/-1), (P/1129/-1), (P/1129/-1), (P/1129/-1), (P/1129/-1), (P/1129/-1), (P/1129/-1), (P/1129/-1), (P/1129/-1), (P/1129/-1), (P/1129/-1), (P/1129/-1), (P/1129/-1), (P/1129/-1), (P/1129/-1), (P/1129/-1), (P/1129/-1), (P/1129/-1), (P/1129/-1), (P/1129/-1), (P/1129/-1), (P/1129/-1), (P/1129/-1), (P/1129/-1), (P/1129/-1), (P/1129/-1), (P/1129/-1), (P/1129/-1), (P/1129/-1), (P/1129/-1), (P/1129/-1), (P/1129/-1), (P/1129/-1), (P/1129/-1), (P/1129/-1), (P/1129/-1), (P/1129/-1), (P/1129/-1), (P/1129/-1), (P/1129/-1), (P/1129/-1), (P/1129/-1), (P/1129/-1), (P/1129/-1), (P/1129/-1), (P/1129/-1), (P/1129/-1), (P/1129/-1), (P/1129/-1), (P/1129/-1), (P/1129/-1), (P/1129/-1), (P/1129/-1), (P/1129/-1), (P/1129/-1), (P/1129/-1), (P/1129/-1), (P/1129/-1), (P/1129/-1), (P/1129/-1), (P/1129/-1), (P/1129/-1), (P/1129/-1), (P/1129/-1), (P/1129/-1), (P/1129/-1), (P/1129/-1), (P/1129/-1), (P/1129/-1), (P/1129/-1), (P/1129/-1), (P/1129/-1), (P/1129/-1), (P/1129/-1), (P/1129/-1), (P/1129/-1), (P/1129/-1), (P/1129/-1), (P/1129/-1), (P/1129/-1), (P/1129/-1), (P/1129/-1), (P/1129/-1), (P/1129/-1), (P/1129/-1), (P/1129/-1), (P/1129/-1), (P/1129/-1), (P/1129/-1), (P/1129/-1), (P/1129/-1), (P/1129/-1), (P/1129/-1), (P/1129/-1), (P/1129/-1), (P/1129/-1), (P/1129/-1), (P/1129/-1), (P/1129/-1), (P/1129/-1), (P/1129/-1), (P/1129/-1), (P/1129/-1), (P/1129/-1), (P/1129/-1), (P/1129/-1), (P/1129/-1), (P/1129/-1), (P/1129/-1), (P/1129/-1), (P/1129/-1), (P/1129/-1), (P/1129/-1), (P/1129/-1), (P/1129/-1), (P/1129/-1), (P/1129/-1), (P/1129/-1), (P/1129/-1), (P/1129/-1), (P/1129/-1), (P/1129/-1), (P/1129/-1), (P/1129/-1), (P/1129/-1), (P/1129/-1), (P/1129/-1), (P/1129/-1), (P/1129/-1), (P/1129/-1), (P/1129/-1), (P/1129/-1), (P/1129/-1), (P/1129/-1), (P/1129/-1), (P/1129/-1), (P/1129/-1), (P/1129/-1), (P/1129/-1), (P/1129/-1), (P/1129/-1), (P/1129/-1), (P/1129/-1), (P/1129/-1), (P/1129/-1), (P/1129/-1), (P/1129/-1), (P/1129/-1), (P/1129/-1), (P/1129/-1), (P/1129/-1), (P/1129/-1), (P/1129/-1), (P/1129/-1), (P/1129/-1), (P/1129/-1), (P/1129/-1), (P/1129/-1), (P/1129/-1), (P/1129/-1), (P/1129/-1), (P/1129/-1), (P/1129/-1), (P/1129/-1), (P/1129/-1), (P/1129/-1), (P/1129/-1), (P/1129/-1), (P/1129/-1), (P/1129/-1), (P/1129/-1), (P/1129/-1), (P/1129/-1), (P/1129/-1), (P/1129/-1), (P/1129/-1), (P/1129/-1), (P/1129/-1), (P/1129/-1), (P/1129/-1), (P/1129/-1), (P/1129/-1), (P/1129/-1), (P/1129/-1), (P/1129/-1), (P/1129/-1), (P/1129/-1), (P/1129/-1), (P/1129/-1), (P/1129/-1), (P/1129/-1), (P/1129/-1), (P/1129/-1), (P/1129/-1), (P/1129/-1), (P/1129/-1), (P/1129/-1), (P/1129/-1), (P/1129/-1), (P/1129/-1), (P/1129/-1), (P/1129/-1), (P/1129/-1), (P/1129/-1), (P/1129/-1), (P/1129/-1), (P/1129/-1), (P/1129/-1), (P/1129/-1), (P/1129/-1), (P/1129/-1), (P/1129/-1), (P/1129/-1), (P/1129/-1), (P/1129/-1), (P/1129/-1), (P/1129/-1), (P/1129/-1), (P/1129/-1), (P/1129/-1), (P/1129/-1), (P/1129/-1), (P/1129/-1), (P/1129/-1), (P/1129/-1), (P/1129/-1), (P/1129/-1), (P/1129/-1), (P/1129/-1), (P/1129/-1), (P/1129/-1), (P/1129/-1), (P/1129/-1), (P/1129/-1), (P/1129/-1), (F/1129/-1), (V/1129/-1), (V/1129/-1), (F/1129/-1), (V/1129/-1), (L/1129/-1), (N/1129/-1), (B/1129/-1), (N/1129/-1), (N/1129/-1), (N/1129/-1), (N/1129/-1), (N/1129/-1), (P/1130/-1), (P/1130/-1), (F/1130/-1), (F/1130/-1), (A/1130/-1), (N/1130/-1), (L/1130/-1), (A/1131/-1), (A/1131/-1), (S/1131/-1), (S/1131/-1), (Q/1131/-1), (N/1131/-1), (N/1131/-1), (R/1131/-1), (S/1132/-1), (Q/1132/-1), (Q/1132/-1), (N/1132/-1), (N/1132/-1), (B/1132/-1), (R/1132/-1), (S/1132/-1), (P/1132/-1), (Q/1133/-1), (B/1133/-1), (B/1133/-1), (O/1133/-1), (O/1133/-1), (R/1133/-1), (L/1135/-1), (P/1135/-1), (P/1135/-1), (P/1135/-1), (V/1135/-1), (V/1136/-1), (Q/1138/-1), (M/1139/-1), (V/1141/-1), (V/1142/-1), (P/1144/-1), (Q/1145/-1), (Q/1145/-1), (Q/1146/-1)
I Station,	(S/1133/-1), (A/1133/-1), (S/1133/-1), (S/1133/-1), (S/1133/-1), (F/1134/-1), (A/1134/-1), (A/1134/-1), (B/1134/-1), (B/1135/-1), (B/1135/-1), (N/1135/-1), (B/1135/-1), (N/1136/-1), (O/1136/-1), (O/1136/-1), (N/1137/-1), (O/1137/-1), (O/1137/-1), (O/1137/-1), (O/1137/-1), (L/1137/-1), (O/1138/-1), (L/1138/-1), (L/1138/-1), (L/1140/-1), (L/1140/-1), (M/1142/-1), (M/1143/-1)
J Station,	(R/1137/-1), (R/1137/-1), (P/1137/-1), (N/1138/-1), (V/1138/-1), (V/1138/-1), (V/1138/-1), (V/1138/-1), (M/1139/-1), (M/1139/-1), (Q/1139/-1), (M/1140/-1), (R/1140/-1)
K Station,	
L Station,	(P/1133/-1), (P/1133/-1), (P/1134/-1), (W/1135/-1), (W/1135/-1), (W/1136/-1), (W/1136/-1), (W/1136/-1), (Q/1136/-1), (Q/1136/-1), (R/1137/-1), (Q/1137/-1), (Q/1137/-1), (V/1139/-1)
M Station,	
N Station,	
O Station,	(W/1133/-1), (W/1133/-1), (N/1135/-1), (W/1135/-1), (R/1137/-1), (R/1137/-1), (V/1139/-1), (V/1139/-1), (V/1140/-1), (V/1140/-1), (Q/1140/-1), (Q/1142/-1), (Q/1143/-1)
P Station,	
Q Station,	(K/1128/-1), (K/1129/-1), (I/1129/-1), (I/1129/-1), (T/1129/-1), (T/1129/-1), (T/1129/-1), (H/1129/-1), (I/1131/-1), (H/1132/-1), (U/1134/-1), (E/1135/-1), (G/1135/-1), (L/1135/-1), (G/1136/-1), (L/1136/-1), (F/1136/-1), (F/1136/-1), (G/1137/-1), (G/1137/-1), (L/1137/-1), (F/1137/-1), (D/1137/-1), (F/1137/-1), (F/1137/-1), (F/1138/-1), (D/1138/-1), (C/1138/-1), (C/1139/-1), (C/1140/-1), (C/1140/-1), (O/1142/-1)
R Station,	(M/1133/-1), (F/1133/-1), (D/1133/-1), (D/1133/-1), (C/1133/-1), (L/1134/-1), (C/1135/-1), (B/1135/-1), (B/1135/-1), (L/1135/-1), (L/1135/-1), (L/1136/-1), (B/1136/-1), (L/1136/-1), (O/1136/-1), (O/1136/-1), (L/1137/-1), (O/1137/-1), (O/1138/-1), (A/1138/-1), (A/1140/-1)
S Station,	(L/1135/-1), (A/1136/-1), (M/1136/-1), (P/1136/-1), (L/1136/-1), (A/1137/-1), (A/1137/-1)
T Station,	(Q/1129/-1), (M/1129/-1), (I/1129/-1), (M/1129/-1), (H/1130/-1), (O/1130/-1), (I/1130/-1), (M/1130/-1), (M/1130/-1), (L/1130/-1), (O/1131/-1), (I/1131/-1), (L/1131/-1), (L/1131/-1), (Q/1132/-1), (A/1133/-1)
U Station,	
V Station,	(B/1128/-1), (B/1128/-1), (B/1128/-1), (B/1128/-1), (B/1128/-1), (B/1128/-1), (B/1128/-1), (B/1128/-1), (B/1128/-1), (B/1128/-1), (B/1128/-1), (B/1128/-1), (B/1128/-1), (B/1128/-1), (B/1128/-1), (B/1128/-1), (B/1128/-1), (B/1128/-1), (B/1128/-1), (B/1128/-1), (B/1128/-1), (B/1128/-1), (B/1128/-1), (B/1128/-1), (B/1128/-1), (B/1128/-1), (B/1128/-1), (B/1128/-1), (B/1128/-1), (B/1128/-1), (B/1128/-1), (B/1128/-1), (B/1128/-1), (B/1128/-1), (B/1128/-1), (B/1128/-1), (B/1128/-1), (B/1128/-1), (B/1128/-1), (B/1128/-1), (B/1128/-1), (B/1128/-1), (B/1128/-1), (B/1128/-1), (B/1128/-1), (B/1128/-1), (B/1128/-1), (B/1128/-1), (B/1128/-1), (B/1128/-1), (B/1128/-1), (B/1128/-1), (B/1128/-1), (B/1128/-1), (B/1128/-1), (B/1128/-1), (B/1128/-1), (B/1128/-1), (B/1128/-1), (B/1128/-1), (B/1128/-1), (B/1128/-1), (B/1128/-1), (B/1128/-1), (B/1128/-1), (B/1128/-1), (B/1128/-1), (B/1128/-1), (B/1128/-1), (B/1128/-1), (B/1128/-1), (B/1128/-1), (B/1128/-1), (B/1128/-1), (B/1128/-1), (B/1128/-1), (B/1128/-1), (B/1128/-1), (B/1128/-1), (B/1128/-1), (B/1128/-1), (B/1128/-1), (B/1128/-1), (B/1128/-1), (B/1128/-1), (B/1128/-1), (B/1128/-1), (B/1128/-1), (H/1129/-1), (U/1129/-1), (U/1129/-1), (N/1129/-1), (N/1129/-1), (N/1129/-1), (N/1129/-1), (N/1129/-1), (P/1129/-1), (P/1129/-1), (Q/1129/-1), (N/1129/-1), (N/1129/-1), (B/1129/-1), (H/1129/-1), (Q/1129/-1), (T/1130/-1), (U/1130/-1), (Q/1130/-1), (N/1130/-1), (N/1130/-1), (B/1130/-1), (U/1131/-1), (Q/1131/-1), (G/1131/-1), (M/1131/-1), (F/1131/-1), (D/1131/-1), (E/1132/-1), (E/1132/-1), (E/1132/-1), (E/1132/-1), (G/1133/-1), (N/1133/-1), (M/1133/-1), (M/1133/-1), (M/1133/-1), (N/1133/-1), (N/1133/-1), (N/1133/-1), (O/1133/-1), (O/1133/-1), (L/1133/-1), (E/1134/-1), (E/1134/-1), (G/1134/-1), (G/1134/-1), (M/1134/-1), (M/1134/-1), (M/1134/-1), (D/1134/-1), (N/1134/-1), (M/1135/-1), (M/1135/-1), (M/1135/-1), (M/1135/-1), (M/1135/-1), (F/1135/-1), (D/1135/-1), (F/1135/-1), (L/1135/-1), (M/1136/-1), (D/1136/-1), (D/1136/-1), (C/1136/-1), (D/1137/-1), (D/1137/-1), (C/1138/-1), (L/1138/-1), (B/1138/-1), (B/1138/-1), (B/1138/-1), (L/1138/-1), (B/1138/-1), (O/1138/-1), (L/1139/-1), (L/1139/-1), (L/1139/-1), (L/1139/-1), (O/1139/-1), (O/1139/-1), (L/1140/-1), (O/1140/-1), (O/1141/-1)
W Station,	(M/1137/-1), (A/1137/-1), (A/1137/-1), (M/1137/-1), (S/1137/-1), (P/1137/-1), (V/1137/-1), (A/1137/-1), (A/1138/-1)
