Express CM	Serviced: 3665, Unfair: 0, UserN :4500
Shuttle0,	0,0,0,0,0,0,0,0,0,0,0,0,0,0,0,0,0,0,0,0,0,0,0,0,0,0,0,0,0,0,0,0,0,0,0,0,0,0,0,0,0,0,0,0,0,0,0,0,0,0,0,0,0,0,0,0,0,0,0,0,0,0,0,0,0,0,0,0,0,0,0,0,0,0,0,0,0,0,0,0,0,0,0,0,0,0,0,0,0,0,0,0,0,0,0,0,0,0,0,0,0,0,0,0,0,0,0,0,0,0,0,0,0,0,0,0,0,0,0,0,0,0,0,0,0,0,0,0,0,0,0,0,0,0,0,0,0,0,0,0,0,0,0,0,0,0,0,0,0,0,0,0,0,0,0,0,0,0,0,0,0,0,0,0,0,0,0,0,0,0,0,0,0,0,0,0,0,0,0,0,0,0,0,0,0,0,0,0,0,0,0,0,0,0,0,0,0,0,0,0,0,0,0,0,0,0,0,0,0,0,0,0,0,0,0,0,0,0,0,0,0,0,0,0,0,0,0,0,0,0,0,0,0,0,0,0,0,0,0,0,0,0,0,0,0,0,0,0,0,0,0,0,0,0,0,0,0,0,0,0,0,0,0,0,0,0,0,0,0,0,0,0,0,0,0,0,0,0,0,0,0,0,0,0,0,0,0,0,0,0,0,0,0,0,0,0,0,0,0,0,0,0,0,0,0,0,0,0,0,0,0,0,0,0,0,0,0,0,0,0,0,0,0,0,0,0,0,0,0,0,0,0,0,0,0,0,0,0,0,0,0,0,0,0,0,0,0,0,0,0,0,0,0,0,0,0,0,0,8,8,8,45,45,45,45,45,45,45,45,45,45,45,45,45,45,45,45,45,45,45,45,45,45,45,45,45,45,45,45,45,45,45,45,45,45,45,45,45,45,45,45,45,45,45,45,45,45,45,45,45,45,45,45,45,45,45,45,45,45,45,45,45,45,45,45,45,45,45,45,45,45,45,45,45,45,45,45,45,45,45,45,45,45,45,45,45,45,45,45,45,45,42,42,42,42,45,45,45,45,45,45,45,44,44,44,45,45,45,45,45,45,45,45,45,45,45,45,45,45,45,45,45,45,45,45,45,45,45,45,45,45,45,45,45,41,41,41,45,45,45,45,45,45,45,45,45,45,45,45,45,45,45,45,45,45,45,40,40,40,45,45,45,45,45,45,45,45,45,45,45,45,45,45,45,45,41,41,41,41,37,37,37,37,37,37,37,32,32,32,28,28,22,22,22,21,21,21,21,13,13,13,13,13,13,13,13,4,4,4,4,5,5,5,5,25,25,25,25,25,25,25,27,27,27,27,27,27,27,27,27,27,27,27,27,26,25,25,25,25,25,25,25,25,25,25,25,25,21,21,21,18,18,18,18,18,18,18,18,18,10,10,10,10,10,10,10,9,9,9,9,8,8,8,7,7,2,2,2,0,0,0,0,0,0,0,0,0,0,0,0,0,0,0,0,0,0,0,0,0,0,0,0,0,0,0,0,0,0,0,0,0,0,0,0,0,0,0,0,0,0,0,0,0,0,0,0,0,0,0,0,0,0,0,0,0,0,0,0,0,0,0,0,0,0,0,0,0,0,0,0,0,0,0,0,0,0,0,0,0,0,0,0,0,0,0,0,0,0,0,0,0,0,0,0,0,0,0,0,0,0,0,0,0,0,0,0,0,0,0,0,0,0,0,0,0,0,0,0,0,0,0,0,0,0,0,0,0,0,0,0,0,0,0,0,0,0,0,0,0,0,0,0,0,0,0,0,0,0,0,0,0,0,0,0,0,0,0,0,0,0,0,0,0,0,0,0,0,0,0,0,0,0,0,0,0,0,0,0,0,0,0,0,0,0,0,0,0,0,0,0,0,0,0,0,0,0,0,0,0,0,0,0,0,0,0,0,0,0,0,0,0,0,0,0,0,0,0,0,0,0,0,0,0,0,0,0,0,0,0,0,0,0,0,0,0,0,0,0,0,0,0,0,0,0,0,0,0,0,0,0,0,0,0,0,0,0,0,0,0,0,0,0,0,0,0,0,0,0,0,0,0,0,0,0,0,0,0,0,0,0,0,0,0,0,0,0,0,0,0,0,0,0,0,0,0,0,0,0,0,0,0,0,0,0,0,0,0,0,0,0,0,0,0,0,0,0,0,0,0,0,0,0,0,0,0,0,0,0,0,0,0,0,0,0,0,0,0,0,0,0,0,0,0,0,0,0,0,0,0,0,0,0,0,0,0,0,0,0,0,0,0,0,0,0,0,0,0,0,0,0,0,0,0,0,0,0,0,0,0,0,0,0,0,0,0,0,0,0,0,0,0,0,0,0,0,0,0,0,0,0,0,0,0,0,0,0,0,0,0,0,0,0,0,0,0,0,0,0,0,0,0,0,0,0,0,0,0,0,0,0,0,0,0,0,0,0,0,0,8,8,8,8,45,45,45,45,45,45,45,45,45,45,45,45,45,45,45,45,45,45,45,45,45,45,45,45,45,45,45,45,45,45,45,45,45,45,45,45,45,45,45,45,45,45,45,45,45,45,45,45,45,45,45,45,45,45,45,45,45,45,45,45,45,45,45,45,45,45,45,45,45,45,45,45,45,45,45,45,45,45,45,45,45,45,45,45,45,45,45,45,45,45,45,45,45,45,44,44,44,44,44,44,45,45,45,45,45,45,45,45,45,45,45,45,45,45,45,45,45,45,45,45,45,45,42,42,42,45,45,45,45,45,45,45,45,45,45,45,45,45,45,45,45,45,45,45,45,45,45,45,45,45,45,45,45,45,45,45,45,45,45,45,45,45,45,45,43,43,43,43,43,43,43,36,36,36,36,36,36,36,35,35,35,35,35,35,45,39,39,39,45,45,39,39,39,45,45,45,45,45,45,45,45,45,45,45,45,45,43,43,43,44,44,44,44,44,44,44,45,45,45,45,43,43,43,45,45,45,45,45,41,41,41,41,35,35,35,35,35,35,35,35,43,43,43,43,45,45,45,45,43,43,43,43,42,42,42,25,25,25,25,25,25,25,20,20,20,20,20,20,45,45,45,45,45,45,45,45,45,45,45,45,45,45,45,45,41,41,41,37,37,37,37,37,37,35,35,35,35,35,35,35,35,35,35,35,35,35,35,34,34,44,44,44,43,43,43,43,43,43,43,43,43,43,43,43,40,40,40,40,40,40,40,40,32,32,32,32,32,32,32,0,0,0,0,0,0,0,0,0,0,0,0,0,0,0,0,0,0,0
Shuttle1,	0,0,0,0,0,0,0,0,0,0,0,0,0,0,0,0,0,0,0,0,0,0,0,0,0,0,0,0,0,0,0,0,0,0,0,0,0,0,0,0,0,0,0,0,0,0,0,0,0,0,0,0,0,0,0,0,0,0,0,0,0,0,0,0,0,0,0,0,0,0,0,0,0,0,0,0,0,0,0,0,0,0,0,0,0,0,0,0,0,0,0,0,0,0,0,0,0,0,0,0,0,0,0,0,0,0,0,0,0,0,0,0,0,0,0,0,0,0,0,0,0,0,0,0,0,0,0,0,0,0,0,0,0,0,0,0,0,0,0,0,0,0,0,0,0,0,0,0,0,0,0,0,0,0,0,0,0,0,0,0,0,0,0,0,0,0,0,0,0,0,0,0,0,0,0,0,0,0,0,0,0,0,0,0,0,0,0,0,0,0,0,0,0,0,0,0,0,0,0,0,0,0,0,0,0,0,0,0,0,0,0,0,0,0,0,0,0,0,0,0,0,0,0,0,0,0,0,0,0,0,0,0,0,0,0,0,0,0,0,0,0,0,0,0,0,0,0,0,0,0,0,0,0,0,0,0,0,0,0,0,0,0,0,0,0,0,0,0,0,0,0,0,0,0,0,0,0,0,0,0,0,0,0,0,0,0,0,0,0,0,0,0,0,0,0,0,0,0,0,0,0,0,0,0,0,0,0,0,0,0,0,0,0,0,0,0,0,0,0,0,0,0,0,0,0,0,0,0,0,0,0,0,0,0,0,0,0,0,0,0,0,0,0,0,0,0,0,0,0,0,0,0,0,0,0,0,0,3,3,3,45,45,45,45,45,45,45,45,45,45,45,45,45,45,45,45,45,45,45,45,45,45,45,45,45,45,45,45,45,45,45,45,45,45,45,45,45,45,45,45,45,45,45,45,45,45,45,45,45,45,45,45,45,45,45,45,45,45,45,45,45,45,45,45,45,45,45,45,45,45,45,45,45,45,45,45,45,45,45,45,45,45,45,45,45,45,45,45,45,45,45,45,45,45,45,41,41,41,45,45,45,45,45,45,45,45,45,45,45,45,45,45,45,45,45,45,45,45,45,45,45,45,45,45,45,45,45,43,43,43,45,45,45,45,45,45,45,45,45,45,45,45,45,45,45,45,45,45,45,41,41,41,45,45,45,45,45,45,45,45,45,45,45,45,45,45,45,45,44,44,44,44,39,39,39,38,38,38,38,33,33,33,28,28,24,24,24,18,18,18,18,17,17,17,17,17,17,17,17,29,29,29,29,45,45,45,45,45,45,45,45,44,44,44,45,45,45,45,45,45,45,41,41,41,41,41,41,37,37,37,37,37,37,37,37,37,35,35,35,35,32,32,32,27,27,27,17,17,17,13,13,13,10,10,10,10,9,9,9,6,6,6,6,6,6,6,3,3,0,0,0,0,0,0,0,0,0,0,0,0,0,0,0,0,0,0,0,0,0,0,0,0,0,0,0,0,0,0,0,0,0,0,0,0,0,0,0,0,0,0,0,0,0,0,0,0,0,0,0,0,0,0,0,0,0,0,0,0,0,0,0,0,0,0,0,0,0,0,0,0,0,0,0,0,0,0,0,0,0,0,0,0,0,0,0,0,0,0,0,0,0,0,0,0,0,0,0,0,0,0,0,0,0,0,0,0,0,0,0,0,0,0,0,0,0,0,0,0,0,0,0,0,0,0,0,0,0,0,0,0,0,0,0,0,0,0,0,0,0,0,0,0,0,0,0,0,0,0,0,0,0,0,0,0,0,0,0,0,0,0,0,0,0,0,0,0,0,0,0,0,0,0,0,0,0,0,0,0,0,0,0,0,0,0,0,0,0,0,0,0,0,0,0,0,0,0,0,0,0,0,0,0,0,0,0,0,0,0,0,0,0,0,0,0,0,0,0,0,0,0,0,0,0,0,0,0,0,0,0,0,0,0,0,0,0,0,0,0,0,0,0,0,0,0,0,0,0,0,0,0,0,0,0,0,0,0,0,0,0,0,0,0,0,0,0,0,0,0,0,0,0,0,0,0,0,0,0,0,0,0,0,0,0,0,0,0,0,0,0,0,0,0,0,0,0,0,0,0,0,0,0,0,0,0,0,0,0,0,0,0,0,0,0,0,0,0,0,0,0,0,0,0,0,0,0,0,0,0,0,0,0,0,0,0,0,0,0,0,0,0,0,0,0,0,0,0,0,0,0,0,0,0,0,0,0,0,0,0,0,0,0,0,0,0,0,0,0,0,0,0,0,0,0,0,0,0,0,0,0,0,0,0,0,0,0,0,0,0,0,0,0,0,0,0,0,0,0,0,0,0,0,0,0,0,0,0,0,0,0,0,0,0,0,0,0,0,0,0,0,0,0,0,0,0,0,0,0,0,0,0,0,0,0,0,0,0,0,0,0,0,0,0,0,0,0,0,0,0,11,11,11,11,11,11,11,22,22,22,22,22,22,45,45,45,45,45,45,45,45,45,45,45,45,45,45,45,45,45,45,45,45,45,45,45,45,45,45,45,45,45,45,45,45,45,45,45,45,45,45,45,45,45,45,45,45,45,45,45,45,45,45,45,45,45,45,45,45,45,45,45,45,45,45,45,45,45,45,45,45,45,45,45,45,45,45,45,45,45,45,41,41,41,41,41,41,45,45,45,45,45,45,45,45,45,45,45,45,45,45,45,45,45,45,45,45,45,45,45,45,45,45,45,45,45,45,45,45,45,45,45,45,45,45,45,45,45,45,45,45,45,45,45,45,45,45,45,45,45,45,45,45,45,45,45,45,45,45,45,45,45,45,45,45,44,44,44,34,34,34,34,34,34,34,30,30,30,30,30,30,45,43,43,43,45,45,41,41,41,45,45,45,45,45,45,45,45,45,45,45,45,45,45,45,45,45,45,45,45,44,44,44,45,45,45,45,40,40,40,45,45,45,45,45,38,38,38,38,45,45,45,45,45,45,45,45,45,45,45,45,45,45,45,45,41,41,41,41,36,36,36,15,15,15,15,15,15,15,12,12,12,12,12,12,45,45,45,45,45,45,45,45,45,45,45,45,45,45,45,45,45,45,45,44,44,44,44,44,44,44,44,44,44,44,44,44,44,44,44,44,44,44,44,44,44,45,45,45,37,37,37,37,37,37,37,37,37,37,37,37,37,37,37,37,37,37,37,37,36,36,36,36,36,36,36,1,1,1,1,1,1,1,1,1,1,1,1,1,0,0,0,0,0,0,0,0,0,0,0,0,0
Shuttle2,	0,0,0,0,0,0,0,0,0,0,0,0,0,0,0,0,0,0,0,0,0,0,0,0,0,0,0,0,0,0,0,0,0,0,0,0,0,0,0,0,0,0,0,0,0,0,0,0,0,0,0,0,0,0,0,0,0,0,0,0,0,0,0,0,0,0,0,0,0,0,0,0,0,0,0,0,0,0,0,0,0,0,0,0,0,0,0,0,0,0,0,0,0,0,0,0,0,0,0,0,0,0,0,0,0,0,0,0,0,0,0,0,0,0,0,0,0,0,0,0,0,0,0,0,0,0,0,0,0,0,0,0,0,0,0,0,0,0,0,0,0,0,0,0,0,0,0,0,0,0,0,0,0,0,0,0,0,0,0,0,0,0,0,0,0,0,0,0,0,0,0,0,0,0,0,0,0,0,0,0,0,0,0,0,0,0,0,0,0,0,0,0,0,0,0,0,0,0,0,0,0,0,0,0,0,0,0,0,0,0,0,0,0,0,0,0,0,0,0,0,0,0,0,0,0,0,0,0,0,0,0,0,0,0,0,0,0,0,0,0,0,0,0,0,0,0,0,0,0,0,0,0,0,0,0,0,0,0,0,0,0,0,0,0,0,0,0,0,0,0,0,0,0,0,0,0,0,0,0,0,0,0,0,0,0,0,0,0,0,0,0,0,0,0,0,0,0,0,0,0,0,0,0,0,0,0,0,0,0,0,0,0,0,0,0,0,0,0,0,0,0,0,0,0,0,0,0,0,0,0,0,0,0,0,0,0,0,0,0,0,0,0,0,0,0,0,0,0,0,0,0,0,0,0,0,0,0,0,0,38,38,38,45,45,45,45,45,45,45,45,45,45,45,45,45,45,45,45,45,45,45,45,45,45,45,45,45,45,45,45,45,45,45,45,45,45,45,45,45,45,45,45,45,45,45,45,45,45,45,45,45,45,45,45,45,45,45,45,45,45,45,45,45,45,45,45,45,45,45,45,45,45,45,45,45,45,45,45,45,45,45,45,45,45,45,45,45,45,45,45,44,44,44,45,45,45,45,45,45,45,45,45,45,45,45,45,45,45,45,45,45,45,45,45,45,45,45,45,45,45,45,45,45,45,45,45,45,45,45,45,45,45,45,45,45,45,45,45,45,45,45,45,45,45,45,45,45,45,45,45,45,45,45,45,45,45,45,45,45,45,45,45,45,44,44,44,44,42,42,42,34,34,34,34,28,28,28,24,24,25,25,25,23,23,23,23,45,45,45,45,45,45,45,45,45,45,45,45,45,45,45,45,45,45,45,45,41,41,41,45,45,45,45,45,45,45,38,38,38,38,38,38,32,30,30,30,27,27,27,27,27,24,24,24,24,20,20,20,19,19,19,15,15,15,9,9,9,8,8,8,8,8,8,8,5,5,5,5,5,5,5,5,5,4,4,4,4,4,4,4,0,0,0,0,0,0,0,0,0,0,0,0,0,0,0,0,0,0,0,0,0,0,0,0,0,0,0,0,0,0,0,0,0,0,0,0,0,0,0,0,0,0,0,0,0,0,0,0,0,0,0,0,0,0,0,0,0,0,0,0,0,0,0,0,0,0,0,0,0,0,0,0,0,0,0,0,0,0,0,0,0,0,0,0,0,0,0,0,0,0,0,0,0,0,0,0,0,0,0,0,0,0,0,0,0,0,0,0,0,0,0,0,0,0,0,0,0,0,0,0,0,0,0,0,0,0,0,0,0,0,0,0,0,0,0,0,0,0,0,0,0,0,0,0,0,0,0,0,0,0,0,0,0,0,0,0,0,0,0,0,0,0,0,0,0,0,0,0,0,0,0,0,0,0,0,0,0,0,0,0,0,0,0,0,0,0,0,0,0,0,0,0,0,0,0,0,0,0,0,0,0,0,0,0,0,0,0,0,0,0,0,0,0,0,0,0,0,0,0,0,0,0,0,0,0,0,0,0,0,0,0,0,0,0,0,0,0,0,0,0,0,0,0,0,0,0,0,0,0,0,0,0,0,0,0,0,0,0,0,0,0,0,0,0,0,0,0,0,0,0,0,0,0,0,0,0,0,0,0,0,0,0,0,0,0,0,0,0,0,0,0,0,0,0,0,0,0,0,0,0,0,0,0,0,0,0,0,0,0,0,0,0,0,0,0,0,0,0,0,0,0,0,0,0,0,0,0,0,0,0,0,0,0,0,0,0,0,0,0,0,0,0,0,0,0,0,0,0,0,0,0,0,0,0,0,0,0,0,0,0,0,0,0,0,0,0,0,0,0,0,0,0,0,0,0,0,0,0,0,0,0,0,0,0,0,0,0,0,0,0,0,0,0,0,0,0,0,0,0,0,0,0,0,0,0,0,0,0,0,0,0,0,0,0,0,0,0,0,0,0,0,0,0,0,0,0,0,0,0,0,0,0,0,0,0,0,0,0,0,0,0,0,0,0,0,0,0,0,0,0,45,45,45,45,45,45,45,45,45,45,45,45,45,45,45,45,45,45,45,45,45,45,45,45,45,45,45,45,45,45,45,45,45,45,45,45,45,45,45,45,45,45,45,45,45,45,45,45,45,45,45,45,45,45,45,45,45,45,45,45,45,45,45,45,45,45,45,45,45,45,45,45,45,45,45,45,45,45,45,45,45,45,45,45,43,43,43,43,43,43,45,45,45,45,45,45,45,45,45,45,45,45,45,45,45,45,45,45,45,45,45,45,45,45,45,45,45,45,45,45,45,45,45,45,45,45,45,45,45,45,45,45,45,45,45,45,45,45,45,45,45,45,45,45,45,45,45,45,45,45,45,45,45,45,45,45,45,45,42,42,42,37,37,37,37,37,37,37,35,35,35,35,35,35,45,41,41,41,45,45,43,43,43,45,45,45,45,45,45,45,45,45,45,45,45,45,42,42,42,45,45,45,45,43,43,43,45,45,45,45,43,43,43,45,45,45,45,45,45,45,45,45,45,45,45,45,45,45,45,45,45,45,45,45,45,45,45,45,42,42,42,42,39,39,39,18,18,18,18,18,18,18,7,7,7,7,7,7,45,45,45,45,44,44,44,44,44,45,45,45,45,45,45,45,45,45,45,43,43,43,43,43,43,42,42,42,42,42,42,42,42,42,42,42,42,42,42,42,42,45,45,45,44,44,44,44,43,43,43,43,43,43,43,43,43,43,43,43,43,43,43,43,43,43,43,43,43,43,43,3,3,3,3,3,3,3,3,3,3,3,3,3,2,0,0,0,0,0,0,0,0,0,0,0,0,0,0,0,0,0
Shuttle3,	0,0,0,0,0,0,0,0,0,0,0,0,0,0,0,0,0,0,0,0,0,0,0,0,0,0,0,0,0,0,0,0,0,0,0,0,0,0,0,0,0,0,0,0,0,0,0,0,0,0,0,0,0,0,0,0,0,0,0,0,0,0,0,0,0,0,0,0,0,0,0,0,0,0,0,0,0,0,0,0,0,0,0,0,0,0,0,0,0,0,0,0,0,0,0,0,0,0,0,0,0,0,0,0,0,0,0,0,0,0,0,0,0,0,0,0,0,0,0,0,0,0,0,0,0,0,0,0,0,0,0,0,0,0,0,0,0,0,0,0,0,0,0,0,0,0,0,0,0,0,0,0,0,0,0,0,0,0,0,0,0,0,0,0,0,0,0,0,0,0,0,0,0,0,0,0,0,0,0,0,0,0,0,0,0,0,0,0,0,0,0,0,0,0,0,0,0,0,0,0,0,0,0,0,0,0,0,0,0,0,0,0,0,0,0,0,0,0,0,0,0,0,0,0,0,0,0,0,0,0,0,0,0,0,0,0,0,0,0,0,0,0,0,0,0,0,0,0,0,0,0,0,0,0,0,0,0,0,0,0,0,0,0,0,0,0,0,0,0,0,0,0,0,0,0,0,0,0,0,0,0,0,0,0,0,0,0,0,0,0,0,0,0,0,0,0,0,0,0,0,0,0,0,0,0,0,0,0,0,0,0,0,0,0,0,0,0,0,0,0,0,0,0,0,0,0,0,0,0,0,0,0,0,0,0,0,0,0,0,0,0,0,0,0,0,0,0,0,0,0,0,0,0,0,0,0,0,0,0,35,35,35,45,45,45,45,45,45,45,45,45,45,45,45,45,45,45,45,45,45,45,45,45,45,45,45,45,45,45,45,45,45,45,45,45,45,45,45,45,45,45,45,45,45,45,45,45,45,45,45,45,45,45,45,45,45,45,45,45,45,45,45,45,45,45,45,45,45,45,45,45,45,45,45,45,45,45,45,45,45,45,45,45,45,45,45,45,45,45,45,45,45,45,45,45,45,45,45,45,45,45,45,45,45,45,45,45,45,45,45,45,45,45,45,45,45,45,45,45,45,45,45,45,45,45,45,45,45,45,45,45,45,45,45,45,45,45,45,45,45,45,45,45,45,45,45,45,45,45,45,45,45,45,45,45,45,39,39,39,39,35,35,35,38,38,38,38,28,28,28,32,32,45,45,45,45,45,45,45,45,45,45,45,45,45,45,45,45,45,45,45,45,45,45,45,45,45,45,45,45,45,45,45,45,45,45,45,45,45,38,38,38,38,38,38,33,31,31,31,35,35,34,34,34,28,28,28,28,35,35,35,33,33,33,34,34,34,40,40,40,37,37,37,37,37,37,37,34,34,34,34,34,34,34,29,29,26,26,26,23,23,23,23,16,16,16,16,16,16,16,16,14,14,14,14,8,8,8,8,1,1,1,1,1,1,1,0,0,0,0,0,0,0,0,0,0,0,0,0,0,0,0,0,0,0,0,0,0,0,0,0,0,0,0,0,0,0,0,0,0,0,0,0,0,0,0,0,0,0,0,0,0,0,0,0,0,0,0,0,0,0,0,0,0,0,0,0,0,0,0,0,0,0,0,0,0,0,0,0,0,0,0,0,0,0,0,0,0,0,0,0,0,0,0,0,0,0,0,0,0,0,0,0,0,0,0,0,0,0,0,0,0,0,0,0,0,0,0,0,0,0,0,0,0,0,0,0,0,0,0,0,0,0,0,0,0,0,0,0,0,0,0,0,0,0,0,0,0,0,0,0,0,0,0,0,0,0,0,0,0,0,0,0,0,0,0,0,0,0,0,0,0,0,0,0,0,0,0,0,0,0,0,0,0,0,0,0,0,0,0,0,0,0,0,0,0,0,0,0,0,0,0,0,0,0,0,0,0,0,0,0,0,0,0,0,0,0,0,0,0,0,0,0,0,0,0,0,0,0,0,0,0,0,0,0,0,0,0,0,0,0,0,0,0,0,0,0,0,0,0,0,0,0,0,0,0,0,0,0,0,0,0,0,0,0,0,0,0,0,0,0,0,0,0,0,0,0,0,0,0,0,0,0,0,0,0,0,0,0,0,0,0,0,0,0,0,0,0,0,0,0,0,0,0,0,0,0,0,0,0,0,0,0,0,0,0,0,0,0,0,0,0,0,0,0,0,0,0,0,0,0,0,0,0,0,0,0,0,0,0,0,0,0,0,0,0,0,0,0,0,0,0,0,0,0,0,0,0,0,0,0,0,0,0,0,0,0,0,0,0,0,0,0,0,0,0,0,0,0,0,0,0,0,0,0,0,0,0,0,0,0,0,0,0,0,0,0,0,0,0,0,0,0,0,0,0,0,0,0,0,0,0,0,0,0,0,0,0,0,0,0,0,0,0,0,0,0,0,0,0,0,0,0,0,0,0,0,0,0,27,45,45,45,45,45,45,45,45,45,45,45,45,45,45,45,45,45,45,45,45,45,45,45,45,45,45,45,45,45,45,45,45,45,45,45,45,45,45,45,45,45,45,45,45,45,45,45,45,45,45,45,45,45,45,45,45,45,45,45,45,45,45,45,45,45,45,45,45,45,45,45,45,45,45,45,45,45,40,40,40,40,40,40,45,45,45,45,45,45,45,45,45,45,45,45,45,45,45,45,45,45,45,45,45,45,45,45,45,45,45,45,45,45,45,45,45,45,45,45,45,45,45,45,45,45,45,45,45,45,45,45,45,45,45,45,45,45,45,45,45,45,45,45,45,45,45,45,45,45,45,45,44,44,44,37,37,37,37,37,37,37,36,36,36,36,36,36,45,43,43,43,45,45,43,43,43,45,45,45,45,45,45,45,45,45,45,45,45,45,45,45,45,45,45,45,45,45,45,45,45,45,45,45,45,45,45,45,45,45,45,45,45,45,45,45,45,45,45,45,45,45,45,45,45,45,45,45,45,45,45,45,35,35,35,35,29,29,29,15,15,15,15,15,15,15,10,10,10,10,10,10,45,43,43,43,43,43,43,43,43,45,45,45,45,45,45,45,45,45,45,45,45,45,43,43,43,42,42,42,42,42,42,42,42,42,42,42,42,42,42,43,43,45,45,45,45,45,45,45,42,42,42,42,42,42,42,42,40,40,40,40,40,40,40,40,40,40,40,40,40,40,40,3,3,3,3,3,3,3,2,2,2,2,2,2,2,0,0,0,0,0,0,0,0,0,0,0,0,0,0,0,0,0,0,0,0,0,0,0,0
Shuttle4,	0,0,0,0,0,0,0,0,0,0,0,0,0,0,0,0,0,0,0,0,0,0,0,0,0,0,0,0,0,0,0,0,0,0,0,0,0,0,0,0,0,0,0,0,0,0,0,0,0,0,0,0,0,0,0,0,0,0,0,0,0,0,0,0,0,0,0,0,0,0,0,0,0,0,0,0,0,0,0,0,0,0,0,0,0,0,0,0,0,0,0,0,0,0,0,0,0,0,0,0,0,0,0,0,0,0,0,0,0,0,0,0,0,0,0,0,0,0,0,0,0,0,0,0,0,0,0,0,0,0,0,0,0,0,0,0,0,0,0,0,0,0,0,0,0,0,0,0,0,0,0,0,0,0,0,0,0,0,0,0,0,0,0,0,0,0,0,0,0,0,0,0,0,0,0,0,0,0,0,0,0,0,0,0,0,0,0,0,0,0,0,0,0,0,0,0,0,0,0,0,0,0,0,0,0,0,0,0,0,0,0,0,0,0,0,0,0,0,0,0,0,0,0,0,0,0,0,0,0,0,0,0,0,0,0,0,0,0,0,0,0,0,0,0,0,0,0,0,0,0,0,0,0,0,0,0,0,0,0,0,0,0,0,0,0,0,0,0,0,0,0,0,0,0,0,0,0,0,0,0,0,0,0,0,0,0,0,0,0,0,0,0,0,0,0,0,0,0,0,0,0,0,0,0,0,0,0,0,0,0,0,0,0,0,0,0,0,0,0,0,0,0,0,0,0,0,0,0,0,0,0,0,0,0,0,0,0,0,0,0,0,0,0,0,0,0,0,0,0,0,0,0,0,0,0,0,0,0,6,6,6,45,45,45,45,45,45,45,45,45,45,45,45,45,45,45,45,45,45,45,45,45,45,45,45,45,45,45,45,45,45,45,45,45,45,45,45,45,45,45,45,45,45,45,45,45,45,45,45,45,45,45,45,45,45,45,45,45,45,45,45,45,45,45,45,45,45,45,45,45,45,45,45,45,45,45,45,45,45,45,45,45,45,45,45,45,45,45,45,45,45,45,45,45,45,45,45,45,45,45,45,45,45,45,45,45,45,45,45,45,45,45,45,45,45,45,45,45,45,45,45,45,45,45,45,45,45,45,45,45,45,45,45,45,45,45,45,45,45,45,45,45,45,45,45,45,45,45,45,45,39,39,39,39,41,41,41,45,45,45,45,39,39,39,45,45,45,45,45,45,45,45,45,45,45,45,45,45,45,45,45,45,45,45,45,45,45,45,45,45,45,45,45,39,39,39,45,45,45,45,45,45,45,45,45,45,45,45,45,44,45,45,45,45,45,45,45,45,44,44,44,44,45,45,45,45,45,45,45,45,45,45,45,45,44,44,44,44,44,44,44,41,41,41,41,38,38,38,32,32,29,29,29,21,21,21,21,13,13,13,13,13,13,13,13,5,5,5,5,5,5,5,5,4,4,4,4,4,4,4,0,0,0,0,0,0,0,0,0,0,0,0,0,0,0,0,0,0,0,0,0,0,0,0,0,0,0,0,0,0,0,0,0,0,0,0,0,0,0,0,0,0,0,0,0,0,0,0,0,0,0,0,0,0,0,0,0,0,0,0,0,0,0,0,0,0,0,0,0,0,0,0,0,0,0,0,0,0,0,0,0,0,0,0,0,0,0,0,0,0,0,0,0,0,0,0,0,0,0,0,0,0,0,0,0,0,0,0,0,0,0,0,0,0,0,0,0,0,0,0,0,0,0,0,0,0,0,0,0,0,0,0,0,0,0,0,0,0,0,0,0,0,0,0,0,0,0,0,0,0,0,0,0,0,0,0,0,0,0,0,0,0,0,0,0,0,0,0,0,0,0,0,0,0,0,0,0,0,0,0,0,0,0,0,0,0,0,0,0,0,0,0,0,0,0,0,0,0,0,0,0,0,0,0,0,0,0,0,0,0,0,0,0,0,0,0,0,0,0,0,0,0,0,0,0,0,0,0,0,0,0,0,0,0,0,0,0,0,0,0,0,0,0,0,0,0,0,0,0,0,0,0,0,0,0,0,0,0,0,0,0,0,0,0,0,0,0,0,0,0,0,0,0,0,0,0,0,0,0,0,0,0,0,0,0,0,0,0,0,0,0,0,0,0,0,0,0,0,0,0,0,0,0,0,0,0,0,0,0,0,0,0,0,0,0,0,0,0,0,0,0,0,0,0,0,0,0,0,0,0,0,0,0,0,0,0,0,0,0,0,0,0,0,0,0,0,0,0,0,0,0,0,0,0,0,0,0,0,0,0,0,0,0,0,0,0,0,0,0,0,0,0,0,0,0,0,0,0,0,0,0,0,0,0,0,0,0,0,0,0,0,0,0,0,0,0,0,0,0,0,0,0,0,0,0,0,0,0,0,0,0,0,0,0,0,0,0,0,0,0,0,0,0,0,0,0,0,0,0,0,0,0,0,0,0,0,0,0,0,37,37,37,45,45,45,45,45,45,45,45,45,45,45,45,45,45,45,45,45,45,45,45,45,45,45,45,45,45,45,45,45,45,45,45,45,45,45,45,45,45,45,45,45,45,45,45,45,45,45,45,45,45,45,45,45,45,45,45,45,45,45,45,45,45,45,45,45,45,45,45,45,45,45,45,45,45,45,45,45,45,45,45,45,45,45,45,45,45,45,45,45,45,45,45,45,45,45,45,45,45,45,45,45,45,45,45,45,45,45,45,45,45,45,45,45,45,45,45,45,45,45,45,45,45,45,45,45,45,45,45,45,45,45,45,45,45,45,45,45,45,45,45,45,45,45,39,39,39,41,41,41,41,41,41,41,40,40,40,40,40,40,45,45,45,45,45,45,45,45,45,45,45,45,45,45,45,45,45,45,45,45,45,45,43,43,43,45,45,45,45,45,45,45,45,45,45,45,45,45,45,45,45,45,45,45,45,45,45,45,45,45,45,45,45,45,45,45,45,45,45,45,45,45,45,45,44,44,44,44,38,38,38,28,28,28,28,28,28,28,25,25,25,25,25,25,45,42,42,42,43,43,43,43,43,45,45,45,45,45,45,45,45,45,45,45,45,45,41,41,41,40,40,40,40,39,39,39,36,36,36,36,36,36,36,45,45,45,45,45,44,44,44,44,35,35,35,35,35,35,35,35,35,35,35,35,33,33,33,33,33,33,33,33,33,33,33,6,6,6,6,6,6,6,2,2,2,2,2,2,7,7,7,7,7,7,7,7,7,7,7,7,7,6,6,6,6,6,6,3,3,3,1,1,1,1,1,1,1,0,0
Shuttle5,	0,0,0,0,0,0,0,0,0,0,0,0,0,0,0,0,0,0,0,0,0,0,0,0,0,0,0,0,0,0,0,0,0,0,0,0,0,0,0,0,0,0,0,0,0,0,0,0,0,0,0,0,0,0,0,0,0,0,0,0,0,0,0,0,0,0,0,0,0,0,0,0,0,0,0,0,0,0,0,0,0,0,0,0,0,0,0,0,0,0,0,0,0,0,0,0,0,0,0,0,0,0,0,0,0,0,0,0,0,0,0,0,0,0,0,0,0,0,0,0,0,0,0,0,0,0,0,0,0,0,0,0,0,0,0,0,0,0,0,0,0,0,0,0,0,0,0,0,0,0,0,0,0,0,0,0,0,0,0,0,0,0,0,0,0,0,0,0,0,0,0,0,0,0,0,0,0,0,0,0,0,0,0,0,0,0,0,0,0,0,0,0,0,0,0,0,0,0,0,0,0,0,0,0,0,0,0,0,0,0,0,0,0,0,0,0,0,0,0,0,0,0,0,0,0,0,0,0,0,0,0,0,0,0,0,0,0,0,0,0,0,0,0,0,0,0,0,0,0,0,0,0,0,0,0,0,0,0,0,0,0,0,0,0,0,0,0,0,0,0,0,0,0,0,0,0,0,0,0,0,0,0,0,0,0,0,0,0,0,0,0,0,0,0,0,0,0,0,0,0,0,0,0,0,0,0,0,0,0,0,0,0,0,0,0,0,0,0,0,0,0,0,0,0,0,0,0,0,0,0,0,0,0,0,0,0,0,0,0,0,0,0,0,0,0,0,0,0,0,0,0,0,0,0,0,0,0,0,0,0,0,0,0,0,0,0,0,15,15,15,15,15,15,15,15,15,34,34,34,34,34,34,34,34,34,34,34,34,34,34,34,34,45,45,45,45,45,45,45,45,45,45,45,45,45,45,45,45,45,45,45,45,45,45,45,45,45,45,45,45,45,45,45,45,39,39,39,39,39,39,39,39,39,39,35,35,35,35,35,35,35,35,35,18,18,18,18,18,18,18,18,18,18,18,18,18,18,18,18,10,10,10,10,10,10,10,10,10,10,2,2,1,1,1,1,1,1,1,1,1,1,0,0,0,0,0,0,0,0,0,0,0,0,0,0,0,0,0,0,0,0,0,0,0,0,0,0,0,0,0,0,0,0,0,0,0,0,0,0,0,0,0,0,0,0,0,0,0,0,0,0,0,0,0,0,0,0,0,0,0,0,0,0,0,0,0,0,0,0,0,0,0,0,0,0,0,0,0,0,0,0,0,0,0,0,0,0,0,0,0,0,0,0,0,0,0,0,0,0,0,0,0,0,0,0,0,0,0,0,0,0,0,0,0,0,0,0,0,0,0,0,0,0,0,0,0,0,0,0,0,0,0,0,0,0,0,0,0,0,0,0,0,0,0,0,0,0,0,0,0,0,0,0,0,0,0,0,0,0,0,0,0,0,0,0,0,0,0,0,0,0,0,0,0,0,0,0,0,0,0,0,0,0,0,0,0,0,0,0,0,0,0,0,0,0,0,0,0,0,0,0,0,0,0,0,0,0,0,0,0,0,0,0,0,0,0,0,0,0,0,0,0,0,0,0,0,0,0,0,0,0,0,0,0,0,0,0,0,0,0,0,0,0,0,0,0,0,0,0,0,0,0,0,0,0,0,0,0,0,0,0,0,0,0,0,0,0,0,0,0,0,0,0,0,0,0,0,0,0,0,0,0,0,0,0,0,0,0,0,0,0,0,0,0,0,0,0,0,0,0,0,0,0,0,0,0,0,0,0,0,0,0,0,0,0,0,0,0,0,0,0,0,0,0,0,0,0,0,0,0,0,0,0,0,0,0,0,0,0,0,0,0,0,0,0,0,0,0,0,0,0,0,0,0,0,0,0,0,0,0,0,0,0,0,0,0,0,0,0,0,0,0,0,0,0,0,0,0,0,0,0,0,0,0,0,0,0,0,0,0,0,0,0,0,0,0,0,0,0,0,0,0,0,0,0,0,0,0,0,0,0,0,0,0,0,0,0,0,0,0,0,0,0,0,0,0,0,0,0,0,0,0,0,0,0,0,0,0,0,0,0,0,0,0,0,0,0,0,0,0,0,0,0,0,0,0,0,0,0,0,0,0,0,0,0,0,0,0,0,0,0,0,0,0,0,0,0,0,0,0,0,0,0,0,0,0,0,0,0,0,0,0,0,0,0,0,0,0,0,0,0,0,0,0,0,0,0,0,0,0,0,0,0,0,0,0,0,0,0,0,0,0,0,0,0,0,0,0,0,0,0,0,0,0,0,0,0,0,0,0,0,0,0,0,0,0,0,0,0,0,0,0,0,0,0,0,0,0,0,0,0,0,0,0,0,0,0,0,0,0,0,0,0,0,0,0,0,0,0,0,0,0,0,0,0,0,0,0,0,0,0,0,0,0,0,0,0,0,0,0,0,0,0,0,16,16,16,16,16,16,16,16,16,16,35,35,35,35,35,35,35,35,35,35,45,45,45,45,45,45,45,45,45,45,45,45,45,45,45,45,45,45,45,45,45,45,45,45,45,45,45,45,45,45,45,45,45,45,45,45,45,45,45,45,45,45,45,45,45,45,45,34,34,34,34,34,34,34,34,34,34,25,25,25,25,25,25,25,25,25,25,22,22,22,22,22,22,22,22,22,10,10,10,10,10,10,10,10,10,10,10,10,10,10,10,10,0,0,0,0,0,0,0,0,0,0,0,0,45,45,45,45,45,45,45,45,45,45,45,45,45,45,45,45,45,45,45,45,45,45,45,45,45,45,45,45,45,45,45,45,45,45,45,45,45,45,45,0,0,0,0,0,0,0,0,0,0,0,0,0,0,0,0,0,0,0,0,0,0,0,0,0,0,0,0,45,45,45,45,45,45,45,45,45,45,45,45,45,45,45,45,45,45,45,45,45,45,45,45,45,45,45,45,45,45,45,45,45,45,45,45,45,45,45,0,0,0,0,0,0,0,0,0,0,0,0,0,0,0,0,0,0,0,0,0,0,0,0,0,0,0,0,45,45,45,45,45,45,45,45,45,45,45,45,45,45,45,45,45,45,45,45,45,45,45,45,45,45,45,45,45,45,45,45,45,45,45,45,45,45,45,0,0,0,0,0,0,0,0,0,0,0,0,0,0,0,0,0,0,0,0,0,0,0,0,0,0,0,0,2,2,2,2,2,2,2,2,2,2,2,2,2,2,2,2,2,2,2,2,2,2,2,2,2,2,2,2,2,2,0
Shuttle6,	0,0,0,0,0,0,0,0,0,0,0,0,0,0,0,0,0,0,0,0,0,0,0,0,0,0,0,0,0,0,0,0,0,0,0,0,0,0,0,0,0,0,0,0,0,0,0,0,0,0,0,0,0,0,0,0,0,0,0,0,0,0,0,0,0,0,0,0,0,0,0,0,0,0,0,0,0,0,0,0,0,0,0,0,0,0,0,0,0,0,0,0,0,0,0,0,0,0,0,0,0,0,0,0,0,0,0,0,0,0,0,0,0,0,0,0,0,0,0,0,0,0,0,0,0,0,0,0,0,0,0,0,0,0,0,0,0,0,0,0,0,0,0,0,0,0,0,0,0,0,0,0,0,0,0,0,0,0,0,0,0,0,0,0,0,0,0,0,0,0,0,0,0,0,0,0,0,0,0,0,0,0,0,0,0,0,0,0,0,0,0,0,0,0,0,0,0,0,0,0,0,0,0,0,0,0,0,0,0,0,0,0,0,0,0,0,0,0,0,0,0,0,0,0,0,0,0,0,0,0,0,0,0,0,0,0,0,0,0,0,0,0,0,0,0,0,0,0,0,0,0,0,0,0,0,0,0,0,0,0,0,0,0,0,0,0,0,0,0,0,0,0,0,0,0,0,0,0,0,0,0,0,0,0,0,0,0,0,0,0,0,0,0,0,0,0,0,0,0,0,0,0,0,0,0,0,0,0,0,0,0,0,0,0,0,0,0,0,0,0,0,0,0,0,0,0,0,0,0,0,0,0,0,0,0,0,0,0,0,0,0,0,0,0,0,0,0,0,0,0,0,0,0,0,0,0,0,0,0,0,18,18,18,18,18,18,18,18,18,18,38,38,38,38,38,38,38,38,38,38,45,45,45,45,45,45,45,45,45,45,45,45,45,45,45,45,45,45,45,45,45,45,45,45,45,45,45,45,45,45,45,45,45,45,45,45,45,45,45,45,45,45,45,45,45,45,45,45,45,45,45,45,45,45,45,45,35,35,35,35,35,35,35,35,35,35,27,27,27,27,27,27,27,27,27,27,24,24,24,24,24,24,24,24,24,24,7,7,7,7,7,7,7,7,7,6,6,6,4,4,4,4,4,4,4,4,4,4,2,2,2,2,2,2,2,2,2,5,5,5,5,5,5,5,5,5,5,5,5,5,5,5,5,5,5,5,5,5,5,5,5,5,3,3,3,3,3,3,3,3,3,3,0,0,0,0,0,0,0,0,0,0,0,0,0,0,0,0,0,0,0,0,0,0,0,0,0,0,0,0,0,0,0,0,0,0,0,0,0,0,0,0,0,0,0,0,0,0,0,0,0,0,0,0,0,0,0,0,0,0,0,0,0,0,0,0,0,0,0,0,0,0,0,0,0,0,0,0,0,0,0,0,0,0,0,0,0,0,0,0,0,0,0,0,0,0,0,0,0,0,0,0,0,0,0,0,0,0,0,0,0,0,0,0,0,0,0,0,0,0,0,0,0,0,0,0,0,0,0,0,0,0,0,0,0,0,0,0,0,0,0,0,0,0,0,0,0,0,0,0,0,0,0,0,0,0,0,0,0,0,0,0,0,0,0,0,0,0,0,0,0,0,0,0,0,0,0,0,0,0,0,0,0,0,0,0,0,0,0,0,0,0,0,0,0,0,0,0,0,0,0,0,0,0,0,0,0,0,0,0,0,0,0,0,0,0,0,0,0,0,0,0,0,0,0,0,0,0,0,0,0,0,0,0,0,0,0,0,0,0,0,0,0,0,0,0,0,0,0,0,0,0,0,0,0,0,0,0,0,0,0,0,0,0,0,0,0,0,0,0,0,0,0,0,0,0,0,0,0,0,0,0,0,0,0,0,0,0,0,0,0,0,0,0,0,0,0,0,0,0,0,0,0,0,0,0,0,0,0,0,0,0,0,0,0,0,0,0,0,0,0,0,0,0,0,0,0,0,0,0,0,0,0,0,0,0,0,0,0,0,0,0,0,0,0,0,0,0,0,0,0,0,0,0,0,0,0,0,0,0,0,0,0,0,0,0,0,0,0,0,0,0,0,0,0,0,0,0,0,0,0,0,0,0,0,0,0,0,0,0,0,0,0,0,0,0,0,0,0,0,0,0,0,0,0,0,0,0,0,0,0,0,0,0,0,0,0,0,0,0,0,0,0,0,0,0,0,0,0,0,0,0,0,0,0,0,0,0,0,0,0,0,0,0,0,0,0,0,0,0,0,0,0,0,0,0,0,0,0,0,0,0,0,0,0,0,0,0,0,0,0,0,0,0,0,0,0,0,0,0,0,0,0,0,0,0,0,0,0,0,0,0,0,0,0,0,0,0,0,0,0,0,0,0,0,0,0,0,0,0,0,0,0,0,0,0,0,0,0,0,0,0,0,0,0,0,0,0,0,0,0,0,0,0,0,0,0,0,0,0,0,0,0,0,0,0,0,0,0,0,0,0,0,24,24,24,40,40,40,40,40,40,40,40,40,40,45,45,45,45,45,45,45,45,45,45,45,45,45,45,45,45,45,45,45,45,45,45,45,45,45,45,45,45,45,45,45,45,45,45,45,45,45,45,45,45,45,45,45,45,39,39,39,39,39,39,39,39,39,39,43,43,43,43,43,43,43,43,43,41,41,41,33,33,33,33,33,33,33,33,33,33,21,21,21,21,21,21,21,21,21,13,13,13,13,13,13,13,13,13,13,13,13,13,13,13,12,12,12,12,12,12,12,12,12,12,9,9,9,9,9,9,9,9,9,9,1,1,1,1,1,1,1,1,1,1,1,1,1,1,1,1,1,1,1,0,0,0,0,0,0,0,0,0,0,0,0,0,0,0,0,0,0,0,0,0,0,0,0,0,0,0,0,0,0,0,0,0,0,0,0,0,0,0,0,0,0,0,0,0,0,0,0,0,0,0,0,0,0,0,0,0,0,0,0,0,0,0,0,0,0,0,0,0,0,0,0,0,0,0,0,0,0,0,0,0,0,0,0,0,0,0,0,0,0,0,0,0,0,0,0,0,0,0,0,0,0,0,0,0,0,0,0,0,0,0,0,0,0,0,0,0,0,0,0,0,0,0,0,0,0,0,0,0,0,0,0,0,0,0,0,0,0,0,0,0,0,0,0,0,0,0,0,0,0,0,0,0,0,0,0,0,0,0,0,0,0,0,0,0,0,0,0,0,0,0,0,0,0,0,0,0,0,0,0,0,0,0,0,0,0,0,0,0,0,0,0,0,0,0,0,0,0,0,0,0,0,0,0,0
Shuttle7,	0,0,0,0,0,0,0,0,0,0,0,0,0,0,0,0,0,0,0,0,0,0,0,0,0,0,0,0,0,0,0,0,0,0,0,0,0,0,0,0,0,0,0,0,0,0,0,0,0,0,0,0,0,0,0,0,0,0,0,0,0,0,0,0,0,0,0,0,0,0,0,0,0,0,0,0,0,0,0,0,0,0,0,0,0,0,0,0,0,0,0,0,0,0,0,0,0,0,0,0,0,0,0,0,0,0,0,0,0,0,0,0,0,0,0,0,0,0,0,0,0,0,0,0,0,0,0,0,0,0,0,0,0,0,0,0,0,0,0,0,0,0,0,0,0,0,0,0,0,0,0,0,0,0,0,0,0,0,0,0,0,0,0,0,0,0,0,0,0,0,0,0,0,0,0,0,0,0,0,0,0,0,0,0,0,0,0,0,0,0,0,0,0,0,0,0,0,0,0,0,0,0,0,0,0,0,0,0,0,0,0,0,0,0,0,0,0,0,0,0,0,0,0,0,0,0,0,0,0,0,0,0,0,0,0,0,0,0,0,0,0,0,0,0,0,0,0,0,0,0,0,0,0,0,0,0,0,0,0,0,0,0,0,0,0,0,0,0,0,0,0,0,0,0,0,0,0,0,0,0,0,0,0,0,0,0,0,0,0,0,0,0,0,0,0,0,0,0,0,0,0,0,0,0,0,0,0,0,0,0,0,0,0,0,0,0,0,0,0,0,0,0,0,0,0,0,0,0,0,0,0,0,0,0,0,0,0,0,0,0,0,0,0,0,0,0,0,0,0,0,0,0,0,0,0,0,0,0,0,0,19,19,19,19,19,19,19,19,19,19,34,34,34,34,34,34,34,34,34,41,41,41,45,45,45,45,45,45,45,45,45,45,45,45,45,45,45,45,45,45,45,45,45,45,45,45,45,45,45,45,45,45,45,45,45,45,45,45,45,38,38,38,38,38,38,38,38,38,38,33,33,33,33,33,33,33,33,33,24,24,24,22,22,21,21,21,21,21,21,21,21,21,21,21,21,21,21,21,21,15,15,15,8,8,8,8,8,8,8,8,8,8,13,13,13,13,13,13,13,13,13,13,13,13,13,13,13,13,9,9,9,9,9,9,9,9,9,9,9,9,3,3,0,0,0,0,0,0,0,0,0,0,0,0,0,0,0,0,0,0,0,0,0,0,0,0,0,0,0,0,0,0,0,0,0,0,0,0,0,0,0,0,0,0,0,0,0,0,0,0,0,0,0,0,0,0,0,0,0,0,0,0,0,0,0,0,0,0,0,0,0,0,0,0,0,0,0,0,0,0,0,0,0,0,0,0,0,0,0,0,0,0,0,0,0,0,0,0,0,0,0,0,0,0,0,0,0,0,0,0,0,0,0,0,0,0,0,0,0,0,0,0,0,0,0,0,0,0,0,0,0,0,0,0,0,0,0,0,0,0,0,0,0,0,0,0,0,0,0,0,0,0,0,0,0,0,0,0,0,0,0,0,0,0,0,0,0,0,0,0,0,0,0,0,0,0,0,0,0,0,0,0,0,0,0,0,0,0,0,0,0,0,0,0,0,0,0,0,0,0,0,0,0,0,0,0,0,0,0,0,0,0,0,0,0,0,0,0,0,0,0,0,0,0,0,0,0,0,0,0,0,0,0,0,0,0,0,0,0,0,0,0,0,0,0,0,0,0,0,0,0,0,0,0,0,0,0,0,0,0,0,0,0,0,0,0,0,0,0,0,0,0,0,0,0,0,0,0,0,0,0,0,0,0,0,0,0,0,0,0,0,0,0,0,0,0,0,0,0,0,0,0,0,0,0,0,0,0,0,0,0,0,0,0,0,0,0,0,0,0,0,0,0,0,0,0,0,0,0,0,0,0,0,0,0,0,0,0,0,0,0,0,0,0,0,0,0,0,0,0,0,0,0,0,0,0,0,0,0,0,0,0,0,0,0,0,0,0,0,0,0,0,0,0,0,0,0,0,0,0,0,0,0,0,0,0,0,0,0,0,0,0,0,0,0,0,0,0,0,0,0,0,0,0,0,0,0,0,0,0,0,0,0,0,0,0,0,0,0,0,0,0,0,0,0,0,0,0,0,0,0,0,0,0,0,0,0,0,0,0,0,0,0,0,0,0,0,0,0,0,0,0,0,0,0,0,0,0,0,0,0,0,0,0,0,0,0,0,0,0,0,0,0,0,0,0,0,0,0,0,0,0,0,0,0,0,0,0,0,0,0,0,0,0,0,0,0,0,0,0,0,0,0,0,0,0,0,0,0,0,0,0,0,0,0,0,0,0,0,0,0,0,0,0,0,0,0,0,0,0,0,0,0,0,0,0,0,0,0,0,0,0,0,0,0,0,0,0,0,0,0,0,0,0,0,0,0,0,0,0,0,0,0,0,0,0,0,0,0,0,0,0,0,0,0,0,0,0,4,4,4,4,4,4,4,4,4,32,32,32,45,45,45,45,45,45,45,45,45,45,45,45,45,45,45,45,45,45,45,45,45,45,45,45,45,45,45,45,45,45,45,45,45,45,45,45,45,33,33,33,33,33,33,33,33,33,33,43,43,43,43,43,43,43,43,43,32,32,32,35,35,43,43,43,43,43,43,43,43,43,43,43,43,43,43,43,43,45,45,45,37,37,37,37,37,37,37,37,37,37,45,45,45,45,45,45,38,38,38,38,38,38,38,38,38,38,33,33,33,33,33,33,33,33,33,31,31,31,28,28,21,21,21,21,21,21,21,21,21,21,21,21,21,21,21,21,36,36,36,15,15,15,15,15,15,15,15,15,15,45,45,45,45,45,45,45,45,45,45,45,45,45,45,45,45,42,42,42,42,42,42,42,42,42,36,36,36,32,32,30,30,30,30,30,30,30,30,30,30,30,30,30,30,30,30,30,30,30,0,0,0,0,0,0,0,0,0,0,45,45,45,45,45,45,45,45,45,45,45,45,45,45,45,45,45,45,45,45,45,45,45,45,45,45,45,45,45,45,45,45,45,45,45,45,45,45,45,45,45,45,45,45,45,45,45,45,45,0,0,0,0,0,0,0,0,0,0,11,11,11,11,11,11,11,11,11,11,11,11,11,11,11,11,11,11,11,11,11,11,11,11,11,11,11,11,10,10,9,9,9,9,9,9,9,9,9,9,9,9,9,9,9,9,7,7,7,0,0,0,0,0,0,0,0,0,0,0,0,0,0,0,0,0,0,0,0,0,0,0,0,0,0,0,0,0,0,0,0,0,0
Shuttle8,	0,0,0,0,0,0,0,0,0,0,0,0,0,0,0,0,0,0,0,0,0,0,0,0,0,0,0,0,0,0,0,0,0,0,0,0,0,0,0,0,0,0,0,0,0,0,0,0,0,0,0,0,0,0,0,0,0,0,0,0,0,0,0,0,0,0,0,0,0,0,0,0,0,0,0,0,0,0,0,0,0,0,0,0,0,0,0,0,0,0,0,0,0,0,0,0,0,0,0,0,0,0,0,0,0,0,0,0,0,0,0,0,0,0,0,0,0,0,0,0,0,0,0,0,0,0,0,0,0,0,0,0,0,0,0,0,0,0,0,0,0,0,0,0,0,0,0,0,0,0,0,0,0,0,0,0,0,0,0,0,0,0,0,0,0,0,0,0,0,0,0,0,0,0,0,0,0,0,0,0,0,0,0,0,0,0,0,0,0,0,0,0,0,0,0,0,0,0,0,0,0,0,0,0,0,0,0,0,0,0,0,0,0,0,0,0,0,0,0,0,0,0,0,0,0,0,0,0,0,0,0,0,0,0,0,0,0,0,0,0,0,0,0,0,0,0,0,0,0,0,0,0,0,0,0,0,0,0,0,0,0,0,0,0,0,0,0,0,0,0,0,0,0,0,0,0,0,0,0,0,0,0,0,0,0,0,0,0,0,0,0,0,0,0,0,0,0,0,0,0,0,0,0,0,0,0,0,0,0,0,0,0,0,0,0,0,0,0,0,0,0,0,0,0,0,0,0,0,0,0,0,0,0,0,0,0,0,0,0,0,0,0,0,0,0,0,0,0,0,0,0,0,0,0,0,0,0,0,0,0,0,0,0,0,0,0,0,0,0,0,0,0,0,0,0,0,0,0,0,0,0,0,0,0,0,0,0,0,0,0,0,0,5,5,5,5,5,5,5,5,5,5,9,9,18,18,18,18,18,18,18,18,18,18,23,23,23,23,23,23,23,23,23,23,23,23,23,23,23,23,23,23,23,23,13,13,13,13,13,13,13,13,13,9,9,9,9,9,9,9,9,9,9,9,9,9,9,9,9,0,0,0,0,0,0,0,0,0,0,0,0,0,0,0,0,0,0,0,0,0,0,0,0,0,0,0,0,0,0,0,0,0,0,0,0,0,0,0,0,0,0,0,0,0,0,0,0,0,0,0,0,0,0,0,0,0,0,0,0,0,0,0,0,0,0,0,0,0,0,0,0,0,0,0,0,0,0,0,0,0,0,0,0,0,0,0,0,0,0,0,0,0,0,0,0,0,0,0,0,0,0,0,0,0,0,0,0,0,0,0,0,0,0,0,0,0,0,0,0,0,0,0,0,0,0,0,0,0,0,0,0,0,0,0,0,0,0,0,0,0,0,0,0,0,0,0,0,0,0,0,0,0,0,0,0,0,0,0,0,0,0,0,0,0,0,0,0,0,0,0,0,0,0,0,0,0,0,0,0,0,0,0,0,0,0,0,0,0,0,0,0,0,0,0,0,0,0,0,0,0,0,0,0,0,0,0,0,0,0,0,0,0,0,0,0,0,0,0,0,0,0,0,0,0,0,0,0,0,0,0,0,0,0,0,0,0,0,0,0,0,0,0,0,0,0,0,0,0,0,0,0,0,0,0,0,0,0,0,0,0,0,0,0,0,0,0,0,0,0,0,0,0,0,0,0,0,0,0,0,0,0,0,0,0,0,0,0,0,0,0,0,0,0,0,0,0,0,0,0,0,0,0,0,0,0,0,0,0,0,0,0,0,0,0,0,0,0,0,0,0,0,0,0,0,0,0,0,0,0,0,0,0,0,0,0,0,0,0,0,0,0,0,0,0,0,0,0,0,0,0,0,0,0,0,0,0,0,0,0,0,0,0,0,0,0,0,0,0,0,0,0,0,0,0,0,0,0,0,0,0,0,0,0,0,0,0,0,0,0,0,0,0,0,0,0,0,0,0,0,0,0,0,0,0,0,0,0,0,0,0,0,0,0,0,0,0,0,0,0,0,0,0,0,0,0,0,0,0,0,0,0,0,0,0,0,0,0,0,0,0,0,0,0,0,0,0,0,0,0,0,0,0,0,0,0,0,0,0,0,0,0,0,0,0,0,0,0,0,0,0,0,0,0,0,0,0,0,0,0,0,0,0,0,0,0,0,0,0,0,0,0,0,0,0,0,0,0,0,0,0,0,0,0,0,0,0,0,0,0,0,0,0,0,0,0,0,0,0,0,0,0,0,0,0,0,0,0,0,0,0,0,0,0,0,0,0,0,0,0,0,0,0,0,0,0,0,0,0,0,0,0,0,0,0,0,0,0,0,0,0,0,0,0,0,0,0,0,0,0,0,0,0,0,0,0,0,0,0,0,0,0,0,0,0,0,0,0,0,0,0,0,0,0,0,0,0,0,0,0,0,0,0,0,0,0,0,0,0,0,0,0,0,0,0,0,0,0,0,0,0,0,0,0,0,0,0,0,0,0,0,0,0,0,0,0,0,0,0,0,0,0,0,0,0,11,11,11,11,11,11,11,11,11,14,14,14,14,14,14,14,14,14,14,14,14,14,14,14,14,22,22,22,22,22,22,22,22,22,22,21,21,45,45,45,45,45,45,45,45,45,45,40,40,40,40,40,40,40,40,40,40,38,38,38,38,38,38,38,38,38,38,31,31,31,31,31,31,31,31,31,0,0,0,0,0,0,0,0,0,0,0,0,0,0,0,0,0,0,0,0,0,0,0,0,0,0,0,0,45,45,45,45,45,45,45,45,45,45,45,45,45,45,45,45,45,45,45,45,45,45,45,45,45,45,45,45,45,45,45,45,45,45,45,45,45,45,45,0,0,0,0,0,0,0,0,0,0,0,0,0,0,0,0,0,0,0,0,0,0,0,0,0,0,0,0,45,45,45,45,45,45,45,45,45,45,45,45,45,45,45,45,45,45,45,45,45,45,45,45,45,45,45,45,45,45,45,45,45,45,45,45,45,45,45,0,0,0,0,0,0,0,0,0,0,0,0,0,0,0,0,0,0,0,0,0,0,0,0,0,0,0,0,45,45,45,45,45,45,45,45,45,45,45,45,45,45,45,45,45,45,45,45,45,45,45,45,45,45,45,45,45,45,45,45,45,45,45,45,45,45,45,0,0,0,0,0,0,0,0,0,0,0,0,0,0,0,0,0,0,0,0,0,0,0,0,0,0,0,0,0,0,0,0,0,0,0,0,0,0,0,0,0,0,0,0,0,0,0,0,0,0,0,0,0,0,0,0,0,0,0
Shuttle9,	0,0,0,0,0,0,0,0,0,0,0,0,0,0,0,0,0,0,0,0,0,0,0,0,0,0,0,0,0,0,0,0,0,0,0,0,0,0,0,0,0,0,0,0,0,0,0,0,0,0,0,0,0,0,0,0,0,0,0,0,0,0,0,0,0,0,0,0,0,0,0,0,0,0,0,0,0,0,0,0,0,0,0,0,0,0,0,0,0,0,0,0,0,0,0,0,0,0,0,0,0,0,0,0,0,0,0,0,0,0,0,0,0,0,0,0,0,0,0,0,0,0,0,0,0,0,0,0,0,0,0,0,0,0,0,0,0,0,0,0,0,0,0,0,0,0,0,0,0,0,0,0,0,0,0,0,0,0,0,0,0,0,0,0,0,0,0,0,0,0,0,0,0,0,0,0,0,0,0,0,0,0,0,0,0,0,0,0,0,0,0,0,0,0,0,0,0,0,0,0,0,0,0,0,0,0,0,0,0,0,0,0,0,0,0,0,0,0,0,0,0,0,0,0,0,0,0,0,0,0,0,0,0,0,0,0,0,0,0,0,0,0,0,0,0,0,0,0,0,0,0,0,0,0,0,0,0,0,0,0,0,0,0,0,0,0,0,0,0,0,0,0,0,0,0,0,0,0,0,0,0,0,0,0,0,0,0,0,0,0,0,0,0,0,0,0,0,0,0,0,0,0,0,0,0,0,0,0,0,0,0,0,0,0,0,0,0,0,0,0,0,0,0,0,0,0,0,0,0,0,0,0,0,0,0,0,0,0,0,0,0,0,0,0,0,0,0,0,0,0,0,0,0,0,0,0,0,0,0,0,0,0,0,0,0,0,0,0,0,0,0,0,0,0,0,0,0,0,0,0,6,6,6,6,6,6,6,6,6,6,19,19,19,19,19,19,19,19,19,31,31,31,40,40,40,40,40,40,40,40,40,40,45,45,45,45,45,45,45,45,45,45,45,45,45,45,45,45,45,45,45,45,45,45,45,45,33,33,33,33,33,33,33,33,33,33,22,22,22,22,22,22,22,22,22,22,14,14,14,14,14,14,14,14,14,14,13,13,13,13,13,13,13,13,13,4,4,4,0,0,0,0,0,0,0,0,0,0,0,0,0,0,0,0,0,0,0,0,0,0,0,0,0,0,0,0,0,0,0,0,0,0,0,0,0,0,0,0,0,0,0,0,0,0,0,0,0,0,0,0,0,0,0,0,0,0,0,0,0,0,0,0,0,0,0,0,0,0,0,0,0,0,0,0,0,0,0,0,0,0,0,0,0,0,0,0,0,0,0,0,0,0,0,0,0,0,0,0,0,0,0,0,0,0,0,0,0,0,0,0,0,0,0,0,0,0,0,0,0,0,0,0,0,0,0,0,0,0,0,0,0,0,0,0,0,0,0,0,0,0,0,0,0,0,0,0,0,0,0,0,0,0,0,0,0,0,0,0,0,0,0,0,0,0,0,0,0,0,0,0,0,0,0,0,0,0,0,0,0,0,0,0,0,0,0,0,0,0,0,0,0,0,0,0,0,0,0,0,0,0,0,0,0,0,0,0,0,0,0,0,0,0,0,0,0,0,0,0,0,0,0,0,0,0,0,0,0,0,0,0,0,0,0,0,0,0,0,0,0,0,0,0,0,0,0,0,0,0,0,0,0,0,0,0,0,0,0,0,0,0,0,0,0,0,0,0,0,0,0,0,0,0,0,0,0,0,0,0,0,0,0,0,0,0,0,0,0,0,0,0,0,0,0,0,0,0,0,0,0,0,0,0,0,0,0,0,0,0,0,0,0,0,0,0,0,0,0,0,0,0,0,0,0,0,0,0,0,0,0,0,0,0,0,0,0,0,0,0,0,0,0,0,0,0,0,0,0,0,0,0,0,0,0,0,0,0,0,0,0,0,0,0,0,0,0,0,0,0,0,0,0,0,0,0,0,0,0,0,0,0,0,0,0,0,0,0,0,0,0,0,0,0,0,0,0,0,0,0,0,0,0,0,0,0,0,0,0,0,0,0,0,0,0,0,0,0,0,0,0,0,0,0,0,0,0,0,0,0,0,0,0,0,0,0,0,0,0,0,0,0,0,0,0,0,0,0,0,0,0,0,0,0,0,0,0,0,0,0,0,0,0,0,0,0,0,0,0,0,0,0,0,0,0,0,0,0,0,0,0,0,0,0,0,0,0,0,0,0,0,0,0,0,0,0,0,0,0,0,0,0,0,0,0,0,0,0,0,0,0,0,0,0,0,0,0,0,0,0,0,0,0,0,0,0,0,0,0,0,0,0,0,0,0,0,0,0,0,0,0,0,0,0,0,0,0,0,0,0,0,0,0,0,0,0,0,0,0,0,0,0,0,0,0,0,0,0,0,0,0,0,0,0,0,0,0,0,0,0,0,0,0,0,0,0,0,0,0,0,0,0,0,0,0,0,0,0,0,0,0,0,0,0,0,0,0,0,0,0,0,0,0,0,0,0,0,0,11,11,11,11,11,11,11,11,11,34,34,34,34,34,34,34,34,34,34,34,34,34,34,34,45,45,45,45,45,45,45,45,45,45,39,39,39,39,39,39,39,39,39,39,32,32,32,32,32,32,32,32,32,32,27,27,27,27,27,27,27,27,27,14,14,14,5,5,5,5,5,5,5,5,5,5,2,2,2,2,2,2,2,2,2,0,0,0,0,0,0,0,0,0,0,0,0,0,0,0,0,0,0,0,0,0,0,0,0,0,0,0,0,0,0,0,0,0,0,0,0,0,0,0,0,0,0,0,0,0,0,0,0,0,0,0,0,0,0,0,0,0,0,0,0,0,0,0,0,0,0,0,0,0,0,0,0,0,0,0,0,0,0,0,0,0,0,0,0,0,0,0,0,0,0,0,0,0,0,0,0,0,0,0,0,0,0,0,0,0,0,0,0,0,0,0,0,0,0,0,0,0,0,0,0,0,0,0,0,0,0,0,0,0,0,0,0,0,0,0,0,0,0,0,0,0,0,0,0,0,0,0,0,0,0,0,0,0,0,0,0,0,0,0,0,0,0,0,0,0,0,0,0,0,0,0,0,0,0,0,0,0,0,0,0,0,0,0,0,0,0,0,0,0,0,0,0,0,0,0,0,0,0,0,0,0,0,0,0,0,0,0,0,0,0,0,0,0,0,0,0,0,0,0,0,0,0,0,0,0,0,0,0,0,0,0,0,0,0,0,0,0,0,0,0,0,0,0,0,0,0,0,0,0,0,0,0,0,0,0,0,0,0,0
How early,	-384189/3665,	-40,9,-2,-40,-33,-21,-27,24,1,-9,24,-43,-28,-10,4,37,14,-21,-20,-20,-39,-38,-38,-17,-17,24,24,-21,-21,-20,-11,6,-11,-10,-10,31,-9,-9,32,32,-8,-20,-20,-20,-26,-26,-26,7,15,-21,-20,20,21,3,4,-33,-32,-39,-38,-27,-34,-26,32,32,32,32,-14,-14,-6,-6,-3,-3,-3,-3,-2,-2,-2,-6,31,20,20,4,4,21,6,6,17,17,18,18,-40,-40,22,27,-36,28,24,-35,29,-35,29,-22,-34,-34,-21,28,-20,-20,29,29,-30,-30,-18,-23,30,-29,-29,-22,24,-28,-16,24,-21,-21,-20,-12,6,-11,-11,6,-11,-10,-5,-5,-5,-4,-4,-4,-4,20,21,21,31,31,-10,-10,32,14,18,21,-11,-10,-10,0,25,25,26,26,2,3,24,6,7,8,9,9,9,25,26,-42,-36,-36,-29,23,-35,-28,-28,-34,-27,-27,-27,22,28,-24,-24,-24,-24,-29,-23,-23,-28,30,30,30,-27,-27,22,22,22,-2,-26,-26,-26,23,23,-1,-39,-38,-38,-37,-25,-40,-38,-37,-23,-30,-30,-36,-28,-18,-18,-18,-18,-25,-25,-16,-23,0,-22,-12,-6,-5,-5,-11,2,2,3,3,3,-7,-7,-6,-6,-6,1,-43,23,-42,-18,-18,-17,-17,-43,-42,-42,-42,-41,-30,-30,-23,-29,-23,-10,-9,-17,-16,-15,8,9,10,12,12,13,14,14,28,28,9,10,10,10,4,5,-29,-29,-5,6,6,-28,9,-27,-3,11,12,12,-3,-3,-12,-10,27,27,28,27,27,28,28,30,13,13,14,19,20,-39,-39,-50,-35,-41,-40,-40,-47,-12,-11,-10,-59,-59,-57,-53,-22,-21,-20,-20,-29,-29,-28,4,5,5,7,7,6,6,8,9,-1,0,0,-56,-50,-50,-56,14,-56,-55,-47,-15,-7,10,20,-3,7,-2,-2,9,10,11,15,16,16,-39,12,-25,-25,13,13,-24,-24,-23,11,11,13,3,3,3,4,-46,-11,-11,-11,-10,-19,1,16,13,-59,-52,-51,2,12,3,3,4,4,4,14,4,-13,4,4,5,6,-63,-63,-68,-67,-46,-44,1,1,3,-7,-6,-6,-28,-47,-27,-26,-25,-25,-24,-9,-8,-7,-6,-6,-70,-66,-69,4,6,6,6,6,7,-14,-14,7,-30,-29,0,-28,1,-14,-14,-12,-12,-75,-75,-76,-78,-60,-59,-59,-58,-58,-57,-37,-37,-3,-36,-2,-2,-46,-46,-45,-45,-8,-17,-16,-14,-14,-6,-5,-4,-4,-2,-28,-26,-26,-22,-22,-25,-24,-82,-75,-73,-73,-62,-89,-19,-19,-52,-52,-51,-51,-50,-5,-34,-4,-33,-33,-32,-2,-31,-76,-64,-63,-62,-61,-61,-41,-41,-60,-31,-19,-18,-18,-40,-40,-14,-38,-38,-38,-13,-41,-41,-20,-19,-23,-77,-58,-58,-58,-14,-14,-13,-12,-25,-26,-28,-13,-13,-13,-70,-70,-68,-68,-22,-52,-51,-34,-34,-50,-50,-49,-49,-49,-32,-22,-21,-21,-16,-14,-31,-89,-89,-89,-30,-23,-29,-79,-17,-93,-17,-28,-82,-30,-30,-29,-29,-49,-29,-86,-92,-36,-91,-91,-90,-90,-90,-63,-62,-61,-60,-28,-28,-28,-70,-28,-28,-70,-38,-38,-38,-69,-37,-37,-66,-65,-64,-63,-41,-22,-91,-38,-56,-23,-55,-55,-31,-54,-54,-54,-54,-28,-28,-49,-49,-27,-48,-48,-27,-26,-89,-78,-23,-93,-92,-92,-28,-59,-59,-59,-59,-33,-31,-30,-29,-29,-45,-45,-45,-45,-28,-79,-79,-89,-23,-92,-91,-91,-97,-97,-96,-90,-90,-89,-96,-41,-55,-49,-49,-79,-83,-83,-93,-93,-27,-36,-34,-34,-34,-80,-80,-80,-44,-90,-89,-89,-92,-60,-82,-82,-81,-81,-70,-70,-69,-64,-64,-64,-63,-63,-52,-28,-46,-45,-97,-97,-103,-97,-103,-100,-99,-90,-90,-35,-35,-101,-88,-40,-39,-39,-66,-71,-49,-49,-36,-45,-84,-48,-98,-82,-41,-93,-93,-43,-96,-36,-96,-96,-103,-37,-83,-36,-82,-92,-92,-81,-40,-40,-87,-51,-93,-84,-45,-68,-93,-92,-90,-90,-90,-89,-89,-89,-108,-107,-107,-90,-70,-69,-84,-84,-38,-40,-41,-91,-65,-82,-64,-72,-72,-72,-88,-41,-90,-86,-88,-52,-98,-52,-52,-87,-87,-97,-51,-44,-44,-44,-50,-51,-51,-97,-96,-52,-47,-47,-111,-94,-113,-91,-54,-43,-43,-42,-45,-103,-109,-109,-43,-96,-41,-92,-40,-79,-91,-78,-77,-107,-106,-111,-105,-105,-70,-66,-65,-64,-111,-110,-94,-94,-93,-105,-95,-100,-100,-52,-109,-115,-115,-107,-46,-43,-45,-59,-118,-115,-76,-103,-95,-84,-89,-50,-62,-62,-52,-45,-61,-60,-60,-81,-84,-48,-100,-60,-108,-108,-108,-124,-116,-121,-72,-71,-87,-87,-87,-86,-96,-95,-95,-94,-94,-54,-53,-112,-88,-88,-57,-56,-56,-67,-100,-100,-100,-76,-99,-118,-107,-107,-107,-106,-99,-99,-99,-98,-98,-60,-71,-71,-69,-69,-67,-136,-86,-83,-83,-85,-126,-104,-102,-143,-129,-118,-117,-103,-102,-104,-90,-78,-108,-123,-122,-149,-144,-91,-91,-142,-86,-87,-87,-86,-85,-86,-130,-145,-145,-85,-127,-97,-97,-94,-93,-108,-107,-100,-149,-98,-98,-97,-97,-152,-151,-151,-90,-89,-107,-106,-135,-123,-102,-121,-128,-128,-123,-122,-126,-121,-97,-143,-147,-108,-96,-150,-150,-126,-130,-125,-125,-117,-116,-138,-103,-138,-94,-103,-103,-103,-108,-154,-154,-162,-126,-125,-114,-114,-113,-106,-105,-105,-147,-146,-126,-126,-141,-154,-154,-154,-115,-153,-153,-114,-114,-149,-149,-102,-102,-149,-114,-163,-163,-107,-100,-155,-106,-100,-115,-155,-102,-148,-148,-101,-101,-147,-131,-107,-118,-98,-98,-131,-131,-111,-124,-130,-123,-123,-129,-106,-118,-118,-105,-103,-106,-111,-158,-103,-102,-106,-121,-121,-120,-107,-116,-163,-115,-115,-115,-162,-122,-122,-121,-149,-114,-118,-117,-117,-117,-116,-116,-115,-118,-164,-105,-125,-104,-112,-140,-140,-118,-141,-117,-139,-127,-127,-135,-126,-154,-154,-130,-164,-148,-127,-164,-127,-142,-127,-126,-126,-120,-131,-130,-122,-146,-170,-122,-169,-109,-119,-172,-123,-130,-130,-130,-147,-146,-145,-152,-152,-152,-151,-133,-133,-133,-154,-134,-134,-153,-120,-151,-151,-135,-126,-150,-130,-124,-124,-170,-170,-177,-116,-154,-154,-117,-116,-162,-162,-174,-130,-130,-114,-133,-149,-125,-139,-139,-139,-134,-137,-132,-159,-159,-159,-138,-157,-172,-171,-151,-151,-135,-150,-135,-134,-134,-156,-120,-136,-135,-134,-130,-176,-141,-140,-177,-141,-177,-177,-127,-139,-139,-138,-138,-138,-153,-128,-127,-126,-141,-157,-157,-162,-129,-161,-145,-142,-132,-132,-132,-143,-149,-147,-187,-141,-187,-167,-134,-159,-158,-158,-157,-157,-155,-155,-155,-135,-135,-134,-134,-188,-167,-148,-141,-141,-148,-148,-148,-193,-158,-192,-192,-152,-209,-161,-161,-208,-161,-208,-208,-207,-160,-168,-179,-179,-179,-199,-196,-195,-195,-156,-156,-172,-172,-193,-171,-171,-171,-158,-157,-156,-156,-182,-155,-180,-183,-168,-163,-161,-182,-164,-163,-162,-162,-174,-173,-196,-173,-211,-172,-169,-168,-165,-187,-186,-196,-189,-185,-195,-176,-176,-188,-181,-181,-191,-190,-171,-206,-189,-170,-170,-179,-179,-179,-192,-173,-212,-197,-197,-172,-172,-181,-171,-178,-188,-187,-185,-181,-180,-180,-180,-180,-191,-201,-201,-176,-176,-197,-206,-206,-206,-203,-196,-196,-195,-192,-191,-191,-184,-190,-190,-184,-184,-212,-189,-189,-209,-209,-192,-187,-191,-191,-191,-191,-186,-185,-199,-189,-189,-183,-189,-201,-217,-217,-217,-217,-187,-181,-204,-191,-191,-191,-190,-215,-200,-211,-211,-190,-210,-198,-203,-174,-206,-194,-194,-194,-206,-206,-206,-212,-205,-205,-205,-205,-192,-195,-194,-193,-221,-211,-219,-214,-214,-214,-209,-209,-204,-203,-198,-198,-198,-193,-208,-207,-208,-202,-202,-201,-201,-201,-215,-215,-230,-206,-205,-228,-216,-203,-203,-202,-211,-210,-233,-226,-226,-221,-220,-219,-219,-219,-219,-208,-200,-232,-231,-210,-214,-214,-230,-229,-228,-228,-212,-212,-228,-30,21,27,15,-14,20,0,1,27,-32,-24,15,15,27,21,-8,26,0,7,-2,-1,38,38,32,32,-35,-35,32,32,-23,32,18,18,25,32,16,-15,17,18,31,-9,26,-9,4,18,18,10,12,18,18,-44,18,25,26,26,-20,-19,-19,-19,-19,18,-34,-34,18,31,26,26,26,26,26,32,3,-19,4,-19,4,-19,4,-11,17,18,-5,-5,18,16,2,2,-32,32,32,32,-19,-18,-18,36,31,-20,-20,32,32,32,-11,-19,-19,-19,-19,16,-10,17,18,18,25,31,32,32,17,18,18,31,25,2,26,32,3,3,4,17,17,18,11,12,17,-46,-45,30,-25,-25,-25,31,-24,-34,-23,-23,-33,-32,17,17,30,-25,-25,18,-41,-41,-41,17,-40,-40,18,18,23,-39,24,24,-34,17,26,-33,-33,18,-28,-28,0,0,7,7,7,-2,-2,17,11,-1,-1,-1,6,18,18,12,-38,-37,-43,-36,-36,-35,-41,-39,-24,-24,-24,-23,-23,-23,-23,-22,-1,-11,0,-10,34,25,35,35,35,26,26,36,27,27,18,19,19,20,-14,-14,-13,-10,-10,-8,18,-7,3,20,4,4,5,22,-22,22,0,14,14,12,12,8,14,13,14,-40,-37,-28,-27,-26,-5,-3,-3,23,23,24,-6,-6,-5,17,18,28,29,30,31,31,31,32,-3,-3,-3,-2,-1,0,-10,-10,-10,10,10,10,10,20,20,20,11,11,21,22,23,-25,-44,-27,-26,-24,-1,0,0,1,1,1,-9,2,-8,12,24,21,21,-45,-45,-44,7,15,-34,15,-34,-34,-34,-34,-34,-34,-34,-34,-34,-34,-34,-34,-34,-34,-53,-52,-51,-51,-50,18,-53,-52,-28,-24,-23,-23,2,2,2,-6,8,9,-19,10,-18,-18,11,11,11,-17,-15,12,-12,-24,-23,-23,-22,0,2,-56,15,9,9,-56,-56,-56,-55,-42,-26,-36,-36,7,7,7,-35,-3,-34,-34,-1,-1,-29,-29,1,1,-28,-27,-6,-5,-5,-58,-59,-59,-58,-49,-48,-41,14,5,5,-1,-49,-48,-48,12,-35,-44,-46,-46,-62,-61,-55,-43,-64,-5,2,2,8,-54,5,-28,-27,-27,-35,-35,-34,-34,-34,-34,-33,-8,-4,-4,-3,-3,-2,10,10,10,11,11,11,13,-65,-60,-4,-4,-48,-47,-47,-47,-47,-46,-46,-36,-45,-35,-44,-44,-34,-33,-33,-33,-33,-27,-27,-27,-27,-16,-16,-16,-16,-14,7,8,8,2,4,6,-40,-59,1,1,-48,-67,-66,-63,-69,-68,-58,-59,1,-59,-58,-60,-66,-66,-73,-73,-7,-47,-47,-46,-14,-13,-12,-2,-74,-4,-67,-52,-2,-2,-40,-38,-45,-44,-44,-14,-13,-12,-12,-9,-8,-18,-17,-66,-79,-68,-68,-30,-67,-29,-66,-74,-73,-65,-15,-9,-13,-14,-14,-14,-65,-72,-72,-17,-16,-16,-57,-11,-15,-10,-56,-33,-46,-45,-20,-19,-19,-19,-9,-50,-8,-7,-27,-25,-25,-20,-20,-19,-19,-19,-69,-81,-80,-79,-79,-79,-42,-42,-42,-42,-42,-42,-42,-80,-70,-69,-69,-10,-16,-77,-85,-84,-78,-40,-16,-56,-56,-73,-80,-62,-68,-61,-84,-76,-56,-56,-21,-21,-44,-21,-20,-20,-12,-12,-12,-11,-11,-11,-32,-31,-11,-11,-47,-47,-18,-46,-17,-46,-17,-44,-32,-32,-32,-91,-91,-91,-90,-90,-75,-82,-82,-65,-90,-81,-45,-45,-44,-43,-43,-43,-42,-96,-95,-90,-35,-74,-74,-57,-88,-88,-52,-86,-50,-50,-50,-50,-94,-92,-77,-77,-94,-59,-59,-58,-52,-58,-58,-51,-51,-20,-19,-20,-19,-35,-28,-28,-28,-27,-101,-95,-95,-74,-53,-41,-41,-70,-69,-69,-69,-69,-69,-69,-68,-23,-67,-22,-22,-21,-50,-36,-36,-36,-35,-47,-52,-46,-46,-45,-53,-53,-52,-52,-52,-52,-52,-68,-51,-51,-51,-51,-51,-51,-51,-51,-51,-51,-51,-51,-51,-51,-51,-51,-51,-51,-51,-51,-51,-51,-51,-51,-51,-51,-51,-51,-51,-51,-91,-91,-97,-97,-87,-94,-92,-43,-105,-105,-105,-104,-104,-80,-50,-37,-37,-91,-80,-80,-80,-67,-67,-46,-66,-66,-35,-35,-35,-31,-31,-31,-30,-49,-101,-101,-100,-100,-49,-95,-95,-86,-84,-84,-39,-39,-48,-46,-90,-89,-89,-89,-44,-88,-88,-87,-87,-67,-63,-48,-45,-65,-64,-46,-36,-45,-45,-34,-33,-33,-33,-82,-96,-96,-53,-81,-54,-47,-102,-100,-100,-100,-100,-100,-100,-56,-48,-60,-53,-80,-80,-121,-121,-121,-53,-52,-74,-72,-82,-82,-106,-113,-105,-76,-76,-76,-76,-56,-75,-75,-55,-68,-67,-66,-76,-106,-106,-106,-106,-106,-106,-106,-119,-119,-102,-102,-91,-86,-90,-85,-127,-127,-126,-126,-57,-51,-56,-50,-49,-48,-48,-77,-77,-77,-76,-71,-71,-124,-71,-113,-113,-123,-123,-72,-72,-60,-60,-60,-74,-73,-73,-70,-66,-60,-66,-69,-115,-69,-62,-116,-70,-78,-132,-118,-118,-118,-118,-118,-65,-119,-63,-92,-107,-107,-106,-118,-117,-129,-123,-63,-67,-67,-67,-71,-71,-71,-137,-111,-75,-121,-115,-69,-114,-113,-101,-101,-101,-101,-101,-101,-101,-101,-101,-101,-101,-101,-101,-101,-101,-101,-101,-101,-101,-101,-101,-83,-83,-125,-125,-125,-125,-125,-125,-72,-70,-76,-125,-79,-85,-70,-129,-135,-129,-126,-126,-126,-119,-144,-144,-83,-129,-129,-89,-85,-85,-76,-80,-135,-134,-78,-78,-79,-78,-73,-149,-80,-79,-133,-75,-74,-74,-113,-125,-89,-112,-88,-88,-104,-87,-110,-134,-104,-116,-116,-115,-83,-113,-85,-84,-129,-148,-128,-130,-130,-129,-130,-130,-130,-125,-94,-115,-108,-104,-103,-92,-153,-141,-135,-127,-88,-88,-88,-117,-116,-89,-136,-136,-83,-135,-138,-136,-143,-143,-143,-133,-126,-136,-135,-126,-126,-131,-109,-109,-132,-145,-145,-91,-91,-144,-118,-118,-118,-103,-147,-141,-141,-141,-146,-139,-122,-121,-103,-143,-143,-102,-139,-131,-149,-148,-131,-131,-118,-118,-118,-118,-118,-118,-118,-118,-118,-118,-118,-118,-118,-118,-118,-118,-118,-118,-118,-118,-118,-118,-118,-118,-118,-118,-118,-118,-118,-118,-118,-118,-118,-118,-118,-118,-118,-118,-118,-118,-118,-118,-118,-118,-118,-118,-118,-118,-118,-118,-118,-118,-118,-118,-118,-118,-118,-118,-118,-118,-118,-118,-118,-118,-118,-118,-118,-118,-118,-118,-118,-118,-118,-118,-118,-118,-118,-118,-118,-118,-118,-118,-118,-118,-118,-118,-118,-118,-118,-118,-110,-94,-153,-93,-93,-108,-108,-105,-102,-143,-142,-141,-154,-154,-153,-145,-145,-124,-140,-140,-155,-112,-112,-112,-135,-135,-143,-143,-136,-142,-142,-135,-135,-143,-158,-144,-106,-109,-108,-131,-131,-149,-132,-148,-110,-109,-132,-132,-130,-153,-160,-160,-145,-145,-142,-141,-141,-139,-136,-104,-151,-140,-139,-139,-143,-142,-142,-141,-133,-152,-159,-159,-151,-158,-133,-134,-134,-132,-129,-129,-128,-131,-128,-127,-130,-127,-116,-116,-115,-141,-141,-157,-157,-127,-127,-126,-143,-158,-158,-163,-163,-132,-154,-143,-153,-153,-124,-131,-134,-134,-133,-171,-158,-158,-138,-165,-160,-160,-160,-160,-160,-160,-160,-160,-160,-160,-160,-160,-160,-160,-160,-160,-160,-160,-160,-160,-160,-160,-160,-160,-160,-160,-160,-160,-160,-160,-184,-184,-184,-184,-184,-184,-184,-184,-184,-137,-145,-145,-172,-142,-170,-170,-170,-151,-151,-148,-189,-182,-190,-190,-190,-190,-190,-190,-190,-190,-190,-190,-190,-190,-164,-148,-168,-156,-156,-150,-150,-186,-192,-185,-154,-197,-197,-197,-197,-197,-197,-197,-197,-197,-197,-197,-197,-197,-197,-197,-142,-157,-152,-145,-145,-197,-144,-198,-139,-178,-188,-153,-153,-188,-153,-176,-152,-145,-202,-202,-202,-202,-202,-202,-202,-202,-202,-202,-202,-202,-202,-202,-202,-202,-202,-162,-162,-162,-162,-162,-162,-142,-194,-181,-181,-141,-191,-179,-179,-166,-166,-166,-197,-197,-196,-173,-209,-209,-209,-209,-209,-209,-209,-209,-209,-209,-209,-209,-209,-209,-209,-209,-199,-186,-172,-172,-180,-197,-180,-178,-178,-178,-178,-152,-172,-172,-180,-151,-150,-150,-178,-178,-177,-210,-200,-189,-171,-166,-209,-165,-169,-169,-169,-187,-187,-174,-174,-174,-174,-174,-174,-174,-186,-203,-186,-185,-184,-178,-170,-196,-196,-194,-170,-170,-170,-170,-185,-185,-185,-185,-185,-185,-185,-185,-185,-185,-185,-158,-204,-158,-185,-185,-185,-185,-185,-185,-185,-185,-185,-185,-185,-185,-185,-185,-185,-185,-185,-185,-185,-185,-185,-185,-185,-185,-185,-185,-185,-185,-185,-185,-185,-185,-185,-185,-185,-185,-185,-185,-185,-185,-185,-185,-185,-185,-185,-185,-185,-185,-185,-185,-185,-185,-185,-185,-185,-185,-185,-185,-185,-185,-185,-185,-185,-185,-185,-185,-185,-185,-185,-185,-185,-185,-185,-185,-185,-185,-185,-185,-185,-185,-185,-185,-185,-185,-185,-185,-185,-185,-185,-185,-193,-193,-180,-182,-200,-184,-198,-175,-196,-196,-196,-195,-180,-162,-200,-163,-179,-179,-179,-195,-199,-199,-199,-199,-181,-185,-184,-175,-175,-191,-193,-193,-186,-192,-185,-172,-204,-171,-217,-179,-192,-206,-190,-190,-190,-189,-225,-180,-180,-196,-174,-174,-173,-173,-172,-171,-184,-203,-203,-230,-191,-215,-229,-232,-195,-208,-191,-191,-191,-183,-219,-219,-219,-219,-219,-219,-219,-219,-219,-219,-219,-219,-219,-219,-219,-219,-219,-219,-219,-219,-219,-219,-219,-219,-219,-219,-219,-219,-219,-219,-219,-219,-219,-219,-219,-219,-219,-219,-219,-219,-219,-219,-219,-219,-219,-203,-203,-203,-225,-202,-225,-202,-225,-215,-221,-214,-214,-192,-192,-196,-221,-196,-213,-200,-212,-226,-200,-196,-196,-212,-199,-198,-224,-224,-198,-223,-223,-223,-219,-219,-216,-216,-228,-233,-229,-231,-231,-230,-208,-229,-207,-206,-206,-222,-222,-216,-221,-226,-220,-240,-254,-239,-213,-231,-230,-224,-223,-223,-268,-268,-268,-268,-268,-268,-268,-268,-268,-268,-268,-268,-268,-268,-268,-268,-268,-268,-268,-268,-268,-268,-233,-233,-235,-229,-274,-274,-274,-274,-274,-274,-274,-274,-274,-274,-274,-274,-274,-274,-274,-274,-274,-274,-274,-274,-274,-274,-274,-274,-274,-274,-274,-274,-274,-274,-274,-274,-274,-274,-274,-274,-274,-244,-244,-244,-244,-244,-244,-244,-244,-244,-281,-281,-281,-281,-281,-281,-281,-281,-281,-281,-281,-281,-281,-281,-281,-281,-281,-281,-281,-281,-281,-281,-281,-281,-281,-281,-281,-281,-281,-281,-281,-281,-281,-281,-281,-281,-281,-281,-281,-281,-250,-250,-250,-267,-252,-252,-252,-252,-252,-252,-252,-252,-252,-252,-252,-252,-252,-252,-252,-252,-252,-252,-252,-252,-252,-252,-252,-252,-252,-252,-252,-252,-252,-252,-252,-252,-252,-252,-252,-252,-252,-252,-252,-252,-252,-252,-252,-252,-252,-252,-252,-252,-252,-252,-252,-252,-252,-252,-252,-252,-252,-252,-252,-252,-252,-252,-252,-252,-252,-252,-252,-252,-252,-252,-252,-252,-252,-252,-252,-252,-252,-252,-252,-252,-252,-252,-252,-252,-252,-252,-252,-252,-252,-252,-286,-286,-286,-286,-286,-286,-286,-286,-286,-286,-286,-286,-286,-286,-286,-286,-286,-286,-286,-286,-286,-286,-286,-286,-286,-286,-286,-286,-286,-286,-286,-286,-286,-286,-286,-257,-293,-293,-293,-293,-293,-293,-293,-293,-293,-293,-293,-293,-293,-293,-293,-293,-293,-293,-293,-293,-293,-293,-293,-293,-293,-293,-293,-293,-249,-247,-253,-258,-258,-258,-258,-258,-258,-258,-258,-278,-278,-278,-278,-278,-278,-276,-272,-272,-251,-251,-271,-265,-258,-247,-258,-257,-257,-246,-246,-246,-256,-262,-261,-260,-278,-276,-264,-264,-264,-266,-279,-279,-286,-285,-284,-288,-291,-284,-282,-282,-275,-281,-274,-274,-273,-273,-279,-271,-309,-302,-302,-297,-297,-306,-304
How wait,	395246/3665,	0,0,0,0,1,1,1,0,0,1,0,1,0,0,0,1,0,1,0,0,1,0,0,1,1,0,0,1,1,0,1,1,1,0,0,1,1,1,0,0,0,0,0,0,0,0,0,0,0,1,0,1,0,1,0,1,0,1,0,1,2,0,0,0,0,0,0,0,0,0,1,1,1,1,0,0,0,0,1,1,1,0,0,0,0,0,1,1,0,0,0,0,2,3,2,2,0,1,1,1,1,2,0,0,1,2,0,0,1,1,2,2,2,3,0,1,1,2,0,0,0,0,1,1,0,2,1,1,1,1,1,0,1,1,1,0,0,0,0,1,0,0,1,1,2,2,0,1,3,0,2,1,1,3,1,1,0,0,1,0,2,3,2,1,0,0,0,1,0,2,2,2,3,1,1,2,2,0,1,1,1,2,2,2,2,2,2,3,1,1,2,0,0,0,1,1,2,2,2,3,0,0,0,1,1,2,3,2,2,1,3,0,2,1,1,2,2,0,0,2,2,2,2,3,3,0,1,4,0,2,2,1,1,1,2,2,1,1,1,3,3,2,2,2,3,3,1,2,4,4,3,3,3,2,2,2,1,4,4,3,3,3,7,6,8,7,6,9,8,7,9,9,8,7,7,7,7,12,11,11,11,11,10,11,11,12,9,9,10,12,9,10,10,9,9,10,10,11,9,11,11,10,11,11,10,10,8,10,10,9,10,9,11,11,12,13,15,14,14,15,16,15,14,17,17,15,17,17,16,15,15,18,18,17,17,16,16,18,18,15,15,17,16,16,15,15,18,18,18,18,18,18,17,19,19,21,20,18,20,22,19,19,20,19,18,20,19,19,21,20,21,21,19,19,20,20,19,21,21,19,21,21,21,20,20,22,22,22,21,22,22,22,22,23,24,23,25,26,24,24,23,23,23,24,27,27,27,27,26,25,31,31,30,29,31,29,31,31,29,31,30,30,33,29,32,31,30,30,29,33,32,31,30,30,32,34,31,34,32,32,32,32,31,32,32,31,33,32,32,31,31,32,32,30,30,37,35,38,40,40,39,39,38,38,37,40,40,41,39,40,40,40,40,39,39,38,40,39,37,37,44,43,42,42,40,39,41,41,40,40,40,39,42,43,41,41,44,45,43,43,43,43,42,42,41,43,44,42,43,43,42,40,41,44,44,43,42,41,41,44,44,40,41,43,42,42,43,43,44,41,41,41,43,41,41,43,42,44,45,43,43,43,44,44,43,42,43,44,45,43,43,43,45,45,43,43,46,47,46,44,44,45,45,44,44,44,42,46,45,45,48,46,49,47,47,47,48,49,47,47,49,49,49,49,50,51,51,50,50,50,50,52,52,54,51,51,52,52,52,55,54,53,52,52,52,52,52,52,52,52,53,53,53,51,52,52,54,53,52,51,53,54,55,56,55,55,54,54,57,53,53,53,53,54,54,54,54,53,53,53,53,52,55,55,55,55,54,54,52,54,54,54,54,57,55,54,53,53,54,54,54,54,52,56,56,57,55,58,57,57,57,57,56,58,58,57,58,59,58,58,58,61,60,60,61,61,59,62,60,60,60,61,61,61,62,62,61,61,58,61,62,62,61,61,62,62,61,62,62,62,61,61,62,61,64,63,63,63,63,63,63,64,63,64,64,65,65,61,62,64,63,63,63,62,64,67,68,63,65,66,64,68,65,65,65,69,68,68,68,68,65,69,70,68,69,70,70,68,70,70,72,69,70,69,71,72,71,70,70,70,70,69,69,69,70,71,71,71,74,73,73,73,70,72,71,71,72,72,71,73,73,73,74,73,76,72,75,76,76,76,76,74,74,75,75,76,76,76,74,75,75,75,74,76,77,77,77,74,75,75,75,75,75,74,77,77,77,77,75,76,79,78,78,80,77,79,78,79,80,79,79,79,77,81,80,79,79,78,80,80,79,79,81,80,80,82,83,81,81,81,81,81,80,83,82,83,83,83,81,82,83,82,83,83,81,83,85,84,84,85,85,86,86,90,88,88,88,88,88,89,90,89,91,91,91,90,92,93,91,90,90,92,91,92,95,95,95,94,94,97,98,98,98,100,97,98,99,99,99,98,99,99,99,98,98,98,99,101,99,99,97,100,103,101,101,102,104,104,106,105,107,108,107,107,106,108,109,108,109,111,110,111,114,112,112,112,113,113,113,112,111,112,116,113,113,115,115,116,116,115,114,117,116,115,119,119,119,118,118,120,119,119,120,119,122,121,122,124,123,122,123,123,124,123,121,122,124,125,124,126,126,128,128,127,125,126,126,129,128,129,129,129,132,132,132,132,129,130,130,130,133,132,132,132,131,132,131,131,132,131,130,130,130,132,132,132,133,131,131,132,132,131,131,134,134,131,132,131,131,133,132,132,132,132,133,133,134,135,135,133,133,134,135,133,136,136,136,138,138,138,139,137,138,138,136,138,136,136,137,135,138,137,136,136,135,136,139,139,138,139,140,137,139,139,139,136,140,140,139,140,140,142,141,141,141,140,140,139,142,142,143,143,142,144,144,144,144,145,143,143,145,145,147,144,145,145,148,141,147,145,142,145,145,145,144,144,144,146,145,146,147,148,146,147,147,149,146,147,148,148,148,151,150,149,151,151,151,150,151,151,151,152,152,152,152,152,152,152,153,150,151,154,154,154,154,154,151,154,155,155,155,154,154,154,154,154,154,152,154,153,157,157,157,157,158,155,156,157,157,157,159,155,158,157,160,160,159,159,159,158,158,157,158,160,159,158,160,160,164,163,163,162,163,163,165,166,166,165,165,165,165,166,165,164,165,166,166,166,167,165,168,170,170,170,170,170,173,171,173,171,171,171,172,173,172,172,173,171,171,171,171,173,173,172,172,174,175,176,179,179,178,178,178,179,183,180,180,180,187,186,186,186,186,186,186,185,185,187,187,187,187,185,188,187,187,187,187,188,188,185,187,187,187,188,187,186,186,186,185,184,187,187,188,190,191,192,191,190,190,193,192,192,192,189,191,194,195,194,196,195,197,198,194,196,197,197,197,196,196,198,197,198,198,196,197,197,198,198,198,199,200,200,199,199,199,199,200,198,197,201,200,198,200,199,199,199,199,200,202,202,203,203,204,202,202,202,202,203,203,202,205,204,204,203,203,203,203,203,204,202,202,205,205,204,205,203,203,203,203,204,203,208,210,210,210,210,208,209,209,209,209,208,208,210,209,209,209,208,211,212,210,210,208,209,210,215,212,215,215,215,215,215,215,215,213,214,214,214,214,213,216,215,214,215,212,213,214,214,214,215,215,216,215,216,216,216,217,217,216,220,220,220,219,219,219,221,221,225,224,223,223,225,226,226,225,229,228,228,229,229,230,229,228,228,228,228,231,230,233,232,233,238,238,239,238,237,237,236,236,237,0,0,0,0,0,1,1,0,0,0,0,0,0,0,0,0,1,0,0,1,0,0,0,0,0,1,1,0,0,0,0,0,0,1,0,2,0,1,0,1,0,0,0,0,0,0,2,0,0,0,2,0,1,0,0,1,0,0,0,0,0,0,0,0,1,0,0,0,0,0,0,1,0,0,0,0,0,0,0,1,0,0,0,0,2,1,1,0,0,0,0,1,0,0,2,1,2,2,0,0,0,1,1,1,1,1,2,0,1,0,0,1,1,0,0,1,0,0,1,1,2,0,0,1,1,0,1,1,0,1,0,1,2,1,2,2,2,2,1,1,2,0,0,1,0,1,1,2,2,2,3,3,3,3,4,2,2,3,3,4,1,3,3,2,4,1,1,1,3,4,4,1,1,2,2,2,3,3,4,4,2,2,2,3,3,3,3,2,3,3,2,2,1,1,3,4,4,4,3,3,3,3,2,4,5,3,4,4,5,3,3,3,4,4,2,3,3,5,4,5,4,5,5,4,5,5,3,6,2,6,4,5,5,4,2,4,4,4,4,4,6,6,4,4,5,4,8,5,8,7,6,8,6,6,7,7,6,6,6,5,6,5,10,9,8,7,7,7,6,8,8,8,7,6,5,7,7,7,7,7,7,7,9,9,9,6,6,8,7,6,12,8,12,11,9,12,11,11,10,10,10,12,9,11,11,11,11,11,11,11,10,11,11,11,11,11,11,11,11,11,11,11,11,11,11,11,11,11,11,11,14,13,13,12,14,13,12,11,13,12,12,13,13,13,13,16,15,16,14,15,15,13,13,13,14,16,12,13,15,14,14,13,15,13,16,17,15,15,16,16,16,15,16,18,18,18,17,17,17,17,18,16,16,16,16,17,17,14,14,16,15,18,17,17,18,19,19,18,21,20,18,18,21,21,19,21,20,20,20,22,22,20,23,22,21,23,23,22,23,24,24,24,26,25,25,24,24,26,26,25,25,25,25,24,25,25,25,24,24,23,25,25,25,24,24,24,22,25,26,28,28,28,27,27,27,27,26,26,28,25,27,24,24,26,25,25,25,25,25,25,25,25,26,26,26,26,24,26,25,25,28,26,26,27,27,29,29,28,29,28,31,31,30,32,31,31,31,32,32,32,32,33,33,31,32,32,31,32,31,30,32,34,34,33,36,32,32,35,33,34,33,33,35,34,33,33,34,33,33,32,34,37,36,36,37,35,36,34,36,35,37,39,39,37,38,38,38,39,40,40,41,40,40,41,41,39,40,40,40,42,41,41,40,40,40,41,42,40,39,42,40,40,41,41,40,40,40,41,43,42,41,41,41,41,41,41,41,41,41,41,42,44,43,43,42,46,43,45,44,46,47,48,48,48,47,48,48,48,47,46,48,47,47,47,47,47,47,50,50,50,50,50,49,49,49,50,49,49,49,50,50,50,49,49,49,49,47,50,50,50,51,51,51,50,50,49,50,50,51,50,53,52,52,51,50,50,50,49,54,53,52,54,54,54,55,56,56,56,54,54,54,54,54,54,56,57,57,56,58,58,57,57,57,57,56,56,58,57,58,57,58,57,57,57,56,59,59,59,60,61,60,60,61,60,60,60,60,60,60,59,61,58,60,60,59,60,60,60,60,59,62,61,61,61,60,63,63,62,62,62,62,62,63,61,61,61,61,61,61,61,61,61,61,61,61,61,61,61,61,61,61,61,61,61,61,61,61,61,61,61,61,61,61,63,63,61,61,65,64,62,64,65,65,65,64,64,66,69,67,67,69,67,67,67,68,68,67,67,67,70,70,70,69,69,69,68,70,71,71,70,70,70,71,71,71,69,69,71,71,72,70,72,71,71,71,68,70,70,69,69,72,68,72,69,72,71,73,74,72,72,72,71,71,71,76,74,74,74,76,75,76,78,77,77,77,77,77,77,81,78,79,79,81,81,81,81,81,82,81,83,81,83,83,82,81,81,83,83,83,83,83,82,82,82,83,82,81,83,83,83,83,83,83,83,83,83,83,83,83,86,87,85,86,87,87,88,88,87,89,86,88,87,86,86,88,88,88,87,89,89,88,89,90,90,91,91,90,90,90,90,90,91,90,90,88,92,92,92,93,93,93,94,94,94,96,94,95,95,95,95,95,97,96,95,96,96,96,95,96,95,97,95,95,97,97,97,95,95,95,99,98,99,99,99,99,100,99,100,100,100,100,100,100,100,100,100,100,100,100,100,100,100,100,100,100,100,100,100,101,101,102,102,102,102,102,102,102,102,102,102,105,103,102,103,103,103,104,104,104,105,106,106,107,107,107,107,109,109,108,110,107,106,108,108,109,108,111,109,112,111,111,113,112,112,114,111,113,113,112,112,113,111,111,114,111,114,114,113,115,114,115,116,115,116,114,116,116,115,116,116,116,117,115,116,117,119,118,116,117,119,119,119,120,120,120,121,120,119,120,122,121,121,122,120,121,121,121,123,122,122,121,122,122,123,124,124,124,125,125,123,123,124,125,125,125,127,127,125,125,125,124,123,126,125,127,127,127,126,129,127,129,128,127,127,128,128,128,128,128,128,128,128,128,128,128,128,128,128,128,128,128,128,128,128,128,128,128,128,128,128,128,128,128,128,128,128,128,128,128,128,128,128,128,128,128,128,128,128,128,128,128,128,128,128,128,128,128,128,128,128,128,128,128,128,128,128,128,128,128,128,128,128,128,128,128,128,128,128,128,128,128,128,128,128,128,128,128,128,128,128,128,128,128,128,134,132,133,131,131,132,132,134,131,133,132,131,132,132,131,131,131,132,134,134,135,136,136,136,133,133,135,135,136,134,134,135,135,133,136,134,136,138,137,139,139,141,136,140,141,140,140,140,138,141,138,138,139,139,142,141,141,143,140,142,141,144,143,143,144,146,146,145,147,146,147,147,145,146,148,145,145,147,147,147,146,146,146,145,145,145,146,146,145,148,148,149,149,148,148,147,149,150,150,151,151,151,155,152,154,154,154,156,159,159,158,159,159,159,159,159,159,159,159,159,159,159,159,159,159,159,159,159,159,159,159,159,159,159,159,159,159,159,159,159,159,159,159,159,159,159,161,161,161,161,161,161,161,162,162,162,164,164,163,160,161,161,161,163,163,166,166,167,167,167,167,167,167,167,167,167,167,167,167,167,167,166,167,168,168,168,168,171,169,170,172,174,174,174,174,174,174,174,174,174,174,174,174,174,174,174,174,175,176,177,177,175,176,176,177,179,179,179,179,179,179,180,178,177,179,179,179,179,179,179,179,179,179,179,179,179,179,179,179,179,179,180,180,180,180,180,180,180,180,182,182,179,182,183,183,184,184,184,184,184,183,183,186,186,186,186,186,186,186,186,186,186,186,186,186,186,186,186,185,187,187,187,187,187,187,188,188,188,188,190,190,190,192,189,188,188,190,190,189,188,192,190,192,190,189,189,190,190,190,191,191,192,192,192,192,192,192,192,193,193,193,192,191,193,194,194,194,192,194,194,194,194,195,195,195,195,195,195,195,195,195,195,195,196,196,196,195,195,195,195,195,195,195,195,195,195,195,195,195,195,195,195,195,195,195,195,195,195,195,195,195,195,195,195,195,195,195,195,195,195,195,195,195,195,195,195,195,195,195,195,195,195,195,195,195,195,195,195,195,195,195,195,195,195,195,195,195,195,195,195,195,195,195,195,195,195,195,195,195,195,195,195,195,195,195,195,195,195,195,195,195,195,195,195,195,195,197,197,198,197,198,199,202,199,200,200,200,199,201,200,201,201,203,203,203,204,203,203,203,203,202,203,207,206,206,205,206,206,207,205,206,210,208,209,209,210,210,210,211,211,211,210,211,211,211,210,212,212,211,211,210,209,212,215,215,218,216,217,217,218,216,220,218,218,218,221,218,218,218,218,218,218,218,218,218,218,218,218,218,218,218,218,218,218,218,218,218,218,218,218,218,218,218,218,218,218,218,218,218,218,218,218,218,218,218,218,218,218,218,218,218,222,222,222,221,221,221,221,221,222,220,221,221,223,223,224,223,223,225,227,224,230,230,227,227,228,229,228,228,228,228,227,227,227,226,226,229,229,230,237,233,235,235,234,236,233,235,234,234,235,235,235,240,239,239,242,242,241,240,244,243,243,242,242,245,245,245,245,245,245,245,245,245,245,245,245,245,245,245,245,245,245,245,245,245,245,246,246,247,247,251,251,251,251,251,251,251,251,251,251,251,251,251,251,251,251,251,251,251,251,251,251,251,251,251,251,251,251,251,251,251,251,251,251,251,251,251,254,254,254,254,254,254,254,254,254,258,258,258,258,258,258,258,258,258,258,258,258,258,258,258,258,258,258,258,258,258,258,258,258,258,258,258,258,258,258,258,258,258,258,258,258,258,258,258,258,260,260,260,259,262,262,262,262,262,262,262,262,262,262,262,262,262,262,262,262,262,262,262,262,262,262,262,262,262,262,262,262,262,262,262,262,262,262,262,262,262,262,262,262,262,262,262,262,262,262,262,262,262,262,262,262,262,262,262,262,262,262,262,262,262,262,262,262,262,262,262,262,262,262,262,262,262,262,262,262,262,262,262,262,262,262,262,262,262,262,262,262,262,262,263,263,263,263,263,263,263,263,263,263,263,263,263,263,263,263,263,263,263,263,263,263,263,263,263,263,263,263,263,263,263,263,263,263,263,267,270,270,270,270,270,270,270,270,270,270,270,270,270,270,270,270,270,270,270,270,270,270,270,270,270,270,270,270,272,270,271,276,276,276,276,276,276,276,276,277,277,277,277,277,277,275,277,277,277,277,280,283,285,285,285,284,284,284,284,284,283,286,285,284,287,285,287,287,287,290,293,293,300,299,300,304,304,303,312,312,313,311,312,312,311,311,309,309,327,328,328,329,329,330,328


Missed people's location (Destination / Demand time) At 1439
A Station,	
B Station,	
C Station,	(O/1129/-1), (O/1129/-1), (O/1129/-1), (S/1130/-1), (S/1130/-1), (S/1131/-1), (S/1131/-1), (N/1132/-1), (N/1132/-1), (N/1132/-1), (N/1132/-1), (N/1132/-1), (N/1132/-1), (N/1132/-1), (N/1132/-1), (N/1132/-1), (N/1132/-1), (N/1132/-1), (N/1132/-1), (N/1132/-1), (N/1132/-1), (N/1132/-1), (N/1132/-1), (N/1132/-1), (N/1132/-1), (N/1132/-1), (N/1132/-1), (N/1132/-1), (N/1132/-1), (N/1132/-1), (N/1132/-1), (N/1132/-1), (N/1132/-1), (N/1132/-1), (N/1132/-1), (N/1132/-1), (N/1132/-1), (N/1132/-1), (N/1132/-1), (N/1132/-1), (N/1132/-1), (N/1132/-1), (N/1132/-1), (N/1132/-1), (N/1132/-1), (N/1132/-1), (N/1132/-1), (N/1132/-1), (N/1132/-1), (N/1132/-1), (N/1132/-1), (N/1132/-1), (N/1132/-1), (N/1132/-1), (N/1132/-1), (N/1132/-1), (N/1132/-1), (N/1132/-1), (N/1132/-1), (N/1132/-1), (N/1132/-1), (N/1132/-1), (N/1132/-1), (N/1132/-1), (N/1132/-1), (N/1132/-1), (N/1132/-1), (N/1132/-1), (N/1132/-1), (N/1132/-1), (N/1132/-1), (N/1132/-1), (N/1132/-1), (N/1132/-1), (N/1132/-1), (N/1132/-1), (N/1132/-1), (N/1132/-1), (N/1132/-1), (N/1132/-1), (N/1132/-1), (N/1132/-1), (N/1132/-1), (N/1132/-1), (N/1132/-1), (N/1132/-1), (N/1132/-1), (N/1132/-1), (N/1132/-1), (N/1132/-1), (N/1132/-1), (N/1132/-1), (N/1132/-1), (N/1132/-1), (N/1132/-1), (N/1132/-1), (N/1132/-1), (N/1132/-1), (N/1132/-1), (N/1132/-1), (N/1132/-1), (N/1132/-1), (N/1132/-1), (N/1132/-1), (N/1132/-1), (N/1132/-1), (N/1132/-1), (N/1132/-1), (N/1132/-1), (N/1132/-1), (N/1132/-1), (N/1132/-1), (N/1132/-1), (N/1132/-1), (N/1132/-1), (N/1132/-1), (N/1132/-1), (N/1132/-1), (N/1132/-1), (N/1132/-1), (N/1132/-1), (N/1132/-1), (N/1132/-1), (N/1132/-1), (N/1132/-1), (N/1132/-1), (N/1132/-1), (N/1132/-1), (N/1132/-1), (N/1132/-1), (N/1132/-1), (N/1132/-1), (N/1132/-1), (N/1132/-1), (N/1132/-1), (N/1132/-1), (N/1132/-1), (N/1132/-1), (N/1132/-1), (N/1132/-1), (N/1132/-1), (N/1132/-1), (N/1132/-1), (N/1132/-1), (N/1132/-1), (N/1132/-1), (N/1132/-1), (N/1132/-1), (N/1132/-1), (N/1132/-1), (N/1132/-1), (N/1132/-1), (N/1132/-1), (N/1132/-1), (N/1132/-1), (N/1132/-1), (N/1132/-1), (N/1132/-1), (N/1132/-1), (N/1132/-1), (N/1132/-1), (N/1132/-1), (N/1132/-1), (N/1132/-1), (N/1132/-1), (N/1132/-1), (N/1132/-1), (N/1132/-1), (N/1132/-1), (N/1132/-1), (N/1132/-1), (N/1132/-1), (N/1132/-1), (N/1132/-1), (N/1132/-1), (N/1132/-1), (N/1132/-1), (N/1132/-1), (N/1132/-1), (N/1132/-1), (N/1132/-1), (N/1132/-1), (N/1132/-1), (N/1132/-1), (N/1132/-1), (N/1132/-1), (N/1132/-1), (N/1132/-1), (N/1132/-1), (N/1132/-1), (N/1132/-1), (N/1132/-1), (N/1132/-1), (N/1132/-1), (N/1132/-1), (N/1132/-1), (N/1132/-1), (N/1132/-1), (N/1132/-1), (N/1132/-1), (N/1132/-1), (N/1132/-1), (N/1132/-1), (N/1132/-1), (N/1132/-1), (N/1132/-1), (N/1132/-1), (N/1132/-1), (N/1132/-1), (N/1132/-1), (N/1132/-1), (N/1132/-1), (N/1132/-1), (N/1132/-1), (N/1132/-1), (N/1132/-1), (N/1132/-1), (N/1132/-1), (N/1132/-1), (N/1132/-1), (N/1132/-1), (N/1132/-1), (N/1132/-1), (N/1132/-1), (N/1132/-1), (N/1132/-1), (N/1132/-1), (N/1132/-1), (N/1132/-1), (N/1132/-1), (N/1132/-1), (N/1132/-1), (N/1132/-1), (N/1132/-1), (N/1132/-1), (N/1132/-1), (N/1132/-1), (N/1132/-1), (N/1132/-1), (N/1132/-1), (N/1132/-1), (N/1132/-1), (N/1132/-1), (N/1132/-1), (N/1132/-1), (N/1132/-1), (N/1132/-1), (N/1132/-1), (N/1132/-1), (N/1132/-1), (N/1132/-1), (N/1132/-1), (N/1132/-1), (N/1132/-1), (N/1132/-1), (N/1132/-1), (N/1132/-1), (N/1132/-1), (N/1132/-1), (N/1132/-1), (N/1132/-1), (N/1132/-1), (N/1132/-1), (N/1132/-1), (N/1132/-1), (N/1132/-1), (N/1132/-1), (N/1132/-1), (N/1132/-1), (N/1132/-1), (N/1132/-1), (N/1132/-1), (N/1132/-1), (N/1132/-1), (N/1132/-1), (N/1132/-1), (N/1132/-1), (N/1132/-1), (N/1132/-1), (N/1132/-1), (N/1132/-1), (N/1132/-1), (N/1132/-1), (N/1132/-1), (N/1132/-1), (N/1132/-1), (N/1132/-1), (N/1132/-1), (N/1132/-1), (N/1132/-1), (N/1132/-1), (N/1132/-1), (N/1132/-1), (N/1132/-1), (N/1132/-1), (N/1132/-1), (N/1132/-1), (N/1132/-1), (N/1132/-1), (N/1132/-1), (N/1132/-1), (N/1132/-1), (N/1132/-1), (N/1132/-1), (N/1132/-1), (N/1132/-1), (N/1132/-1), (N/1132/-1), (N/1132/-1), (N/1132/-1), (N/1132/-1), (N/1132/-1), (N/1132/-1), (N/1132/-1), (N/1132/-1), (N/1132/-1), (N/1132/-1), (N/1132/-1), (N/1132/-1), (N/1132/-1), (N/1132/-1), (N/1132/-1), (N/1132/-1), (N/1132/-1), (N/1132/-1), (N/1132/-1), (N/1132/-1), (N/1132/-1), (N/1132/-1), (N/1132/-1), (N/1132/-1), (N/1132/-1), (N/1132/-1), (N/1132/-1), (N/1132/-1), (N/1132/-1), (N/1132/-1), (N/1132/-1), (N/1132/-1), (N/1132/-1), (N/1132/-1), (N/1132/-1), (N/1132/-1), (N/1132/-1), (N/1132/-1), (N/1132/-1), (N/1132/-1), (N/1132/-1), (N/1132/-1), (N/1132/-1), (N/1132/-1), (N/1132/-1), (N/1132/-1), (N/1132/-1), (N/1132/-1), (N/1132/-1), (N/1132/-1), (N/1132/-1), (N/1132/-1), (N/1132/-1), (N/1132/-1), (N/1132/-1), (N/1132/-1), (N/1132/-1), (N/1132/-1), (N/1132/-1), (N/1132/-1), (N/1132/-1), (N/1132/-1), (N/1132/-1), (N/1132/-1), (M/1135/-1), (V/1137/-1), (V/1137/-1), (V/1138/-1), (Q/1141/-1)
D Station,	
E Station,	
F Station,	
G Station,	(N/1129/-1), (N/1129/-1), (N/1129/-1), (N/1129/-1), (N/1129/-1), (N/1129/-1), (N/1129/-1), (N/1129/-1), (N/1129/-1), (N/1129/-1), (N/1129/-1), (N/1129/-1), (N/1129/-1), (N/1129/-1), (N/1129/-1), (N/1129/-1), (N/1129/-1), (N/1129/-1), (N/1129/-1), (N/1129/-1), (N/1129/-1), (N/1129/-1), (N/1129/-1), (N/1129/-1), (N/1129/-1), (N/1129/-1), (N/1129/-1), (N/1129/-1), (N/1129/-1), (N/1129/-1), (N/1129/-1), (N/1129/-1), (N/1129/-1), (N/1129/-1), (N/1129/-1), (N/1129/-1), (N/1129/-1), (N/1129/-1), (N/1129/-1), (N/1129/-1), (N/1129/-1), (N/1129/-1), (N/1129/-1), (N/1129/-1), (N/1129/-1), (N/1129/-1), (N/1129/-1), (N/1129/-1), (N/1129/-1), (N/1129/-1), (N/1129/-1), (N/1129/-1), (R/1129/-1), (O/1130/-1), (O/1130/-1), (O/1130/-1), (O/1130/-1), (R/1130/-1), (O/1131/-1), (L/1131/-1), (R/1132/-1), (R/1132/-1), (L/1132/-1), (P/1132/-1), (P/1133/-1), (P/1133/-1), (M/1134/-1), (M/1134/-1), (Q/1136/-1), (M/1137/-1)
H Station,	(P/1129/-1), (P/1129/-1), (P/1129/-1), (P/1129/-1), (P/1129/-1), (P/1129/-1), (P/1129/-1), (P/1129/-1), (P/1129/-1), (P/1129/-1), (P/1129/-1), (P/1129/-1), (P/1129/-1), (P/1129/-1), (P/1129/-1), (P/1129/-1), (P/1129/-1), (P/1129/-1), (P/1129/-1), (P/1129/-1), (P/1129/-1), (P/1129/-1), (P/1129/-1), (P/1129/-1), (P/1129/-1), (P/1129/-1), (P/1129/-1), (P/1129/-1), (P/1129/-1), (P/1129/-1), (P/1129/-1), (P/1129/-1), (P/1129/-1), (P/1129/-1), (P/1129/-1), (P/1129/-1), (P/1129/-1), (P/1129/-1), (P/1129/-1), (P/1129/-1), (P/1129/-1), (P/1129/-1), (P/1129/-1), (P/1129/-1), (P/1129/-1), (P/1129/-1), (P/1129/-1), (P/1129/-1), (P/1129/-1), (P/1129/-1), (P/1129/-1), (P/1129/-1), (P/1129/-1), (P/1129/-1), (P/1129/-1), (P/1129/-1), (P/1129/-1), (P/1129/-1), (P/1129/-1), (P/1129/-1), (P/1129/-1), (P/1129/-1), (P/1129/-1), (P/1129/-1), (P/1129/-1), (P/1129/-1), (P/1129/-1), (P/1129/-1), (P/1129/-1), (P/1129/-1), (P/1129/-1), (P/1129/-1), (P/1129/-1), (P/1129/-1), (P/1129/-1), (P/1129/-1), (P/1129/-1), (P/1129/-1), (P/1129/-1), (P/1129/-1), (P/1129/-1), (P/1129/-1), (P/1129/-1), (P/1129/-1), (P/1129/-1), (P/1129/-1), (P/1129/-1), (P/1129/-1), (P/1129/-1), (P/1129/-1), (P/1129/-1), (P/1129/-1), (P/1129/-1), (P/1129/-1), (P/1129/-1), (P/1129/-1), (P/1129/-1), (P/1129/-1), (P/1129/-1), (P/1129/-1), (P/1129/-1), (P/1129/-1), (P/1129/-1), (P/1129/-1), (P/1129/-1), (P/1129/-1), (P/1129/-1), (P/1129/-1), (P/1129/-1), (P/1129/-1), (P/1129/-1), (P/1129/-1), (P/1129/-1), (P/1129/-1), (P/1129/-1), (P/1129/-1), (P/1129/-1), (P/1129/-1), (P/1129/-1), (P/1129/-1), (P/1129/-1), (P/1129/-1), (P/1129/-1), (P/1129/-1), (P/1129/-1), (P/1129/-1), (P/1129/-1), (P/1129/-1), (P/1129/-1), (P/1129/-1), (P/1129/-1), (P/1129/-1), (P/1129/-1), (P/1129/-1), (P/1129/-1), (P/1129/-1), (P/1129/-1), (P/1129/-1), (P/1129/-1), (P/1129/-1), (P/1129/-1), (P/1129/-1), (P/1129/-1), (P/1129/-1), (P/1129/-1), (P/1129/-1), (P/1129/-1), (P/1129/-1), (P/1129/-1), (P/1129/-1), (P/1129/-1), (P/1129/-1), (P/1129/-1), (P/1129/-1), (P/1129/-1), (P/1129/-1), (P/1129/-1), (P/1129/-1), (P/1129/-1), (P/1129/-1), (P/1129/-1), (P/1129/-1), (P/1129/-1), (P/1129/-1), (P/1129/-1), (P/1129/-1), (P/1129/-1), (P/1129/-1), (P/1129/-1), (P/1129/-1), (P/1129/-1), (P/1129/-1), (P/1129/-1), (P/1129/-1), (P/1129/-1), (P/1129/-1), (P/1129/-1), (P/1129/-1), (P/1129/-1), (P/1129/-1), (P/1129/-1), (P/1129/-1), (P/1129/-1), (P/1129/-1), (P/1129/-1), (P/1129/-1), (P/1129/-1), (P/1129/-1), (P/1129/-1), (P/1129/-1), (P/1129/-1), (P/1129/-1), (P/1129/-1), (P/1129/-1), (P/1129/-1), (P/1129/-1), (P/1129/-1), (P/1129/-1), (P/1129/-1), (P/1129/-1), (P/1129/-1), (P/1129/-1), (P/1129/-1), (P/1129/-1), (P/1129/-1), (P/1129/-1), (P/1129/-1), (P/1129/-1), (P/1129/-1), (P/1129/-1), (P/1129/-1), (P/1129/-1), (P/1129/-1), (P/1129/-1), (P/1129/-1), (P/1129/-1), (P/1129/-1), (P/1129/-1), (P/1129/-1), (P/1129/-1), (P/1129/-1), (P/1129/-1), (P/1129/-1), (P/1129/-1), (P/1129/-1), (P/1129/-1), (P/1129/-1), (P/1129/-1), (P/1129/-1), (P/1129/-1), (P/1129/-1), (P/1129/-1), (P/1129/-1), (P/1129/-1), (P/1129/-1), (P/1129/-1), (P/1129/-1), (P/1129/-1), (P/1129/-1), (P/1129/-1), (P/1129/-1), (P/1129/-1), (P/1129/-1), (P/1129/-1), (P/1129/-1), (P/1129/-1), (P/1129/-1), (P/1129/-1), (P/1129/-1), (P/1129/-1), (P/1129/-1), (P/1129/-1), (P/1129/-1), (P/1129/-1), (P/1129/-1), (P/1129/-1), (P/1129/-1), (P/1129/-1), (P/1129/-1), (P/1129/-1), (P/1129/-1), (P/1129/-1), (P/1129/-1), (P/1129/-1), (P/1129/-1), (P/1129/-1), (P/1129/-1), (P/1129/-1), (P/1129/-1), (P/1129/-1), (P/1129/-1), (P/1129/-1), (P/1129/-1), (P/1129/-1), (P/1129/-1), (P/1129/-1), (P/1129/-1), (P/1129/-1), (P/1129/-1), (P/1129/-1), (P/1129/-1), (P/1129/-1), (P/1129/-1), (P/1129/-1), (P/1129/-1), (P/1129/-1), (P/1129/-1), (P/1129/-1), (P/1129/-1), (P/1129/-1), (P/1129/-1), (P/1129/-1), (P/1129/-1), (P/1129/-1), (P/1129/-1), (P/1129/-1), (P/1129/-1), (P/1129/-1), (P/1129/-1), (P/1129/-1), (P/1129/-1), (P/1129/-1), (P/1129/-1), (P/1129/-1), (P/1129/-1), (P/1129/-1), (P/1129/-1), (P/1129/-1), (P/1129/-1), (P/1129/-1), (P/1129/-1), (P/1129/-1), (P/1129/-1), (P/1129/-1), (P/1129/-1), (P/1129/-1), (P/1129/-1), (P/1129/-1), (P/1129/-1), (P/1129/-1), (P/1129/-1), (P/1129/-1), (P/1129/-1), (P/1129/-1), (P/1129/-1), (P/1129/-1), (P/1129/-1), (P/1129/-1), (P/1129/-1), (P/1129/-1), (P/1129/-1), (P/1129/-1), (P/1129/-1), (P/1129/-1), (P/1129/-1), (P/1129/-1), (P/1129/-1), (P/1129/-1), (P/1129/-1), (P/1129/-1), (P/1129/-1), (P/1129/-1), (P/1129/-1), (P/1129/-1), (P/1129/-1), (P/1129/-1), (P/1129/-1), (P/1129/-1), (P/1129/-1), (P/1129/-1), (P/1129/-1), (P/1129/-1), (P/1129/-1), (P/1129/-1), (P/1129/-1), (P/1129/-1), (P/1129/-1), (P/1129/-1), (P/1129/-1), (P/1129/-1), (P/1129/-1), (V/1129/-1), (V/1129/-1), (P/1130/-1), (V/1130/-1), (P/1131/-1), (N/1132/-1), (N/1132/-1), (N/1132/-1), (O/1132/-1), (O/1132/-1), (B/1133/-1), (B/1133/-1), (N/1133/-1), (N/1134/-1), (N/1134/-1), (O/1134/-1), (O/1134/-1), (O/1134/-1), (O/1134/-1), (L/1134/-1), (L/1134/-1), (O/1135/-1), (O/1135/-1), (L/1136/-1), (L/1136/-1)
I Station,	
J Station,	
K Station,	
L Station,	(V/1137/-1), (Q/1138/-1), (V/1138/-1)
M Station,	
N Station,	
O Station,	
P Station,	
Q Station,	
R Station,	
S Station,	
T Station,	
U Station,	
V Station,	
W Station,	
