Proposed HS	Serviced: 4500, Unfair: 0, UserN :4500
Shuttle0,	0,0,0,0,0,0,0,1,1,1,6,6,8,8,8,8,8,8,8,10,10,10,15,15,15,16,16,16,16,16,16,16,16,16,16,16,16,16,16,16,16,16,16,16,16,17,17,15,15,15,18,18,18,18,23,23,23,23,23,23,23,23,23,23,23,23,23,23,23,23,23,23,23,23,18,18,18,20,20,20,20,20,20,20,20,20,20,20,20,20,14,15,15,15,19,19,19,19,19,20,20,20,20,21,21,21,19,19,19,19,19,19,15,15,15,17,17,17,17,17,17,17,17,17,17,17,16,16,16,15,15,15,15,15,15,15,15,15,16,16,16,16,16,16,16,16,16,16,16,16,16,16,16,16,16,16,16,16,16,16,16,19,19,19,19,19,19,19,20,20,20,20,20,20,12,13,13,13,15,15,17,17,17,19,19,19,19,18,18,18,25,25,25,26,26,26,27,27,27,27,27,27,27,26,26,26,24,24,24,24,23,23,23,22,22,17,17,17,17,17,17,17,19,19,19,19,19,19,19,19,19,19,19,19,18,18,18,18,18,18,18,18,15,15,15,17,17,17,17,17,17,17,17,17,17,17,17,17,13,12,12,12,14,14,14,14,14,13,13,13,13,16,16,16,21,21,21,20,20,20,18,18,18,22,22,22,22,23,23,23,22,22,22,22,21,21,21,19,19,17,17,17,17,17,17,17,18,18,18,18,18,18,18,18,17,17,17,17,17,17,17,17,18,18,18,18,12,12,12,17,17,17,17,17,17,17,16,16,16,16,16,16,7,7,7,7,6,6,6,6,6,7,7,7,7,10,10,10,11,11,11,10,10,10,9,9,9,11,11,11,11,11,11,11,12,12,12,12,11,11,11,8,8,5,5,5,5,5,5,5,6,6,6,6,6,6,6,6,5,5,5,5,7,7,7,7,8,8,8,8,6,6,6,10,10,10,10,10,10,10,10,10,10,10,10,10,5,5,5,5,10,10,11,11,11,12,12,12,12,45,45,45,45,45,45,45,45,45,45,45,45,45,45,45,45,45,45,45,45,45,45,45,43,43,43,43,43,12,12,12,13,13,13,13,16,16,16,16,16,16,16,16,17,17,17,17,15,15,15,15,16,16,16,16,15,15,15,18,18,18,18,18,18,18,18,18,18,18,18,18,10,11,11,11,14,14,15,15,15,15,15,15,15,45,45,45,45,45,45,45,45,45,42,42,42,44,44,44,44,45,45,45,45,45,45,45,44,44,44,45,45,12,12,12,11,11,11,11,14,14,14,14,14,14,14,14,14,14,14,14,14,14,14,14,13,13,13,13,14,14,14,18,18,18,18,18,18,18,19,19,19,19,19,19,11,10,10,10,12,12,12,12,12,13,13,13,13,45,45,45,45,45,45,45,45,45,41,41,41,43,43,43,43,43,43,43,41,41,41,41,42,42,42,42,42,12,12,12,11,11,11,11,12,12,12,12,12,12,12,12,10,10,10,10,8,8,8,8,9,9,9,9,7,7,7,9,9,9,9,9,9,9,8,8,8,8,8,8,6,7,7,7,9,9,10,10,10,9,9,9,9,13,13,13,17,17,17,18,18,18,18,18,18,19,19,19,19,21,21,21,22,22,22,22,24,24,24,23,23,20,20,20,21,21,21,21,24,24,24,24,24,24,24,24,24,24,24,24,24,24,24,24,23,23,23,23,17,17,17,21,21,21,21,21,21,21,21,21,21,21,21,21,12,12,12,12,12,12,11,11,11,14,14,14,14,16,16,16,16,16,16,19,19,19,21,21,21,21,21,21,21,21,21,21,20,20,20,20,20,20,20,21,21,16,16,16,16,16,16,16,19,19,19,19,19,19,19,19,19,19,19,19,20,20,20,20,18,18,18,18,16,16,16,22,22,22,22,22,22,22,24,24,24,24,24,24,16,18,18,18,20,20,21,21,21,21,21,21,21,25,25,25,22,22,22,23,23,23,22,22,22,22,22,22,22,23,23,23,23,23,23,23,22,22,22,23,23,20,20,20,16,16,16,16,15,15,15,15,15,15,15,15,15,15,15,15,14,14,14,14,13,13,13,13,14,14,14,14,14,14,14,14,14,14,12,12,12,12,12,12,11,10,10,10,13,13,10,10,10,10,10,10,10,20,20,20,18,18,18,19,19,19,23,23,23,25,25,25,25,26,26,26,26,26,26,26,26,26,26,24,24,18,18,18,17,17,17,17,20,20,20,20,20,20,20,20,17,17,17,17,18,18,18,18,17,17,17,17,16,16,16,17,17,17,17,17,17,17,17,17,17,17,17,17,11,11,11,11,14,14,13,13,13,13,13,13,13,16,16,16,17,17,17,21,21,21,17,17,17,17,17,17,17,17,17,17,17,17,17,17,16,16,16,16,16,11,11,11,10,10,10,10,11,11,11,11,11,11,11,11,12,12,12,12,12,12,12,12,14,14,14,14,15,15,15,14,14,14,14,14,14,14,14,14,14,14,14,14,10,10,10,10,11,11,9,9,9,11,11,11,11,17,17,17,17,17,17,18,18,18,17,17,17,17,17,17,17,17,17,17,18,18,18,18,19,19,19,19,19,14,14,14,15,15,15,15,13,13,13,13,13,13,13,13,13,13,13,13,12,12,12,12,9,9,9,9,8,8,8,11,11,11,11,11,11,11,10,10,10,10,10,10,7,8,8,8,11,11,11,11,11,11,11,11,11,12,12,12,13,13,13,13,13,13,13,13,13,13,13,13,13,14,14,14,13,13,13,13,11,11,11,13,13,12,12,12,12,12,12,12,21,21,21,21,21,21,21,21,20,20,20,20,20,20,20,20,21,21,21,21,19,19,19,20,20,20,20,20,20,20,20,20,20,20,20,20,16,15,15,15,19,19,17,17,17,18,18,18,18,23,23,23,24,24,24,24,24,24,20,20,20,21,21,21,21,20,20,20,19,19,19,19,20,20,20,19,19,13,13,13,13,13,13,13,14,14,14,14,14,14,14,14,14,14,14,14,14,14,14,14,13,13,13,13,15,15,15,13,13,13,13,13,13,13,13,13,13,13,13,13,7,7,7,7,7,7,9,9,9,9,9,9,9,9,9,9,9,9,9,8,8,8,5,5,5,5,5,5,5,3,3,3,3,3,3,3,3,3,3,2,2,2,2,2,1,1,1,1,1,1,1,1,1,1,1,1,1,1,1,1,1,1,1,1,1,1,1,1,1,1,1,1,1,1,1,1,1,1,1,1,1,1,1,1,0,0,0,0,0,0
Shuttle1,	0,0,0,0,0,0,0,3,3,3,4,4,4,6,6,6,7,7,7,8,8,8,8,10,10,10,10,10,10,10,13,13,13,13,13,12,12,12,12,12,12,12,17,17,17,17,17,17,17,17,18,18,18,18,18,18,18,18,17,17,17,17,17,17,17,16,16,16,16,16,16,16,17,17,17,17,17,17,13,13,13,13,15,15,16,16,16,17,17,17,17,16,16,16,20,20,20,25,25,25,24,24,24,26,26,26,26,27,27,27,25,25,25,25,27,27,27,27,27,24,24,24,24,24,24,24,24,24,24,24,24,24,24,24,26,26,26,26,27,27,27,27,28,28,28,28,22,22,22,24,24,24,24,24,24,24,24,24,24,24,24,24,13,16,16,16,19,19,20,20,20,20,20,20,20,20,20,20,24,24,24,24,24,24,21,21,21,21,21,21,21,20,20,20,23,23,23,23,25,25,25,27,27,26,26,26,26,26,26,26,27,27,27,27,27,27,27,27,28,28,28,28,24,24,24,24,23,23,23,23,18,18,18,17,17,17,17,17,17,17,17,17,17,17,17,17,13,12,12,12,16,16,13,13,13,14,14,14,14,19,19,19,23,23,23,25,25,25,22,22,22,21,21,21,21,21,21,21,22,22,22,22,20,20,20,19,19,16,16,16,15,15,15,15,19,19,19,19,19,19,19,19,20,20,20,20,19,19,19,19,20,20,20,20,15,15,15,20,20,20,20,20,20,20,18,18,18,18,18,18,10,10,10,10,14,14,15,15,15,15,15,15,15,16,16,16,18,18,18,19,19,19,15,15,15,15,15,15,15,15,15,15,15,15,15,15,16,16,16,17,17,16,16,16,15,15,15,15,16,16,16,16,16,16,16,16,16,16,16,16,17,17,17,17,19,19,19,19,14,14,14,14,14,14,14,14,14,14,13,13,13,13,13,13,7,6,6,6,7,7,7,7,7,8,8,8,8,45,45,45,45,45,45,45,45,45,45,45,45,45,45,45,45,44,44,44,45,45,45,45,45,45,45,45,45,8,8,8,9,9,9,9,11,11,11,11,11,11,11,11,14,14,14,14,15,15,15,15,15,15,15,15,13,13,13,14,14,14,14,14,14,14,13,13,13,13,13,13,8,9,9,9,15,15,14,14,14,15,15,15,15,45,45,45,45,45,45,45,45,45,42,42,42,43,43,43,43,42,42,42,42,42,42,42,42,42,42,42,42,11,11,11,11,11,11,11,14,14,14,14,14,14,14,14,13,13,13,13,15,15,15,15,15,15,15,15,15,15,15,18,18,18,18,18,18,18,19,19,19,19,19,19,9,8,8,8,12,12,13,13,13,13,13,13,13,45,45,45,45,45,45,45,45,45,45,45,45,45,45,45,45,43,43,43,44,44,44,44,45,45,45,44,44,14,14,14,14,14,14,14,16,16,16,16,16,16,16,16,14,14,14,14,14,14,14,14,14,14,14,14,14,14,14,20,20,20,20,20,20,20,20,20,20,20,20,20,13,13,13,13,16,16,16,16,16,16,16,16,16,18,18,18,21,21,21,29,29,29,26,26,26,27,27,27,27,25,25,25,24,24,24,24,25,25,25,27,27,25,25,25,25,25,25,25,25,25,25,25,25,25,25,25,25,25,25,25,23,23,23,23,22,22,22,22,19,19,19,21,21,21,21,21,21,21,20,20,20,20,20,20,9,9,9,9,13,13,14,14,14,12,12,12,12,13,13,13,17,17,17,19,19,19,19,19,19,17,17,17,17,16,16,16,16,16,16,16,14,14,14,16,16,16,16,16,15,15,15,15,17,17,17,17,17,17,17,17,17,17,17,17,17,17,17,17,18,18,18,18,17,17,17,18,18,18,18,18,18,18,19,19,19,19,19,19,15,15,15,15,17,17,17,17,17,14,14,14,14,16,16,16,19,19,19,20,20,20,19,19,19,18,18,18,18,19,19,19,16,16,16,16,15,15,15,14,14,11,11,11,13,13,13,13,13,13,13,13,13,13,13,13,12,12,12,12,13,13,13,13,13,13,13,13,8,8,8,10,10,10,10,10,10,10,9,9,9,9,9,9,7,5,5,5,7,7,7,7,7,8,8,8,8,10,10,10,13,13,13,19,19,19,18,18,18,18,18,18,18,18,18,18,20,20,20,20,20,20,20,21,21,20,20,20,20,20,20,20,25,25,25,25,25,25,25,25,26,26,26,26,26,26,26,26,27,27,27,27,22,22,22,22,22,22,22,22,22,22,21,21,21,21,21,21,12,10,10,10,16,16,16,16,16,16,16,16,16,17,17,17,21,21,21,26,26,26,25,25,25,24,24,24,24,25,25,25,26,26,26,26,25,25,25,24,24,20,20,20,20,20,20,20,22,22,22,22,22,22,22,22,21,21,21,21,22,22,22,22,21,21,21,21,15,15,15,17,17,17,17,17,17,17,17,17,17,17,17,17,7,6,6,6,7,7,7,7,7,10,10,10,10,13,13,13,14,14,14,18,18,18,16,16,16,16,16,16,16,17,17,17,16,16,16,16,18,18,18,19,19,16,16,16,17,17,17,17,23,23,23,23,23,23,23,23,23,23,23,23,24,24,24,24,22,22,22,22,20,20,20,20,20,20,20,20,20,20,20,20,20,20,20,20,13,13,13,13,16,16,15,15,15,15,15,15,15,17,17,17,19,19,19,24,24,24,18,18,18,17,17,17,17,15,15,15,15,15,15,15,15,15,15,16,16,17,17,17,17,17,17,17,23,23,23,23,23,23,23,23,24,24,24,24,24,24,24,24,25,25,25,25,22,22,22,23,23,23,23,23,23,23,24,24,24,24,24,24,14,17,17,17,15,15,16,16,16,16,16,16,16,18,18,18,21,21,21,23,23,23,18,18,18,19,19,19,19,19,19,19,21,21,21,21,19,19,19,17,17,16,16,16,16,16,16,16,19,19,19,19,19,19,19,19,19,19,19,19,19,19,19,19,16,16,16,16,11,11,11,14,14,14,14,14,14,14,12,12,12,12,12,12,8,8,8,8,8,8,8,8,8,8,8,8,8,8,8,8,8,8,8,8,8,8,3,3,3,3,3,3,3,1,1,1,0,0,0,0,0,0,0,0,0,0,0,0,0,0,0,0,0,0,0,0,0,0,0,0,0,0,0,0,0,0,0,0,0,0,0,0,0,0,0,0,0,0,0,0,0,0,0,0,0,0,0,0,0,0,0,0,0,0,0,0,0,0,0,0,0,0,0,0,0,0
Shuttle2,	2,2,2,4,4,4,4,4,4,4,4,4,4,6,6,6,6,10,10,10,12,12,15,15,15,15,15,15,15,18,18,18,18,18,18,18,18,19,19,19,19,19,19,19,19,19,19,19,19,18,18,18,20,20,20,20,20,20,20,19,19,19,19,19,19,15,16,16,16,18,18,18,18,18,18,18,18,18,16,16,16,19,19,19,22,22,22,20,20,20,20,20,20,20,20,20,20,19,19,19,19,17,17,17,15,15,12,12,12,12,12,12,12,16,16,16,16,16,16,16,16,16,16,16,16,17,17,17,17,19,19,19,19,17,17,17,18,18,18,18,18,18,18,17,17,17,17,17,17,10,12,12,12,11,11,12,12,12,14,14,14,14,17,17,17,18,18,18,19,19,19,14,14,14,14,14,14,14,14,14,14,12,12,12,12,11,11,11,12,12,8,8,8,9,9,9,9,18,18,18,18,18,18,18,18,17,17,17,17,16,16,16,16,18,18,18,18,20,20,20,22,22,22,22,22,22,22,23,23,23,23,23,23,18,16,16,16,17,17,16,16,16,16,16,16,16,21,21,21,22,22,22,24,24,24,16,16,16,14,14,14,14,15,15,15,17,17,17,17,20,20,20,22,22,16,16,16,13,13,13,13,14,14,14,14,14,14,14,14,16,16,16,16,16,16,16,16,17,17,17,17,16,16,16,18,18,18,18,18,18,18,20,20,20,20,20,20,17,15,15,15,18,18,18,18,18,16,16,16,16,16,16,16,14,14,14,18,18,18,18,18,18,18,18,18,18,18,18,18,18,18,18,18,17,17,17,17,17,14,14,14,14,14,14,14,16,16,16,16,16,16,16,16,16,16,16,16,18,18,18,18,19,19,19,19,19,19,19,22,22,22,22,22,22,22,22,22,22,22,22,22,11,10,10,10,14,14,14,14,14,14,14,14,14,45,45,45,45,45,45,45,45,45,43,43,43,44,44,44,44,44,44,44,45,45,45,45,44,44,44,43,43,11,11,11,11,11,11,11,17,17,17,17,17,17,17,17,17,17,17,17,18,18,18,18,21,21,21,21,21,21,21,21,21,21,21,21,21,21,22,22,22,22,22,22,15,16,16,16,15,15,16,16,16,15,15,15,15,45,45,45,45,45,45,45,45,45,39,39,39,42,42,42,42,41,41,41,44,44,44,44,42,42,42,45,45,18,18,18,17,17,17,17,19,19,19,19,19,19,19,19,17,17,17,17,16,16,16,16,15,15,15,15,12,12,12,16,16,16,16,16,16,16,16,16,16,16,16,16,13,11,11,11,12,12,11,11,11,12,12,12,12,45,45,45,45,45,45,45,45,45,44,44,44,43,43,43,43,42,42,42,41,41,41,41,41,41,41,42,42,9,9,9,9,9,9,9,11,11,11,11,11,11,11,11,10,10,10,10,10,10,10,10,8,8,8,8,6,6,6,9,9,9,9,9,9,9,9,9,9,9,9,9,7,7,7,7,11,11,11,11,11,11,11,11,11,17,17,17,21,21,21,25,25,25,25,25,25,25,25,25,25,23,23,23,25,25,25,25,25,25,25,26,26,20,20,20,18,18,18,18,23,23,23,23,23,23,23,23,20,20,20,20,23,23,23,23,23,23,23,23,23,23,23,24,24,24,24,24,24,24,23,23,23,23,23,23,15,16,16,16,21,21,22,22,22,21,21,21,21,20,20,20,26,26,26,30,30,30,27,27,27,27,27,27,27,28,28,28,31,31,31,31,31,31,31,31,31,31,31,31,29,29,29,29,29,29,29,29,29,29,29,29,29,29,29,29,28,28,28,28,28,28,28,28,23,23,23,24,24,24,24,24,24,24,23,23,23,23,23,23,12,12,12,12,13,13,11,11,11,13,13,13,13,17,17,17,19,19,19,22,22,22,23,23,23,24,24,24,24,23,23,23,23,23,23,23,23,23,23,24,24,17,17,17,16,16,16,16,19,19,19,19,19,19,19,19,19,19,19,19,18,18,18,18,20,20,20,20,18,18,18,19,19,19,19,19,19,19,20,20,20,20,20,20,14,12,12,12,15,15,14,14,14,14,14,14,14,16,16,16,19,19,19,21,21,21,20,20,20,19,19,19,19,18,18,18,17,17,17,17,18,18,18,19,19,16,16,16,16,16,16,16,18,18,18,18,18,18,18,18,19,19,19,19,19,19,19,19,20,20,20,20,19,19,19,21,21,21,21,21,21,21,20,20,20,20,20,20,10,8,8,8,9,9,9,9,9,9,9,9,9,12,12,12,16,16,16,20,20,20,15,15,15,15,15,15,15,15,15,15,16,16,16,16,17,17,17,16,16,13,13,13,13,13,13,13,19,19,19,19,19,19,19,19,19,19,19,19,22,22,22,22,23,23,23,23,18,18,18,20,20,20,20,20,20,20,20,20,20,20,20,20,15,14,14,14,21,21,21,21,21,20,20,20,20,23,23,23,30,30,30,34,34,34,29,29,29,29,29,29,29,28,28,28,29,29,29,29,28,28,28,28,28,23,23,23,23,23,23,23,26,26,26,26,26,26,26,26,27,27,27,27,28,28,28,28,31,31,31,31,23,23,23,22,22,22,22,22,22,22,21,21,21,21,21,21,15,15,15,15,22,22,22,22,22,23,23,23,23,28,28,28,30,30,30,32,32,32,30,30,30,30,30,30,30,30,30,30,28,28,28,28,28,28,28,25,25,19,19,19,19,19,19,19,20,20,20,20,20,20,20,20,21,21,21,21,22,22,22,22,21,21,21,21,19,19,19,22,22,22,22,22,22,22,22,22,22,22,22,22,7,7,7,7,11,11,12,12,12,10,10,10,10,13,13,13,18,18,18,20,20,20,19,19,19,19,19,19,19,19,19,19,20,20,20,20,20,20,20,21,21,19,19,19,18,18,18,18,20,20,20,20,20,20,20,20,20,20,20,20,22,22,22,22,22,22,22,22,13,13,13,13,13,13,13,13,13,13,13,13,13,13,13,13,7,9,9,9,9,9,9,9,9,9,9,9,9,10,10,10,11,11,11,13,13,13,11,11,11,10,10,10,10,11,11,11,12,12,12,12,12,12,12,12,12,11,11,11,10,10,10,10,10,10,10,10,10,10,10,10,10,10,10,10,10,10,10,10,10,10,10,10,8,8,8,8,8,8,8,8,8,8,8,8,8,8,8,8,4,3,3,3,1,1,1,1,1,1,1,1,1,1,1,1,1,1,1,1,1,1,0,0,0,0,0,0,0,0,0
Shuttle3,	0,0,0,0,2,2,2,2,2,2,2,2,3,3,3,3,10,10,10,10,10,10,10,10,10,10,10,10,10,10,10,10,11,11,11,11,11,11,11,11,11,11,11,11,11,11,11,11,11,11,11,11,10,11,11,11,13,13,13,13,13,16,16,16,16,15,15,15,19,19,19,20,20,20,14,14,14,15,15,15,15,13,13,13,13,13,13,13,13,13,13,13,13,12,12,12,12,12,12,12,12,12,12,12,12,12,12,12,11,11,11,11,12,12,12,12,11,11,11,11,9,9,9,10,10,10,10,10,10,10,12,12,12,12,12,12,9,9,9,9,11,11,12,12,12,12,12,12,12,14,14,14,18,18,18,20,20,20,19,19,19,20,20,20,20,19,19,19,18,18,18,18,18,18,18,16,16,13,13,13,13,13,13,13,12,12,12,12,12,12,12,12,12,12,12,12,11,11,11,11,11,11,11,11,9,9,9,9,9,9,9,9,9,9,8,8,8,8,8,8,4,4,4,4,7,7,8,8,8,9,9,9,9,10,10,10,14,14,14,15,15,15,14,14,14,15,15,15,15,14,14,14,13,13,13,13,13,13,13,13,13,11,11,11,11,11,11,11,14,14,14,14,14,14,14,14,13,13,13,13,14,14,14,14,13,13,13,13,8,8,8,12,12,12,12,12,12,12,12,12,12,12,12,12,6,8,8,8,11,11,11,11,11,13,13,13,13,17,17,17,18,18,18,21,21,21,19,19,19,20,20,20,20,21,21,21,22,22,22,22,22,22,22,20,20,19,19,19,20,20,20,20,24,24,24,24,24,24,24,24,23,23,23,23,23,23,23,23,23,23,23,23,23,23,23,25,25,25,25,25,25,25,25,25,25,25,25,25,19,18,18,18,19,19,20,20,20,20,20,20,20,45,45,45,45,45,45,43,43,43,39,39,39,41,41,41,41,41,41,41,40,40,40,40,41,41,41,41,41,16,16,16,17,17,17,17,17,17,17,17,17,17,17,17,16,16,16,16,14,14,14,14,10,10,10,10,8,8,8,11,11,11,11,11,11,11,12,12,12,12,12,12,8,7,7,7,8,8,8,8,8,7,7,7,7,45,45,45,45,45,45,45,45,45,44,44,44,45,45,45,45,45,45,45,45,45,45,45,45,45,45,45,45,7,7,7,6,6,6,6,12,12,12,12,12,12,12,12,11,11,11,11,10,10,10,10,13,13,13,13,13,13,13,14,14,14,14,14,14,14,14,14,14,14,14,14,11,11,11,11,14,14,16,16,16,16,16,16,16,45,45,45,45,45,45,45,45,45,40,40,40,40,40,40,40,43,43,43,42,42,42,42,43,43,43,44,44,13,13,13,12,12,12,12,12,12,12,12,12,12,12,12,11,11,11,11,12,12,12,12,13,13,13,13,12,12,12,10,10,10,10,10,10,10,9,9,9,9,9,9,7,8,8,8,10,10,11,11,11,10,10,10,10,15,15,15,23,23,23,30,30,30,29,29,29,31,31,31,31,31,31,31,29,29,29,29,28,28,28,27,27,24,24,24,23,23,23,23,27,27,27,27,27,27,27,27,27,27,27,27,26,26,26,26,27,27,27,27,19,19,19,21,21,21,21,21,21,21,22,22,22,22,22,22,13,12,12,12,14,14,12,12,12,12,12,12,12,17,17,17,18,18,18,22,22,22,17,17,17,17,17,17,17,18,18,18,18,18,18,18,20,20,20,20,20,16,16,16,17,17,17,17,22,22,22,22,22,22,22,22,24,24,24,24,23,23,23,23,20,20,20,20,20,20,20,24,24,24,24,24,24,24,25,25,25,25,25,25,16,17,17,17,20,20,21,21,21,21,21,21,21,25,25,25,26,26,26,28,28,28,21,21,21,20,20,20,20,20,20,20,21,21,21,21,21,21,21,21,21,15,15,15,15,15,15,15,16,16,16,16,16,16,16,16,17,17,17,17,16,16,16,16,16,16,16,16,14,14,14,19,19,19,19,19,19,19,19,19,19,19,19,19,10,8,8,8,9,9,10,10,10,9,9,9,9,13,13,13,13,13,13,17,17,17,16,16,16,19,19,19,19,22,22,22,24,24,24,24,25,25,25,28,28,23,23,23,24,24,24,24,26,26,26,26,26,26,26,26,25,25,25,25,25,25,25,25,26,26,26,26,24,24,24,27,27,27,27,27,27,27,24,24,24,24,24,24,19,17,17,17,18,18,18,18,18,18,18,18,18,19,19,19,22,22,22,27,27,27,20,20,20,20,20,20,20,21,21,21,24,24,24,24,25,25,25,28,28,23,23,23,22,22,22,22,21,21,21,21,21,21,21,21,20,20,20,20,19,19,19,19,18,18,18,18,16,16,16,15,15,15,15,15,15,15,18,18,18,18,18,18,14,13,13,13,14,14,14,14,14,15,15,15,15,19,19,19,19,19,19,22,22,22,20,20,20,19,19,19,19,18,18,18,16,16,16,16,15,15,15,16,16,10,10,10,9,9,9,9,15,15,15,15,15,15,15,15,16,16,16,16,17,17,17,17,18,18,18,18,18,18,18,18,18,18,18,18,18,18,16,16,16,16,16,16,14,14,14,14,16,16,17,17,17,19,19,19,19,25,25,25,28,28,28,31,31,31,24,24,24,23,23,23,23,22,22,22,23,23,23,23,22,22,22,21,21,16,16,16,17,17,17,17,22,22,22,22,22,22,22,22,20,20,20,20,19,19,19,19,19,19,19,19,18,18,18,21,21,21,21,21,21,21,22,22,22,22,22,22,17,17,17,17,20,20,21,21,21,21,21,21,21,26,26,26,29,29,29,32,32,32,28,28,28,28,28,28,28,26,26,26,25,25,25,25,25,25,25,27,27,15,15,15,14,14,14,14,16,16,16,16,16,16,16,16,15,15,15,15,15,15,15,15,16,16,16,16,16,16,16,18,18,18,18,18,18,18,16,16,16,16,16,16,12,12,12,12,15,15,14,14,14,13,13,13,13,14,14,14,14,14,14,14,14,14,11,11,11,12,12,12,12,12,12,12,12,12,12,12,13,13,13,13,13,14,14,14,13,13,13,13,14,14,14,14,14,14,14,14,14,14,14,14,13,13,13,13,12,12,12,12,8,8,8,8,8,8,8,8,8,8,8,8,8,8,8,8,5,4,4,4,4,4,4,4,4,4,4,4,4,4,4,4,4,4,4,3,3,3,1,1,1,1,1,1,1,1,1,1,1,1,1,1,0,0,0,0,0,0,0,0
Shuttle4,	0,0,0,0,3,3,3,3,3,3,3,3,5,5,5,5,8,8,8,8,9,9,9,9,9,9,9,14,14,14,14,14,14,14,16,16,16,16,16,16,14,18,18,18,25,25,26,26,26,27,27,27,27,30,30,30,33,33,33,44,44,44,41,41,41,41,41,41,41,41,41,41,42,42,42,42,40,40,40,41,41,37,37,37,34,34,34,34,41,41,41,41,41,41,41,41,42,42,42,42,42,42,42,42,40,40,40,40,39,39,39,45,45,45,45,45,45,45,45,45,45,45,45,45,30,32,32,32,33,33,35,35,35,36,36,36,36,38,38,38,40,40,40,45,45,45,35,35,35,33,33,33,33,34,34,34,36,36,36,36,35,35,35,33,33,31,31,31,31,31,31,31,36,36,36,36,36,36,36,36,37,37,37,37,37,37,37,37,33,33,33,33,32,32,32,42,42,42,42,42,42,42,39,39,39,39,39,39,29,31,31,31,35,35,36,36,36,37,37,37,37,39,39,39,44,44,44,45,45,45,42,42,42,40,40,40,40,42,42,42,42,42,42,42,41,41,41,37,37,34,34,34,35,35,35,35,40,40,40,40,40,40,40,40,41,41,41,41,38,38,38,38,39,39,39,39,31,31,31,32,32,32,32,32,32,32,30,30,30,30,30,30,22,25,25,25,29,29,31,31,31,33,33,33,33,31,31,31,42,42,42,45,45,45,42,42,42,42,42,42,42,39,39,39,39,39,39,39,38,38,38,36,36,36,36,36,35,35,35,35,38,38,38,38,38,38,38,38,41,41,41,41,39,39,39,39,38,38,38,38,30,30,30,33,33,33,33,33,33,33,36,36,36,36,36,36,25,27,27,27,27,27,27,27,27,24,24,24,24,45,45,45,45,45,45,45,45,45,45,45,45,45,45,45,45,45,45,45,45,45,45,45,44,44,44,45,45,23,23,23,21,21,21,21,21,21,21,21,21,21,21,21,22,22,22,22,23,23,23,23,26,26,26,26,27,27,27,31,31,31,31,31,31,31,30,30,30,30,30,30,23,24,24,24,23,23,26,26,26,24,24,24,24,45,45,45,45,45,45,45,45,45,44,44,44,45,45,45,45,44,44,44,45,45,45,45,45,45,45,45,45,26,26,26,27,27,27,27,33,33,33,33,33,33,33,33,33,33,33,33,29,29,29,29,28,28,28,28,29,29,29,37,37,37,37,37,37,37,35,35,35,35,35,35,26,26,26,26,29,29,27,27,27,27,27,27,27,45,45,45,45,45,45,45,45,45,38,38,38,39,39,39,39,40,40,40,40,40,40,40,40,40,40,42,42,22,22,22,22,22,22,22,29,29,29,29,29,29,29,29,33,33,33,33,34,34,34,34,39,39,39,39,37,37,37,41,41,41,41,41,41,41,42,42,42,42,42,42,33,32,32,32,36,36,36,36,36,36,36,36,36,45,45,45,45,45,45,45,45,45,42,42,42,44,44,44,44,41,41,41,41,41,41,41,41,41,41,40,40,35,35,35,32,32,32,32,38,38,38,38,38,38,38,38,35,35,35,35,32,32,32,32,31,31,31,31,30,30,30,28,28,28,28,28,28,28,26,26,26,26,26,26,20,20,20,20,30,30,30,30,30,31,31,31,31,38,38,38,41,41,41,45,45,45,39,39,39,41,41,41,41,42,42,42,41,41,41,41,43,43,43,44,44,37,37,37,35,35,35,35,42,42,42,42,42,42,42,42,43,43,43,43,42,42,42,42,41,41,41,41,34,34,34,32,32,32,32,32,32,32,34,34,34,34,34,34,17,18,18,18,20,20,22,22,22,24,24,24,24,26,26,26,33,33,33,42,42,42,39,39,39,38,38,38,38,37,37,37,40,40,40,40,38,38,38,39,39,33,33,33,35,35,35,35,35,35,35,35,35,35,35,35,36,36,36,36,35,35,35,35,37,37,37,37,32,32,32,36,36,36,36,36,36,36,35,35,35,35,35,35,22,22,22,22,22,22,24,24,24,27,27,27,27,33,33,33,42,42,42,45,45,45,44,44,44,45,45,45,45,44,44,44,45,45,45,45,44,44,44,45,45,42,42,42,43,43,43,43,45,45,45,45,45,45,45,45,44,44,44,44,45,45,45,45,45,45,45,45,35,35,35,41,41,41,41,41,41,41,41,41,41,41,41,41,28,27,27,27,29,29,27,27,27,24,24,24,24,28,28,28,35,35,35,45,45,45,43,43,43,45,45,45,45,44,44,44,45,45,45,45,44,44,44,45,45,39,39,39,39,39,39,39,45,45,45,45,45,45,45,45,43,43,43,43,42,42,42,42,43,43,43,43,37,37,37,43,43,43,43,43,43,43,43,43,43,43,43,43,29,32,32,32,30,30,29,29,29,30,30,30,30,36,36,36,45,45,45,45,45,45,42,42,42,40,40,40,40,39,39,39,42,42,42,42,45,45,45,44,44,38,38,38,39,39,39,39,45,45,45,45,45,45,45,45,45,45,45,45,45,45,45,45,45,45,45,45,31,31,31,34,34,34,34,34,34,34,30,30,30,30,30,30,26,26,26,26,41,41,39,39,39,41,41,41,41,43,43,43,45,45,45,45,45,45,39,39,39,39,39,39,39,39,39,39,42,42,42,42,45,45,45,45,45,45,45,45,42,42,42,42,45,45,45,45,45,45,45,45,45,45,45,45,44,44,44,44,45,45,45,45,41,41,41,43,43,43,43,43,43,43,41,41,41,41,41,41,28,28,28,28,26,26,29,29,29,29,29,29,29,31,31,31,33,33,33,43,43,43,37,37,37,38,38,38,38,36,36,36,35,35,35,35,34,34,34,32,32,28,28,28,28,28,28,28,27,27,27,27,27,27,27,27,27,27,27,27,28,28,28,28,26,26,26,26,27,27,27,34,34,34,34,34,34,34,37,37,37,37,37,37,26,28,28,28,29,29,28,28,28,29,29,29,29,27,27,27,28,28,28,35,35,35,35,35,35,33,33,33,33,29,29,29,30,30,30,30,29,29,29,24,24,21,21,21,20,20,20,20,21,21,21,21,21,21,21,21,20,20,20,20,16,16,16,16,17,17,17,17,14,14,14,15,15,15,15,15,15,15,15,15,15,15,15,15,6,6,6,6,5,5,4,4,4,5,5,5,5,4,4,4,4,4,4,4,4,4,1,1,1,1,1,1,1,1,1,1,1,1,1,1,0,0,0,0,0,0,0,0,0,0,0,0,0,0,0,0,0,0,0,0
Shuttle5,	0,0,0,0,0,0,0,0,0,0,0,0,0,0,0,0,0,0,0,0,0,0,2,2,2,2,2,2,2,2,2,2,2,2,2,0,0,0,0,0,0,0,7,7,7,7,7,7,7,7,7,7,7,7,7,7,0,0,0,0,0,0,0,0,1,1,1,1,1,1,1,1,1,1,1,1,1,0,0,0,0,0,0,0,4,4,4,4,4,4,4,4,4,4,4,4,4,4,0,0,0,0,0,0,0,0,0,0,0,0,0,0,0,0,0,0,0,0,0,0,0,0,0,0,0,0,11,11,11,11,11,11,11,11,11,11,11,11,11,11,0,0,0,0,0,0,0,0,4,4,4,4,4,4,4,4,4,4,4,4,4,0,0,0,0,0,0,0,1,1,1,1,1,1,1,1,1,1,1,1,1,1,1,1,1,1,1,1,1,1,3,3,3,3,3,3,3,3,3,3,3,3,3,1,1,1,1,1,1,1,6,6,6,6,6,6,6,6,6,6,6,6,6,6,0,0,0,0,0,0,0,0,9,9,9,9,9,9,9,9,9,9,9,9,9,1,1,1,1,1,1,1,3,3,3,3,3,3,3,3,3,3,3,3,3,3,0,0,0,0,0,0,0,0,1,1,1,1,1,1,1,1,1,1,1,1,1,0,0,0,0,0,0,0,4,4,4,4,4,4,4,4,4,4,4,4,4,4,1,1,1,1,1,1,1,1,5,5,5,5,5,5,5,5,5,5,5,5,5,0,0,0,0,0,0,0,2,2,2,2,2,2,2,2,2,2,2,2,2,2,0,0,0,0,0,0,0,0,1,1,1,1,1,1,1,1,1,1,1,1,1,0,0,0,0,0,0,0,7,7,7,7,7,7,7,7,7,7,7,7,7,7,0,0,0,0,0,0,0,0,9,9,9,9,9,9,9,9,9,9,9,9,9,0,0,0,0,0,0,0,45,45,45,45,45,45,45,45,45,45,45,45,45,45,0,0,0,0,0,0,0,0,3,3,3,3,3,3,3,3,3,3,3,3,3,0,0,0,0,0,0,0,45,45,45,45,45,45,45,45,45,45,45,45,45,45,0,0,0,0,0,0,0,0,11,11,11,11,11,11,11,11,11,11,11,11,11,0,0,0,0,0,0,0,45,45,45,45,45,45,45,45,45,45,45,45,45,45,0,0,0,0,0,0,0,0,9,9,9,9,9,9,9,9,9,9,9,9,9,1,1,1,1,1,1,1,45,45,45,45,45,45,45,45,45,45,45,45,45,45,0,0,0,0,0,0,0,0,12,12,12,12,12,12,12,12,12,12,12,12,12,0,0,0,0,0,0,0,45,45,45,45,45,45,45,45,45,45,45,45,45,45,0,0,0,0,0,0,0,0,11,11,11,11,11,11,11,11,11,11,11,11,11,0,0,0,0,0,0,0,45,45,45,45,45,45,45,45,45,45,45,45,45,45,1,1,1,1,1,1,1,1,5,5,5,5,5,5,5,5,5,5,5,5,5,0,0,0,0,0,0,0,0,0,0,0,0,0,0,0,0,0,0,0,0,0,0,0,0,0,0,0,0,0,2,2,2,2,2,2,2,2,2,2,2,2,2,0,0,0,0,0,0,0,4,4,4,4,4,4,4,4,4,4,4,4,4,4,0,0,0,0,0,0,0,0,3,3,3,3,3,3,3,3,3,3,3,3,3,0,0,0,0,0,0,0,2,2,2,2,2,2,2,2,2,2,2,2,2,2,1,1,1,1,1,1,1,1,2,2,2,2,2,2,2,2,2,2,2,2,2,1,1,1,1,1,1,1,9,9,9,9,9,9,9,9,9,9,9,9,9,9,0,0,0,0,0,0,0,0,2,2,2,2,2,2,2,2,2,2,2,2,2,0,0,0,0,0,0,0,2,2,2,2,2,2,2,2,2,2,2,2,2,2,0,0,0,0,0,0,0,0,1,1,1,1,1,1,1,1,1,1,1,1,1,0,0,0,0,0,0,0,6,6,6,6,6,6,6,6,6,6,6,6,6,6,0,0,0,0,0,0,0,0,6,6,6,6,6,6,6,6,6,6,6,6,6,0,0,0,0,0,0,0,1,1,1,1,1,1,1,1,1,1,1,1,1,1,0,0,0,0,0,0,0,0,2,2,2,2,2,2,2,2,2,2,2,2,2,0,0,0,0,0,0,0,5,5,5,5,5,5,5,5,5,5,5,5,5,5,0,0,0,0,0,0,0,0,4,4,4,4,4,4,4,4,4,4,4,4,4,0,0,0,0,0,0,0,2,2,2,2,2,2,2,2,2,2,2,2,2,2,0,0,0,0,0,0,0,0,0,0,0,0,0,0,0,0,0,0,0,0,0,0,0,0,0,0,0,0,5,5,5,5,5,5,5,5,5,5,5,5,5,5,1,1,1,1,1,1,1,1,5,5,5,5,5,5,5,5,5,5,5,5,5,0,0,0,0,0,0,0,2,2,2,2,2,2,2,2,2,2,2,2,2,2,0,0,0,0,0,0,0,0,4,4,4,4,4,4,4,4,4,4,4,4,4,0,0,0,0,0,0,0,2,2,2,2,2,2,2,2,2,2,2,2,2,2,1,1,1,1,1,1,1,1,7,7,7,7,7,7,7,7,7,7,7,7,7,1,1,1,1,1,1,1,0,0,0,0,0,0,0,0,0,0,0,0,0,0,0,0,0,0,0,0,0,0,2,2,2,2,2,2,2,2,2,2,2,2,2,0,0,0,0,0,0,0,6,6,6,6,6,6,6,6,6,6,6,6,6,6,0,0,0,0,0,0,0,0,1,1,1,1,1,1,1,1,1,1,1,1,1,0,0,0,0,0,0,0,3,3,3,3,3,3,3,3,3,3,3,3,3,3,0,0,0,0,0,0,0,0,1,1,1,1,1,1,1,1,1,1,1,1,1,1,1,1,1,1,1,1,8,8,8,8,8,8,8,8,8,8,8,8,8,8,2,2,2,2,2,2,2,2,1,1,1,1,1,1,1,1,1,1,1,1,1,0,0,0,0,0,0,0,1,1,1,1,1,1,1,1,1,1,1,1,1,1,0,0,0,0,0,0,0,0,0,0,0,0,0,0,0,0,0,0,0,0,0,0,0,0,0,0,0,0,0,0,0,0,0,0,0,0,0,0,0,0,0,0,0,0,0,0,0,0,0,0,0,0,0,0,0,0,0,0,0,0,0,0,0,0,0,0,0,0,0,0,0,0,0,0,0,0,0,0,0,0,0,0
Shuttle6,	0,0,0,0,0,0,0,0,0,0,0,0,0,0,0,0,0,0,0,0,0,0,0,0,0,0,0,0,0,0,0,0,0,0,0,0,0,0,0,0,0,0,0,0,0,0,0,0,0,0,0,0,0,0,0,0,0,0,0,0,0,0,0,0,0,0,0,0,0,0,0,0,0,0,0,0,0,0,0,0,0,0,0,0,0,0,0,0,0,0,0,0,0,0,0,0,0,0,0,0,0,0,0,0,0,0,0,0,0,0,0,0,0,0,0,0,0,0,0,0,1,1,1,1,1,1,1,1,1,1,1,1,0,0,0,0,0,0,0,0,0,0,1,1,1,0,0,0,0,0,4,4,4,4,4,4,4,4,4,4,4,4,0,0,0,0,0,0,0,0,0,0,0,0,0,1,1,1,1,1,3,3,3,3,3,3,3,3,3,3,3,3,1,1,1,1,1,1,1,1,1,1,0,0,0,0,0,0,0,0,0,0,0,0,0,0,0,0,0,0,0,0,1,1,1,1,1,1,1,1,1,1,1,1,1,1,1,1,1,1,3,3,3,3,3,3,3,3,3,3,3,3,0,0,0,0,0,0,0,0,0,0,0,0,0,0,0,0,0,0,0,0,0,0,0,0,0,0,0,0,0,0,0,0,0,0,0,0,0,0,0,0,0,0,0,0,0,0,0,0,2,2,2,2,2,2,2,2,2,2,2,2,1,1,1,1,1,1,1,1,1,1,0,0,0,0,0,0,0,0,9,9,9,9,9,9,9,9,9,9,9,9,0,0,0,0,0,0,0,0,0,0,0,0,0,0,0,0,0,0,4,4,4,4,4,4,4,4,4,4,4,4,0,0,0,0,0,0,0,0,0,0,0,0,0,0,0,0,0,0,0,0,0,0,0,0,0,0,0,0,0,0,1,1,1,1,1,1,1,1,1,1,1,1,1,1,1,1,1,1,7,7,7,7,7,7,7,7,7,7,7,7,0,0,0,0,0,0,0,0,0,0,0,0,0,0,0,0,0,0,0,0,0,0,0,0,0,0,0,0,0,0,0,0,0,0,0,0,0,0,0,0,0,0,0,1,1,1,1,1,2,2,2,2,2,2,2,2,2,2,2,2,2,2,2,2,2,2,2,2,2,2,1,1,1,0,0,0,0,0,0,0,0,0,0,0,0,0,0,0,0,0,0,0,0,0,0,0,0,0,0,0,0,0,0,0,0,0,0,0,2,2,2,2,2,2,2,2,2,2,2,2,0,0,0,0,0,0,0,0,0,0,1,1,1,0,0,0,0,0,2,2,2,2,2,2,2,2,2,2,2,2,0,0,0,0,0,0,0,0,0,0,0,0,0,0,0,0,0,0,4,4,4,4,4,4,4,4,4,4,4,4,2,2,2,2,2,2,2,2,2,2,0,0,0,0,0,0,0,0,0,0,0,0,0,0,0,0,0,0,0,0,1,1,1,1,1,1,1,1,1,1,0,0,0,1,1,1,1,1,5,5,5,5,5,5,5,5,5,5,5,5,0,0,0,0,0,0,0,0,0,0,0,0,0,0,0,0,0,0,1,1,1,1,1,1,1,1,1,1,1,1,0,0,0,0,0,0,0,0,0,0,0,0,0,1,1,1,1,1,2,2,2,2,2,2,2,2,2,2,2,2,0,0,0,0,0,0,0,0,0,0,0,0,0,0,0,0,0,0,5,5,5,5,5,5,5,5,5,5,5,5,0,0,0,0,0,0,0,0,0,0,0,0,0,0,0,0,0,0,2,2,2,2,2,2,2,2,2,2,2,2,0,0,0,0,0,0,0,0,0,0,0,0,0,0,0,0,0,0,0,0,0,0,0,0,0,0,0,0,0,0,0,0,0,0,0,0,0,0,0,0,0,0,0,0,0,0,0,0,11,11,11,11,11,11,11,11,11,11,11,11,0,0,0,0,0,0,0,0,0,0,0,0,0,0,0,0,0,0,0,0,0,0,0,0,0,0,0,0,0,0,0,0,0,0,0,0,0,0,0,0,0,0,0,0,0,0,0,0,0,0,0,0,0,0,0,0,0,0,0,0,0,0,0,0,0,0,0,0,0,0,0,0,0,0,0,0,0,0,4,4,4,4,4,4,4,4,4,4,4,4,0,0,0,0,0,0,0,0,0,0,0,0,0,0,0,0,0,0,5,5,5,5,5,5,5,5,5,5,5,5,1,1,1,1,1,1,1,1,1,1,1,1,1,1,1,1,1,1,3,3,3,3,3,3,3,3,3,3,3,3,0,0,0,0,0,0,0,0,0,0,0,0,0,0,0,0,0,0,5,5,5,5,5,5,5,5,5,5,5,5,0,0,0,0,0,0,0,0,0,0,0,0,0,0,0,0,0,0,0,0,0,0,0,0,0,0,0,0,0,0,0,0,0,0,0,0,0,0,0,0,1,1,1,0,0,0,0,0,8,8,8,8,8,8,8,8,8,8,8,8,1,1,1,1,1,1,1,1,1,1,0,0,0,0,0,0,0,0,1,1,1,1,1,1,1,1,1,1,1,1,0,0,0,0,0,0,0,0,0,0,0,0,0,0,0,0,0,0,3,3,3,3,3,3,3,3,3,3,3,3,1,1,1,1,1,1,1,1,1,1,1,1,1,0,0,0,0,0,4,4,4,4,4,4,4,4,4,4,4,4,0,0,0,0,0,0,0,0,0,0,0,0,0,0,0,0,0,0,2,2,2,2,2,2,2,2,2,2,2,2,0,0,0,0,0,0,0,0,0,0,0,0,0,0,0,0,0,0,0,0,0,0,0,0,0,0,0,0,0,0,0,0,0,0,0,0,0,0,0,0,0,0,0,1,1,1,1,1,6,6,6,6,6,6,6,6,6,6,6,6,0,0,0,0,0,0,0,0,0,0,0,0,0,0,0,0,0,0,2,2,2,2,2,2,2,2,2,2,2,2,0,0,0,0,0,0,0,0,0,0,0,0,0,0,0,0,0,0,1,1,1,1,1,1,1,1,1,1,1,1,0,0,0,0,0,0,0,0,0,0,0,0,0,0,0,0,0,0,0,0,0,0,0,0,0,0,0,0,0,0,0,0,0,0,0,0,0,0,0,0,0,0,0,0,0,0,0,0,0,0,0,0,0,0,0,0,0,0,0,0,0,0,0,0,0,0,0,0,0,0,0,0,0,0,0,0,0,0,0,0,0,0,0,0,0,0,0,0,0,0,0,0,0,0,0,0,0,0,0,0,0,0,0,0,0,0,0,0
Shuttle7,	0,0,0,0,0,0,0,0,0,0,0,0,0,0,0,0,0,0,0,0,0,0,0,0,0,0,0,0,0,0,0,0,0,0,0,0,0,0,0,0,0,6,6,6,6,6,6,6,6,6,6,6,6,6,6,6,0,0,0,0,0,0,0,0,0,0,0,0,0,0,0,0,0,0,0,0,0,0,0,0,0,0,0,0,0,0,0,0,0,0,0,0,0,0,0,0,0,0,0,0,0,0,0,0,0,0,0,1,1,1,1,1,1,1,1,1,1,1,1,1,1,1,1,6,6,6,6,6,6,6,6,6,6,6,6,6,6,6,1,1,1,1,1,1,1,1,1,1,0,0,0,0,0,0,0,0,0,0,0,0,0,0,0,0,1,1,1,1,1,1,1,1,1,1,1,1,1,1,1,0,0,0,0,0,0,0,0,0,0,0,0,0,0,0,0,0,0,0,1,1,1,1,1,1,1,3,3,3,3,3,3,3,3,3,3,3,3,3,3,3,0,0,0,0,0,0,0,0,0,0,0,0,0,0,0,0,0,0,0,0,0,0,0,0,0,0,1,1,1,1,1,1,1,1,1,1,1,1,1,1,1,0,0,0,0,0,0,0,0,0,0,0,0,0,0,0,0,0,0,0,0,0,0,0,0,0,0,4,4,4,4,4,4,4,4,4,4,4,4,4,4,4,0,0,0,0,0,0,0,0,0,0,0,0,0,0,0,0,0,0,0,0,0,0,0,0,0,0,2,2,2,2,2,2,2,2,2,2,2,2,2,2,2,0,0,0,0,0,0,0,0,0,0,0,0,0,0,0,0,0,0,0,1,1,1,1,1,1,1,1,1,1,1,1,1,1,1,1,1,1,1,1,1,1,1,1,1,1,1,1,1,1,1,1,0,0,0,0,0,0,0,0,0,0,0,0,0,0,0,0,5,5,5,5,5,5,5,5,5,5,5,5,5,5,5,0,0,0,0,0,0,0,0,0,0,0,0,0,0,0,0,0,0,0,0,0,0,0,0,0,0,8,8,8,8,8,8,8,8,8,8,8,8,8,8,8,0,0,0,0,0,0,0,0,0,0,0,0,0,0,0,0,0,0,0,0,0,0,0,0,0,0,5,5,5,5,5,5,5,5,5,5,5,5,5,5,5,0,0,0,0,0,0,0,0,0,0,1,1,1,1,1,1,1,1,1,0,0,0,0,0,0,0,7,7,7,7,7,7,7,7,7,7,7,7,7,7,7,0,0,0,0,0,0,0,0,0,0,0,0,0,0,0,0,0,0,0,0,0,0,0,0,0,0,3,3,3,3,3,3,3,3,3,3,3,3,3,3,3,0,0,0,0,0,0,0,0,0,0,0,0,0,0,0,0,0,0,0,0,0,0,0,0,0,0,11,11,11,11,11,11,11,11,11,11,11,11,11,11,11,0,0,0,0,0,0,0,0,0,0,0,0,0,0,0,0,0,0,0,0,0,0,0,0,0,0,0,0,0,0,0,0,0,0,0,0,0,0,0,0,0,0,0,0,0,0,0,0,0,0,0,0,0,0,0,0,0,0,0,0,0,0,0,0,0,0,0,0,0,0,0,0,0,0,0,0,0,0,0,0,0,0,0,0,0,0,0,0,0,0,0,0,0,0,0,0,0,0,0,0,0,0,0,0,0,0,0,0,2,2,2,2,2,2,2,2,2,2,2,2,2,2,2,0,0,0,0,0,0,0,0,0,0,0,0,0,0,0,0,0,0,0,0,0,0,0,0,0,0,0,0,0,0,0,0,0,0,0,0,0,0,0,0,0,0,0,0,0,0,0,0,0,0,0,0,0,0,0,0,0,0,0,0,0,0,0,0,0,0,0,1,1,1,1,1,1,1,1,1,1,1,1,1,1,1,0,0,0,0,0,0,0,0,0,0,1,1,1,1,1,1,1,1,1,2,2,2,2,2,2,2,4,4,4,4,4,4,4,4,4,4,4,4,4,4,4,1,1,1,1,1,1,1,1,1,1,0,0,0,0,0,0,0,0,0,0,0,0,0,0,0,0,1,1,1,1,1,1,1,1,1,1,1,1,1,1,1,0,0,0,0,0,0,0,0,0,0,0,0,0,0,0,0,0,0,0,0,0,0,0,0,0,0,4,4,4,4,4,4,4,4,4,4,4,4,4,4,4,0,0,0,0,0,0,0,0,0,0,0,0,0,0,0,0,0,0,0,0,0,0,0,0,0,0,3,3,3,3,3,3,3,3,3,3,3,3,3,3,3,0,0,0,0,0,0,0,0,0,0,0,0,0,0,0,0,0,0,0,0,0,0,0,0,0,0,3,3,3,3,3,3,3,3,3,3,3,3,3,3,3,0,0,0,0,0,0,0,0,0,0,0,0,0,0,0,0,0,0,0,0,0,0,0,0,0,0,2,2,2,2,2,2,2,2,2,2,2,2,2,2,2,0,0,0,0,0,0,0,0,0,0,0,0,0,0,0,0,0,0,0,0,0,0,0,0,0,0,3,3,3,3,3,3,3,3,3,3,3,3,3,3,3,0,0,0,0,0,0,0,0,0,0,0,0,0,0,0,0,0,0,0,0,0,0,0,0,0,0,3,3,3,3,3,3,3,3,3,3,3,3,3,3,3,0,0,0,0,0,0,0,0,0,0,0,0,0,0,0,0,0,0,0,0,0,0,0,0,0,0,2,2,2,2,2,2,2,2,2,2,2,2,2,2,2,0,0,0,0,0,0,0,0,0,0,0,0,0,0,0,0,0,0,0,0,0,0,0,0,0,0,11,11,11,11,11,11,11,11,11,11,11,11,11,11,11,0,0,0,0,0,0,0,0,0,0,0,0,0,0,0,0,0,0,0,0,0,0,0,0,0,0,1,1,1,1,1,1,1,1,1,1,1,1,1,1,1,0,0,0,0,0,0,0,0,0,0,0,0,0,0,0,0,0,0,0,0,0,0,0,0,0,0,5,5,5,5,5,5,5,5,5,5,5,5,5,5,5,0,0,0,0,0,0,0,0,0,0,0,0,0,0,0,0,0,0,0,0,0,0,0,0,0,0,1,1,1,1,1,1,1,1,1,1,1,1,1,1,1,0,0,0,0,0,0,0,0,0,0,0,0,0,0,0,0,0,0,0,0,0,0,0,0,0,0,0,0,0,0,0,0,0,0,0,0,0,0,0,0,0,0,0,0,0,0,0,0,0,0,0,0,0,0,0,0,0,0,0,0,0,0,0,0,0,0,0,0,0,0,0,0
Shuttle8,	0,0,0,0,0,0,0,0,0,0,0,0,0,0,1,1,1,1,1,1,1,1,1,1,1,1,1,1,1,1,1,1,1,1,1,1,1,1,13,13,13,13,0,0,0,0,0,0,0,0,0,0,0,0,0,0,0,0,0,0,0,0,0,0,0,0,0,0,0,0,0,0,0,0,0,0,0,0,0,0,0,0,0,0,0,0,0,0,0,0,1,1,1,1,1,1,1,1,1,1,1,1,1,1,1,1,1,1,1,1,1,1,1,1,1,1,1,1,0,0,0,0,0,0,0,0,0,0,1,1,1,1,1,1,1,1,1,1,1,1,1,1,1,1,1,1,1,1,1,1,1,1,2,2,2,2,0,0,0,0,0,0,0,0,0,0,1,1,1,1,1,1,1,1,1,1,1,1,1,1,1,1,1,1,1,1,1,1,1,1,1,1,1,1,0,0,0,0,0,0,0,0,0,0,4,4,4,4,4,4,4,4,4,4,4,4,4,4,4,4,4,4,4,4,4,4,4,4,5,5,5,5,0,0,0,0,0,0,0,0,0,0,1,1,1,1,1,1,1,1,1,1,1,1,1,1,1,1,1,1,1,1,1,1,1,1,2,2,2,2,0,0,0,0,0,0,0,0,0,0,0,0,0,0,0,0,0,0,0,0,0,0,0,0,0,0,0,0,0,0,0,0,0,0,3,3,3,3,0,0,0,0,0,0,0,0,0,0,0,0,0,0,0,0,0,0,0,0,0,0,0,0,0,0,0,0,0,0,0,0,0,0,1,1,1,1,0,0,0,0,0,0,0,0,0,0,6,6,6,6,6,6,6,6,6,6,6,6,6,6,6,6,6,6,6,6,6,6,6,6,6,6,6,6,0,0,0,0,0,0,0,0,0,0,0,0,0,0,0,0,0,0,0,0,0,0,0,0,0,0,0,0,0,0,0,0,0,0,0,0,0,0,0,0,0,0,0,0,0,0,0,0,6,6,6,6,6,6,6,6,6,6,6,6,6,6,6,6,6,6,6,6,6,6,6,6,19,19,19,19,1,1,1,1,1,1,1,1,1,1,6,6,6,6,6,6,6,6,6,6,6,6,6,6,6,5,5,5,5,5,5,5,5,5,6,6,6,6,0,0,0,0,0,0,0,0,0,0,1,1,1,1,1,1,1,1,1,1,1,1,1,1,1,1,1,1,1,1,1,1,1,1,7,7,7,7,1,1,1,1,1,1,1,1,1,1,1,1,1,1,1,1,1,1,1,1,1,1,1,1,1,1,1,1,1,1,1,1,1,1,2,2,2,2,0,0,0,0,0,0,0,0,0,0,0,0,0,0,0,0,0,0,0,0,0,0,0,0,0,0,0,0,0,0,0,0,0,0,0,0,0,0,0,0,0,0,0,0,0,0,0,0,0,0,0,0,0,0,0,0,0,0,0,0,0,0,0,0,0,0,0,0,0,0,0,0,0,0,0,0,0,0,0,0,0,0,0,0,0,0,1,1,1,1,1,1,1,1,1,1,1,1,1,1,1,1,1,1,1,1,1,1,1,1,2,2,2,2,0,0,0,0,0,0,0,0,0,0,1,1,1,1,1,1,1,1,1,1,1,1,1,1,1,1,1,1,1,1,1,1,1,1,5,5,5,5,0,0,0,0,0,0,0,0,0,0,2,2,2,2,2,2,2,2,2,2,2,2,2,2,2,2,2,2,2,2,2,2,2,2,3,3,3,3,0,0,0,0,0,0,0,0,0,0,7,7,7,7,7,7,7,7,7,7,7,7,7,7,7,8,8,8,8,8,8,8,8,8,17,17,17,17,0,0,0,0,0,0,0,0,0,0,1,1,1,1,1,1,1,1,1,1,1,1,1,1,1,1,1,1,1,1,1,1,1,1,3,3,3,3,0,0,0,0,0,0,0,0,0,0,5,5,5,5,5,5,5,5,5,5,5,5,5,5,5,5,5,5,5,5,5,5,5,5,12,12,12,12,1,1,1,1,1,1,1,1,1,1,5,5,5,5,5,5,5,5,5,5,5,5,5,5,5,5,5,5,5,5,5,5,5,5,5,5,5,5,0,0,0,0,0,0,0,0,0,0,0,0,0,0,0,0,0,0,0,0,0,0,0,0,0,0,0,0,0,0,0,0,0,0,2,2,2,2,0,0,0,0,0,0,0,0,0,0,0,0,0,0,0,0,0,0,0,0,0,0,0,0,0,0,0,0,0,0,0,0,0,0,1,1,1,1,0,0,0,0,0,0,0,0,0,0,1,1,1,1,1,1,1,1,1,1,1,1,1,1,1,0,0,0,0,0,0,0,0,0,1,1,1,1,0,0,0,0,0,0,0,0,0,0,1,1,1,1,1,1,1,1,1,1,1,1,1,1,1,1,1,1,1,1,1,1,1,1,1,1,1,1,0,0,0,0,0,0,0,0,0,0,2,2,2,2,2,2,2,2,2,2,2,2,2,2,2,2,2,2,2,2,2,2,2,2,2,2,2,2,0,0,0,0,0,0,0,0,0,0,1,1,1,1,1,1,1,1,1,1,1,1,1,1,1,1,1,1,1,1,1,1,1,1,1,1,1,1,0,0,0,0,0,0,0,0,0,0,1,1,1,1,1,1,1,1,1,1,1,1,1,1,1,2,2,2,2,2,2,2,2,2,5,5,5,5,1,1,1,1,1,1,1,1,1,1,6,6,6,6,6,6,6,6,6,6,6,6,6,6,6,6,6,6,6,6,6,6,6,6,19,19,19,19,0,0,0,0,0,0,0,0,0,0,1,1,1,1,1,1,1,1,1,1,1,1,1,1,1,1,1,1,1,1,1,1,1,1,3,3,3,3,0,0,0,0,0,0,0,0,0,0,1,1,1,1,1,1,1,1,1,1,1,1,1,1,1,1,1,1,1,1,1,1,1,1,7,7,7,7,1,1,1,1,1,1,1,1,1,1,1,1,1,1,1,1,1,1,1,1,1,1,1,1,1,0,0,0,0,0,0,0,0,0,0,0,0,0,0,0,0,0,0,0,0,0,0,0,1,1,1,1,1,1,1,1,1,1,1,1,1,1,1,1,1,1,1,1,1,1,1,1,6,6,6,6,0,0,0,0,0,0,0,0,0,0,0,0,0,0,0,0,0,0,0,0,0,0,0,0,0,0,0,0,0,0,0,0,0,0,0,0,0,0,0,0,0,0,0,0,0,0,0,0,0,0,0,0,0,0,0,0,0,0,0,0,0,0,0,0,0,0,0,0
Shuttle9,	0,0,0,0,0,0,0,0,0,0,0,0,0,0,0,0,0,0,0,0,0,0,0,0,0,0,0,0,0,0,0,0,0,0,0,0,0,0,0,0,0,0,0,0,0,0,0,0,0,0,0,0,0,0,0,0,0,0,0,0,1,1,1,1,1,1,1,1,1,1,0,0,0,0,0,0,0,0,0,0,0,0,0,0,0,0,0,0,0,0,0,0,0,0,0,0,0,0,0,0,0,0,0,0,0,0,0,0,0,0,0,0,0,0,0,0,0,0,0,0,3,3,3,3,3,3,3,3,3,3,0,0,0,0,0,0,0,0,0,0,0,0,0,0,0,0,0,0,0,0,0,0,0,0,0,0,0,0,0,0,0,0,0,0,0,0,0,0,0,0,0,0,0,0,0,0,0,0,0,0,3,3,3,3,3,3,3,3,3,3,0,0,0,0,0,0,0,0,0,0,0,0,0,0,0,0,0,0,0,0,1,1,1,1,1,1,1,1,1,1,0,0,0,0,0,0,0,0,0,1,1,1,1,1,1,1,1,1,1,1,4,4,4,4,4,4,4,4,4,4,0,0,0,0,0,0,0,0,0,0,0,0,0,0,0,0,0,0,0,0,7,7,7,7,7,7,7,7,7,7,1,1,1,1,1,1,1,1,1,0,0,0,0,0,0,0,0,0,0,0,4,4,4,4,4,4,4,4,4,4,0,0,0,0,0,0,0,0,0,0,0,0,0,0,0,0,0,0,0,0,0,0,0,0,0,0,0,0,0,0,0,0,0,0,0,0,0,0,0,0,0,0,0,0,0,0,0,0,0,0,2,2,2,2,2,2,2,2,2,2,0,0,0,0,0,0,0,0,0,0,0,0,0,0,0,0,0,0,0,0,0,0,0,0,0,0,0,0,0,0,1,1,1,1,1,1,1,1,1,0,0,0,0,0,0,0,0,0,0,0,1,1,1,1,1,1,1,1,1,1,0,0,0,0,0,0,0,0,0,0,0,0,0,0,0,0,0,0,0,0,0,0,0,0,0,0,0,0,0,0,0,0,0,0,0,0,0,0,0,0,0,0,0,0,0,0,0,0,0,0,2,2,2,2,2,2,2,2,2,2,0,0,0,0,0,0,0,0,0,0,0,0,0,0,0,0,0,0,0,0,0,0,0,0,0,0,0,0,0,0,0,0,0,0,0,0,0,0,0,0,0,0,0,0,0,0,0,0,0,0,2,2,2,2,2,2,2,2,2,2,0,0,0,0,0,0,0,0,0,1,1,1,1,1,1,1,1,1,1,1,0,0,0,0,0,0,0,0,0,0,0,0,0,0,0,0,0,0,0,0,0,0,0,0,0,0,0,0,0,0,5,5,5,5,5,5,5,5,5,5,0,0,0,0,0,0,0,0,0,0,0,0,0,0,0,0,0,0,0,0,1,1,1,1,1,1,1,1,1,1,0,0,0,0,0,0,0,0,0,0,0,0,0,0,0,0,0,0,0,0,0,0,0,0,0,0,0,0,0,0,0,0,0,0,0,0,0,0,0,0,0,0,0,0,0,0,0,0,0,0,6,6,6,6,6,6,6,6,6,6,0,0,0,0,0,0,0,0,0,0,0,0,0,0,0,0,0,0,0,0,0,0,0,0,0,0,0,0,0,0,0,0,0,0,0,0,0,0,0,0,0,0,0,0,0,0,0,0,0,0,1,1,1,1,1,1,1,1,1,1,0,0,0,0,0,0,0,0,0,0,0,0,0,0,0,0,0,0,0,0,4,4,4,4,4,4,4,4,4,4,1,1,1,1,1,1,1,1,1,0,0,0,0,0,0,0,0,0,0,0,1,1,1,1,1,1,1,1,1,1,0,0,0,0,0,0,0,0,0,0,0,0,0,0,0,0,0,0,0,0,1,1,1,1,1,1,1,1,1,1,0,0,0,0,0,0,0,0,0,0,0,0,0,0,0,0,0,0,0,0,0,0,0,0,0,0,0,0,0,0,0,0,0,0,0,0,0,0,0,0,0,0,0,0,0,0,0,0,0,0,1,1,1,1,1,1,1,1,1,1,0,0,0,0,0,0,0,0,0,0,0,0,0,0,0,0,0,0,0,0,0,0,0,0,0,0,0,0,0,0,1,1,1,1,1,1,1,1,1,1,1,1,1,1,1,1,1,1,1,1,1,1,1,1,1,1,1,1,1,1,0,0,0,0,0,0,0,0,0,0,0,0,0,0,0,0,0,0,0,0,0,0,0,0,0,0,0,0,0,0,0,0,0,0,0,0,0,0,0,0,0,0,0,0,0,0,0,0,0,0,2,2,2,2,2,2,2,2,2,2,0,0,0,0,0,0,0,0,0,0,0,0,0,0,0,0,0,0,0,0,1,1,1,1,1,1,1,1,1,1,0,0,0,0,0,0,0,0,0,0,0,0,0,0,0,0,0,0,0,0,0,0,0,0,0,0,0,0,0,0,1,1,1,1,1,1,1,1,1,0,0,0,0,0,0,0,0,0,0,0,7,7,7,7,7,7,7,7,7,7,0,0,0,0,0,0,0,0,0,0,0,0,0,0,0,0,0,0,0,0,4,4,4,4,4,4,4,4,4,4,0,0,0,0,0,0,0,0,0,1,1,1,1,1,1,1,1,1,1,1,0,0,0,0,0,0,0,0,0,0,0,0,0,0,0,0,0,0,0,0,0,0,0,0,0,0,0,0,0,0,2,2,2,2,2,2,2,2,2,2,0,0,0,0,0,0,0,0,0,0,0,0,0,0,0,0,0,0,0,0,0,0,0,0,0,0,0,0,0,0,0,0,0,0,0,0,0,0,0,0,0,0,0,0,0,0,0,0,0,0,2,2,2,2,2,2,2,2,2,2,0,0,0,0,0,0,0,0,0,0,0,0,0,0,0,0,0,0,0,0,1,1,1,1,1,1,1,1,1,1,0,0,0,0,0,0,0,0,0,0,0,0,0,0,0,0,0,0,0,0,0,0,0,0,0,0,0,0,0,0,0,0,0,0,0,0,0,0,0,0,0,0,0,0,0,0,0,0,0,0,0,0,0,0,0,0,0,0,0,0,0,0,0,0,0,0,0,0,0,0,0,0,0,0,0,0,0,0,0,0,0,0,0,0,0,0,0,0,0,0,0,0,0,0,0,0,0,0,0,0,0,0,0,0,0,0,0,0,0,0,0,0,0,0,0,0,0,0,0,0,0,0,0,0,0,0,0,0,0,0,0,0,0,0,0,0,0,0,0,0

How early,	192781/4500,	66,93,20,8,85,81,22,54,108,52,115,117,123,-35,-4,14,18,41,39,77,125,68,-1,70,13,110,36,41,50,77,-1,17,20,21,40,68,81,6,35,62,2,8,47,65,75,101,87,68,80,77,17,57,92,102,111,-14,26,63,56,124,54,69,39,62,27,45,50,82,87,87,98,-3,20,90,-8,41,20,25,68,130,76,42,64,104,92,81,42,39,42,54,56,88,96,102,109,112,116,117,135,26,22,50,88,48,55,63,60,44,106,37,52,93,111,121,149,89,64,49,75,80,38,48,49,79,91,100,137,-25,-25,41,59,69,28,114,68,59,34,30,8,40,11,103,-23,64,67,24,28,48,66,135,111,61,34,101,93,5,6,9,89,130,71,96,104,50,11,101,75,95,-22,34,-6,6,29,67,37,52,95,58,66,79,66,70,110,106,96,113,126,105,67,46,86,99,62,71,86,130,131,136,-24,3,56,32,68,57,20,22,97,95,90,-34,7,13,51,43,104,70,82,128,75,78,131,28,33,64,87,58,-6,68,71,62,63,46,85,116,19,58,97,104,138,105,54,45,3,20,24,43,40,41,68,67,82,85,35,103,91,41,133,55,84,-23,-18,-15,49,23,26,33,47,94,97,143,49,32,14,21,21,57,82,34,84,-23,12,128,44,66,28,53,83,-1,49,83,5,35,118,25,-5,78,83,30,20,55,57,84,63,40,87,122,16,99,121,8,54,72,95,34,89,63,72,92,53,102,6,54,56,48,122,125,133,22,124,81,97,52,55,60,91,125,51,71,115,57,98,65,-26,84,89,58,68,81,84,97,114,123,123,129,131,134,-34,21,61,64,69,15,24,56,81,-7,38,40,56,-21,42,38,2,72,78,100,16,42,49,41,-2,23,60,70,105,54,15,84,47,22,11,46,58,88,93,27,34,115,46,-34,46,-8,-14,-5,-6,79,91,100,130,84,110,79,92,127,53,43,98,48,97,123,124,31,70,103,97,46,6,-11,73,56,27,36,46,58,113,33,124,88,61,78,116,-13,73,46,54,127,44,45,74,94,35,31,68,58,52,95,37,-29,43,13,91,111,23,47,-13,33,90,-6,-33,-3,23,23,102,90,85,63,26,47,126,52,-1,6,67,27,63,79,81,77,47,31,23,24,62,82,46,69,80,117,130,145,49,81,78,-8,106,131,11,-3,41,60,40,97,128,-13,9,29,61,49,70,53,121,80,91,61,-22,67,61,39,94,48,109,85,53,52,72,59,86,64,41,100,123,143,36,108,52,6,22,28,37,52,67,73,127,82,84,105,104,58,43,112,90,82,42,64,69,71,95,100,112,99,121,131,110,-15,26,68,81,81,63,91,139,102,67,76,88,90,105,110,127,-22,-4,0,4,49,47,48,46,65,104,9,45,49,29,14,74,48,18,59,105,64,31,102,55,79,121,24,50,59,101,30,53,101,93,-26,-24,13,80,43,31,32,50,95,98,101,100,-30,-25,32,-9,145,81,106,79,103,43,62,72,79,82,90,98,100,109,54,67,103,60,11,23,23,102,27,25,-13,91,119,57,54,77,55,-12,60,66,84,108,118,120,85,112,65,75,87,62,110,41,44,47,51,81,63,-9,20,79,20,37,40,47,57,39,34,50,36,80,48,103,131,27,16,1,14,17,24,41,21,95,79,100,93,105,114,116,123,27,42,6,6,19,67,55,62,70,85,48,93,54,9,59,80,52,-6,66,84,93,92,29,40,83,65,42,49,100,73,40,41,44,55,59,66,109,30,92,113,-18,117,65,17,95,25,33,41,47,71,78,109,59,32,-22,34,-14,68,144,15,101,60,69,93,58,121,111,128,105,113,122,69,84,95,104,67,85,49,56,79,117,71,128,-3,36,103,40,49,82,90,40,60,75,102,7,10,41,93,97,56,62,102,-9,12,118,57,122,49,74,89,130,108,23,118,84,99,-21,109,83,76,96,99,138,97,91,61,67,89,-25,5,7,25,126,-5,7,11,29,83,61,106,111,98,72,78,87,115,21,93,86,48,-7,13,15,29,17,41,-40,47,38,96,81,113,119,135,-12,47,52,64,86,41,85,81,105,22,26,132,65,91,-30,-20,9,15,47,24,103,9,32,85,39,52,141,39,23,84,105,65,66,73,115,120,121,96,52,46,47,108,128,49,80,81,83,88,92,126,127,130,18,91,115,28,26,51,99,-9,7,19,28,87,35,70,86,87,8,16,101,135,53,65,-2,6,52,61,34,92,27,33,74,105,74,20,92,36,37,84,86,53,30,49,45,-3,28,133,-2,14,26,44,65,73,60,114,44,81,96,90,16,44,44,57,73,91,18,16,139,44,43,101,54,91,123,124,67,111,109,82,22,0,27,33,89,81,73,31,70,100,21,89,98,100,88,56,42,81,35,102,64,126,127,91,122,139,56,99,62,62,71,89,37,124,39,63,74,75,77,119,135,-6,26,37,64,40,20,73,6,12,68,89,88,92,101,128,122,-1,-35,46,48,48,48,48,48,48,48,48,48,48,48,48,48,48,48,48,48,48,48,48,48,22,77,89,-10,90,6,33,16,35,66,37,10,17,38,60,87,91,93,100,116,141,141,82,36,36,36,36,36,36,36,36,36,36,36,36,36,36,36,36,36,36,36,36,36,36,36,36,36,36,12,72,108,100,-6,11,29,41,57,50,108,-4,44,39,0,63,46,64,65,92,103,40,53,76,107,108,15,12,55,23,23,23,23,23,23,23,23,23,23,23,23,23,23,23,23,23,23,23,23,23,23,23,23,23,23,23,23,23,23,23,23,-15,42,36,29,114,77,74,100,122,-21,49,14,88,36,31,31,31,31,31,31,31,31,31,31,31,31,31,31,31,31,31,31,31,31,31,31,31,31,31,31,31,31,31,31,31,31,31,31,31,31,31,31,31,31,31,31,31,31,31,46,66,90,101,121,131,136,69,50,69,108,-5,4,3,60,61,29,10,10,10,10,10,10,10,10,10,10,10,10,10,10,10,10,10,10,10,10,10,10,10,10,10,10,10,10,10,10,10,10,10,10,10,10,10,128,140,12,30,32,57,83,63,22,80,81,54,45,34,36,51,69,105,123,-2,4,80,81,28,17,82,-2,-2,-2,-2,-2,-2,-2,-2,-2,-2,-2,-2,-2,-2,-2,-2,-2,-2,-2,-2,-2,-2,-2,-2,-2,-2,-2,-2,-2,-2,-2,-2,-2,1,51,22,69,78,110,128,107,66,47,91,104,48,76,60,75,61,90,124,131,66,68,11,27,31,34,48,97,61,70,71,73,88,90,104,109,110,72,109,45,53,63,61,72,89,91,99,101,113,123,124,132,143,80,97,108,52,52,27,66,69,90,-11,-11,-11,-11,-11,-11,-11,-11,-11,-11,-11,-11,-11,-11,-11,-11,-11,-11,-11,-11,-11,-11,-11,-11,-11,-11,-11,-11,-11,-11,-11,-11,-11,-11,-11,-11,-11,-11,-11,-11,-11,-11,-11,-11,-11,88,28,61,37,58,122,96,24,42,14,58,95,62,40,68,57,96,113,50,74,110,115,118,125,-8,-36,-36,-36,-36,-36,-36,-36,-36,-36,-36,-36,-36,-36,-36,-36,-36,-36,-36,-36,-36,-36,-36,-36,38,15,52,64,81,111,-29,-16,-11,3,14,73,42,113,-28,56,117,140,119,58,28,34,37,45,61,63,80,84,85,100,100,107,78,-48,-48,-48,-48,-48,-48,-48,-48,-48,-48,-48,-48,-48,-48,-48,-48,-48,-48,-48,-48,-48,-48,-48,-48,-48,-48,-48,-48,-48,-48,-48,-48,-48,-48,-48,-48,-48,-48,26,37,79,117,99,100,13,93,75,72,45,60,-9,134,47,62,68,74,98,135,20,105,71,54,57,63,88,116,34,-61,-61,-61,-61,-61,-61,-61,-61,-61,-61,-61,-61,-61,-61,-61,-61,-61,-61,-61,-61,-61,-61,-61,-61,-61,-61,-61,-61,-61,-61,47,0,42,97,51,21,33,42,89,-9,69,33,41,52,55,75,87,41,20,43,66,-53,-53,-53,-53,-53,-53,-53,-53,-53,-53,-53,-53,-53,-53,-53,-53,-53,-53,-53,-53,-53,-53,-53,-53,-53,-53,-53,-53,-53,-53,-53,-53,-53,-53,-53,-53,-53,-53,-53,-53,-53,-53,-53,-53,-53,72,75,39,-23,27,30,38,39,71,88,69,65,93,82,75,-74,-74,-74,-74,-74,-74,-74,-74,-74,-74,-74,-74,-74,-74,-74,-74,-74,-74,-74,-74,-74,-74,-74,-74,-74,-74,-74,-74,-74,-74,-74,-11,40,135,42,60,1,43,-9,46,26,42,119,97,-5,66,19,24,57,108,119,-86,-86,-86,-86,-86,-86,-86,-86,-86,-86,-86,-86,-86,-86,-86,-86,-86,-86,-86,-86,-86,-86,-86,-86,-86,-86,-86,-86,-86,-86,-86,-86,97,1,42,50,24,-1,61,115,38,54,78,79,85,91,97,101,122,34,53,73,135,45,51,54,71,38,92,113,134,42,57,59,71,92,104,13,67,75,50,77,81,84,88,88,131,47,32,99,71,98,109,75,19,30,58,55,104,62,135,67,141,136,24,88,53,48,81,119,-95,-95,-95,-95,-95,-95,-95,-95,-95,-95,-95,-95,-95,-95,-95,-95,-95,-95,-95,-95,-95,-95,-95,-95,-95,-95,-95,-95,-95,-95,-95,-95,-95,-95,-95,-95,-95,-95,-95,-95,-95,-95,-95,-95,-95,-23,52,89,17,25,56,71,106,-17,103,77,77,45,91,83,46,112,102,79,-120,-120,-120,-120,-120,-120,-120,-120,-120,-120,-120,-120,-120,-120,-120,-120,-120,-120,-120,-120,-120,6,34,47,84,55,74,111,54,62,76,115,21,31,135,-16,55,30,72,15,61,11,72,10,31,39,41,48,51,71,74,82,87,104,114,125,62,110,127,143,58,-132,-132,-132,-132,-132,-132,-132,-132,-132,-132,-132,-132,-132,-132,-132,-132,-132,-132,-132,-132,-132,-132,-132,-132,-132,-132,-132,-132,-132,-132,-132,74,48,102,57,133,78,70,83,-3,48,92,126,134,142,3,128,83,121,86,47,58,64,71,85,88,-145,-145,-145,-145,-145,-145,-145,-145,-145,-145,-145,-145,-145,-145,-145,-145,-145,-145,-145,-145,-145,-145,-145,-145,-145,-145,-145,-145,-145,-145,-145,-145,-145,4,-9,47,39,74,-1,36,112,-10,64,-28,-17,18,25,8,49,58,70,-137,-137,-137,-137,-137,-137,-137,-137,-137,-137,-137,-137,-137,-137,-137,-137,-137,-137,-137,-137,-137,-137,-137,-137,-137,-137,-137,-137,-137,-137,-137,-137,-137,-137,-137,-137,-137,-137,-137,-137,-137,-137,-137,-137,-137,49,45,-8,2,6,10,45,94,98,111,104,-158,-158,-158,-158,-158,-158,-158,-158,-158,-158,-158,-158,-158,-158,-158,-158,-158,-158,-158,-158,-158,-158,-158,-158,-158,-158,-158,-158,-158,-158,-158,-158,-158,31,85,86,34,66,7,35,16,51,85,55,60,67,95,92,104,111,114,124,140,99,50,43,63,56,22,37,29,120,-170,-170,-170,-170,-170,-170,-170,-170,-170,-170,-170,-170,-170,-170,-170,-170,-170,-170,-170,-170,-170,-170,-170,-170,-170,-170,-170,-170,-170,-155,-148,-131,33,-14,-12,74,6,46,45,113,-15,26,63,63,65,74,76,82,87,91,95,96,121,44,42,34,145,66,-1,73,74,96,128,68,74,82,88,89,99,99,118,130,131,131,146,6,3,59,57,84,105,52,103,122,13,1,79,51,139,40,32,51,100,59,25,64,53,16,29,72,-137,-124,-117,-116,-116,-112,-111,-102,-95,-95,-90,-85,-83,-82,-79,-79,-73,-65,-65,-59,-57,-55,-55,-46,-45,-37,-34,-32,-19,-23,-10,-10,2,2,13,19,19,27,29,34,34,34,35,42,45,66,-37,5,30,35,39,45,56,69,62,94,17,11,105,51,109,118,34,43,-122,-133,-83,-18,-9,22,30,47,48,67,67,43,59,100,76,49,34,52,56,20,70,52,22,90,-53,3,41,58,17,57,64,45,70,75,83,101,119,35,42,3,78,95,37,56,65,92,71,69,35,-1,62,71,101,4,40,42,45,49,92,58,83,94,105,-24,2,11,56,66,119,11,6,84,40,48,50,54,59,115,34,83,68,71,123,130,38,26,62,47,8,126,84,141,69,120,42,55,71,79,114,126,94,-38,12,44,37,64,61,76,-19,84,-10,27,52,122,17,28,41,73,81,76,-1,1,6,63,21,41,73,97,21,116,50,120,33,-20,36,36,4,66,112,10,65,114,129,19,28,32,37,53,55,65,85,-2,46,23,38,7,40,76,76,90,75,53,68,85,87,122,124,52,60,119,129,22,49,57,32,85,10,71,72,118,101,98,124,31,106,97,144,-8,62,103,20,38,39,58,55,40,98,29,60,92,47,63,130,50,52,123,78,99,45,70,97,102,126,-43,-30,54,20,49,75,55,3,15,10,52,92,97,146,74,-45,-42,-38,-30,-28,-16,8,38,16,26,27,76,132,38,52,-5,78,69,3,84,55,-2,102,13,54,88,141,144,108,-18,40,40,40,41,94,101,122,8,71,112,55,66,1,14,15,47,66,119,-12,23,10,21,26,29,33,64,84,92,100,64,123,107,106,33,-16,59,119,101,129,77,49,18,29,87,147,81,-15,15,18,32,74,59,88,124,74,-6,32,77,51,56,100,60,29,92,121,121,132,98,64,105,112,51,85,85,89,117,58,97,72,35,14,53,55,40,56,76,73,25,-10,46,84,56,95,-10,55,70,88,86,41,89,127,10,34,91,36,27,37,99,61,83,88,97,122,53,88,76,50,138,11,54,11,49,39,66,85,122,-13,55,42,73,36,78,41,66,65,68,132,109,20,116,20,20,26,47,52,39,44,83,88,92,100,103,32,42,51,5,12,93,27,36,71,74,87,68,112,58,22,96,50,51,51,75,50,93,91,101,1,80,51,20,118,40,106,106,77,1,39,102,107,103,101,87,133,123,57,132,59,81,106,107,95,82,37,37,30,52,88,48,70,74,75,76,76,117,131,138,40,53,57,88,96,100,104,114,115,131,144,117,70,66,104,-3,54,63,51,-2,112,3,24,30,65,127,64,87,22,67,75,77,98,11,49,72,58,71,66,95,-22,68,29,41,-4,9,15,23,36,88,40,67,70,124,126,44,45,51,39,-12,75,26,28,33,55,60,61,67,80,32,4,52,87,91,108,92,101,53,62,58,97,52,53,57,124,124,39,8,68,132,30,44,-22,23,68,84,69,-19,17,83,35,100,62,3,124,72,44,45,14,89,106,112,87,53,47,108,35,38,43,76,84,85,76,8,30,81,142,2,57,41,100,79,-14,93,2,105,65,40,-12,8,54,80,13,35,46,66,52,135,34,66,69,98,103,110,120,125,134,141,142,123,69,95,74,35,78,113,68,44,36,82,118,119,120,23,-3,18,64,55,59,65,91,52,78,87,103,111,43,12,4,46,102,33,96,60,-20,55,76,117,125,-5,90,9,85,54,75,117,112,80,90,48,44,113,34,91,36,65,91,99,102,106,108,23,96,66,3,58,62,75,25,98,48,43,53,63,85,96,117,124,40,52,81,142,57,75,87,89,96,27,51,37,60,3,57,36,53,72,85,122,142,70,24,100,60,8,26,92,78,-10,26,62,35,36,114,66,58,53,65,69,83,123,36,11,94,140,69,79,54,61,94,90,45,101,108,124,91,26,76,13,88,27,4,5,9,22,45,59,66,81,81,82,134,79,41,26,63,81,118,-7,-13,8,39,40,47,78,37,38,117,96,115,126,130,137,139,82,132,28,56,32,110,111,116,128,21,100,56,82,7,51,58,53,95,24,33,51,74,76,-3,68,-18,34,35,75,58,63,10,47,35,101,101,-22,48,104,121,33,52,68,77,3,52,93,100,35,63,26,27,49,95,31,66,114,105,67,138,105,38,104,99,103,-16,-32,0,9,19,41,48,27,44,124,94,95,102,109,38,120,45,43,99,7,22,64,28,30,69,94,29,100,23,115,-5,26,27,43,50,61,82,-9,74,18,29,33,56,32,47,103,31,40,72,49,42,60,92,108,110,130,75,86,91,145,73,92,13,100,124,134,81,15,84,92,132,46,14,64,70,99,37,41,45,88,95,112,53,41,-18,106,95,59,60,90,95,22,33,70,109,92,104,39,-14,50,60,71,77,111,123,133,69,107,67,69,70,74,119,43,103,91,28,43,66,54,62,44,79,92,96,131,-20,16,39,39,49,70,77,86,136,98,1,79,94,126,66,34,4,46,46,119,30,38,74,91,21,23,80,91,-5,6,12,20,32,48,30,2,55,-16,-11,-1,4,16,19,20,17,43,71,73,114,134,28,46,71,62,13,64,116,50,122,127,139,118,45,106,54,74,112,1,-7,-5,32,16,71,53,127,135,24,31,95,121,-12,69,112,119,34,51,60,112,87,83,107,126,-17,16,46,63,123,93,57,78,111,63,7,39,41,71,84,102,110,11,13,59,27,33,46,54,25,39,48,88,1,31,121,59,100,51,28,101,-12,5,15,34,51,95,24,126,129,132,19,25,94,-26,-19,2,18,39,52,65,87,90,111,61,141,89,92,104,116,132,40,145,-2,27,9,52,52,132,44,58,94,23,54,64,67,130,48,51,79,97,121,70,126,12,25,62,94,22,38,35,85,87,22,67,103,80,86,38,20,59,65,80,111,133,30,50,70,83,67,95,45,52,82,50,39,65,93,127,23,58,13,105,24,70,96,48,61,110,109,120,134,-14,-3,30,113,9,129,22,86,98,-2,0,23,95,109,74,62,89,99,114,120,99,31,32,52,54,66,85,101,91,54,124,50,95,73,44,3,4,18,42,50,51,59,61,62,80,88,91,61,135,62,-8,13,38,67,91,-7,58,112,-32,65,98,99,122,123,128,94,76,106,74,40,33,68,91,97,63,98,32,-23,50,42,103,75,63,63,71,64,64,108,108,109,36,85,121,130,125,-4,59,114,47,57,90,105,120,124,125,133,51,90,9,48,61,67,76,67,76,86,41,44,86,105,48,122,-34,11,39,75,50,45,97,100,-7,31,-30,17,88,31,62,14,64,36,29,77,137,140,5,2,51,15,-10,25,1,2,74,36,2,58,78,112,68,41,119,66,1,90,93,124,29,11,28,52,90,-5,67,77,83,63,106,132,3,8,19,30,47,44,68,72,55,73,26,109,45,77,91,98,102,114,122,43,48,63,66,77,101,122,95,86,-9,63,106,73,30,45,49,61,82,117,23,71,71,130,105,53,42,16,49,59,90,61,109,9,99,71,21,44,87,110,51,54,-4,116,111,29,81,44,28,121,23,80,74,-53,38,15,27,75,34,80,83,90,66,100,-40,-37,-32,-28,-2,81,19,21,28,35,57,37,45,70,47,139,-5,-9,67,114,38,31,-3,73,62,69,109,47,77,97,143,-24,-7,20,68,120,47,29,91,92,56,46,60,62,-9,48,11,11,31,60,42,59,45,112,122,122,48,-34,0,10,51,52,58,114,85,72,83,92,102,122,137,45,47,79,86,92,93,84,-17,37,96,97,52,70,-20,-14,-8,7,7,11,54,71,122,40,121,49,43,133,82,70,77,131,39,46,92,46,61,79,112,75,91,76,53,72,68,69,102,102,103,125,45,96,113,130,18,106,48,13,40,85,82,-31,73,3,80,57,59,64,44,77,9,-1,93,103,104,54,-23,35,37,37,65,119,71,102,136,7,-23,3,9,69,23,28,52,11,28,110,18,22,1,2,39,50,81,51,78,27,18,52,52,68,79,80,44,75,79,88,89,95,56,51,108,22,55,72,123,11,43,66,83,90,70,68,111,114,56,111,56,-6,100,0,39,7,65,28,56,14,23,27,24,97,117,82,139,14,28,129,113,119,47,53,65,65,67,74,82,94,95,103,110,110,129,37,116,20,64,29,12,16,17,50,73,82,43,55,74,116,117,132,41,2,101,-9,82,82,50,97,125,72,88,80,50,73,77,92,146,20,38,83,102,77,-18,27,30,40,48,35,42,88,124,36,38,72,91,94,96,102,105,106,112,112,114,79,6,42,29,130,90,96,78,42,40,44,9,54,15,52,19,88,35,62,78,146,36,132,68,92,144,27,53,57,76,126,129,55,96,75,135,32,30,89,25,32,39,41,110,148,89,84,55,52,97,90,-4,85,106,67,66,83,119,107,12,66,76,91,75,137,50,121,88,77,38,63,22,25,49,63,99,91,-12,108,49,38,17,57,43,36,53,66,139,45,65,91,105,120,68,77,68,72,34,98,89,78,80,87,33,56,57,72,-28,61,62,67,11,43,92,89,89,2,47,109,71,57,71,45,117,3,95,-19,52,109,45,53,59,86,85,69,112,69,123,14,23,-7,120,102,-5,35,95,91,58,-8,41,1,58,87,80,102,103,81,95,112,122,89,42,9,61,89,67,81,111,-5,35,90,20,57,85,104,115,138,109,44,23,59,94,104,102,7,71,88,100,46,33,120,124,27,112,73,73,1,12,19,31,25,59,65,76,77,117,11,95,4,82,80,43,42,53,69,107,109,30,18,68,84,85,26,27,64,-8,6,28,24,37,84,21,75,-22,41,4,18,33,34,42,105,39,104,91,50,79,87,62,27,75,36,33,21,47,57,8,46,40,27,83,55,12,66,14,52,61,73,8,15,-50,37,-1,7,47,51,58,-3,6,7,33,56,21,58,-18,1,20,44,60,-2,43,16,16,26,22,51,60,60,64,65,53,2,18

How wait,	122365/4500,	0,0,0,3,1,4,0,3,2,3,5,0,3,9,1,3,4,4,7,7,9,7,10,5,8,11,1,11,1,4,6,3,9,6,6,9,2,13,12,10,3,0,6,4,7,3,6,7,5,2,3,10,2,6,1,8,9,4,5,8,10,9,6,0,0,3,5,5,11,3,3,8,10,7,5,3,1,5,6,1,21,2,17,0,1,11,4,25,27,12,9,4,16,12,0,10,21,20,8,31,5,9,3,11,2,21,14,11,16,17,4,17,13,1,0,12,3,3,2,10,15,10,3,20,3,4,9,1,2,10,8,9,1,30,5,7,8,14,17,0,8,18,1,8,4,6,4,1,8,2,7,0,0,5,0,11,6,4,2,5,7,4,8,6,5,22,14,10,21,8,3,23,33,11,6,18,10,23,9,13,0,0,4,10,10,7,2,4,1,24,8,15,8,7,1,3,10,11,3,7,4,21,8,5,0,2,2,6,15,11,16,27,6,8,2,11,11,0,10,3,3,12,10,6,11,16,5,4,9,12,1,4,11,3,29,2,1,4,0,1,6,8,4,4,15,1,26,19,17,6,17,7,6,0,4,9,2,7,8,5,9,8,8,5,1,3,5,0,3,2,13,21,5,3,3,11,9,11,8,6,6,3,7,27,30,7,8,11,11,9,9,7,15,33,15,0,10,2,9,9,11,5,18,19,29,7,11,8,9,3,11,11,0,11,8,1,4,10,9,0,6,7,20,2,21,21,16,6,3,1,9,6,5,12,6,6,2,8,0,2,17,0,10,1,4,19,21,11,16,2,1,2,13,10,5,4,10,17,7,2,0,5,4,13,17,27,24,5,6,8,13,26,5,11,7,5,20,26,10,22,10,10,7,12,10,5,10,9,1,1,2,4,33,13,16,5,8,6,16,32,11,17,2,10,6,19,29,30,13,1,5,2,1,4,1,12,1,4,11,5,0,5,2,11,3,6,0,14,3,2,1,9,6,1,3,12,3,0,0,10,4,3,31,8,6,6,1,10,4,0,4,0,1,29,28,11,6,7,2,7,11,2,1,3,12,20,0,1,30,21,20,16,33,17,4,0,0,4,5,4,0,8,0,1,4,1,10,1,8,9,23,10,27,3,6,3,4,5,9,1,1,2,4,1,6,0,4,6,13,6,11,3,0,10,7,2,6,8,4,8,11,2,6,1,31,33,16,9,7,2,12,7,33,11,3,22,8,33,8,19,11,0,10,9,9,4,5,2,2,3,10,1,2,2,4,4,5,0,7,1,7,7,6,11,0,8,2,1,0,11,9,9,2,27,4,16,29,20,10,7,3,0,21,1,20,15,7,22,2,6,14,8,10,25,3,0,7,6,1,20,17,3,17,11,3,6,5,31,13,6,2,4,3,0,0,32,8,16,6,7,6,2,17,7,6,0,9,16,1,3,7,15,4,1,11,25,26,27,8,3,5,25,7,11,11,23,7,6,4,12,15,36,9,0,9,6,2,8,4,4,4,4,11,26,7,5,1,2,0,12,15,2,9,12,3,1,1,6,1,26,2,0,4,8,10,10,5,11,11,5,18,0,29,0,3,8,11,7,9,2,7,15,14,2,3,1,1,33,14,5,13,3,10,33,22,7,8,2,5,0,4,2,1,3,0,7,7,0,5,4,10,5,6,1,10,25,23,9,12,10,5,8,1,7,7,9,6,12,8,7,7,6,22,10,13,13,8,2,17,10,5,2,7,12,14,31,11,10,5,5,11,5,7,0,3,3,2,8,31,13,0,7,10,1,10,6,6,8,9,7,6,9,12,2,8,6,3,8,3,8,5,2,8,12,10,3,1,28,10,9,3,2,20,14,16,22,15,13,26,33,13,2,3,5,7,18,16,4,5,2,7,4,6,11,14,0,0,1,5,12,1,5,2,6,2,4,3,5,8,5,2,5,2,1,0,18,8,3,4,27,13,14,25,27,0,6,8,0,6,0,10,10,30,6,24,32,8,4,30,22,26,15,35,4,11,2,11,8,3,1,11,5,3,1,4,27,20,3,7,11,11,7,2,1,8,4,6,6,37,22,4,15,0,7,18,0,1,7,1,10,1,8,1,2,0,3,12,11,5,9,18,10,16,6,21,1,22,7,7,3,5,31,11,5,24,7,3,3,0,5,4,6,9,4,4,2,3,3,2,4,1,11,11,6,2,33,21,11,5,5,8,6,4,2,10,6,10,0,22,9,3,3,3,8,9,2,1,4,0,2,1,13,3,11,9,20,20,9,21,8,19,9,3,0,1,1,21,30,1,5,1,5,2,0,4,0,32,3,19,33,1,28,7,4,2,12,8,4,6,5,1,16,14,13,21,8,6,0,6,2,3,7,9,0,19,26,5,1,0,6,13,14,14,9,8,19,1,32,30,3,3,2,10,28,1,33,22,5,8,4,4,5,5,6,26,2,4,4,4,4,4,4,4,4,4,4,4,4,4,4,4,4,4,4,4,4,4,6,1,7,9,9,18,20,16,7,5,0,11,34,32,20,18,26,16,10,12,2,8,12,16,16,16,16,16,16,16,16,16,16,16,16,16,16,16,16,16,16,16,16,16,16,16,16,16,16,0,7,7,4,7,2,0,4,2,0,6,19,18,2,39,31,34,32,35,0,17,16,7,11,9,8,7,40,31,29,29,29,29,29,29,29,29,29,29,29,29,29,29,29,29,29,29,29,29,29,29,29,29,29,29,29,29,29,29,29,29,26,12,36,8,14,21,30,12,13,5,6,8,8,21,35,35,35,35,35,35,35,35,35,35,35,35,35,35,35,35,35,35,35,35,35,35,35,35,35,35,35,35,35,35,35,35,35,35,35,35,35,35,35,35,35,35,35,35,35,19,20,5,20,26,15,6,3,6,6,2,27,3,7,4,10,6,42,42,42,42,42,42,42,42,42,42,42,42,42,42,42,42,42,42,42,42,42,42,42,42,42,42,42,42,42,42,42,42,42,42,42,42,42,21,8,8,8,11,4,6,58,3,8,7,0,13,10,10,4,9,4,8,1,2,5,1,5,5,24,54,54,54,54,54,54,54,54,54,54,54,54,54,54,54,54,54,54,54,54,54,54,54,54,54,54,54,54,54,54,54,54,54,15,2,25,32,0,15,0,11,16,3,21,16,5,8,25,12,29,32,3,6,17,5,11,11,9,3,0,3,7,31,25,8,22,5,37,25,10,6,1,12,23,8,12,20,25,15,13,25,14,4,6,14,1,4,6,1,11,13,26,9,10,7,77,77,77,77,77,77,77,77,77,77,77,77,77,77,77,77,77,77,77,77,77,77,77,77,77,77,77,77,77,77,77,77,77,77,77,77,77,77,77,77,77,77,77,77,77,22,4,0,10,7,1,2,22,22,4,3,4,32,9,3,12,11,1,9,10,5,9,2,5,8,88,88,88,88,88,88,88,88,88,88,88,88,88,88,88,88,88,88,88,88,88,88,88,11,6,6,11,2,2,6,6,24,33,8,2,10,6,28,0,1,5,8,22,38,19,23,20,24,9,34,39,11,20,30,2,4,100,100,100,100,100,100,100,100,100,100,100,100,100,100,100,100,100,100,100,100,100,100,100,100,100,100,100,100,100,100,100,100,100,100,100,100,100,100,58,41,10,8,2,7,20,19,3,3,59,1,30,8,25,37,20,12,35,2,20,25,7,3,4,5,7,6,58,113,113,113,113,113,113,113,113,113,113,113,113,113,113,113,113,113,113,113,113,113,113,113,113,113,113,113,113,113,113,11,19,5,6,0,27,15,23,18,7,2,3,7,6,1,1,10,60,33,3,33,119,119,119,119,119,119,119,119,119,119,119,119,119,119,119,119,119,119,119,119,119,119,119,119,119,119,119,119,119,119,119,119,119,119,119,119,119,119,119,119,119,119,119,119,119,6,2,3,27,19,9,27,16,24,12,4,42,5,17,8,126,126,126,126,126,126,126,126,126,126,126,126,126,126,126,126,126,126,126,126,126,126,126,126,126,126,126,126,126,126,126,10,3,10,18,2,9,5,22,9,11,53,9,8,9,5,8,9,0,7,11,138,138,138,138,138,138,138,138,138,138,138,138,138,138,138,138,138,138,138,138,138,138,138,138,138,138,138,138,138,138,138,138,2,53,24,24,5,0,4,5,20,1,26,3,18,15,17,10,24,5,23,31,0,20,20,13,6,13,20,14,7,9,4,9,8,11,7,8,2,7,6,31,12,21,18,27,17,3,9,1,4,4,1,5,7,11,10,1,2,3,0,5,0,2,3,9,9,3,4,5,161,161,161,161,161,161,161,161,161,161,161,161,161,161,161,161,161,161,161,161,161,161,161,161,161,161,161,161,161,161,161,161,161,161,161,161,161,161,161,161,161,161,161,161,161,0,13,17,15,12,1,1,11,9,0,10,30,26,5,3,4,0,8,5,172,172,172,172,172,172,172,172,172,172,172,172,172,172,172,172,172,172,172,172,172,4,0,7,7,7,9,5,1,8,10,8,25,12,8,9,4,26,9,111,3,9,1,9,41,29,40,34,18,22,19,37,16,24,16,11,5,0,6,2,7,184,184,184,184,184,184,184,184,184,184,184,184,184,184,184,184,184,184,184,184,184,184,184,184,184,184,184,184,184,184,184,3,9,7,1,0,34,38,8,31,42,34,6,5,1,5,2,7,1,11,2,3,3,7,8,9,197,197,197,197,197,197,197,197,197,197,197,197,197,197,197,197,197,197,197,197,197,197,197,197,197,197,197,197,197,197,197,197,197,33,22,32,6,13,6,3,5,23,17,2,7,12,12,10,12,12,2,203,203,203,203,203,203,203,203,203,203,203,203,203,203,203,203,203,203,203,203,203,203,203,203,203,203,203,203,203,203,203,203,203,203,203,203,203,203,203,203,203,203,203,203,203,5,8,17,4,11,9,9,1,9,12,10,210,210,210,210,210,210,210,210,210,210,210,210,210,210,210,210,210,210,210,210,210,210,210,210,210,210,210,210,210,210,210,210,210,7,9,11,2,0,9,7,29,13,5,33,7,3,6,2,6,2,5,3,8,2,1,9,6,0,32,21,9,10,222,222,222,222,222,222,222,222,222,222,222,222,222,222,222,222,222,222,222,222,222,222,222,222,222,222,222,222,222,210,190,223,8,33,16,15,20,18,4,7,28,2,22,29,19,29,8,21,14,17,31,32,9,15,5,9,3,1,11,11,11,7,12,39,40,12,4,37,6,13,21,11,1,16,1,3,7,10,2,3,20,10,12,4,4,12,1,8,8,4,8,0,8,10,32,10,13,8,9,1,193,241,236,177,203,209,217,243,175,201,230,192,141,189,215,213,133,125,152,154,160,160,163,137,144,89,86,166,125,90,86,132,92,126,114,52,120,107,63,68,93,103,39,14,35,2,13,11,23,13,22,22,15,5,33,2,20,33,22,7,0,0,3,1,244,219,189,136,110,112,100,49,69,24,39,5,1,7,20,6,9,93,30,24,36,2,0,4,61,69,74,73,27,2,30,23,41,32,14,9,18,12,0,3,12,12,4,31,33,24,33,31,11,23,8,1,2,9,36,12,4,11,52,13,0,6,5,8,4,2,3,1,5,23,70,16,2,2,0,2,2,18,1,16,12,13,5,16,4,8,1,30,9,14,0,2,3,2,4,12,1,4,6,0,12,33,32,13,7,9,6,11,9,25,1,11,12,7,2,4,6,0,3,6,15,7,15,1,13,8,14,3,3,8,5,3,11,1,5,5,12,9,1,6,4,12,1,1,9,3,9,3,6,9,9,0,9,1,3,11,8,1,5,3,0,9,14,7,20,15,1,5,8,3,1,12,0,2,0,2,19,10,1,10,6,5,2,10,24,13,2,9,1,3,11,4,5,6,6,6,0,11,3,9,5,2,8,26,1,3,0,9,4,2,1,8,7,33,28,1,12,4,10,9,6,1,12,19,21,14,1,5,28,30,14,23,13,19,23,5,24,2,12,5,7,24,7,11,0,3,8,3,12,18,24,1,0,3,3,4,1,33,3,5,7,10,10,5,6,1,5,3,3,3,15,14,24,27,15,6,25,31,3,19,4,20,28,7,33,32,34,7,4,0,5,8,7,11,2,6,2,0,32,11,4,2,1,2,8,12,10,10,8,14,0,8,0,5,4,4,2,7,15,5,8,3,3,8,3,1,1,4,11,23,15,23,20,2,0,10,15,12,10,9,1,2,8,6,2,7,12,6,8,10,8,10,5,5,5,10,1,2,5,7,9,6,20,4,3,12,28,6,6,3,1,8,1,4,7,9,2,3,0,0,5,4,0,2,11,2,27,29,7,10,8,6,9,5,6,5,5,1,10,11,0,6,5,22,13,16,20,1,13,19,10,1,9,4,0,28,10,7,1,11,12,8,1,5,10,2,32,26,1,5,4,2,23,3,4,11,3,7,15,2,9,9,2,6,11,5,8,6,6,0,7,13,2,2,0,9,10,7,6,10,4,17,6,4,5,11,22,1,21,14,14,9,7,11,24,7,29,22,15,13,24,28,30,13,0,3,4,12,7,1,18,4,21,9,6,4,5,19,3,4,9,3,10,5,3,7,2,10,11,9,11,0,6,0,5,3,1,9,25,21,10,32,1,16,26,5,4,9,4,0,4,1,5,17,20,30,31,15,12,17,10,4,27,8,0,5,11,8,31,1,1,6,4,8,6,10,5,4,9,3,28,27,6,8,3,2,9,12,6,3,0,22,24,2,3,9,10,10,5,5,8,11,7,2,2,8,3,11,7,9,10,4,6,9,10,1,10,25,8,10,6,8,4,5,1,11,32,6,0,6,6,8,7,1,3,1,6,32,0,2,5,1,21,23,7,1,7,18,10,11,4,2,6,0,5,5,11,29,1,9,4,6,7,1,2,5,6,6,6,2,1,0,8,10,11,4,1,0,2,7,8,32,13,2,6,3,5,5,9,10,0,3,1,7,10,3,12,10,2,7,3,7,7,10,12,7,2,1,12,4,13,16,14,15,16,10,5,5,8,6,10,5,5,6,6,13,16,3,2,11,3,1,5,6,1,0,0,8,1,7,7,4,20,2,3,3,9,19,0,11,8,16,3,25,6,4,1,6,9,4,2,24,7,31,26,10,4,13,10,4,4,2,7,4,33,17,12,2,4,3,2,1,18,9,2,9,2,9,1,12,8,4,3,24,31,26,28,5,11,0,13,8,11,11,0,11,6,2,2,8,2,8,28,22,4,31,25,5,14,9,5,1,6,0,13,3,2,0,5,11,11,3,8,11,8,0,32,16,7,8,0,4,2,21,13,1,2,28,0,4,21,6,6,13,5,0,8,37,11,12,7,7,2,11,4,4,3,10,6,7,1,13,16,22,9,6,6,4,7,4,1,27,30,17,7,33,2,3,5,12,4,7,22,21,12,19,16,4,6,1,4,0,8,14,28,17,1,2,42,33,13,6,5,3,1,8,3,10,2,6,9,10,12,12,0,1,2,2,11,0,12,3,2,2,3,28,8,4,8,3,10,11,2,4,7,11,3,5,3,6,6,0,11,1,13,2,2,2,7,17,25,1,7,7,11,5,9,12,13,14,1,19,2,8,20,1,2,5,6,5,11,2,4,11,1,11,23,27,9,31,16,26,11,3,5,4,6,1,8,4,0,1,2,5,7,17,30,4,6,5,1,7,1,11,2,12,17,10,2,9,16,17,12,0,3,5,1,2,2,11,1,0,9,8,19,9,18,4,4,9,4,10,3,10,5,0,31,9,28,32,1,12,2,12,3,14,27,32,27,31,16,8,30,31,26,3,0,1,0,4,4,30,28,12,4,0,21,12,5,0,3,11,7,9,9,6,15,30,1,10,10,1,4,8,6,10,4,5,27,5,6,8,3,3,3,20,4,23,28,2,22,7,1,3,5,35,12,11,7,0,30,12,4,3,5,10,4,30,2,11,0,2,2,0,6,1,3,5,1,22,12,2,1,8,2,3,19,11,2,29,3,33,9,0,6,2,44,14,34,5,4,1,12,0,8,3,11,11,5,10,6,6,4,15,16,14,12,0,6,9,6,2,1,1,3,2,5,5,0,6,2,6,2,11,11,10,9,5,9,15,4,9,7,11,11,30,16,16,9,8,7,1,12,11,12,13,4,4,18,8,9,5,1,3,1,0,3,1,4,5,27,0,7,7,22,11,27,14,6,9,6,8,1,5,15,14,1,31,13,24,0,10,1,9,6,1,15,24,10,3,26,0,12,3,12,6,5,10,5,5,32,10,8,0,24,10,25,4,4,0,5,7,15,17,31,23,17,11,10,10,20,8,12,2,0,2,4,19,22,19,6,6,4,7,0,26,30,12,37,0,18,2,21,12,7,6,3,10,4,8,9,18,0,7,9,5,5,5,5,5,2,15,17,0,1,2,4,4,15,13,3,3,27,2,31,4,14,2,4,11,2,13,9,9,6,6,8,23,29,7,4,7,2,2,7,6,7,24,21,12,2,7,5,10,1,9,7,7,11,4,7,0,12,11,8,3,25,29,24,2,1,12,1,4,8,33,30,8,11,21,12,8,2,6,5,4,10,9,8,8,3,11,6,13,6,11,9,3,2,2,11,0,2,0,3,9,0,10,9,41,9,16,26,30,4,2,1,21,20,6,21,1,22,0,6,4,1,2,2,3,9,8,10,0,23,15,6,0,2,4,7,8,8,0,6,27,5,14,5,3,19,15,21,19,7,8,6,10,7,7,5,2,0,11,1,2,10,8,0,6,12,10,6,27,18,1,21,1,12,8,0,5,7,11,7,9,4,32,31,28,26,28,0,2,19,18,18,11,16,13,10,10,8,6,4,12,5,10,7,0,3,3,3,4,6,6,6,5,8,27,14,4,25,3,8,4,5,3,20,0,0,5,7,2,21,6,16,3,2,1,9,22,16,11,32,6,15,23,1,8,3,8,16,13,33,2,10,5,1,8,3,1,6,2,1,31,2,21,32,1,2,5,4,2,2,11,8,11,0,6,21,8,32,8,8,15,25,3,6,0,15,17,11,10,3,11,2,7,0,7,4,0,1,0,11,6,7,5,15,21,19,24,21,22,4,5,2,5,31,30,10,7,4,1,0,8,3,7,25,0,1,1,11,12,4,7,0,9,1,10,5,6,21,0,2,7,0,9,6,9,11,9,1,5,7,12,10,2,7,0,1,1,10,4,0,8,10,10,7,5,6,10,20,4,15,4,19,11,1,5,3,4,22,9,12,13,14,21,2,7,5,7,2,1,18,2,4,8,4,9,9,2,11,12,7,10,7,10,4,7,24,26,2,11,8,4,26,2,4,16,11,26,21,1,5,1,26,13,6,9,19,22,24,11,1,1,10,8,6,22,4,0,7,2,14,22,1,2,9,11,9,32,18,4,14,18,0,4,1,5,1,0,22,3,8,1,4,11,3,5,8,10,8,6,1,0,3,31,14,8,21,8,22,21,11,0,0,25,0,1,10,0,12,7,1,11,8,6,7,23,23,33,32,11,28,19,3,7,2,6,2,4,8,1,11,9,5,7,7,6,19,30,5,2,6,3,0,11,1,11,3,4,0,2,6,3,2,2,1,13,0,1,2,0,4,2,12,5,3,10,2,3,4,11,0,7,20,7,3,9,3,3,2,2,5,1,7,11,3,1,7,9,2,3,2,5,28,3,4,17,11,5,3,0,5,2,5,3,5,7,1,4,5,3,2,8,7,7,1,5,0,5,0,10,20,29,5,3,3,4,6,9,9,4,15,3,21,2,8,4,3,4,2,3,10,10,7,5,11,4,3,9,9,17,5,8,2,0,32,2,9,1,17,8,24,24,5,13,15,3,0,1,8,0,0,2,11,6,8,10,4,11,18,10,2,1,16,29,0,18,9,14,5,1,10,7,0,29,5,9,31,5,6,6,8,1,10,19,18,13,15,5,6,5,4,5,3,30,23,2,13,11,26,10,0,26,11,1,3,5,9,10,11,0,3,1,2,1,18,1,6,23,11,19,28,16,2,2,2,29,1,13,4,3,4,7,8,2,10,11,10,9,7,6,9,8,4,3,2,5,7,2,5,4,3,11,3,30,4,2,9,8,1,1,5,16,13,3,9,5,2,0,7,0,8,3,5,10,11,1,14,11,8,2,2,1,11,13,3,32


Missed people's location (Destination / Demand time) At 1439
A Station,	
B Station,	
C Station,	
D Station,	
E Station,	
F Station,	
G Station,	
H Station,	
I Station,	
J Station,	
K Station,	
L Station,	
M Station,	
N Station,	
O Station,	
P Station,	
Q Station,	
R Station,	
S Station,	
T Station,	
U Station,	
V Station,	
W Station,	
