Proposed PG	Serviced: 4451, Unfair: 0, UserN :4500
Shuttle0,	0,0,0,0,0,0,0,0,0,0,0,0,0,0,0,0,0,0,0,0,0,0,0,0,0,0,0,0,0,0,0,0,0,0,0,2,2,2,2,2,2,2,2,2,2,3,3,4,4,4,4,4,4,4,7,7,7,7,7,7,7,7,8,8,8,8,9,9,9,9,10,10,10,10,10,10,10,10,10,10,10,10,10,10,11,11,11,11,11,11,12,10,10,10,10,10,10,10,10,9,9,9,9,8,8,8,7,7,7,6,6,6,6,6,6,4,4,4,4,5,5,5,3,3,3,3,3,3,3,4,4,4,4,4,6,6,6,6,7,7,7,7,7,7,7,7,7,7,7,7,8,8,8,8,11,11,11,11,11,11,11,12,12,12,12,12,12,12,11,11,11,11,11,11,11,12,12,12,13,13,14,14,14,14,14,14,14,14,14,14,14,14,14,14,14,14,12,12,12,11,11,11,11,11,11,11,11,11,11,11,11,11,11,10,10,9,9,9,8,8,8,8,8,8,8,8,8,8,8,8,10,10,10,10,9,9,9,9,9,9,9,9,9,9,9,6,6,6,6,6,6,6,6,6,6,6,6,6,6,5,5,5,5,5,5,5,5,5,5,5,5,5,5,5,6,6,6,6,6,6,6,6,6,4,4,4,4,2,2,2,2,2,2,2,0,0,0,2,2,2,2,2,3,3,3,3,3,3,3,3,3,3,3,3,3,3,3,3,5,5,5,5,5,5,5,5,5,5,5,5,5,5,5,5,5,5,6,6,6,6,6,6,6,6,6,6,8,8,7,7,7,7,7,7,7,6,6,6,5,5,5,6,6,6,6,6,6,7,7,7,7,7,7,7,7,7,7,7,8,8,8,7,7,7,7,7,7,7,7,7,7,7,7,7,7,7,7,7,7,7,7,7,7,7,7,7,7,7,7,7,7,7,7,6,6,6,6,6,6,6,5,5,5,5,5,5,5,7,7,7,7,7,8,8,8,8,8,8,8,8,8,8,7,7,7,7,7,7,7,7,7,7,7,7,7,9,9,9,8,8,8,8,6,6,6,6,6,7,7,7,8,8,8,8,7,7,7,7,7,7,7,7,7,7,7,7,7,7,7,7,6,6,6,6,6,6,6,5,5,5,5,5,5,5,4,4,4,4,4,4,5,5,5,5,6,6,6,6,6,6,6,6,6,6,6,6,5,5,5,5,5,5,4,4,4,4,4,4,4,4,4,4,6,6,6,6,6,6,6,8,8,7,7,7,9,9,9,9,9,9,9,9,9,9,9,9,9,9,9,9,10,10,10,10,11,11,11,11,13,13,13,11,11,11,11,11,11,11,12,12,12,12,12,12,11,10,10,10,10,10,9,9,9,25,25,25,25,45,45,45,45,45,45,45,45,45,45,45,45,45,45,45,45,45,45,45,45,45,45,45,45,45,45,45,45,45,45,45,24,24,24,24,8,8,8,8,8,8,8,8,6,6,6,6,5,5,5,5,5,5,5,5,4,4,4,4,4,4,4,4,4,4,4,4,4,4,4,4,45,45,45,45,45,45,45,45,45,45,45,45,45,45,45,45,45,45,45,45,45,45,45,45,45,45,45,45,45,45,45,45,44,44,44,44,45,45,45,45,45,45,45,45,45,45,45,45,2,2,2,2,2,2,2,2,3,3,3,3,3,3,3,3,4,4,4,4,4,4,4,4,4,4,4,4,4,4,5,5,5,5,5,5,5,5,5,5,6,6,6,6,6,6,6,6,6,6,6,6,6,6,6,7,7,7,7,7,7,9,9,9,9,9,9,9,11,11,11,11,12,12,12,11,11,10,10,10,9,9,9,9,8,8,8,8,8,8,8,8,7,7,7,7,7,7,7,7,9,9,9,9,10,10,10,10,10,10,10,10,10,10,10,10,10,10,10,10,45,44,44,44,43,43,44,44,44,43,43,43,43,45,45,45,45,45,45,45,45,45,45,45,45,43,43,43,43,43,43,43,44,44,44,44,44,44,44,45,45,44,44,44,41,41,41,41,44,44,44,44,44,44,44,44,44,44,44,44,45,45,45,45,43,43,43,43,43,43,43,7,7,7,7,7,7,7,10,10,10,10,10,10,16,19,19,19,19,19,20,20,20,18,18,18,18,20,20,20,26,26,26,27,27,27,30,30,30,31,31,31,31,31,31,31,30,30,30,30,30,30,30,29,29,29,29,29,26,26,26,26,19,19,19,19,19,19,19,19,18,18,18,18,17,17,17,17,13,13,13,13,12,12,12,11,11,11,11,11,11,11,10,10,10,10,10,10,8,8,8,8,7,7,9,9,9,35,35,35,35,45,45,45,43,43,43,43,43,43,43,43,43,42,42,42,42,42,42,42,43,43,43,43,43,43,43,43,43,44,44,44,35,35,35,35,6,6,6,6,6,6,6,6,7,7,7,7,6,6,6,6,7,7,7,7,8,8,8,8,8,8,8,8,8,8,8,8,8,8,8,8,45,45,45,45,45,45,44,44,44,45,45,45,45,45,45,45,45,45,45,45,45,45,45,45,45,45,45,45,45,44,44,44,45,45,45,45,44,44,44,45,45,45,45,45,45,45,45,45,7,7,7,7,7,7,7,7,7,7,7,7,7,7,7,7,7,7,7,7,7,7,7,7,7,7,7,7,7,7,6,6,6,6,6,6,5,5,5,5,5,5,6,6,6,6,6,6,6,9,9,9,12,12,12,11,11,11,10,10,10,11,11,11,11,8,8,8,9,9,9,9,9,9,9,11,11,11,11,11,11,11,11,11,13,13,13,13,13,13,13,13,12,12,12,12,10,10,10,10,10,10,10,10,10,10,10,9,9,9,9,9,9,9,10,10,10,10,10,10,9,7,7,7,5,5,4,4,4,4,4,4,4,5,5,5,6,6,6,5,5,5,5,5,5,4,4,4,4,4,4,4,5,5,5,5,5,5,5,4,4,5,5,5,5,5,5,5,5,5,5,5,5,5,5,5,4,4,4,4,4,4,4,4,3,3,3,3,3,3,3,3,3,3,3,3,3,3,4,4,4,4,4,4,6,7,7,7,9,9,9,9,9,10,10,10,10,9,9,9,10,10,10,9,9,9,9,9,9,9,9,9,9,8,8,8,8,8,8,8,7,7,7,6,6,6,6,6,4,4,4,4,4,4,4,4,4,4,4,4,3,3,3,3,2,2,2,2,1,1,1,1,1,1,1,1,1,1,1,1,1,1,1,1,1,1,1,1,1,1,1,1,0,0
Shuttle1,	0,0,0,1,1,1,1,1,1,1,2,2,2,3,3,3,4,4,4,4,4,4,4,6,6,6,6,6,6,6,6,6,6,6,6,6,6,6,6,6,6,6,6,6,6,6,6,6,6,6,6,6,6,6,6,6,6,6,6,6,6,6,6,6,6,7,7,7,7,7,7,7,7,7,7,7,7,7,7,6,6,6,6,6,5,5,5,5,5,5,5,5,5,5,6,6,6,7,7,7,6,6,6,6,6,6,6,7,7,7,7,7,7,7,8,8,8,8,8,7,7,7,7,7,7,7,9,9,9,9,9,9,9,9,10,10,10,10,9,9,9,9,8,8,8,8,8,8,8,9,9,9,9,9,9,9,7,7,7,7,7,7,7,6,6,6,6,6,5,5,5,4,4,4,4,4,4,4,3,3,3,3,3,3,4,4,4,4,4,4,4,7,7,7,7,7,7,7,7,7,7,5,5,7,7,7,7,7,7,7,8,8,8,8,8,8,8,8,8,8,8,8,7,7,7,7,7,7,7,7,5,5,5,5,5,5,5,5,5,5,5,5,5,5,5,5,6,5,5,5,5,5,5,5,5,5,5,5,5,5,5,5,5,5,5,6,6,6,6,6,6,7,7,7,7,7,7,7,6,6,6,6,4,4,4,4,4,4,4,4,5,5,5,5,7,7,7,7,7,7,7,7,7,7,7,7,9,9,9,9,8,8,8,8,7,7,7,10,10,10,10,10,10,10,10,10,10,10,10,10,11,11,11,11,12,12,11,11,11,10,10,10,10,11,11,11,11,11,11,12,12,12,13,13,13,13,13,13,13,13,13,13,14,14,14,14,14,14,14,14,14,12,12,12,8,8,8,8,9,9,9,9,9,9,9,9,8,8,8,8,7,7,7,7,5,5,5,5,6,6,6,6,6,6,6,6,6,6,6,6,6,6,6,6,8,7,7,7,8,8,7,7,7,6,6,6,6,6,6,6,6,6,6,7,7,7,8,8,8,8,8,8,8,8,8,8,8,8,8,8,8,8,8,7,7,7,7,7,7,7,7,7,7,7,7,7,7,7,7,7,7,7,7,7,6,6,6,6,8,8,8,8,8,8,8,7,7,7,7,7,7,7,7,7,7,7,7,7,7,6,6,6,4,4,2,2,2,2,2,2,2,2,2,2,2,2,2,2,2,2,2,2,2,2,2,2,2,1,1,1,2,2,2,2,3,3,3,3,3,4,4,4,4,4,4,4,6,6,6,6,6,6,6,6,6,6,6,6,8,8,8,8,7,7,7,7,7,7,7,8,8,8,8,8,8,8,7,7,7,7,7,7,8,10,10,10,9,9,9,9,9,8,8,8,8,10,10,10,11,11,11,10,10,10,9,9,9,8,8,8,8,9,9,9,11,11,11,11,10,10,10,8,8,6,6,6,6,6,6,6,6,6,6,6,6,6,6,6,5,5,5,5,5,5,5,5,6,6,6,6,5,5,5,5,5,5,5,5,5,5,2,2,2,2,2,2,45,45,45,45,45,45,45,45,45,45,45,45,45,45,45,45,45,45,45,45,45,45,45,45,45,45,45,45,45,45,45,45,45,45,45,45,45,45,45,45,45,45,45,45,45,45,45,45,23,23,23,23,23,23,23,23,23,23,23,23,22,22,22,22,22,22,22,22,21,21,21,1,1,1,1,1,1,1,1,1,1,1,1,1,1,1,1,1,4,4,4,4,4,4,4,4,4,5,5,5,8,8,8,8,8,8,11,11,11,16,16,16,16,16,16,16,17,17,17,17,16,16,16,13,13,13,13,13,14,14,14,14,13,13,13,13,13,13,13,13,12,12,12,12,12,12,12,12,10,10,10,10,11,11,11,9,9,9,9,9,9,9,8,8,8,8,8,8,10,11,11,11,11,11,10,10,10,45,45,45,45,45,45,45,44,44,44,45,45,45,45,45,45,42,42,42,42,43,43,43,45,45,45,45,43,43,43,43,43,44,44,44,45,45,45,45,9,9,9,9,9,9,9,9,10,10,10,10,9,9,9,9,10,10,10,10,12,12,12,10,10,10,10,10,10,10,9,9,9,9,9,9,45,45,45,45,44,44,43,43,43,43,43,43,43,45,45,45,45,45,45,45,45,45,45,45,45,45,45,45,45,44,44,44,44,44,44,44,44,44,44,43,43,44,44,44,40,40,40,40,28,28,28,28,28,28,28,28,28,28,28,28,28,28,28,28,29,29,29,29,30,30,30,5,5,5,5,5,5,5,6,6,6,6,6,6,6,4,4,4,5,5,5,5,5,5,5,5,5,9,9,9,12,12,12,13,13,13,13,13,13,13,13,13,13,13,13,13,13,13,13,13,12,12,12,11,11,13,13,13,11,11,11,11,13,13,13,13,13,13,13,13,11,11,11,11,11,11,11,11,10,10,10,10,8,8,8,9,9,9,9,9,9,9,10,10,10,10,10,10,45,43,43,43,42,42,41,41,41,45,45,45,45,45,45,45,45,45,45,45,45,45,45,45,45,45,45,45,45,44,44,44,45,45,45,45,45,45,45,45,45,45,45,45,45,45,45,45,37,37,37,37,37,37,37,37,37,37,37,37,39,39,39,39,39,39,39,39,39,39,39,5,5,5,5,5,5,5,6,6,6,6,6,6,33,34,34,34,35,35,36,36,36,36,36,36,36,45,45,45,45,45,45,45,45,45,44,44,44,44,44,44,44,45,45,45,45,45,45,45,45,45,45,45,45,45,45,45,36,36,36,36,19,19,19,19,19,19,19,19,17,17,17,17,18,18,18,18,19,19,19,19,18,18,18,7,7,7,7,7,7,7,6,6,6,6,6,6,7,9,9,9,9,9,7,7,7,9,9,9,9,7,7,7,9,9,9,8,8,8,8,8,8,8,8,8,8,9,9,9,8,8,8,8,9,9,9,9,9,8,8,8,9,9,9,9,8,8,8,8,8,8,8,8,9,9,9,9,9,9,9,9,7,7,7,7,7,7,7,8,8,8,8,8,8,8,10,10,10,10,10,10,9,10,10,10,9,9,12,12,12,11,11,11,11,10,10,10,11,11,11,10,10,10,10,10,10,9,9,9,9,8,8,8,6,6,6,6,6,6,6,5,5,5,5,5,5,5,5,5,5,5,5,5,5,5,5,5,3,3,3,3,3,3,3,3,3,3,3,3,3,3,3,3,3,3,3,3,3,3,3,3,3,3,3,3,3,3,3,3,3,3,2,2,2,1,1,1,1,0,0,0,0,0
Shuttle2,	0,0,0,0,0,0,0,0,0,0,2,2,2,2,2,2,2,2,2,2,3,3,4,4,4,4,4,4,4,5,5,5,5,5,5,5,5,5,5,5,5,4,4,4,4,4,4,4,4,4,4,4,3,3,3,3,3,3,3,3,3,3,3,3,3,5,6,6,6,6,6,7,7,7,8,8,8,8,9,9,9,9,9,9,9,9,9,9,9,9,9,9,9,9,10,10,10,9,9,9,9,8,8,8,4,4,4,4,4,5,5,5,5,5,5,5,5,5,5,5,5,6,6,6,6,6,6,6,6,7,7,7,7,6,6,6,6,6,6,6,6,6,6,6,6,6,6,6,6,7,7,7,7,7,7,7,7,7,7,7,7,7,5,5,5,4,4,4,3,3,3,3,3,3,3,3,3,3,4,4,4,4,4,4,4,4,4,4,4,4,4,4,4,3,3,3,3,3,3,3,3,3,3,3,3,3,3,3,3,5,5,5,5,5,5,5,5,4,4,4,4,4,4,4,4,4,4,4,4,4,4,4,4,5,5,5,5,6,6,5,5,5,5,5,5,5,5,5,5,5,5,5,5,5,5,3,3,3,4,4,4,4,5,5,5,5,5,5,5,4,4,4,4,4,3,3,3,3,3,3,3,3,3,3,3,3,3,3,3,3,3,3,3,3,3,3,3,4,4,4,4,5,5,5,6,6,6,6,6,6,6,6,6,6,6,6,6,5,6,6,6,5,5,7,7,7,7,7,7,7,8,8,8,8,8,8,8,8,8,9,9,9,9,9,9,9,11,11,11,10,10,10,10,10,10,10,9,9,10,10,10,9,9,9,9,8,8,8,8,8,8,8,8,7,7,7,7,6,6,6,6,7,7,7,7,6,6,6,7,7,7,7,7,7,7,7,7,7,7,7,7,7,8,8,8,9,9,9,9,9,10,10,10,10,9,9,9,9,9,9,9,9,9,10,10,10,10,10,10,10,11,11,11,9,9,9,9,8,8,8,8,8,8,8,8,9,9,9,9,10,10,10,10,10,10,10,10,9,9,9,9,10,10,10,10,9,9,9,9,9,9,9,10,10,10,10,10,10,10,9,9,9,9,9,9,9,7,7,7,7,7,7,7,7,7,7,7,7,7,7,7,5,5,5,6,6,6,6,6,6,7,7,7,7,8,8,8,9,9,9,9,8,8,8,10,10,10,10,10,12,12,12,12,12,12,12,12,12,12,12,12,13,13,13,13,12,12,12,12,11,11,11,11,11,11,11,13,13,13,13,13,13,13,11,11,11,11,11,11,11,10,10,10,9,9,9,9,9,9,9,9,9,9,9,9,10,10,10,11,11,11,11,11,11,6,6,6,6,6,6,6,5,5,5,5,4,4,4,6,6,7,7,7,6,6,6,6,6,6,6,6,6,6,6,6,5,5,5,5,5,5,5,5,4,4,4,4,5,5,5,6,6,6,6,6,6,6,7,7,7,7,7,7,9,10,10,10,15,15,17,17,17,45,45,45,45,45,45,45,45,45,45,45,45,45,44,44,44,43,43,43,43,42,42,42,40,40,40,40,40,40,40,40,40,40,40,40,38,38,38,38,11,11,11,11,11,11,11,11,11,11,11,11,10,10,10,10,10,10,10,10,9,9,9,11,11,11,11,11,11,11,11,11,11,11,11,11,45,44,44,44,45,45,44,44,44,44,44,44,44,45,45,45,45,45,45,45,45,45,45,45,45,45,45,45,45,44,44,44,44,44,44,44,43,43,43,43,43,44,44,44,42,42,42,42,33,33,33,33,33,33,33,33,33,33,33,33,32,32,32,32,32,32,32,32,34,34,34,9,9,9,9,9,9,9,9,9,9,9,9,9,8,7,7,7,7,7,7,7,7,8,8,8,8,8,8,8,9,9,9,8,8,8,11,11,11,13,13,13,13,13,13,13,11,11,11,11,10,10,10,12,12,13,13,13,15,15,15,15,14,14,14,14,14,14,14,14,16,16,16,16,16,16,16,16,16,16,16,16,14,14,14,13,13,13,13,13,13,13,14,14,14,14,14,14,45,45,45,45,44,44,44,44,44,43,43,43,43,45,45,45,45,45,45,45,45,45,45,45,45,45,45,45,45,45,45,45,45,45,45,45,45,45,45,44,44,43,43,43,39,39,39,39,36,36,36,36,36,36,36,36,38,38,38,38,38,38,38,38,36,36,36,36,36,36,36,5,5,5,5,5,5,5,8,8,8,8,8,8,8,8,8,8,8,8,8,8,8,31,31,31,31,45,45,45,45,45,45,41,41,41,42,42,42,42,42,42,42,44,44,44,43,43,43,43,44,44,44,45,45,45,45,45,30,30,30,30,7,7,7,7,7,7,7,7,6,6,6,6,6,6,6,6,7,7,7,7,6,6,6,6,6,6,6,6,6,6,7,7,7,7,7,7,7,8,8,8,7,7,7,7,7,45,45,45,45,45,45,45,45,45,45,44,44,44,45,45,45,45,45,45,45,45,45,45,45,45,45,45,44,44,44,45,45,45,45,45,45,45,45,45,7,7,7,7,7,7,7,7,9,9,9,9,8,8,8,8,10,10,10,10,9,9,9,9,9,9,9,9,9,9,9,9,9,9,9,9,45,45,45,45,45,45,44,44,44,45,45,45,45,45,45,45,45,45,45,45,45,45,44,44,44,42,42,42,42,42,42,42,43,43,43,43,42,42,42,45,45,45,45,45,45,45,45,45,45,45,45,45,45,45,45,45,45,45,45,45,45,45,45,45,44,44,44,44,43,43,43,5,5,5,5,5,5,5,5,5,5,5,5,5,5,5,5,5,5,5,5,5,5,6,6,6,6,6,6,6,5,5,5,5,5,5,5,5,5,6,6,6,6,6,6,6,8,8,8,8,8,8,8,8,8,7,7,7,8,8,8,8,10,10,10,10,10,10,10,10,9,9,9,9,9,9,9,9,8,8,8,8,6,6,6,6,6,6,6,6,6,6,6,6,6,6,6,6,7,8,8,8,9,9,8,8,8,8,8,8,8,7,7,7,10,10,10,10,10,10,11,11,11,10,10,10,10,8,8,8,7,7,7,7,6,6,6,7,7,6,6,6,6,6,6,6,6,6,6,6,6,6,6,6,4,4,4,4,5,5,5,5,5,5,5,5,5,5,5,7,7,7,7,7,7,7,8,8,8,8,8,8,7,7,7,7,6,6,6,6,6,4,4,4,4,3,3,3,1,1,1,1,1,1,1,1,1,0,0,0,0,0,0
Shuttle3,	0,0,0,0,0,0,0,1,1,3,3,3,3,3,3,3,3,3,3,3,3,3,3,3,3,3,3,3,4,4,4,4,4,4,4,4,4,4,4,5,5,5,5,5,5,5,6,6,6,6,6,6,7,7,7,7,7,7,7,7,7,8,8,8,8,7,7,7,6,6,6,5,5,5,4,4,4,4,4,4,4,4,4,4,3,3,3,3,3,3,3,3,3,2,2,2,2,2,2,2,4,4,4,4,4,4,4,4,5,5,5,5,5,5,5,5,6,6,6,6,8,8,8,8,8,8,8,8,8,8,8,8,8,8,8,8,7,7,7,7,6,6,5,5,5,4,4,4,4,5,5,5,6,6,6,6,6,6,6,6,6,6,6,6,6,5,5,5,4,4,4,4,4,4,4,3,3,4,4,4,4,4,4,4,7,7,7,7,7,7,7,7,7,7,7,7,7,7,7,7,6,6,6,6,5,5,5,6,6,6,6,6,6,6,6,6,6,6,6,6,6,6,6,6,6,6,8,8,8,7,7,7,7,7,7,7,6,6,6,6,6,6,6,6,6,8,8,8,8,8,8,8,8,8,8,8,9,9,9,9,9,9,9,9,9,9,9,9,9,9,9,9,9,9,9,9,10,10,10,10,9,9,9,9,9,9,9,9,10,10,10,10,10,10,10,10,10,10,8,8,8,8,8,8,8,7,7,7,9,9,10,10,10,10,10,10,10,9,9,9,10,10,10,10,10,10,9,9,9,6,6,6,6,5,5,5,7,7,7,7,7,7,7,7,7,7,7,7,8,8,8,8,10,10,10,10,10,10,10,10,11,11,11,11,11,11,11,11,10,10,10,10,8,8,8,8,8,8,8,8,8,8,9,9,9,9,9,9,8,5,5,5,4,4,4,4,4,4,4,4,4,4,4,4,3,3,3,3,3,3,3,3,3,3,3,3,3,2,2,2,4,4,4,4,4,4,4,4,4,2,2,2,2,2,2,2,3,3,3,3,3,3,3,3,4,4,4,4,4,4,4,4,5,5,5,5,5,5,5,4,4,4,4,4,4,4,5,5,5,5,5,5,8,8,8,8,10,10,10,10,10,9,9,9,9,9,9,9,9,9,9,9,9,9,9,9,9,8,8,8,8,9,9,9,9,9,9,9,11,11,11,10,10,10,10,10,9,9,9,9,8,8,8,8,8,8,8,8,9,9,9,9,8,8,8,8,8,8,8,8,6,6,6,7,7,7,7,7,7,7,7,7,7,7,7,7,21,20,20,20,19,19,20,20,20,45,45,45,45,45,45,45,45,45,45,45,45,45,44,44,44,43,43,43,43,43,43,43,44,44,44,44,45,45,45,45,45,45,45,45,45,45,45,45,10,10,10,10,10,10,10,10,10,10,10,10,10,10,10,10,9,9,9,9,8,8,8,8,8,8,8,8,8,8,8,8,8,8,8,8,45,45,45,45,45,45,45,45,45,45,45,45,45,44,44,44,45,45,45,45,45,45,45,45,45,44,44,44,44,44,44,44,43,43,43,43,45,45,45,45,45,45,45,45,45,45,45,45,9,9,9,9,9,9,9,9,9,9,9,9,9,9,9,9,12,12,12,12,14,14,14,12,12,12,12,12,12,12,11,11,11,11,11,11,45,44,44,44,41,41,41,41,41,40,40,40,40,45,45,45,45,45,45,45,45,45,45,45,45,45,45,45,45,44,44,44,43,43,43,43,43,43,43,44,44,44,44,44,38,38,38,38,39,39,39,39,39,39,39,39,40,40,40,40,40,40,40,40,40,40,40,40,39,39,39,5,5,5,5,5,5,5,4,4,4,4,4,4,32,34,34,34,35,35,36,36,36,45,45,45,45,45,45,45,45,45,45,45,45,45,45,45,45,45,45,45,45,45,45,45,45,45,45,45,45,45,45,45,45,45,45,45,43,43,43,43,12,12,12,12,12,12,12,12,12,12,12,12,13,13,13,13,13,13,13,13,14,14,14,10,10,10,10,10,10,10,11,11,11,11,11,11,10,8,8,8,7,7,7,7,7,39,39,39,39,45,45,45,45,45,45,45,45,45,45,45,45,45,45,45,45,43,43,43,44,44,44,44,44,44,44,45,45,44,44,44,39,39,39,39,7,7,7,7,7,7,7,7,7,7,7,7,9,9,9,9,9,9,9,9,7,7,7,8,8,8,8,8,8,8,9,9,9,9,9,9,43,44,44,44,44,44,45,45,45,45,45,45,45,45,45,45,45,45,45,43,43,43,42,42,42,40,40,40,40,41,41,41,43,43,43,43,43,43,43,44,44,44,44,44,44,44,44,44,9,9,9,9,9,9,9,9,8,8,8,8,9,9,9,9,11,11,11,11,12,12,12,12,12,12,12,12,12,12,12,12,12,12,12,12,27,26,26,26,25,25,24,24,24,24,24,24,24,39,39,39,37,37,37,35,35,35,36,36,36,36,36,36,36,35,35,35,36,36,36,36,38,38,38,35,35,35,35,35,23,23,23,23,10,10,10,10,10,10,10,10,11,11,11,11,12,12,12,12,13,13,13,13,13,13,13,14,14,14,14,14,14,14,14,14,14,14,14,14,45,45,45,45,44,44,44,44,44,45,45,45,45,45,45,45,45,45,45,43,43,43,44,44,44,42,42,42,42,43,43,43,42,42,42,42,43,43,43,45,45,45,45,45,45,45,45,45,45,45,45,45,45,45,45,45,44,44,44,44,44,44,44,44,42,42,42,42,41,41,41,7,7,7,7,7,7,7,8,8,8,8,8,8,7,7,7,7,7,7,7,7,7,10,10,10,10,8,8,8,8,8,8,9,9,9,12,12,12,12,12,12,12,14,14,14,14,14,14,14,14,14,14,13,13,14,14,14,13,13,13,13,13,13,13,13,13,13,13,13,13,13,13,13,10,10,10,10,10,10,10,10,12,12,12,12,12,12,12,12,12,12,11,11,11,11,11,11,8,8,8,8,6,6,7,7,7,7,7,7,7,7,7,7,7,7,7,8,8,8,7,7,7,5,5,5,5,4,4,4,4,4,4,4,3,3,3,5,5,5,5,5,6,6,6,6,6,6,6,6,6,6,6,6,6,6,6,6,7,7,7,7,7,7,7,7,7,7,7,8,8,8,8,8,8,8,8,8,8,8,8,8,8,7,7,7,7,7,6,6,6,6,6,6,6,5,5,5,4,4,4,4,4,4,3,3,3,3,3,3,3,3,3,3,3,3,3,3,3,3,3,0,0,0,0,0
Shuttle4,	0,0,0,0,2,2,2,2,2,2,2,2,2,2,2,2,3,3,3,3,5,5,5,5,5,5,5,4,4,4,4,4,4,4,4,4,4,4,4,4,6,5,5,5,5,5,7,7,7,8,8,8,8,8,8,8,10,10,10,10,10,10,10,10,10,12,12,12,12,12,12,12,13,13,13,13,14,14,14,14,14,13,13,13,12,12,12,12,10,10,10,10,10,10,10,10,10,10,10,10,10,10,10,10,12,12,12,12,12,12,12,12,12,12,12,12,12,12,12,12,12,12,12,12,13,13,13,13,13,13,13,13,13,12,12,12,12,12,12,12,13,13,13,13,13,13,16,16,16,16,16,16,16,16,16,16,16,16,16,16,19,19,19,18,18,17,17,17,20,20,20,20,19,19,19,19,19,19,19,19,20,20,20,20,19,19,19,19,20,20,20,20,21,21,21,19,19,19,19,19,19,19,18,18,18,18,18,18,18,16,16,16,14,14,15,15,15,13,13,13,13,14,14,14,12,12,12,12,12,12,15,15,15,17,17,17,17,17,17,17,18,18,18,18,17,17,17,17,17,15,15,15,13,13,13,13,13,13,13,13,13,13,13,13,14,14,14,14,17,17,17,17,17,17,17,17,17,17,17,19,19,19,19,19,19,19,19,19,19,19,19,19,17,15,15,15,15,15,16,16,16,17,17,17,17,20,20,20,19,19,19,20,20,20,21,21,21,22,22,22,22,22,22,22,21,21,21,21,22,22,22,22,22,20,20,20,24,24,24,24,20,20,20,20,20,20,20,20,19,19,19,19,19,19,19,19,21,21,21,21,22,22,22,22,22,22,22,22,22,22,23,23,23,23,23,23,21,20,20,20,20,20,21,21,21,19,19,19,19,17,17,17,19,19,19,21,21,21,21,21,21,20,20,20,20,20,20,20,21,21,21,21,18,18,18,19,19,21,21,21,19,19,19,19,17,17,17,17,17,17,17,17,18,18,18,18,20,20,20,20,19,19,19,19,18,18,18,17,17,17,17,17,17,17,17,17,17,17,17,17,15,18,18,18,19,19,19,19,19,22,22,22,22,22,22,22,20,20,20,17,17,17,16,16,16,16,16,16,16,17,17,17,17,17,17,17,19,19,19,20,20,20,20,20,21,21,21,21,19,19,19,19,19,19,19,19,16,16,16,16,15,15,15,15,16,16,16,16,16,16,16,16,16,16,16,16,16,16,15,15,15,15,15,15,45,45,45,45,45,45,44,44,44,45,45,45,45,45,45,45,45,45,45,45,45,45,44,44,44,44,44,44,44,44,44,44,45,45,45,45,45,45,45,45,45,45,45,45,43,43,43,43,38,38,38,38,38,38,38,38,38,38,38,38,38,38,38,38,39,39,39,39,43,43,43,15,15,15,15,15,15,15,16,16,16,16,16,16,45,45,45,45,45,45,44,44,44,43,43,43,43,44,44,44,45,45,45,45,45,45,44,44,44,42,42,42,42,41,41,41,39,39,39,39,41,41,41,40,40,40,40,40,43,43,43,43,42,42,42,42,42,42,42,42,43,43,43,43,43,43,43,43,45,45,45,45,45,45,45,17,17,17,17,17,17,17,16,16,16,16,16,16,18,20,20,20,22,22,23,23,23,45,45,45,45,45,45,45,45,45,45,45,45,45,45,45,45,43,43,43,43,44,44,44,44,44,44,44,45,45,45,44,44,42,42,42,41,41,41,41,22,22,22,22,22,22,22,22,25,25,25,25,23,23,23,23,25,25,25,25,24,24,24,22,22,22,22,22,22,22,23,23,23,23,23,23,45,43,43,43,42,42,42,42,42,45,45,45,45,45,45,45,45,45,45,41,41,41,44,44,44,45,45,45,45,44,44,44,43,43,43,43,45,45,45,45,45,45,45,45,42,42,42,42,36,36,36,36,36,36,36,36,37,37,37,37,38,38,38,38,39,39,39,39,38,38,38,18,18,18,18,18,18,18,19,19,19,19,19,19,42,42,42,42,39,39,38,38,38,37,37,37,37,45,45,45,43,43,43,45,45,45,45,45,45,45,45,45,45,45,45,45,45,45,45,45,44,44,44,43,43,44,44,44,34,34,34,34,10,10,10,10,10,10,10,10,10,10,10,10,10,10,10,10,10,10,10,10,11,11,11,16,16,16,16,16,16,16,15,15,15,15,15,15,45,44,44,44,45,45,45,45,45,45,45,45,45,45,45,45,45,45,45,45,45,45,45,45,45,43,43,43,43,45,45,45,45,45,45,45,45,45,45,45,45,44,44,44,43,43,43,43,44,44,44,44,44,44,44,44,45,45,45,45,45,45,45,45,45,45,45,45,45,45,45,16,16,16,16,16,16,16,14,14,14,14,14,14,45,43,43,43,44,44,42,42,42,42,42,42,42,45,45,45,45,45,45,45,45,45,45,45,45,44,44,44,44,45,45,45,45,45,45,45,45,45,45,45,45,45,45,45,42,42,42,42,43,43,43,43,43,43,43,43,44,44,44,44,45,45,45,45,45,45,45,45,43,43,43,10,10,10,10,10,10,10,11,11,11,11,11,11,13,15,15,15,18,18,19,19,19,45,45,45,45,45,45,45,45,45,45,45,45,45,45,45,45,43,43,43,43,43,43,43,44,44,44,44,45,45,45,45,45,45,45,45,41,41,41,41,19,19,19,19,19,19,19,19,19,19,19,19,20,20,20,20,19,19,19,19,18,18,18,21,21,21,21,21,21,21,18,18,18,18,18,18,17,18,18,18,18,18,18,18,18,20,20,20,20,19,19,19,19,19,19,20,20,20,20,20,20,20,20,20,20,20,20,20,20,20,20,20,21,21,21,21,21,20,20,20,21,21,21,21,23,23,23,23,23,23,23,23,22,22,22,22,23,23,23,23,22,22,22,22,21,21,21,22,22,22,22,22,22,22,22,22,22,22,22,22,22,23,23,23,24,24,22,22,22,19,19,19,19,16,16,16,19,19,19,18,18,18,20,20,20,21,21,21,21,21,21,21,20,20,20,20,20,20,20,17,17,14,14,14,13,13,13,13,16,16,16,16,16,16,16,16,15,15,15,15,15,15,15,15,16,16,16,16,16,16,16,16,16,16,16,16,16,16,18,18,18,18,18,18,18,20,20,20,23,23,22,22,22,22,22,22,22,18,18,18,19,19,19,16,16,16,14,14,14,12,12,12,12,9,9,9,3,3,3,3,2,2,2,2,2,1,1,1,0,0,0,0,0,0,0,0,0,0,0,0
Shuttle5,	0,0,0,0,0,0,0,0,0,0,0,0,0,0,0,0,0,0,0,0,0,0,0,0,0,0,0,0,0,0,0,0,0,0,0,0,0,0,0,0,0,0,0,0,0,0,0,0,0,0,0,0,0,0,0,0,0,0,0,0,0,0,0,0,0,0,0,0,0,0,0,0,0,0,0,0,0,0,0,0,0,0,0,1,1,1,1,2,2,2,2,2,2,2,0,0,0,0,0,0,0,0,0,0,0,0,0,0,0,0,0,0,0,0,0,0,0,0,0,0,0,0,0,0,0,0,0,0,0,0,0,0,0,0,0,0,0,0,0,0,0,0,0,0,0,0,0,0,0,0,0,0,0,0,0,0,0,0,0,0,0,0,0,0,0,0,0,0,0,0,0,0,0,0,0,0,0,0,0,0,0,0,0,0,0,0,0,0,0,0,0,0,0,0,0,0,0,0,0,0,0,0,0,0,0,0,0,0,0,0,0,0,0,0,0,0,0,0,0,0,0,0,0,0,0,0,0,0,0,0,0,0,0,0,0,0,0,0,0,0,0,0,0,0,0,0,0,0,0,0,0,0,0,0,0,0,0,0,0,0,0,0,0,0,0,0,0,0,0,0,0,0,0,0,0,0,0,0,0,0,0,0,0,0,0,0,0,0,1,1,1,1,1,1,1,1,1,1,1,1,1,1,1,1,1,1,1,1,1,1,0,0,0,0,0,0,0,0,0,0,0,0,0,0,0,0,0,0,0,0,0,0,0,0,0,1,1,1,1,1,1,1,1,1,1,1,1,1,1,1,1,1,1,1,1,1,1,1,1,1,0,0,0,0,0,0,0,0,0,0,0,0,0,0,0,0,0,0,0,0,0,0,0,0,0,0,0,0,0,0,0,0,0,0,0,0,0,0,0,0,0,0,0,0,0,0,0,0,0,0,0,2,2,2,2,2,2,2,1,1,1,1,1,1,1,1,1,1,1,1,1,1,0,0,0,0,0,0,0,0,0,0,0,0,0,0,0,0,0,0,0,0,0,0,0,0,0,0,0,0,0,0,0,0,0,0,0,0,0,0,0,0,0,0,0,0,0,0,0,0,0,0,0,0,0,0,0,0,0,0,2,2,2,2,2,2,2,2,2,2,2,2,2,2,0,0,0,0,0,0,0,0,0,0,0,0,0,0,0,0,0,0,0,0,0,0,0,0,0,0,0,0,0,0,0,0,0,0,0,0,45,45,45,45,45,45,45,45,45,45,45,0,0,0,0,1,1,1,1,1,1,1,0,0,0,0,0,0,0,0,0,0,0,0,0,0,25,25,25,25,25,25,25,25,25,25,25,1,1,1,1,1,1,1,1,1,1,1,0,0,0,0,0,0,0,0,0,0,0,0,0,0,45,45,45,45,45,45,45,45,45,45,45,0,0,0,0,0,0,0,0,0,0,0,0,0,0,0,0,0,0,0,0,0,0,0,0,0,0,0,0,0,0,0,0,0,0,0,0,0,0,0,0,0,0,0,0,0,0,0,0,0,0,0,0,0,0,0,0,0,0,0,0,0,45,45,45,45,45,45,45,45,45,45,45,1,1,1,1,1,1,1,1,1,1,1,1,1,1,1,1,1,1,1,1,1,1,1,1,1,45,45,45,45,45,45,45,45,45,45,45,1,1,1,1,1,1,1,1,1,1,1,0,0,0,0,0,0,0,0,0,0,0,0,0,0,45,45,45,45,45,45,45,45,45,45,45,0,0,0,0,0,0,0,0,0,0,0,0,0,0,0,0,0,0,0,0,0,0,0,0,0,45,45,45,45,45,45,45,45,45,45,45,0,0,0,0,0,0,0,0,0,0,0,0,0,0,0,0,0,0,0,0,0,0,0,0,0,27,27,27,27,27,27,27,27,27,27,27,0,0,0,0,0,0,0,0,0,0,0,0,0,0,0,0,0,0,0,0,0,0,0,0,0,45,45,45,45,45,45,45,45,45,45,45,0,0,0,0,1,1,1,1,1,1,1,0,0,0,0,0,0,0,0,0,0,0,0,0,0,45,45,45,45,45,45,45,45,45,45,45,2,2,2,2,2,2,2,2,2,2,2,1,1,1,1,1,1,1,1,1,1,1,1,1,1,33,33,33,33,33,33,33,33,33,33,33,0,0,0,0,1,1,1,1,1,1,1,1,1,1,1,1,1,1,1,1,1,1,1,1,1,45,45,45,45,45,45,45,45,45,45,45,0,0,0,0,0,0,0,0,0,0,0,0,0,0,0,0,0,0,0,0,0,0,0,0,0,2,2,2,2,2,2,2,2,2,2,2,1,1,1,1,1,1,1,1,1,1,1,0,0,0,0,0,0,0,0,0,0,0,0,0,0,45,45,45,45,45,45,45,45,45,45,45,1,1,1,1,2,2,2,2,2,2,2,1,1,1,1,1,1,1,1,1,1,1,1,1,1,45,45,45,45,45,45,45,45,45,45,45,0,0,0,0,0,0,0,0,0,0,0,0,0,0,0,0,0,0,0,0,0,0,0,0,0,23,23,23,23,23,23,23,23,23,23,23,1,1,1,1,1,1,1,1,1,1,1,1,1,1,1,1,1,1,1,1,1,1,1,1,1,45,45,45,45,45,45,45,45,45,45,45,0,0,0,0,0,0,0,0,0,0,0,0,0,0,0,0,0,0,0,0,0,0,0,0,0,6,6,6,6,6,6,6,6,6,6,6,1,1,1,1,2,2,2,2,2,2,2,1,1,1,1,1,1,1,1,1,1,1,1,1,1,0,0,0,0,0,0,0,0,0,0,0,0,0,0,0,0,0,0,0,0,0,0,0,0,0,0,0,0,0,0,0,0,0,0,0,0,0,0,0,0,0,0,0,0,0,0,0,0,0,0,0,0,0,0,0,0,0,0,0,0,0,0,0,0,0,0,0,0,0,0,0,0,0,0,0,0,0,0,0,0,0,0,0,0,0,0,0,0,0,0,0,0,0,0,0,0,0,0,0,0,0,0,0,0,0,0,0,0,0,0,0,0,0,0,0,0,0,0,0,0,0,0,0,0,0,0,0,0,0,0,0,0,0,0,0,0,0,0,0,0,0,0,0,0,0,0,0,0,0,0,0,0,0,0,0,0,0,0,0,1,1,1,1,1,1,1,0,0,0,0,0,0,0,0,0,0,0,0,0,0,0,0,0,0,0,0,0,0,0,0,0,0,0,0,0,0,0,0,0,0,0,0,0,0,0,0,0,0,0,0,0,0,0,0,0,0
Shuttle6,	0,0,0,0,0,0,0,0,0,0,0,0,0,0,0,0,0,0,0,0,0,0,0,0,0,0,0,0,0,0,0,0,0,0,0,0,0,0,0,0,0,0,0,0,0,0,0,0,0,0,0,0,0,0,0,0,0,0,0,0,0,0,0,0,0,0,0,0,0,0,0,0,0,0,0,0,0,0,0,0,0,0,0,0,0,0,0,0,0,0,0,0,0,0,0,0,0,0,0,0,0,0,0,2,2,2,2,2,2,2,2,2,2,2,2,2,1,0,0,0,0,0,0,0,0,0,0,0,0,0,0,0,0,0,0,0,0,0,0,0,0,0,1,1,1,1,1,1,1,1,1,1,1,1,1,1,0,0,0,0,0,0,0,0,0,0,0,0,0,0,0,0,0,0,0,0,0,0,0,0,0,0,0,0,0,0,0,0,0,0,0,0,0,0,0,0,0,0,0,0,0,0,0,0,0,0,0,0,0,0,0,0,0,0,0,0,0,0,0,0,1,1,1,1,1,1,1,1,1,1,1,1,1,0,0,0,0,0,0,0,0,0,0,0,0,0,0,0,0,0,0,0,0,0,0,0,0,0,0,0,0,0,0,0,0,0,0,0,0,0,0,0,0,0,0,0,0,0,0,0,0,0,0,0,0,0,0,0,0,0,0,0,0,0,0,0,0,0,0,0,0,0,0,0,0,0,0,0,0,0,0,0,0,0,0,0,0,0,0,0,0,0,0,0,0,0,0,0,0,0,0,0,0,0,0,0,0,0,0,0,0,0,0,0,0,0,0,0,0,0,0,0,0,0,0,0,0,0,0,0,0,1,1,1,1,1,1,1,1,1,1,1,1,1,1,1,0,0,0,0,0,0,0,0,0,0,0,0,0,0,0,0,0,0,0,0,0,0,0,0,0,0,0,0,0,0,0,0,0,0,0,0,0,0,0,1,1,1,1,1,1,1,1,1,1,1,1,1,1,1,1,1,1,1,1,1,1,1,1,0,0,0,0,0,0,0,0,0,0,0,0,0,0,0,0,0,0,0,0,0,0,0,0,0,0,0,0,0,0,0,0,0,0,0,0,0,0,0,0,0,0,0,0,0,0,0,0,0,0,0,0,0,0,0,0,0,0,0,0,0,0,0,0,0,0,0,0,0,0,0,0,0,0,0,0,0,0,0,0,0,0,0,0,0,0,0,0,0,0,0,0,0,0,0,0,0,0,0,0,0,0,0,0,0,0,0,45,45,45,45,45,45,45,45,45,45,2,2,2,2,2,2,2,2,2,2,2,2,2,2,2,0,0,0,0,0,0,0,0,0,0,0,0,0,0,0,0,0,0,0,0,0,0,0,0,0,0,0,0,0,0,0,0,0,0,0,0,0,0,0,0,0,0,0,0,0,0,0,0,0,0,0,0,0,45,45,45,45,45,45,45,45,45,45,0,0,0,0,0,0,0,0,0,0,0,0,0,0,0,0,0,0,0,0,0,0,0,0,0,0,0,0,0,45,45,45,45,45,45,45,45,45,45,0,0,0,0,0,0,0,0,0,0,0,0,0,0,0,0,0,0,0,0,0,0,0,0,0,0,0,0,0,0,0,0,0,0,0,0,0,0,0,0,0,0,0,0,0,0,0,0,0,0,0,0,0,0,0,0,0,0,0,0,0,0,0,0,0,0,0,0,13,13,13,13,13,13,13,13,13,13,13,13,13,13,13,13,13,13,13,13,13,13,13,13,13,0,0,0,0,0,0,0,0,0,0,0,0,0,0,45,45,45,45,45,45,45,45,45,45,0,0,0,0,0,0,0,0,0,0,0,0,0,0,0,0,0,0,0,0,0,0,0,0,0,0,0,0,0,0,0,0,0,0,0,0,0,0,0,0,0,0,0,0,0,0,0,0,0,0,0,0,0,0,0,0,0,0,0,0,0,0,0,0,0,0,0,0,45,45,45,45,45,45,45,45,45,45,11,11,11,11,11,11,11,11,11,11,11,11,11,11,11,0,0,0,0,0,0,0,0,0,0,0,0,0,0,0,0,0,0,0,0,0,0,0,0,0,0,0,0,0,0,0,0,0,0,0,0,0,0,0,0,0,0,0,0,0,0,0,0,0,0,0,0,0,0,0,0,0,0,0,0,0,0,0,0,0,0,0,0,0,0,0,0,0,0,0,0,0,0,0,0,0,0,0,0,0,0,0,0,0,0,0,0,45,45,45,45,45,45,45,45,45,45,8,8,8,8,8,8,8,8,8,8,8,8,8,8,8,0,0,0,0,0,0,0,0,0,0,0,0,0,0,0,0,0,0,0,0,0,0,0,0,0,0,0,0,0,0,0,0,0,0,0,0,0,0,0,0,0,0,0,0,0,0,0,0,0,0,0,0,0,45,45,45,45,45,45,45,45,45,45,3,3,3,3,3,3,3,3,3,3,3,3,3,3,3,0,0,0,0,0,0,0,0,0,0,0,0,0,0,45,45,45,45,45,45,45,45,45,45,15,15,15,15,15,15,15,15,15,15,15,15,15,15,15,0,0,0,0,0,0,0,0,0,0,0,0,0,1,0,0,0,0,0,0,0,0,0,0,0,0,0,0,0,0,0,0,0,0,0,0,0,0,0,0,0,0,0,0,0,0,0,0,0,0,0,0,0,0,0,0,0,0,0,0,0,0,0,0,0,0,0,0,0,0,0,0,0,0,0,0,0,0,0,0,0,0,0,0,0,0,0,0,0,0,0,0,0,0,0,0,0,0,0,0,0,0,0,0,0,0,0,0,0,0,0,0,0,0,0,0,0,0,0,0,0,0,0,0,0,0,0,0,0,0,0,0,0,0,0,0,0,0,0,0,0,0,0,0,0,0,0,0,0,0,0,0,0,0,0,0,0,0,0,0,0,0,0,0,0,0,0,0,0,1,1,1,1,1,1,1,1,1,1,1,0,0,0,0,0,0,0,0,0,0,0,0,0,0,0,0,0,0,0,0,0,0,0,0,0,0,0,0,0,0,0,0,0,0,0,0,0,0,0,0,0,0,0,0,0,0,0,0,0,0,0,0,0,0,0,0,0,0,0,0,0,0,0,0,0,0,0,0,0,0,0,0,0,0,0,0,0,0,0,0,0,0,0,0,0,0,0,0,0,0,0,0,0,0,0,0,0,0,0,0,0,0,0,0,0,0,1,1,1,1,1,1,1,1,1,1,1,2,2,2,2,2,2,2,2,2,2,2,2,2,2,2,0,0,0,0,0,0,0,0,0,0,0
Shuttle7,	0,0,0,0,0,0,0,0,0,0,0,0,0,0,0,0,0,0,0,0,0,0,0,0,1,1,1,1,1,1,1,1,1,0,0,0,0,0,0,0,0,0,0,0,0,0,0,0,0,0,0,0,0,0,0,0,0,0,0,0,0,0,0,0,0,0,0,0,0,0,0,0,0,0,0,0,0,0,0,0,0,0,0,0,0,0,0,0,0,0,0,0,0,0,0,0,0,0,0,0,0,0,0,0,0,0,0,0,0,0,0,0,0,0,0,0,0,0,0,0,0,0,0,0,0,0,0,0,0,0,0,0,0,0,0,0,0,0,0,0,0,0,0,0,0,0,0,0,0,0,0,0,0,0,0,0,0,0,0,0,0,0,0,0,0,0,0,0,0,0,0,0,0,0,0,0,0,0,0,0,0,0,0,0,0,0,0,0,0,0,0,0,0,0,0,0,0,0,0,0,0,0,0,0,0,0,0,0,1,1,1,1,1,1,1,1,1,1,1,1,1,1,1,1,1,1,1,1,1,1,0,0,0,0,0,0,0,0,0,0,0,0,0,0,0,0,0,0,0,0,0,0,0,0,0,0,0,0,0,0,0,0,0,0,0,0,0,0,0,0,0,0,0,0,0,0,0,0,0,0,0,0,0,0,0,0,0,0,0,0,0,0,0,0,0,0,0,0,0,0,0,0,0,0,0,0,0,0,0,0,0,0,0,0,0,0,0,0,0,0,0,0,0,0,0,0,0,0,0,0,0,0,0,0,0,0,1,1,1,1,1,1,1,1,1,1,0,0,0,0,0,0,0,0,0,0,0,0,0,0,0,0,0,0,0,0,0,0,0,0,0,0,0,0,0,0,0,0,0,0,0,0,0,0,0,0,0,0,0,0,0,0,0,0,0,0,0,0,0,0,0,0,0,0,0,0,0,0,0,0,0,0,0,0,0,0,0,0,0,0,0,0,0,0,0,0,0,0,0,0,0,0,0,0,0,0,0,0,0,0,0,0,0,0,0,0,0,0,0,0,0,0,0,0,0,0,0,0,0,0,0,0,0,0,0,0,0,0,0,0,0,0,0,0,0,0,0,0,0,0,0,0,0,0,0,0,0,0,0,0,0,0,0,0,0,0,0,0,0,0,0,0,0,0,0,0,0,0,0,0,0,0,0,0,0,0,0,0,0,0,0,0,0,0,0,0,0,0,0,0,0,0,0,0,0,0,0,0,0,0,0,0,0,0,0,0,0,0,0,0,0,0,45,45,45,45,45,45,45,45,45,45,45,45,45,45,0,0,0,0,0,0,0,0,0,0,0,0,0,0,0,0,0,0,0,0,0,0,0,0,0,0,0,0,0,0,0,0,0,0,0,0,0,0,0,0,0,0,0,0,0,0,0,0,0,0,0,0,0,0,0,0,0,0,0,0,0,0,0,0,0,0,0,0,0,0,0,0,0,0,0,0,0,0,30,30,30,30,30,30,30,30,30,30,30,30,30,30,0,0,0,0,0,0,0,0,0,0,0,0,0,0,0,0,0,0,0,1,1,1,1,1,1,1,1,1,1,1,1,1,11,11,11,11,11,11,11,11,11,11,11,11,11,11,0,0,0,0,0,0,0,0,0,0,0,0,0,0,0,0,0,0,0,0,0,0,0,0,0,0,0,0,0,0,0,0,45,45,45,45,45,45,45,45,45,45,45,45,45,45,0,0,0,0,0,0,0,0,0,0,0,0,0,0,0,0,0,0,0,0,0,0,0,0,0,0,0,0,0,0,0,0,45,45,45,45,45,45,45,45,45,45,45,45,45,45,1,1,1,1,1,1,1,1,1,1,1,1,1,1,1,1,1,1,1,0,0,0,0,0,0,0,0,0,0,0,0,0,0,0,0,0,0,0,0,0,0,0,0,0,0,0,0,0,0,0,0,0,0,0,0,0,0,0,0,0,0,0,0,0,0,0,0,0,0,0,0,0,0,0,0,0,0,0,45,45,45,45,45,45,45,45,45,45,45,45,45,45,0,0,0,0,0,0,0,0,0,0,0,0,0,0,0,0,0,0,0,0,0,0,0,0,0,0,0,0,0,0,0,0,45,45,45,45,45,45,45,45,45,45,45,45,45,45,0,0,0,0,0,0,0,0,0,0,0,0,0,0,0,0,0,0,0,0,0,0,0,0,0,0,0,0,0,0,0,0,45,45,45,45,45,45,45,45,45,45,45,45,45,45,0,0,0,0,0,0,0,0,0,0,0,0,0,0,0,0,0,0,0,0,0,0,0,0,0,0,0,0,0,0,0,0,0,0,0,0,0,0,0,0,0,0,0,0,0,0,0,0,0,0,0,0,0,0,0,0,0,0,0,0,0,0,0,0,0,0,0,0,0,0,0,0,0,0,0,0,0,0,45,45,45,45,45,45,45,45,45,45,45,45,45,45,0,0,0,0,0,0,0,0,0,0,0,0,0,0,0,0,0,0,0,0,0,0,0,0,0,0,0,0,0,0,0,0,4,4,4,4,4,4,4,4,4,4,4,4,4,4,0,0,0,0,0,0,0,0,0,0,1,1,1,1,1,1,1,1,1,1,1,1,1,1,1,1,1,1,1,1,1,1,45,45,45,45,45,45,45,45,45,45,45,45,45,45,0,0,0,0,0,0,0,0,0,0,0,0,0,0,0,0,0,0,0,0,0,0,0,0,0,0,0,0,0,0,0,0,0,0,0,0,0,0,0,0,0,0,0,0,0,0,0,0,0,0,0,0,0,0,0,0,0,0,0,0,0,0,0,0,0,0,0,0,0,0,0,0,0,0,0,0,0,0,0,0,0,0,0,0,0,0,0,0,0,0,0,0,0,0,0,0,0,0,0,0,0,0,0,0,0,0,0,0,0,0,0,0,0,0,0,0,0,0,0,0,0,0,0,0,0,0,0,0,0,0,0,0,0,0,0,0,0,0,0,0,0,0,0,0,0,0,0,0,0,0,0,0,0,0,0,0,0,0,0,0,0,0,0,0,0,0,0,0,0,0,0,0,0,0,0,0,0,0,0,0,0,0,0,0,0,0,0,0,0,0,0,0,0,0,0,0,0,0,0,0,0,0,0,0,0,0,0,0,0,0,0,0,0,0,0,0,0,0,0,0,0,0,0,0,0,0,0,0,0,0,0,0,0,0,0,0,0,0,0,0,1,1,1,1,1,1,1,1,1,1,1,1,1,1,1,1,1,1,1,1,1,1,0,0,0,0,0,0,0,0,0,0,0,0,0,0
Shuttle8,	0,0,0,0,0,0,0,0,0,0,0,0,0,0,0,0,0,0,0,0,0,0,0,0,0,0,0,0,0,0,0,0,0,0,0,0,0,0,0,0,0,0,0,0,0,0,0,0,0,0,0,0,0,0,0,0,0,0,0,0,0,0,0,0,0,0,0,0,0,0,0,0,1,1,1,1,1,1,1,1,1,1,1,1,1,1,1,1,1,1,1,1,1,1,1,1,1,1,1,1,0,0,0,0,0,0,0,0,0,0,0,1,1,1,1,1,1,1,1,1,1,1,0,0,0,0,0,0,0,0,0,0,0,0,0,0,0,0,0,0,0,0,0,0,0,0,0,0,0,0,0,0,0,0,0,0,0,0,0,0,0,0,0,0,0,0,0,0,0,0,0,0,0,0,0,0,0,0,0,0,0,0,0,0,0,0,0,0,0,0,0,0,0,0,0,0,0,0,0,0,0,0,0,0,0,0,0,0,0,0,0,0,0,0,0,0,0,0,0,0,0,0,0,0,0,0,0,0,0,0,0,0,0,0,0,0,0,0,0,0,0,0,0,0,0,0,0,0,0,0,0,0,0,0,0,0,0,0,0,0,0,0,0,0,0,0,0,0,0,0,0,0,0,0,0,0,0,0,0,0,0,0,0,0,0,0,0,0,0,0,0,0,0,0,0,0,0,0,0,0,1,1,1,1,1,1,1,1,1,1,1,0,0,0,0,0,0,0,0,0,0,0,0,0,0,0,0,0,0,0,0,0,0,0,0,0,0,0,0,0,0,0,0,0,0,0,0,0,0,0,0,0,0,0,0,0,0,0,0,0,0,0,0,0,0,0,0,0,0,0,0,0,0,0,0,0,0,0,0,0,0,0,0,0,0,0,0,0,0,0,0,0,0,0,0,0,0,0,0,0,0,0,0,0,0,0,0,0,0,0,0,0,0,0,0,0,0,0,0,0,0,0,0,0,0,0,0,0,0,0,0,0,0,0,0,0,0,0,0,0,0,0,0,0,0,0,0,0,0,0,0,0,0,0,0,0,0,0,0,0,0,0,0,0,0,0,0,0,0,0,0,0,0,0,0,0,0,0,0,0,0,0,0,0,0,0,0,0,0,0,0,0,0,0,0,0,0,0,0,0,0,0,0,0,0,0,0,0,0,0,0,0,0,0,0,0,0,0,0,0,0,0,0,0,0,0,0,0,0,0,0,0,0,0,0,0,0,0,0,0,0,0,0,0,0,0,0,0,0,0,45,45,45,45,45,45,45,45,45,45,45,1,1,1,1,1,1,1,1,1,1,1,2,2,2,2,2,2,2,2,2,2,2,2,2,2,0,0,0,0,0,0,0,0,0,0,0,0,0,0,45,45,45,45,45,45,45,45,45,45,45,1,1,1,1,1,1,1,1,1,1,1,0,0,0,0,0,0,0,0,0,0,0,0,0,0,0,0,0,0,0,0,0,0,0,0,0,0,0,0,0,0,0,0,0,0,0,0,0,0,0,0,0,0,0,0,0,0,0,0,0,0,44,44,44,44,44,44,44,44,44,44,44,44,44,44,44,44,44,44,44,44,44,44,44,44,44,44,44,44,45,45,45,45,45,45,45,45,45,45,45,1,1,1,1,1,1,1,1,1,1,1,45,45,45,45,45,45,45,45,45,45,45,45,45,45,44,44,44,44,44,44,44,44,44,44,44,44,44,44,44,44,44,44,44,44,44,44,44,44,44,0,0,0,0,0,0,0,0,0,0,0,0,0,0,0,0,0,0,0,0,0,0,0,0,0,0,0,0,0,0,0,0,0,0,0,0,0,0,0,45,45,45,45,45,45,45,45,45,45,45,0,0,0,0,0,0,0,0,0,0,0,6,6,6,6,6,6,6,6,6,6,6,6,6,6,6,6,6,6,6,6,6,6,6,6,6,6,6,6,18,18,18,18,18,18,18,18,18,18,18,0,0,0,0,0,0,0,0,0,0,0,0,0,0,0,0,0,0,0,0,0,0,0,0,0,0,0,0,0,0,0,0,0,0,0,0,0,0,0,45,45,45,45,45,45,45,45,45,45,45,0,0,0,0,0,0,0,0,0,0,0,0,0,0,0,0,0,0,0,0,0,0,0,0,0,1,1,1,1,1,1,1,1,1,1,1,1,1,1,0,0,0,0,0,0,0,0,0,0,0,0,0,0,0,0,0,0,0,0,0,0,45,45,45,45,45,45,45,45,45,45,45,45,45,45,45,45,45,45,45,45,45,45,45,45,45,45,45,45,45,45,45,45,45,45,45,45,45,45,45,0,0,0,0,0,0,0,0,0,0,0,45,45,45,45,45,45,45,45,45,45,45,45,45,45,45,45,45,45,45,45,45,45,45,45,45,45,45,45,45,45,45,45,45,45,45,45,45,45,45,0,0,0,0,0,0,0,0,0,0,0,0,0,0,0,0,0,0,0,0,0,0,0,0,0,0,0,0,0,0,0,0,0,0,0,0,0,0,0,32,32,32,32,32,32,32,32,32,32,32,0,0,0,0,0,0,0,0,0,0,0,0,0,0,0,0,0,0,0,0,0,0,0,0,0,1,1,1,1,1,1,1,1,1,1,1,1,1,1,39,39,39,39,39,39,39,39,39,39,39,0,0,0,0,0,0,0,0,0,0,0,0,0,0,0,0,0,0,0,0,0,0,0,0,0,0,0,0,0,0,0,0,0,0,0,0,0,0,0,0,0,0,0,0,0,0,0,0,0,0,0,0,0,0,0,0,0,0,0,0,0,1,1,1,1,1,1,1,1,1,1,1,1,1,1,0,0,0,0,0,0,0,0,0,0,0,0,0,0,0,0,0,0,0,0,0,0,0,0,0,0,0,0,0,0,0,0,0,0,0,0,0,0,0,0,0,0,0,0,0,0,0,0,0,0,0,0,0,0,0,0,0,0,0,0,0,0,0,0,1,1,1,1,1,1,1,1,1,1,1,0,0,0,0,0,0,0,0,0,0,0,0,0,0,0,0,0,0,0,0,0,0,0,0,0,0,0,0,0,0,0,0,0,0,0,0,0,0,0,0,0,0,0,0,0,0,0,0,0,0,0,0,0,0,0,0,0,0,0,0,0,0,0,0,0,0,0,0,0,0,0,0,0,0,0,0,0,0,0,0,0,0,0,0,0,0,0,0,0,0,0,0,0,0,0,0,0,0,0,0,0,0,0,0,0,0,0,0,0,0,0,0,0,0,0,0,0,0,0,0,0,0,0,0,0,0,0,0,0
Shuttle9,	0,0,0,0,0,0,0,0,0,0,0,0,0,0,0,0,0,0,0,0,0,0,0,0,0,0,0,0,0,0,0,0,0,0,0,0,0,0,0,0,0,0,0,0,0,0,0,0,0,0,0,0,0,0,0,0,0,0,0,0,0,0,0,0,0,0,0,0,0,0,0,0,0,0,0,0,0,0,0,0,0,0,0,0,0,0,0,0,0,0,0,0,0,0,0,0,0,0,0,0,0,0,0,0,0,0,0,0,0,0,0,0,0,0,0,0,0,0,0,0,0,0,0,0,0,0,0,0,0,0,0,0,0,0,0,0,0,0,0,0,0,0,0,0,0,0,0,0,0,0,0,0,0,0,0,1,1,1,1,1,1,1,1,1,1,1,1,1,1,1,1,1,1,1,1,1,1,1,1,1,1,1,1,1,1,1,1,1,1,1,1,1,0,0,0,0,0,0,0,0,0,0,0,0,0,0,0,0,0,0,0,0,0,0,0,0,0,0,0,0,0,0,0,0,0,0,0,0,0,0,0,0,0,0,0,0,0,0,0,0,0,0,0,0,0,0,0,0,0,0,0,0,0,0,0,0,0,0,0,0,0,0,0,0,0,0,0,0,0,0,0,0,0,0,0,0,0,0,0,0,0,0,0,0,0,0,0,0,0,0,0,0,0,0,0,0,0,0,0,0,0,0,0,0,0,0,0,0,0,0,0,0,1,1,1,1,1,1,1,1,1,1,1,1,1,0,0,0,0,0,0,0,0,0,0,0,0,0,0,0,0,0,0,0,0,0,0,0,0,0,0,0,0,0,0,0,0,0,0,0,0,0,0,0,0,0,0,0,0,0,0,0,0,0,0,0,0,0,0,0,0,0,0,0,0,0,0,0,0,0,0,0,0,0,0,0,0,0,0,0,0,0,0,0,0,0,0,0,0,0,0,0,0,0,0,0,0,0,0,0,0,0,0,0,0,0,0,0,0,0,0,0,0,0,0,0,0,0,0,0,0,0,0,1,1,1,1,1,1,1,1,1,1,1,1,1,2,2,2,2,2,2,2,2,2,2,2,2,2,1,1,1,1,1,1,1,1,1,1,1,0,0,0,0,0,0,0,0,0,0,0,0,0,0,0,0,0,0,0,0,0,0,0,0,0,0,0,0,0,0,0,0,0,0,0,0,0,0,0,0,0,0,0,0,0,0,0,0,0,0,0,0,0,0,0,0,0,0,0,0,0,0,0,0,0,0,0,0,0,0,0,0,0,0,0,0,0,0,0,0,0,0,0,0,0,0,0,0,0,0,0,0,0,0,0,0,1,1,1,1,1,1,1,1,1,1,1,1,1,1,1,1,1,1,1,1,1,1,1,1,0,0,0,0,0,0,0,0,0,0,0,0,0,0,0,0,0,0,0,0,0,0,0,0,0,0,0,0,0,0,0,0,0,0,0,0,0,0,0,0,0,0,0,0,0,0,0,0,0,0,0,0,0,0,0,0,0,0,0,0,0,0,0,0,0,0,0,0,0,0,0,0,0,0,0,0,0,0,0,0,0,0,0,0,0,0,0,0,0,0,0,0,0,0,0,0,0,0,0,0,0,0,0,0,0,0,0,0,0,0,0,0,0,0,0,0,0,0,0,0,0,0,0,0,0,0,0,0,0,0,0,0,0,0,0,0,0,0,0,0,0,0,0,0,0,0,0,0,0,0,0,0,0,0,0,0,0,0,0,0,0,0,0,0,0,0,0,0,0,0,0,0,0,0,0,0,0,0,0,0,0,0,0,0,0,0,0,0,0,0,0,0,0,0,0,0,0,0,0,0,0,0,0,0,0,0,0,0,0,0,0,0,0,0,0,0,2,2,2,2,2,2,2,2,2,2,2,0,0,0,0,0,0,0,0,0,0,0,0,0,0,0,0,0,0,0,0,0,0,0,0,0,0,0,0,0,0,0,0,0,0,0,0,0,0,0,0,0,0,0,0,0,0,0,0,0,0,0,0,0,0,0,0,0,0,0,0,0,0,0,0,0,0,0,0,0,0,0,0,0,0,0,0,0,0,0,0,0,0,0,0,0,1,1,1,1,1,1,1,1,1,1,1,1,1,1,1,1,1,1,1,1,1,1,1,1,0,0,0,0,0,0,0,0,0,0,0,0,0,1,1,1,1,1,1,1,1,1,1,1,0,0,0,0,0,0,0,0,0,0,0,0,0,0,0,0,0,0,0,0,0,0,0,0,1,1,1,1,1,1,1,1,1,1,1,1,1,0,0,0,0,0,0,0,0,0,0,0,0,0,0,0,0,0,0,0,0,0,0,0,0,0,0,0,0,0,0,0,0,0,0,0,0,0,0,0,0,0,0,0,0,0,0,0,0,0,0,0,0,0,0,0,0,0,0,0,0,0,0,0,0,0,0,0,0,0,0,1,1,1,1,1,1,1,1,1,1,1,1,1,0,0,0,0,0,0,0,0,0,0,0,0,0,0,0,0,0,0,0,0,0,0,0,0,0,0,0,0,0,0,0,0,0,0,0,1,1,1,1,1,1,1,1,1,1,1,1,1,1,1,1,1,1,1,1,1,1,1,1,1,1,1,1,1,1,1,1,1,1,1,1,1,0,0,0,0,0,0,0,0,0,0,0,1,1,1,1,1,1,1,1,1,1,1,1,1,3,3,3,3,3,3,3,3,3,3,3,3,3,1,1,1,1,1,1,1,1,1,1,1,0,0,0,0,0,0,0,0,0,0,0,0,0,0,0,0,0,0,0,0,0,0,0,0,0,0,0,0,0,0,0,0,0,0,0,0,0,0,0,0,0,0,0,0,0,0,0,0,0,0,0,0,0,0,0,0,0,0,0,0,0,0,0,0,0,0,0,0,0,0,0,0,0,0,0,0,0,0,0,0,0,0,0,0,0,0,0,0,0,0,0,0,0,0,0,0,0,0,0,0,0,0,0,0,0,0,0,0,0,0,0,0,0,0,0,0,0,0,0,0,0,0,0,0,0,0,0,0,0,0,0,0,0,0,0,0,0,0,0,0,0,0,0,0,0,0,0,0,0,0,0,0,0,0,0,0,0,0,0,0,0,0,0,0,0,0,0,0,0,0,0,0,0,0,0,0,0,0,0,0,0,0,0,0,0,0,0,0,0,0,0,0,0,0,0,0,0,0,0,0,0,0,0,0,0,0,0,0,0,0,0,0,0,0,0,0,0,0,0,0,0,0,0,0,0,0,0,0,0,0,0,0,0,0,0,0,0,0,0,0
How early,	711/4451,	-37,14,30,-24,-13,38,5,0,20,-28,-35,24,34,1,6,-16,-24,-37,37,19,3,-5,-28,-35,-28,15,12,0,20,30,-3,5,-15,-21,-22,-69,17,-44,-14,4,12,4,-2,18,1,-31,15,-22,21,-33,-34,14,0,1,-1,8,4,-49,-52,22,-26,-44,28,23,24,-29,13,-44,9,11,5,29,-11,18,21,26,-61,-35,18,-25,-6,-39,-13,14,-36,9,36,38,-15,-2,-7,22,16,32,34,-9,-38,-26,1,35,12,16,8,-23,24,-2,16,-16,-6,13,25,-48,-21,11,-27,-16,10,2,26,-23,-37,-41,-43,37,32,11,-18,7,19,-31,-33,-40,19,24,-46,-10,8,15,-52,-16,11,-5,-15,-7,-41,-24,-21,-23,14,3,28,-28,-43,-59,-32,13,-23,-36,-16,24,12,-4,24,-12,-27,-23,8,-19,-14,27,-12,-27,-29,-23,-7,-18,-2,15,31,-47,-16,-1,-11,33,-45,-16,33,-50,30,-42,-33,19,15,-4,12,-44,9,-28,30,-39,27,-27,-40,-21,-15,-14,-30,11,-16,-19,14,14,16,6,30,3,-21,22,14,-41,21,-33,-7,32,16,-32,-40,17,-42,15,-9,-8,-37,23,34,-26,-13,-7,-65,-8,-4,-31,-22,-43,8,15,-6,31,10,0,-58,-50,-10,4,0,30,3,15,-44,-39,-18,-24,-14,13,-7,-8,-2,13,-3,19,-20,37,-6,-54,0,11,19,-19,-45,23,-60,-15,3,17,37,-13,-37,-46,-34,20,-32,14,-43,2,15,-10,-20,-26,-20,8,-58,8,9,-15,-33,-19,4,-15,29,-17,-49,-10,-6,9,13,-51,8,-7,-22,-37,-13,-3,28,-24,-40,-33,-27,21,-17,4,-45,13,16,-33,-29,-37,11,-16,-11,34,-23,14,-34,15,-7,-9,-43,11,-8,0,-36,-27,4,-16,-21,-34,-69,-4,20,16,5,18,-4,12,20,1,1,-17,-12,-14,-3,-6,-38,-57,-61,-32,-19,-11,11,9,-17,-12,-37,-26,-1,24,15,38,-31,10,10,-10,-12,15,5,20,10,14,-17,9,-45,-28,-5,-15,-43,35,12,13,14,14,-30,-41,-26,-8,-33,8,15,-27,-43,35,5,4,-46,-9,-34,-9,-5,-39,21,-10,-24,-29,-8,1,37,8,25,22,-7,-8,0,32,-22,38,19,8,26,27,-56,2,13,2,29,23,-20,7,24,-38,2,4,6,12,11,-15,-34,-27,-31,-2,5,18,24,34,-47,-2,-6,-6,-41,-42,29,-3,-28,-28,-29,-42,-16,18,16,1,-54,-49,16,15,10,24,29,-39,1,-40,11,-32,3,16,29,18,-43,-13,-22,-31,10,16,21,-40,-1,-21,18,15,-27,33,-48,38,38,38,38,38,38,38,38,38,38,38,38,38,38,38,38,38,38,38,38,38,38,38,38,38,38,38,38,38,38,38,38,38,38,38,38,38,38,38,38,38,38,38,38,38,-6,-25,-10,5,-27,-27,-27,-27,-27,-27,-27,-27,-27,-27,-27,-27,-27,-27,-27,-27,-27,-27,-27,-27,-27,-27,-27,-27,-27,-27,-27,-27,-27,-27,-39,-15,-9,32,32,32,32,32,32,32,32,32,32,32,32,32,32,32,32,32,32,32,32,32,32,32,32,32,32,32,32,32,32,32,32,32,32,32,32,32,32,32,32,32,32,32,21,21,9,17,-42,23,-3,28,28,28,28,28,28,28,28,28,28,28,28,28,28,28,28,28,28,28,28,28,28,28,28,28,28,28,28,28,28,28,28,28,28,28,28,28,28,28,28,28,28,28,28,4,26,26,26,26,26,26,26,26,26,26,26,26,26,26,26,26,26,26,26,26,26,26,26,26,26,26,26,26,26,26,26,26,26,26,26,26,26,26,26,26,26,26,26,26,26,0,-3,-3,-3,-3,-29,25,32,-27,14,-12,-12,-12,-12,-12,-12,-12,-12,-12,-12,-12,-12,-12,29,1,5,-10,3,-2,-15,-15,-15,-15,-15,-15,-15,-15,-15,-15,-15,-15,-15,-15,-15,-15,-15,-15,-15,-15,-15,-15,-4,18,16,-26,-11,2,-41,-17,-25,27,17,-45,-44,-39,12,18,2,2,2,2,2,2,2,2,2,2,2,2,2,2,2,2,2,2,2,2,2,2,2,2,2,37,8,-14,-52,-40,30,10,6,12,0,18,10,-14,1,-29,8,-18,19,-18,25,-23,-25,-18,24,-34,-24,-26,38,38,38,38,38,38,38,38,38,38,38,38,38,38,38,38,38,38,38,38,38,38,38,38,38,38,38,38,38,38,38,38,38,38,38,38,38,38,38,38,38,38,38,38,38,-8,-16,7,7,7,7,7,7,7,7,7,7,7,7,7,7,7,-11,-2,11,11,11,11,11,11,11,11,11,11,11,11,11,11,11,11,11,11,11,11,11,-6,-34,-17,-25,3,33,-19,-19,-9,10,26,26,26,26,26,26,26,26,26,26,26,26,26,26,26,26,26,26,26,26,26,26,26,26,26,26,26,26,26,26,26,26,26,26,26,26,26,26,26,26,26,26,26,26,26,-29,1,-53,15,7,-15,-49,29,2,-9,14,14,14,14,14,14,14,14,14,14,14,14,14,14,14,14,14,14,14,14,14,14,14,14,14,14,14,14,14,14,14,14,14,14,14,14,14,14,14,14,14,14,14,14,14,19,-51,-51,-51,-51,-51,-51,-51,-51,-51,-51,-51,-51,-51,-51,-51,-51,-51,-51,-51,-51,-51,-51,-51,-51,-51,-51,-51,-51,-51,4,13,-35,11,-3,-63,-63,-36,-36,-36,-36,-36,-36,-36,-36,-36,-36,-36,-36,-36,-36,-36,-36,-36,-36,-36,-36,-36,-36,-36,-36,-36,-36,-36,-36,-36,-36,-36,-36,-36,-36,-36,-36,-58,3,-54,23,-59,13,-14,-6,-6,-6,-6,-6,-6,-6,-6,-6,-6,-6,-6,-6,-6,-6,-6,-6,-6,-6,-6,-6,-6,-6,-6,-6,-6,-6,-6,-6,-6,-41,-40,23,-50,2,-40,16,11,-28,-43,-51,-12,18,-40,-23,18,12,-3,-31,-46,-21,19,8,8,8,8,8,8,8,8,8,8,8,8,8,8,8,8,8,8,8,8,8,8,8,8,8,8,8,8,35,35,35,35,35,35,35,35,35,35,35,35,35,35,35,35,35,35,35,35,35,35,35,35,35,35,35,35,35,35,35,35,35,35,35,35,35,35,35,35,35,35,35,35,35,-38,-15,-30,-29,-29,-29,-29,-29,-29,-29,-29,-29,-29,-29,-29,-29,-29,-29,-29,-29,-29,-29,-29,-2,-2,-2,-2,-2,-2,-2,-2,-2,-2,-2,-2,-2,-2,-2,-2,-2,-2,-2,-2,-2,-2,12,-25,-26,-41,11,-35,-47,23,3,-2,-2,-2,-2,-2,-2,-2,-2,-2,-2,-2,-2,-2,-2,-2,-2,-2,-2,-2,-2,-2,-2,-2,-2,-2,-2,-2,-2,-2,-2,-2,-2,-2,-2,-2,-2,-2,-2,-2,-2,-2,-2,-2,-2,-59,-2,2,11,-14,-14,-14,-14,-14,-14,-14,-14,-14,-14,-14,-14,-14,-14,-14,-14,-14,-14,-14,-14,-14,-14,-14,-14,-14,-14,-14,-14,-14,-14,-14,-14,-14,-14,-14,-14,-14,-14,-14,-14,-14,-14,-14,-31,8,14,14,14,14,14,14,14,14,14,14,14,14,14,14,14,14,14,14,14,14,14,14,14,14,14,14,14,14,14,14,14,14,14,14,14,14,14,14,14,14,14,14,14,14,14,-18,8,8,8,8,8,8,8,8,8,8,-13,17,-3,-27,-10,-2,19,-15,-33,8,-11,-9,3,5,13,-34,-2,24,4,9,-77,-19,-31,-13,17,-70,-35,0,12,-31,-22,-22,-22,-22,-22,-22,-22,-22,-22,-22,-22,-22,-22,-22,-22,-22,-22,-22,-22,-22,-22,-22,-22,-22,-22,-22,-22,-22,-22,-22,-22,-22,-22,-22,-22,-22,-22,-13,38,38,38,38,38,38,38,38,11,18,-69,-11,18,9,9,9,9,9,9,9,9,9,9,9,9,9,9,9,9,9,9,9,9,-26,8,8,8,8,8,8,8,8,8,8,8,8,8,8,8,8,8,8,8,8,8,8,8,8,8,8,8,8,8,8,8,8,8,8,8,8,8,8,8,8,8,8,8,8,-1,-32,20,-27,-27,-27,-27,-27,-27,-27,-27,-27,-27,-27,-27,-27,-27,-27,-27,-27,-27,-27,-27,-27,-27,-27,-27,-27,-27,-27,-27,-27,-27,-27,-27,-27,-27,-27,13,13,-28,26,-50,-62,-90,6,-9,22,22,22,22,22,22,22,22,22,22,22,22,22,22,22,22,22,22,22,22,22,22,22,22,22,22,22,22,22,22,22,22,22,22,22,22,22,22,22,22,22,22,22,22,22,-40,-40,-40,-40,-40,-40,-40,-40,-40,-40,-40,-40,-40,-40,-40,-40,-40,-40,-40,-40,-40,-40,-40,-40,-40,-13,-13,-13,-13,-13,-13,-13,-13,-13,1,1,1,1,1,-34,-29,11,-40,-22,6,6,6,6,6,6,6,6,6,6,6,6,6,-4,-36,-3,-45,-45,27,-31,-12,-12,-10,-19,-15,-48,17,-17,14,-11,-81,-15,-35,-44,-32,1,26,2,2,2,2,2,2,2,2,2,2,2,2,2,2,2,2,2,2,2,2,2,2,2,2,2,2,2,2,2,2,2,2,2,2,2,2,2,2,2,2,2,2,2,2,9,-4,-29,-5,-50,16,17,-49,-1,22,-53,-62,-11,-13,12,-41,-2,-14,11,19,3,-31,14,-14,-7,-9,12,-13,8,23,-48,-33,12,-27,38,38,38,38,38,38,38,38,38,38,38,38,38,38,38,38,38,38,38,38,38,38,38,38,38,38,38,38,38,38,38,38,38,38,38,38,38,38,38,38,38,38,38,38,38,-28,-39,-15,36,36,36,36,36,36,36,36,36,36,36,36,36,36,36,36,36,36,36,36,36,36,36,36,36,36,36,36,36,36,36,36,36,36,36,36,36,36,36,36,36,36,36,36,36,-5,18,-43,15,-37,26,30,-30,26,26,26,26,26,26,26,26,26,26,26,26,26,26,26,26,26,26,26,26,26,26,26,26,26,26,26,26,26,26,26,26,26,26,26,26,26,26,26,26,26,26,26,26,26,23,-17,-38,-28,26,4,-39,-39,-39,-39,-39,-39,-39,-39,-39,-39,-39,-39,-39,-39,-39,-39,-39,-39,-39,-39,-39,19,-45,15,-43,-6,18,18,18,18,18,18,18,18,18,18,18,18,18,18,18,18,18,18,18,18,18,18,18,18,18,18,18,18,18,18,18,18,18,18,18,18,18,18,18,18,18,18,18,18,18,3,19,11,-3,-15,-15,-15,-15,-51,-51,-51,-51,-51,-24,-24,-24,-24,-24,-24,-24,-24,-24,-24,-24,-24,-24,-24,-24,-24,-24,-24,-24,-24,-24,-24,-24,31,13,-11,-11,-11,-4,15,-40,19,-44,-7,20,31,37,-27,-27,-27,-27,-27,-27,-27,-27,-27,-27,5,-53,-45,-51,-25,-23,-61,-47,-32,-32,-32,-32,-32,-32,-33,6,-2,20,-44,12,-10,-10,-10,-10,-10,-10,-10,-10,-10,-10,-10,-10,-10,-10,-10,-10,-10,-10,-10,-10,-10,-10,-10,-10,-10,-10,-10,-39,-60,-14,-36,-34,10,-72,8,9,8,-52,13,26,7,7,7,7,7,7,7,7,7,7,7,7,7,7,7,7,7,7,7,7,7,7,7,7,7,7,7,7,7,7,7,7,7,7,7,7,-17,-29,-4,1,-29,-29,-29,-29,-29,-29,-29,-29,-29,-29,-29,-29,-29,-29,-29,-29,-29,-29,-29,-29,-29,-29,-29,-29,-29,-29,-29,-29,-29,-29,-29,-29,-29,-29,-29,-24,-23,-43,-2,-6,-35,28,28,28,28,28,28,28,28,28,28,28,28,19,-14,-28,21,19,-47,-31,5,27,20,20,20,20,20,20,20,20,20,20,20,20,20,20,20,20,20,20,20,20,20,20,20,20,20,20,20,20,20,20,20,20,20,20,9,9,9,9,9,9,9,9,9,9,9,-1,-1,-1,9,-30,9,31,-29,-33,14,14,14,14,14,14,14,14,14,14,14,14,14,14,14,14,14,14,14,14,14,14,14,14,14,14,14,14,14,14,14,14,14,14,14,14,14,14,14,14,14,14,14,14,14,14,8,17,-26,17,21,-31,-51,20,34,-53,-21,6,4,4,4,4,4,4,4,4,4,4,4,4,4,4,4,4,4,4,4,4,4,4,4,4,4,4,4,4,4,4,4,4,4,4,4,4,4,4,4,4,4,4,4,4,4,-24,-6,-35,19,26,15,-48,6,26,32,-36,-36,-36,-36,-36,-36,-36,-36,-36,-36,-36,-36,-36,-36,-36,-36,-36,-36,-36,-36,-36,-36,-36,-36,-10,4,-33,21,30,2,-24,-39,13,13,-35,-35,-35,-35,-35,-35,-35,-35,-35,-35,-24,-18,11,32,18,21,-18,11,8,9,-39,-22,-22,-22,-22,-22,-22,-22,-22,-22,-22,-22,11,38,38,38,38,38,38,38,38,38,38,38,38,38,38,38,38,38,38,38,38,38,38,38,38,38,38,38,38,38,38,38,38,38,38,38,38,38,38,38,38,38,38,38,38,38,38,38,38,38,38,38,38,38,38,38,38,38,38,38,38,38,38,38,38,38,38,38,38,38,38,38,38,38,38,38,38,38,38,9,9,9,9,9,9,9,9,9,9,9,9,9,9,9,9,9,9,9,9,9,9,9,9,9,9,9,9,9,9,9,9,-17,19,16,-16,-28,-28,-28,-28,-28,-28,-28,-28,-28,-28,-28,-28,-28,-28,-28,-28,-28,-28,-28,-28,-28,-28,-28,-28,-28,-28,-28,-28,-28,-28,-28,-28,-45,-15,13,13,13,13,16,16,8,-51,18,-41,17,23,0,-41,-41,-41,-41,-41,-41,-41,-41,-41,-41,-41,-41,-41,-41,-41,-41,-41,-41,-41,-41,-41,-41,-41,-41,-41,-14,-14,-14,-14,-14,-14,-14,-14,-14,-14,-14,0,0,0,0,24,18,18,18,18,18,18,18,18,18,18,18,18,18,18,18,18,18,18,18,18,18,18,18,18,18,18,18,18,18,18,18,18,18,18,18,18,18,18,18,18,18,18,18,18,18,-40,-42,26,17,8,-31,-41,2,18,-26,-26,-26,-26,-26,-26,-32,-10,-54,4,29,-5,-13,-13,-13,18,-31,-16,-2,2,2,2,2,2,2,2,2,2,2,2,2,2,2,2,2,2,2,2,2,2,2,2,2,2,2,2,2,2,2,2,2,2,35,4,-32,16,14,-2,-71,-43,15,-80,-19,-28,-29,-4,23,-11,-48,-33,37,-62,-42,-37,-35,22,12,25,0,1,3,-38,16,6,-20,-56,-29,15,-36,25,25,-40,7,-42,14,4,-34,-6,-27,-27,-27,-27,-27,-27,-27,-27,-27,-27,-27,-27,-27,-27,-27,-27,-27,-27,-27,-27,-27,-27,-27,-27,-27,-27,-27,-43,32,32,32,32,32,32,32,32,32,32,32,32,32,32,32,32,32,32,32,32,32,32,32,32,32,32,32,32,32,32,32,32,32,32,32,32,32,32,32,32,32,32,32,32,32,-43,7,22,26,26,26,26,26,26,26,26,26,26,26,26,26,26,26,26,26,26,26,26,26,26,26,26,26,26,26,26,26,26,26,26,26,26,26,26,26,26,26,26,26,26,26,26,26,-2,-2,-2,-2,-2,-2,-2,-2,-2,-2,-2,-2,-2,-2,-2,-2,-2,-2,-2,-2,-2,-2,-2,-2,-2,-2,-2,-2,-2,-2,-2,-2,-2,-2,-2,-2,-2,-2,-2,-2,-2,-2,-2,-2,-2,-1,-3,23,23,23,23,23,23,23,23,23,23,23,23,23,23,23,23,23,23,23,23,23,23,23,23,23,23,23,23,23,23,23,23,23,23,23,23,23,12,12,12,12,12,12,12,12,14,-12,-12,-12,-12,-12,-12,-12,-12,-12,-12,-12,-12,-12,-12,-12,-12,-12,-12,-12,-12,-12,-12,-12,-12,-12,-12,-12,-12,-12,-12,-12,-12,-12,-12,-12,27,11,-78,-25,-27,22,24,-18,-34,11,28,16,-40,-2,-5,18,14,-46,4,18,-18,-28,-28,-28,-28,-28,-28,-28,-28,-28,-28,-28,-28,-28,-28,-28,-28,-28,-28,-28,-28,-28,2,1,-24,-24,-24,-24,-24,-24,-24,-24,-24,-24,-24,-24,-24,-24,-32,-48,-21,7,-58,-42,3,-10,-6,23,-61,-43,-29,-51,0,31,-55,-8,-1,-60,-22,-29,-30,-5,-30,-24,-5,17,18,22,0,25,8,8,8,8,8,8,8,8,8,8,8,8,8,8,8,8,8,8,8,8,8,8,8,8,8,8,8,8,8,8,8,8,8,8,8,8,8,8,8,8,8,8,8,8,8,7,7,7,7,7,7,7,7,7,7,7,7,7,7,7,7,7,7,7,7,7,7,7,7,7,7,7,7,7,18,-6,3,-34,11,11,11,11,11,11,11,11,11,-34,-31,-33,-26,-4,17,-73,-55,16,13,-19,27,-3,4,-8,14,14,14,14,14,14,14,14,14,14,14,14,14,14,14,14,14,14,14,14,14,14,14,14,14,14,14,14,14,14,14,14,14,14,14,14,14,14,14,14,14,14,14,14,14,13,-51,-51,-51,-51,-51,-51,-51,-51,-51,-51,-51,-51,-51,-51,-51,-51,-51,-51,-51,-51,-51,-51,-51,-51,-51,-51,-51,-51,-51,-51,-51,-6,23,-54,-11,27,20,5,5,5,5,5,5,5,5,5,5,5,5,5,5,5,5,5,5,5,5,5,5,5,5,5,5,5,5,5,5,5,5,5,5,5,5,5,5,5,5,5,5,-6,-6,-6,6,-24,22,-7,0,0,0,0,0,0,0,0,0,0,0,0,0,0,0,0,0,0,0,0,0,0,0,0,0,0,0,0,0,0,0,0,0,0,0,0,0,0,0,0,0,0,0,0,0,38,-36,-36,-36,-36,-36,-36,-36,-36,-36,-36,-36,-36,-36,-16,-13,0,-23,-23,-23,-40,26,-7,21,-16,-61,12,-17,-35,-35,-35,-35,-35,-35,-35,-35,-35,-35,-35,-35,-35,-35,-16,-14,-3,-58,12,-34,-57,-1,12,38,38,38,38,38,38,38,38,38,38,38,38,38,38,38,38,38,38,38,38,38,38,38,38,38,38,38,38,38,38,38,38,38,38,38,38,38,38,38,38,38,38,38,38,38,-3,6,8,8,8,8,8,8,8,8,8,8,8,8,8,8,8,8,8,8,8,8,8,8,8,8,8,8,8,8,8,8,8,8,8,8,8,8,8,-7,-36,27,-29,-29,-29,-29,-29,-29,-29,-29,-29,-29,-29,-29,-29,-29,-29,-29,-29,-29,-29,-29,-29,-29,-29,-29,-29,-29,-29,-29,-29,-29,-29,-29,-29,-29,12,-24,-28,-38,-37,26,26,26,26,26,26,26,26,26,26,26,26,26,26,26,26,26,26,26,26,26,26,26,26,26,26,26,26,26,26,15,15,15,15,15,15,15,15,15,15,15,15,15,15,15,-5,-5,-5,-5,-5,-5,-5,-5,-52,-8,-42,-39,-18,0,-14,-14,-14,-14,-14,-14,-14,-14,-14,-14,-14,-14,-14,-14,-14,-14,-14,-14,-14,-14,-14,-14,-14,-14,-14,-14,-14,-14,-14,-14,-14,-14,-14,-14,-14,-14,-14,-14,32,-3,18,18,18,18,18,18,18,18,18,18,18,18,18,18,18,18,18,18,18,18,18,18,18,18,18,18,18,18,18,18,18,18,-33,-49,-43,-16,-10,20,10,14,14,14,14,-39,-1,-13,6,-6,-6,22,-52,2,2,2,2,2,2,2,2,2,2,2,2,2,2,2,2,2,2,2,2,2,2,3,12,-40,-23,-15,-15,9,-3,17,-42,13,13,-21,-39,-6,12,-27,2,-34,-1,16,-5,-18,-38,5,38,-11,0,12,-42,-31,35,-60,-78,-7,9,9,9,9,9,9,9,9,9,9,9,9,9,9,9,9,9,9,9,9,9,9,9,17,30,19,27,-27,-27,-27,-27,-27,-27,-27,-27,-27,-27,-27,-27,-27,-27,-27,-27,-27,-27,-27,-27,-27,-27,-27,-27,-27,-27,-27,-27,-27,-27,-27,13,13,13,13,13,13,1,0,-89,28,28,28,28,28,28,28,28,28,28,28,28,28,28,28,28,28,28,28,28,28,28,28,28,28,28,28,28,28,28,28,28,28,28,28,28,28,28,28,28,28,28,28,28,28,28,28,28,28,28,28,28,28,28,28,28,28,28,28,28,28,28,28,28,28,28,28,28,28,28,28,28,28,28,28,28,28,28,28,28,28,28,28,28,-43,26,26,26,26,26,26,26,26,26,26,26,26,26,26,26,26,26,26,26,26,26,26,26,26,26,26,26,26,26,26,26,26,26,26,26,26,26,26,26,26,26,26,26,26,26,-50,-41,-37,20,-40,-40,-40,-40,-40,-40,-40,-40,-40,-40,-40,-40,-40,-40,-40,-40,-40,-40,-40,-40,-40,-40,-40,-40,-40,-40,-40,-40,-40,-40,-40,-40,-40,-40,-40,-40,-4,-39,15,-43,-55,17,-5,2,-32,-59,8,-4,6,-3,14,5,-36,-53,-53,-53,-53,-53,-53,-53,-53,-26,-26,-26,-26,-26,-26,-26,-26,-26,-26,-26,-26,-26,-26,-26,-26,-26,-26,-37,-12,-44,0,-3,-7,-46,21,-23,-54,-54,-24,-16,20,37,-52,-31,-12,10,23,-25,-25,-25,-25,-25,-25,-25,-25,-25,-46,-41,-24,-45,32,-36,-4,-10,-10,-10,-10,-10,-10,-22,-5,12,-11,-3,5,-29,-34,-48,-54,-26,-95,-52,-41,-13,9,14,3,8,20,-19,-20,-5,4,-8,-2,11,28,-11,-23,11,-61,32,-4,-18,23,-10,-34,33,16,-75,-34,8,34,-7,-5,-8,8,-17,-24,11,26,-4,-28,-34,20,20,-30,-18,2,-7,-5,18,-34,-56,-56,11,13,-24,-49,22,-3,-22,23,7,-22,-20,17,-16,4,-26,13,-3,15,17,-23,2,-27,-40,-21,-45,28,-33,8,-9,-38,14,-20,-61,-10,7,-41,-28,4,-8,5,-13,-22,4,-22,-6,-14,-34,16,-28,21,-29,-20,-37,29,21,-30,-33,-10,-18,-26,7,-32,6,-39,-15,10,-3,-8,1,27,-1,29,18,-43,27,32,13,-25,-40,17,-1,27,-56,-10,4,22,13,6,18,-64,-18,-23,15,-1,-18,-16,11,3,4,-7,-25,31,16,14,16,-44,-26,-24,17,29,1,-28,-31,-38,-49,-35,-6,0,12,31,26,-8,29,-34,12,26,-34,-6,21,-9,-20,3,-6,5,-27,12,-12,-1,9,22,18,16,-7,14,18,2,34,-7,13,-2,-5,13,3,24,12,17,24,24,-2,15,23,-5,14,-6,18,22,7,26
How wait,	67245/4451,	1,0,0,4,9,0,4,7,1,2,9,6,4,20,3,0,8,5,1,0,5,5,32,9,8,4,9,32,12,2,3,7,33,24,0,33,7,4,5,0,2,0,26,6,0,5,9,10,3,1,0,4,24,23,8,10,0,29,26,5,7,24,10,9,0,27,11,6,21,7,9,9,12,12,9,12,33,1,6,9,9,11,1,10,8,7,2,0,16,2,11,8,12,0,4,8,0,12,8,3,9,5,5,1,3,20,16,15,10,1,3,22,1,10,31,0,14,2,2,11,9,33,11,1,0,7,19,8,0,32,31,18,8,8,8,9,1,3,32,23,10,6,9,19,7,22,25,17,15,4,4,2,11,23,10,1,0,0,7,2,12,11,2,31,15,10,1,11,6,4,6,1,1,23,8,2,9,6,1,15,0,28,29,5,7,0,5,8,1,6,9,1,10,0,2,8,9,23,8,7,2,8,4,9,3,29,14,13,1,11,1,4,10,26,8,29,7,8,1,9,11,5,11,0,2,16,8,1,10,3,1,3,11,3,4,10,20,8,27,27,29,27,18,5,7,14,6,7,9,2,26,18,10,5,1,8,1,17,6,7,22,10,6,8,8,26,20,25,4,5,4,1,6,16,24,21,8,5,5,3,20,4,20,7,1,0,5,24,20,7,0,1,15,5,4,6,11,4,1,4,26,16,15,11,27,13,8,0,3,17,9,9,30,3,5,11,5,5,26,15,27,19,10,2,12,10,4,3,1,10,15,6,8,7,3,5,3,15,7,4,24,7,12,4,2,10,7,27,6,27,10,7,22,1,7,6,31,22,1,2,13,0,7,12,8,6,23,18,21,15,27,7,6,23,21,0,10,10,1,15,9,1,23,2,2,0,17,0,8,8,2,22,12,12,24,18,20,12,3,4,29,2,9,0,11,3,6,5,4,16,0,1,0,6,32,11,4,11,5,3,7,9,8,10,12,5,20,11,11,11,14,9,0,3,1,6,7,3,3,20,4,0,0,0,8,4,6,3,20,22,19,7,9,4,11,11,2,24,10,0,17,9,10,9,32,1,11,26,2,3,14,4,7,3,30,30,5,28,3,3,8,12,9,6,0,12,5,3,26,21,2,3,5,2,9,1,3,0,2,0,16,11,9,6,29,7,2,9,5,3,0,12,9,11,0,23,7,5,6,0,0,0,0,0,0,0,0,0,0,0,0,0,0,0,0,0,0,0,0,0,0,0,0,0,0,0,0,0,0,0,0,0,0,0,0,0,0,0,0,0,0,0,0,0,8,11,8,10,4,4,4,4,4,4,4,4,4,4,4,4,4,4,4,4,4,4,4,4,4,4,4,4,4,4,4,4,4,4,16,7,7,6,6,6,6,6,6,6,6,6,6,6,6,6,6,6,6,6,6,6,6,6,6,6,6,6,6,6,6,6,6,6,6,6,6,6,6,6,6,6,6,6,6,6,6,6,9,9,10,4,19,10,10,10,10,10,10,10,10,10,10,10,10,10,10,10,10,10,10,10,10,10,10,10,10,10,10,10,10,10,10,10,10,10,10,10,10,10,10,10,10,10,10,10,10,10,12,12,12,12,12,12,12,12,12,12,12,12,12,12,12,12,12,12,12,12,12,12,12,12,12,12,12,12,12,12,12,12,12,12,12,12,12,12,12,12,12,12,12,12,12,1,13,13,13,13,7,5,6,3,1,16,16,16,16,16,16,16,16,16,16,16,16,16,3,17,8,2,9,17,25,25,25,25,25,25,25,25,25,25,25,25,25,25,25,25,25,25,25,25,25,25,28,14,8,2,29,22,3,18,3,11,1,25,6,5,20,6,36,36,36,36,36,36,36,36,36,36,36,36,36,36,36,36,36,36,36,36,36,36,36,36,36,1,1,1,20,2,2,8,12,12,30,20,2,23,20,33,20,24,10,9,7,9,29,22,0,6,2,33,0,0,0,0,0,0,0,0,0,0,0,0,0,0,0,0,0,0,0,0,0,0,0,0,0,0,0,0,0,0,0,0,0,0,0,0,0,0,0,0,0,0,0,0,0,9,3,3,3,3,3,3,3,3,3,3,3,3,3,3,3,3,30,8,7,7,7,7,7,7,7,7,7,7,7,7,7,7,7,7,7,7,7,7,7,33,20,3,9,1,5,28,20,10,11,12,12,12,12,12,12,12,12,12,12,12,12,12,12,12,12,12,12,12,12,12,12,12,12,12,12,12,12,12,12,12,12,12,12,12,12,12,12,12,12,12,12,12,12,12,3,9,21,12,0,7,11,3,16,1,24,24,24,24,24,24,24,24,24,24,24,24,24,24,24,24,24,24,24,24,24,24,24,24,24,24,24,24,24,24,24,24,24,24,24,24,24,24,24,24,24,24,24,24,24,5,28,28,28,28,28,28,28,28,28,28,28,28,28,28,28,28,28,28,28,28,28,28,28,28,28,28,28,28,28,14,8,7,4,3,40,40,40,40,40,40,40,40,40,40,40,40,40,40,40,40,40,40,40,40,40,40,40,40,40,40,40,40,40,40,40,40,40,40,40,40,40,40,30,29,22,9,33,25,38,44,44,44,44,44,44,44,44,44,44,44,44,44,44,44,44,44,44,44,44,44,44,44,44,44,44,44,44,44,44,3,8,1,10,30,6,2,8,54,44,29,30,14,0,0,0,26,21,12,32,17,5,2,2,2,2,2,2,2,2,2,2,2,2,2,2,2,2,2,2,2,2,2,2,2,2,2,2,2,2,3,3,3,3,3,3,3,3,3,3,3,3,3,3,3,3,3,3,3,3,3,3,3,3,3,3,3,3,3,3,3,3,3,3,3,3,3,3,3,3,3,3,3,3,3,6,13,7,6,6,6,6,6,6,6,6,6,6,6,6,6,6,6,6,6,6,6,6,6,6,6,6,6,6,6,6,6,6,6,6,6,6,6,6,6,6,6,6,6,6,6,40,10,13,17,59,11,15,5,12,12,12,12,12,12,12,12,12,12,12,12,12,12,12,12,12,12,12,12,12,12,12,12,12,12,12,12,12,12,12,12,12,12,12,12,12,12,12,12,12,12,12,12,19,6,4,9,18,18,18,18,18,18,18,18,18,18,18,18,18,18,18,18,18,18,18,18,18,18,18,18,18,18,18,18,18,18,18,18,18,18,18,18,18,18,18,18,18,18,18,11,11,24,24,24,24,24,24,24,24,24,24,24,24,24,24,24,24,24,24,24,24,24,24,24,24,24,24,24,24,24,24,24,24,24,24,24,24,24,24,24,24,24,24,24,24,24,4,30,30,30,30,30,30,30,30,30,30,31,10,24,28,19,17,5,5,33,11,27,1,18,16,8,35,3,3,14,9,54,51,22,4,4,47,12,18,0,57,11,60,60,60,60,60,60,60,60,60,60,60,60,60,60,60,60,60,60,60,60,60,60,60,60,60,60,60,60,60,60,60,60,60,60,60,60,43,0,0,0,0,0,0,0,0,4,3,33,35,14,1,1,1,1,1,1,1,1,1,1,1,1,1,1,1,1,1,1,1,1,22,2,2,2,2,2,2,2,2,2,2,2,2,2,2,2,2,2,2,2,2,2,2,2,2,2,2,2,2,2,2,2,2,2,2,2,2,2,2,2,2,2,2,2,2,8,0,7,4,4,4,4,4,4,4,4,4,4,4,4,4,4,4,4,4,4,4,4,4,4,4,4,4,4,4,4,4,4,4,4,4,4,4,5,5,9,12,88,85,74,12,3,16,16,16,16,16,16,16,16,16,16,16,16,16,16,16,16,16,16,16,16,16,16,16,16,16,16,16,16,16,16,16,16,16,16,16,16,16,16,16,16,16,16,16,16,16,17,17,17,17,17,17,17,17,17,17,17,17,17,17,17,17,17,17,17,17,17,17,17,17,17,17,17,17,17,17,17,17,17,17,17,17,17,17,17,58,36,27,2,26,21,21,21,21,21,21,21,21,21,21,21,21,21,5,22,27,13,7,0,16,30,30,10,43,30,20,15,2,4,1,47,45,19,52,22,27,4,36,36,36,36,36,36,36,36,36,36,36,36,36,36,36,36,36,36,36,36,36,36,36,36,36,36,36,36,36,36,36,36,36,36,36,36,36,36,36,36,36,36,36,36,29,28,27,29,10,11,1,23,25,16,11,32,13,7,7,39,32,37,4,9,10,3,16,21,14,13,3,28,13,4,12,11,15,28,0,0,0,0,0,0,0,0,0,0,0,0,0,0,0,0,0,0,0,0,0,0,0,0,0,0,0,0,0,0,0,0,0,0,0,0,0,0,0,0,0,0,0,0,0,2,7,1,2,2,2,2,2,2,2,2,2,2,2,2,2,2,2,2,2,2,2,2,2,2,2,2,2,2,2,2,2,2,2,2,2,2,2,2,2,2,2,2,2,2,2,2,2,9,10,9,9,19,6,2,10,12,12,12,12,12,12,12,12,12,12,12,12,12,12,12,12,12,12,12,12,12,12,12,12,12,12,12,12,12,12,12,12,12,12,12,12,12,12,12,12,12,12,12,12,12,9,7,2,4,1,28,16,16,16,16,16,16,16,16,16,16,16,16,16,16,16,16,16,16,16,16,16,9,22,3,11,32,20,20,20,20,20,20,20,20,20,20,20,20,20,20,20,20,20,20,20,20,20,20,20,20,20,20,20,20,20,20,20,20,20,20,20,20,20,20,20,20,20,20,20,20,20,12,13,10,4,25,25,25,25,28,28,28,28,28,28,28,28,28,28,28,28,28,28,28,28,28,28,28,28,28,28,28,28,28,28,28,28,1,5,29,29,29,11,3,32,2,2,11,3,7,1,37,37,37,37,37,37,37,37,37,37,4,27,23,17,11,41,33,19,42,42,42,42,42,42,13,9,3,12,12,12,48,48,48,48,48,48,48,48,48,48,48,48,48,48,48,48,48,48,48,48,48,48,48,48,48,48,48,1,38,12,4,11,2,44,10,29,30,12,18,12,3,3,3,3,3,3,3,3,3,3,3,3,3,3,3,3,3,3,3,3,3,3,3,3,3,3,3,3,3,3,3,3,3,3,3,3,18,13,13,5,6,6,6,6,6,6,6,6,6,6,6,6,6,6,6,6,6,6,6,6,6,6,6,6,6,6,6,6,6,6,6,6,6,6,6,45,3,17,12,5,15,10,10,10,10,10,10,10,10,10,10,10,10,7,33,12,4,5,9,9,20,3,18,18,18,18,18,18,18,18,18,18,18,18,18,18,18,18,18,18,18,18,18,18,18,18,18,18,18,18,18,18,18,18,18,18,18,18,18,18,18,18,18,18,18,18,18,19,19,19,18,4,12,0,9,3,1,24,24,24,24,24,24,24,24,24,24,24,24,24,24,24,24,24,24,24,24,24,24,24,24,24,24,24,24,24,24,24,24,24,24,24,24,24,24,24,24,24,24,24,24,24,16,7,4,11,3,11,27,5,4,21,3,12,34,34,34,34,34,34,34,34,34,34,34,34,34,34,34,34,34,34,34,34,34,34,34,34,34,34,34,34,34,34,34,34,34,34,34,34,34,34,34,34,34,34,34,34,34,2,7,5,8,6,6,12,8,1,6,40,40,40,40,40,40,40,40,40,40,40,40,40,40,40,40,40,40,40,40,40,40,40,40,6,14,1,7,8,7,6,3,17,0,53,53,53,53,53,53,53,53,53,53,2,4,3,0,3,11,0,7,30,21,23,60,60,60,60,60,60,60,60,60,60,60,19,0,0,0,0,0,0,0,0,0,0,0,0,0,0,0,0,0,0,0,0,0,0,0,0,0,0,0,0,0,0,0,0,0,0,0,0,0,0,0,0,0,0,0,0,0,0,0,0,0,0,0,0,0,0,0,0,0,0,0,0,0,0,0,0,0,0,0,0,0,0,0,0,0,0,0,0,0,0,1,1,1,1,1,1,1,1,1,1,1,1,1,1,1,1,1,1,1,1,1,1,1,1,1,1,1,1,1,1,1,1,5,0,5,3,5,5,5,5,5,5,5,5,5,5,5,5,5,5,5,5,5,5,5,5,5,5,5,5,5,5,5,5,5,5,5,5,40,10,5,5,5,5,3,10,24,11,6,27,9,9,10,18,18,18,18,18,18,18,18,18,18,18,18,18,18,18,18,18,18,18,18,18,18,18,18,18,18,18,18,18,18,18,18,18,18,18,18,18,18,18,18,0,20,20,20,20,20,20,20,20,20,20,20,20,20,20,20,20,20,20,20,20,20,20,20,20,20,20,20,20,20,20,20,20,20,20,20,20,20,20,20,20,20,20,20,20,20,24,0,6,9,4,11,1,22,12,30,30,30,30,30,30,22,25,10,14,3,4,31,31,31,9,11,5,4,36,36,36,36,36,36,36,36,36,36,36,36,36,36,36,36,36,36,36,36,36,36,36,36,36,36,36,36,36,36,36,36,36,3,20,16,8,2,9,33,38,2,48,43,43,7,5,1,6,8,7,1,30,10,5,3,5,9,7,30,8,6,0,3,1,0,28,1,0,4,7,5,10,12,10,1,22,11,18,4,4,4,4,4,4,4,4,4,4,4,4,4,4,4,4,4,4,4,4,4,4,4,4,4,4,4,11,6,6,6,6,6,6,6,6,6,6,6,6,6,6,6,6,6,6,6,6,6,6,6,6,6,6,6,6,6,6,6,6,6,6,6,6,6,6,6,6,6,6,6,6,6,17,5,4,12,12,12,12,12,12,12,12,12,12,12,12,12,12,12,12,12,12,12,12,12,12,12,12,12,12,12,12,12,12,12,12,12,12,12,12,12,12,12,12,12,12,12,12,12,12,12,12,12,12,12,12,12,12,12,12,12,12,12,12,12,12,12,12,12,12,12,12,12,12,12,12,12,12,12,12,12,12,12,12,12,12,12,12,12,12,12,12,12,12,25,13,15,15,15,15,15,15,15,15,15,15,15,15,15,15,15,15,15,15,15,15,15,15,15,15,15,15,15,15,15,15,15,15,15,15,15,15,15,15,15,15,15,15,15,15,15,7,16,16,16,16,16,16,16,16,16,16,16,16,16,16,16,16,16,16,16,16,16,16,16,16,16,16,16,16,16,16,16,16,16,16,16,5,10,44,43,1,10,8,19,8,27,2,11,24,2,9,6,4,30,20,14,8,38,38,38,38,38,38,38,38,38,38,38,38,38,38,38,38,38,38,38,38,38,22,23,42,42,42,42,42,42,42,42,42,42,42,42,42,42,32,28,29,5,44,22,11,48,36,0,33,29,46,19,24,1,35,0,5,28,23,7,8,12,4,2,0,13,1,8,9,7,2,2,2,2,2,2,2,2,2,2,2,2,2,2,2,2,2,2,2,2,2,2,2,2,2,2,2,2,2,2,2,2,2,2,2,2,2,2,2,2,2,2,2,2,2,3,3,3,3,3,3,3,3,3,3,3,3,3,3,3,3,3,3,3,3,3,3,3,3,3,3,3,3,3,12,13,3,6,7,7,7,7,7,7,7,7,7,8,17,3,6,12,4,33,15,3,6,20,0,17,0,3,24,24,24,24,24,24,24,24,24,24,24,24,24,24,24,24,24,24,24,24,24,24,24,24,24,24,24,24,24,24,24,24,24,24,24,24,24,24,24,24,24,24,24,24,24,11,28,28,28,28,28,28,28,28,28,28,28,28,28,28,28,28,28,28,28,28,28,28,28,28,28,28,28,28,28,28,28,10,8,31,29,5,1,33,33,33,33,33,33,33,33,33,33,33,33,33,33,33,33,33,33,33,33,33,33,33,33,33,33,33,33,33,33,33,33,33,33,33,33,33,33,33,33,33,33,33,33,33,20,8,2,8,38,38,38,38,38,38,38,38,38,38,38,38,38,38,38,38,38,38,38,38,38,38,38,38,38,38,38,38,38,38,38,38,38,38,38,38,38,38,38,38,38,38,38,38,38,0,40,40,40,40,40,40,40,40,40,40,40,40,40,34,31,18,41,41,41,10,0,8,17,10,27,3,8,53,53,53,53,53,53,53,53,53,53,53,53,53,53,40,38,27,30,7,11,19,10,6,0,0,0,0,0,0,0,0,0,0,0,0,0,0,0,0,0,0,0,0,0,0,0,0,0,0,0,0,0,0,0,0,0,0,0,0,0,0,0,0,0,0,0,0,0,4,4,2,2,2,2,2,2,2,2,2,2,2,2,2,2,2,2,2,2,2,2,2,2,2,2,2,2,2,2,2,2,2,2,2,2,2,2,2,8,16,5,6,6,6,6,6,6,6,6,6,6,6,6,6,6,6,6,6,6,6,6,6,6,6,6,6,6,6,6,6,6,6,6,6,6,6,16,10,24,5,12,12,12,12,12,12,12,12,12,12,12,12,12,12,12,12,12,12,12,12,12,12,12,12,12,12,12,12,12,12,12,12,12,12,12,12,12,12,12,12,12,12,12,12,12,15,15,15,15,15,15,15,15,12,9,10,7,22,28,18,18,18,18,18,18,18,18,18,18,18,18,18,18,18,18,18,18,18,18,18,18,18,18,18,18,18,18,18,18,18,18,18,18,18,18,18,18,0,7,20,20,20,20,20,20,20,20,20,20,20,20,20,20,20,20,20,20,20,20,20,20,20,20,20,20,20,20,20,20,20,20,17,11,7,6,0,10,15,24,24,24,24,26,20,31,18,6,18,5,20,36,36,36,36,36,36,36,36,36,36,36,36,36,36,36,36,36,36,36,36,36,36,27,2,0,9,11,22,12,21,15,4,7,12,9,13,10,26,3,24,0,33,16,4,30,12,7,0,35,9,9,23,12,3,47,38,39,1,1,1,1,1,1,1,1,1,1,1,1,1,1,1,1,1,1,1,1,1,1,1,21,0,2,5,4,4,4,4,4,4,4,4,4,4,4,4,4,4,4,4,4,4,4,4,4,4,4,4,4,4,4,4,4,4,4,5,5,5,5,5,5,6,7,69,10,10,10,10,10,10,10,10,10,10,10,10,10,10,10,10,10,10,10,10,10,10,10,10,10,10,10,10,10,10,10,10,10,10,10,10,10,10,10,10,10,10,10,10,10,10,10,10,10,10,10,10,10,10,10,10,10,10,10,10,10,10,10,10,10,10,10,10,10,10,10,10,10,10,10,10,10,10,10,10,10,10,10,10,21,12,12,12,12,12,12,12,12,12,12,12,12,12,12,12,12,12,12,12,12,12,12,12,12,12,12,12,12,12,12,12,12,12,12,12,12,12,12,12,12,12,12,12,12,12,10,7,11,7,17,17,17,17,17,17,17,17,17,17,17,17,17,17,17,17,17,17,17,17,17,17,17,17,17,17,17,17,17,17,17,17,17,17,17,17,0,16,11,81,64,10,29,10,0,27,16,5,18,26,15,2,8,30,30,30,30,30,30,30,30,30,30,30,30,30,30,30,30,30,30,30,30,30,30,30,30,30,30,14,30,21,7,2,2,12,3,9,38,32,28,12,18,1,30,17,6,18,9,43,43,43,43,43,43,43,43,43,73,68,55,69,6,0,23,48,48,48,48,48,48,8,24,15,18,35,27,3,6,75,78,36,73,44,15,51,21,10,1,22,5,20,16,32,23,15,2,21,2,38,13,7,29,0,8,17,3,48,14,5,2,33,15,10,4,38,14,3,1,8,33,3,4,23,6,26,1,6,8,0,22,8,6,0,32,16,22,4,5,4,29,16,6,0,9,2,9,6,7,2,28,20,19,10,3,7,8,10,19,8,5,3,4,7,10,25,10,10,7,33,14,0,5,8,5,27,14,7,8,6,8,33,33,26,8,22,9,7,0,9,7,6,8,5,8,30,16,11,8,3,7,11,6,10,20,17,11,19,3,8,5,8,6,6,26,0,7,5,5,22,11,26,8,2,1,0,30,4,8,3,22,2,6,7,21,9,2,2,1,8,9,7,28,11,6,9,3,2,6,3,12,21,7,10,4,6,1,6,0,6,11,6,12,2,10,11,1,27,10,4,7,28,3,0,28,18,8,1,8,8,4,0,5,4,25,6,20,23,19,15,2,9,9,3,3,26,6,9,29,11,26,9,4,31,1


Missed people's location (Destination / Demand time) At 1439
A Station,	(M/1488/-1)
B Station,	
C Station,	
D Station,	(M/1468/-1), (W/1473/-1), (J/1485/-1), (R/1491/-1)
E Station,	
F Station,	(T/1459/-1), (R/1464/-1), (K/1470/-1), (M/1483/-1)
G Station,	(B/1424/-1), (C/1452/-1), (C/1460/-1), (S/1480/-1)
H Station,	(E/1475/-1), (A/1489/-1)
I Station,	(G/1457/-1), (P/1459/-1), (A/1470/-1)
J Station,	
K Station,	(O/1428/-1), (H/1452/-1), (C/1453/-1), (M/1489/-1)
L Station,	(M/1396/-1), (R/1452/-1)
M Station,	(T/1456/-1), (K/1460/-1), (J/1475/-1), (E/1483/-1), (U/1485/-1)
N Station,	(W/1453/-1)
O Station,	
P Station,	(U/1471/-1), (I/1490/-1)
Q Station,	(K/1454/-1), (L/1454/-1)
R Station,	(O/1462/-1), (C/1477/-1)
S Station,	(J/1420/-1), (J/1432/-1), (A/1456/-1), (K/1461/-1)
T Station,	
U Station,	(F/1441/-1), (N/1475/-1)
V Station,	(J/1440/-1), (T/1468/-1)
W Station,	(J/1419/-1), (G/1419/-1), (O/1441/-1), (I/1446/-1), (F/1489/-1)
