Greedy -30 HS	Serviced: 3121, Unfair: 0, UserN :4500
Shuttle0,	0,0,0,0,0,0,0,3,3,3,4,4,5,5,5,7,7,7,7,7,7,7,6,6,6,6,6,6,6,6,6,0,0,0,0,0,0,0,0,0,0,0,0,0,0,0,0,0,0,0,0,0,0,0,0,0,0,0,0,0,0,0,0,0,0,0,0,0,0,0,0,0,5,5,5,5,5,5,0,0,0,1,1,1,3,3,3,3,3,3,0,0,0,0,0,0,0,0,0,0,0,0,0,0,0,0,0,0,0,0,0,0,0,0,0,0,0,0,0,0,0,0,0,0,1,1,1,1,1,1,1,1,1,1,1,1,1,1,1,1,0,0,0,0,0,0,1,1,1,1,1,1,1,1,1,0,0,0,7,7,7,7,0,0,0,0,0,0,0,0,0,0,0,0,2,2,2,2,0,0,0,0,2,2,2,2,0,0,0,0,2,2,2,2,0,0,0,0,2,2,2,2,0,0,0,0,3,3,3,3,0,0,0,0,1,1,1,1,0,0,0,0,0,0,0,0,0,0,0,0,0,0,0,0,1,1,1,1,1,1,0,0,0,0,0,0,0,0,0,0,0,0,0,0,0,0,0,0,9,9,9,9,0,0,0,0,0,0,0,0,0,0,0,0,0,0,0,0,0,0,0,0,0,0,0,0,0,0,0,0,0,0,0,0,0,0,0,0,0,0,0,0,0,0,0,0,1,1,1,1,0,0,0,0,1,1,1,1,1,1,1,1,1,1,1,19,19,19,19,19,19,19,19,19,19,19,19,0,0,0,0,0,0,0,0,0,0,3,3,3,3,3,3,3,3,3,3,3,3,3,0,0,0,0,9,9,9,9,9,9,6,6,7,7,7,7,7,7,6,6,6,6,6,6,6,6,6,6,6,6,6,6,3,3,3,3,0,0,0,0,0,0,0,0,0,0,0,0,0,0,0,0,0,0,0,0,0,0,0,0,0,0,0,0,2,2,2,2,0,0,0,0,1,1,1,1,0,0,0,0,3,3,3,3,0,0,0,0,4,4,4,4,0,0,0,0,0,0,0,0,0,0,0,0,1,1,1,1,0,0,0,0,2,2,2,2,2,2,2,2,2,2,2,2,2,2,2,2,2,2,0,0,0,0,0,0,0,0,0,0,0,0,0,0,9,9,9,9,9,9,9,9,9,9,9,9,9,9,9,9,9,9,9,0,0,0,0,21,21,21,21,21,21,21,4,4,4,4,4,4,4,4,4,4,4,4,4,4,4,4,1,1,1,1,1,1,0,0,0,0,0,0,0,0,0,0,0,0,1,1,1,1,2,2,2,2,2,1,1,1,1,1,0,0,0,0,0,0,0,0,0,0,0,0,0,0,0,0,0,0,0,0,0,0,0,0,0,0,0,0,0,0,0,0,0,0,0,0,0,0,0,0,0,0,0,0,1,1,1,1,0,0,0,0,0,0,0,0,0,0,0,0,0,0,0,0,0,0,0,0,0,0,0,0,0,0,0,0,0,0,0,0,0,0,0,0,0,0,0,0,0,0,0,0,0,0,0,0,0,0,0,0,0,0,0,0,0,0,0,0,0,0,0,0,0,0,0,0,0,0,0,0,0,0,0,0,0,2,2,2,2,2,2,2,2,2,2,2,2,2,2,2,28,28,28,28,28,28,28,28,28,28,28,28,28,28,28,0,0,0,0,0,0,0,0,0,0,0,0,0,0,0,0,0,0,0,0,0,0,0,0,0,0,0,0,0,0,2,2,2,2,2,2,2,2,2,2,2,2,3,3,3,3,3,3,3,3,3,3,1,1,4,4,4,4,4,4,4,4,4,4,4,4,1,1,1,1,1,1,1,0,0,0,0,0,0,0,0,0,0,0,0,0,0,0,0,1,1,1,1,0,0,0,0,1,1,1,1,1,1,1,1,1,1,1,1,1,1,1,1,1,1,3,3,3,3,3,3,3,3,3,3,3,3,3,3,3,3,1,1,1,1,1,1,1,1,1,1,1,1,1,1,1,1,1,1,1,1,1,1,1,0,0,0,0,0,0,0,0,0,0,0,0,0,0,0,0,0,0,0,0,0,0,0,0,0,0,0,0,0,0,3,3,3,3,3,3,3,3,3,3,20,20,20,20,20,20,20,0,0,0,0,0,0,0,0,0,0,0,0,0,0,1,1,1,1,1,1,1,6,6,6,6,6,6,6,0,0,0,0,0,0,0,0,0,0,0,0,0,0,0,0,0,0,0,0,0,0,0,0,0,0,0,0,0,0,1,1,1,1,1,1,1,1,1,1,0,0,0,0,0,0,0,0,0,0,0,0,0,0,0,0,0,0,0,0,0,6,6,6,6,6,6,6,6,6,6,6,6,6,6,6,2,2,2,2,3,3,3,3,3,3,3,0,0,0,0,0,0,0,0,0,0,0,0,0,0,0,0,0,0,0,0,0,0,0,0,0,0,0,0,0,0,0,0,0,0,0,0,0,0,0,0,0,0,0,0,0,0,0,2,2,2,2,2,2,2,2,2,2,0,0,0,0,0,0,0,0,0,0,0,0,0,0,0,0,0,0,0,0,0,0,0,0,0,0,0,0,0,0,0,0,0,0,0,0,0,0,0,0,0,0,0,0,45,45,45,45,45,45,45,45,45,45,45,45,1,1,1,1,1,1,1,0,0,0,0,0,45,45,45,45,45,45,45,45,45,45,45,45,0,0,0,0,0,0,0,0,0,0,0,0,0,0,0,0,0,0,0,0,0,0,0,1,1,1,1,0,0,0,0,0,0,0,0,0,0,0,0,0,0,0,0,0,0,0,0,0,0,0,0,0,0,0,0,0,0,0,0,0,0,0,0,0,0,0,0,0,0,0,0,0,0,0,0,0,0,0,0,0,0,0,0,15,15,15,15,15,15,15,15,15,15,15,15,15,15,15,0,0,0,0,0,0,0,0,0,0,0,0,0,0,0,0,0,0,0,0,0,0,0,0,0,0,0,0,0,0,0,0,0,0,0,0,0,0,0,0,0,0,0,0,0,0,0,0,0,0,0,0,0,0,0,0,0,0,0,0,0,0,0,0,0,0,0,0,0,0,0,0,0,0,0,0,0,0,0,0,0,0,0,0,0,0,0,0,0,0,0,0,0,0,0,0,0,0,0,0,0,0,0,0,0,0,0,0,0,0,0,0,0,0,0,0,0,0,0,0,0,0,0,0,0,0,0,0,0,0,0,0,0,0,0,0,0,0,0,0,0,0,0,0,0,0,0,0,0,0,0,0
Shuttle1,	0,0,0,0,0,1,1,1,2,2,2,2,2,2,2,0,0,0,1,1,1,1,1,1,2,2,2,2,2,2,2,3,3,3,3,0,0,0,0,1,1,1,1,0,0,0,0,1,1,1,1,0,0,0,0,0,0,0,0,0,0,0,0,0,0,0,0,0,0,0,0,0,2,2,2,2,2,2,2,0,0,0,0,0,0,0,0,0,0,0,0,0,0,0,0,0,0,0,0,0,0,0,0,0,0,0,0,0,0,0,0,0,0,0,0,1,1,1,1,0,0,0,0,0,0,0,0,0,0,0,0,0,0,0,0,0,0,0,13,13,13,13,13,13,13,13,13,13,4,4,22,22,22,22,22,22,22,22,22,22,22,22,7,7,7,7,7,7,7,7,7,7,7,7,7,7,7,7,16,16,16,16,16,16,16,0,0,0,0,0,0,0,4,4,4,4,7,7,7,7,7,7,7,7,7,7,7,7,7,16,16,16,16,16,16,4,4,4,4,4,2,2,2,1,1,1,1,1,1,1,1,1,1,1,1,1,1,2,2,2,2,2,2,0,0,0,0,0,0,1,1,1,1,1,1,1,1,1,1,1,1,1,1,1,1,1,1,1,1,0,0,0,0,0,0,0,0,0,0,0,0,0,0,0,0,1,1,1,1,0,0,0,0,0,0,0,0,0,0,0,0,0,0,0,0,0,0,0,0,0,0,0,0,0,0,0,0,1,1,1,1,1,1,1,1,2,2,2,2,2,2,2,2,2,2,2,2,0,0,0,0,0,0,0,0,0,0,0,0,1,1,1,7,7,7,45,45,45,45,45,45,45,45,45,45,45,45,45,45,45,7,7,7,4,4,4,4,4,4,0,0,0,0,0,0,0,0,4,4,4,4,0,0,0,0,1,1,1,1,0,0,0,0,1,1,1,1,0,0,0,0,0,0,0,0,0,0,0,0,0,0,0,1,1,1,1,1,1,0,0,0,0,0,0,0,0,0,0,0,0,0,0,0,1,1,1,1,1,1,1,1,3,3,3,3,0,0,0,0,1,1,1,1,0,0,0,0,0,0,0,0,0,0,0,0,1,1,1,1,1,1,1,1,1,1,1,1,1,1,1,1,1,1,1,1,1,1,1,1,0,0,0,0,0,0,0,0,0,0,0,0,0,0,0,0,0,0,0,0,0,0,0,0,0,0,0,0,0,0,0,0,0,0,0,0,3,3,3,3,3,3,3,3,3,4,4,4,4,4,4,4,4,4,4,3,3,0,0,0,0,0,0,0,0,0,0,0,0,1,1,1,1,1,1,1,1,1,1,1,1,1,1,0,0,0,0,0,0,0,0,0,0,0,0,0,0,0,0,0,0,0,0,0,0,0,0,0,0,0,0,0,0,0,0,0,0,0,0,0,0,0,0,0,0,0,0,0,0,0,0,0,0,0,0,0,0,0,0,0,0,0,0,0,0,0,0,0,0,0,0,0,0,0,0,0,0,0,0,0,0,0,0,0,0,0,0,0,0,0,0,0,0,0,0,0,0,0,0,0,0,0,0,0,0,0,0,0,0,0,0,0,0,0,0,0,0,0,0,0,0,0,0,0,0,0,0,0,0,0,0,0,0,0,0,0,0,0,0,0,0,0,0,0,0,0,0,0,0,0,2,2,2,2,2,2,2,2,2,2,2,2,2,2,2,2,13,13,13,13,0,0,0,0,1,1,1,1,0,0,0,0,3,3,3,3,3,3,3,17,17,17,17,17,17,17,17,17,17,2,2,4,4,4,4,4,4,4,4,4,4,4,4,6,6,6,6,6,6,6,6,6,4,4,4,4,4,0,0,0,0,0,0,0,0,0,0,0,0,0,0,0,0,0,0,0,0,0,0,0,0,0,0,0,0,0,0,0,0,0,0,0,0,0,4,4,4,4,0,0,0,0,3,3,3,3,0,0,0,0,0,0,0,0,0,0,0,0,0,0,0,0,0,0,0,0,0,0,0,0,0,0,0,0,0,0,0,0,0,0,0,0,11,11,11,11,11,11,11,11,11,11,11,26,26,26,26,26,26,26,26,26,26,26,26,13,13,13,13,13,13,13,13,13,13,2,2,2,1,1,1,1,1,1,0,0,0,0,0,0,0,0,0,0,0,0,2,2,2,2,2,2,0,0,0,0,0,0,2,2,2,2,2,2,2,14,14,14,14,14,14,14,14,14,14,1,1,17,17,17,17,17,17,17,17,17,17,17,17,1,1,1,1,1,1,1,1,1,1,1,1,1,1,1,1,1,1,1,1,1,33,33,33,33,33,33,33,33,33,33,33,33,33,33,33,1,1,1,1,11,11,11,11,11,11,11,0,0,0,0,0,0,0,6,6,6,6,6,6,6,1,1,1,1,1,1,1,0,0,0,0,0,0,0,0,0,0,0,0,0,0,0,0,0,3,3,3,3,0,0,0,0,0,0,0,0,0,0,0,0,9,9,9,9,9,9,9,10,10,10,10,10,10,10,1,1,1,0,0,1,1,1,1,1,1,1,1,1,1,1,1,0,0,0,0,0,0,0,0,0,0,0,0,0,0,0,0,0,0,0,0,0,0,0,0,0,0,0,0,0,0,2,2,2,2,2,2,2,0,0,0,0,0,0,0,0,0,0,0,0,0,0,0,0,0,0,0,0,0,0,0,0,1,1,1,1,1,1,1,1,1,1,1,1,1,1,1,1,1,1,1,1,1,1,0,0,0,0,0,0,0,0,5,5,5,5,5,5,5,5,5,5,5,5,5,5,5,5,5,1,0,0,0,0,0,0,0,0,0,0,0,0,1,1,1,1,1,1,1,1,1,1,1,1,1,2,2,2,2,2,2,2,2,2,2,0,0,1,1,1,1,1,1,1,1,1,1,1,1,0,0,0,0,0,0,0,0,0,0,0,0,0,0,0,1,1,1,1,0,0,0,0,0,0,0,0,0,0,0,0,14,14,14,14,14,14,6,6,6,10,10,10,10,10,3,3,7,7,7,7,7,7,0,0,0,0,0,0,0,0,0,0,0,0,0,0,0,0,0,0,0,0,0,0,0,0,0,0,0,0,0,0,0,0,0,0,0,0,0,0,0,0,0,0,0,0,0,0,0,0,0,0,0,0,0,0,0,0,0,0,0,0,0,0,0,0,0,0,0,0,0,0,0,0,0,0,0,0,0,0,0,0,0,0,0,0,0,0,0,0,0,0,0,0,0,0,0,0,0,0,0,0,0,0,0,0,0,0,0,0,0
Shuttle2,	0,0,0,1,1,1,1,1,1,1,1,1,1,1,1,1,1,1,1,1,1,1,1,1,1,1,3,3,3,3,0,0,0,0,0,0,0,0,0,0,0,0,1,1,1,1,0,0,0,0,0,0,0,0,0,0,0,0,0,0,0,0,0,0,0,0,0,0,0,0,0,0,0,0,0,0,0,0,0,0,0,0,0,0,0,0,0,0,0,0,0,2,2,2,2,2,2,2,2,2,2,0,0,0,0,0,0,0,0,0,0,0,0,0,0,0,0,0,0,0,0,0,0,0,0,0,0,0,0,0,0,0,0,0,0,0,0,0,0,0,0,1,1,1,1,1,1,1,1,1,1,0,0,0,0,0,0,0,0,0,0,0,0,0,0,0,0,0,0,0,0,0,0,0,0,0,0,0,0,0,0,0,0,0,0,0,0,0,0,0,0,0,0,0,0,0,0,0,0,0,0,0,0,0,0,0,0,0,0,0,0,0,0,0,0,0,0,0,0,0,0,0,0,0,0,0,0,0,0,0,0,0,0,0,0,0,0,0,0,0,0,0,0,0,0,0,0,0,0,0,0,0,0,0,0,0,0,0,0,0,0,0,0,0,0,0,0,0,0,0,0,0,0,0,0,0,0,0,0,0,0,0,0,0,0,0,0,0,0,0,0,0,0,0,0,0,0,0,0,0,0,0,0,0,0,0,0,0,0,0,0,0,0,0,0,0,0,0,0,0,0,0,1,1,1,1,0,0,0,0,3,3,3,3,0,0,0,0,0,0,0,0,0,0,0,0,0,0,0,0,0,0,0,0,0,0,0,0,0,0,0,0,0,0,0,0,0,0,0,0,0,0,0,1,1,1,1,1,1,1,1,1,1,1,1,0,0,0,0,0,0,0,0,0,0,0,0,0,0,0,0,0,0,0,0,0,0,0,0,0,0,0,1,1,1,1,0,0,0,0,1,1,1,1,0,0,0,0,0,0,0,0,0,0,0,0,0,0,0,0,0,0,0,0,0,1,1,1,1,1,1,1,1,1,1,1,1,1,1,1,1,0,0,0,0,0,0,0,0,0,0,0,0,0,0,0,0,0,0,0,0,0,0,0,0,0,0,0,0,0,0,0,0,0,0,0,0,0,0,0,0,0,0,0,1,1,1,1,0,0,0,0,0,0,0,0,0,0,0,0,1,1,1,1,0,0,0,0,0,0,0,0,0,0,0,0,0,0,0,0,0,0,0,0,0,0,0,0,0,0,0,0,0,0,0,0,0,0,3,3,3,3,3,3,1,1,1,1,1,1,17,17,17,17,17,17,0,0,0,0,0,0,4,4,4,4,4,4,1,1,1,1,1,1,1,1,1,1,2,2,2,0,0,0,0,12,12,12,12,12,12,12,0,0,0,0,0,0,0,0,0,0,0,0,0,0,0,0,0,0,0,0,0,0,0,0,0,0,30,30,30,30,30,30,30,30,30,30,30,30,30,30,30,1,1,1,1,15,15,15,15,15,15,15,1,1,1,0,0,0,0,4,4,4,4,4,4,4,0,0,0,0,0,0,0,1,1,1,2,2,2,0,0,0,14,14,14,14,14,14,0,0,0,0,0,0,1,1,1,1,1,1,0,0,0,1,1,1,1,1,1,1,1,1,0,1,0,0,0,0,0,0,0,0,0,0,0,0,0,0,0,0,0,0,0,3,3,3,3,3,3,3,3,3,3,3,12,12,12,12,12,12,0,0,0,0,0,0,1,1,1,1,1,1,0,0,0,2,2,2,2,2,2,2,0,0,0,0,4,4,4,4,0,0,0,0,0,0,0,0,0,0,0,0,0,0,0,0,0,0,0,0,1,1,1,1,0,0,0,0,1,1,1,1,0,0,0,0,1,1,1,1,0,0,0,0,0,0,0,0,9,9,9,9,9,9,9,9,9,9,9,9,9,9,9,8,8,8,8,8,8,22,22,22,22,22,22,22,22,22,22,1,1,1,1,1,1,1,1,1,1,1,33,33,33,33,33,33,33,33,33,33,33,33,33,33,33,7,7,7,7,7,7,7,3,0,0,0,0,0,0,0,0,0,0,0,0,0,0,0,0,0,0,0,0,0,0,0,0,0,0,0,0,0,2,2,2,2,0,0,0,0,0,0,0,0,0,0,0,0,0,0,0,0,0,0,0,0,0,0,0,0,0,0,0,0,0,0,0,0,0,0,0,0,0,0,0,0,0,0,0,0,0,0,0,0,0,0,0,0,0,0,0,0,0,5,5,5,5,5,5,5,2,2,2,2,2,2,2,0,0,0,0,0,0,0,0,0,0,0,0,0,0,0,0,0,0,0,0,0,3,3,3,3,3,3,3,3,3,3,3,3,0,0,0,0,0,0,0,0,0,0,0,0,0,0,0,0,0,0,8,8,8,8,0,0,0,0,0,0,0,0,0,0,0,0,1,1,1,1,0,0,0,0,0,0,0,0,0,0,0,0,1,1,1,1,1,1,1,1,1,1,1,1,1,1,0,0,0,0,0,0,0,0,0,0,0,0,0,0,0,0,0,0,0,0,0,0,0,0,0,0,0,0,0,0,0,0,0,0,0,0,0,0,0,0,0,0,0,0,0,0,0,45,45,45,45,45,45,45,45,45,45,45,45,0,0,0,0,0,0,0,0,0,0,0,0,45,45,45,45,45,45,45,45,45,45,45,45,1,1,1,1,1,1,1,39,39,39,39,0,0,0,0,1,1,1,1,0,0,0,0,3,3,3,3,0,0,0,0,2,2,2,2,2,2,2,2,2,2,2,2,0,0,0,0,0,0,0,0,0,0,0,0,0,0,0,0,0,0,7,7,7,7,7,7,7,7,7,7,13,13,13,13,13,13,17,17,17,17,17,17,45,45,45,45,45,45,45,45,45,45,45,45,45,45,45,7,7,7,7,7,7,7,7,7,7,7,7,7,4,4,4,4,4,4,4,3,0,0,0,0,0,0,0,0,0,0,0,0,0,0,0,0,0,0,0,0,0,0,0,0,0,0,0,0,0,0,0,0,0,0,0,0,0,0,0,0,0,0,0,0,0,0,0,0,0,0,0,0,0,0,0,0,0,0,0,0,0,0,0,0,0,0,0,0,0,0,0,0,0,0,0,0,0,0,0,0,0,0,0,0,0,0,0,0,0,0,0,0,0,0,0,0,0,0,0,0,0,0,0,0,0,0,0,0,0,0,0,0,0,0,0,0,0,0,0,0,0,0,0,0,0,0,0,0,0,0,0,0
Shuttle3,	0,0,0,1,1,1,1,1,1,1,1,1,5,5,5,5,6,6,6,9,9,9,9,8,8,8,9,9,10,10,10,0,0,0,0,0,0,1,1,1,1,0,0,0,0,2,2,2,2,0,0,0,0,0,0,0,0,0,0,0,0,13,13,13,13,13,13,0,0,0,0,0,0,0,0,0,0,0,0,0,0,0,0,0,0,0,0,0,0,0,0,2,2,2,2,1,1,1,1,1,1,1,1,1,1,1,1,0,0,0,0,0,0,0,0,0,0,0,0,0,0,0,0,0,0,0,0,0,0,0,0,1,1,1,1,1,1,1,1,1,1,1,1,1,1,1,1,1,1,1,1,1,0,0,0,0,0,0,0,0,0,0,0,0,0,0,0,0,0,0,0,0,0,0,0,0,0,0,0,0,0,0,0,0,0,0,0,0,0,0,0,0,0,0,0,0,0,0,0,0,0,0,0,0,0,1,1,1,1,1,1,1,1,1,1,1,1,1,1,1,0,0,0,0,0,0,0,0,0,0,0,0,0,1,1,1,1,1,1,1,16,16,16,16,16,16,16,16,16,16,24,24,24,24,24,24,24,1,1,1,1,1,1,2,2,2,2,2,2,2,2,2,2,2,2,2,2,0,0,0,0,1,1,1,1,0,0,0,0,2,2,2,2,0,0,0,0,2,2,2,2,0,0,0,0,1,1,1,1,0,0,0,0,1,1,1,1,0,0,0,0,0,0,0,0,4,4,4,4,4,4,4,4,4,4,3,3,3,3,0,0,0,0,0,0,0,0,0,0,0,0,0,0,0,0,5,5,5,5,5,5,5,5,5,6,6,6,6,6,6,6,6,6,6,3,3,3,1,4,4,4,4,4,4,4,4,4,4,4,4,0,0,0,0,0,0,0,0,0,0,0,0,0,0,0,0,0,0,0,0,0,0,0,0,0,0,0,0,0,0,0,13,13,13,13,13,13,1,1,1,0,0,0,3,3,3,3,3,3,0,0,0,0,0,0,3,3,3,3,3,3,3,3,3,3,3,3,3,4,4,4,4,4,4,4,4,4,4,0,0,17,17,17,17,17,17,17,17,17,17,17,17,7,7,7,7,7,7,6,6,6,6,6,6,6,6,6,6,6,6,6,22,22,22,22,22,22,4,4,4,4,4,4,4,4,40,40,40,40,40,40,40,40,40,40,40,40,40,40,40,40,40,40,39,39,39,3,3,3,3,2,2,2,2,2,2,2,0,0,0,0,0,0,0,0,0,0,0,0,0,0,0,0,0,0,0,0,0,0,0,0,0,0,0,0,0,0,0,0,0,0,0,0,0,0,0,0,0,0,0,0,0,0,0,0,0,0,0,0,0,0,0,0,0,0,0,0,0,0,0,0,0,0,0,0,0,0,0,0,0,0,0,0,0,0,0,0,0,0,0,0,0,0,0,0,0,0,0,0,0,0,1,1,1,1,1,1,1,1,1,1,1,1,1,0,0,0,0,0,0,0,0,0,0,0,0,0,0,0,0,0,0,0,0,0,0,0,0,0,0,0,12,12,12,12,0,0,0,0,2,2,2,2,0,0,0,0,0,0,0,0,0,0,0,0,1,1,1,1,1,1,1,1,1,1,1,1,1,0,0,0,0,0,0,0,0,0,0,0,0,0,0,0,3,3,3,3,3,3,3,3,3,3,3,3,3,3,3,3,3,3,3,3,3,3,1,1,1,1,1,1,2,2,2,2,2,2,0,0,0,0,0,0,2,2,2,2,2,2,1,1,1,1,1,1,1,1,1,1,0,0,0,0,1,1,1,1,0,0,0,0,0,0,0,0,0,0,0,0,1,1,1,1,0,0,0,0,0,0,0,0,0,0,0,0,0,0,0,0,0,0,0,0,1,1,1,1,0,0,0,0,0,0,0,0,0,0,0,0,0,0,0,0,0,0,0,0,0,0,0,0,0,0,0,0,0,1,1,1,1,1,1,1,1,1,1,3,3,3,3,3,3,3,3,3,0,0,0,0,0,0,1,1,1,1,1,1,0,0,0,0,0,0,0,0,0,0,0,0,0,0,0,0,0,0,0,0,0,0,0,0,0,0,0,0,0,0,0,1,1,1,1,1,1,1,1,1,1,1,1,1,1,1,1,1,1,1,1,1,1,1,1,1,1,1,1,1,1,1,1,1,2,2,2,2,0,0,0,0,1,1,1,1,0,0,0,0,11,11,11,11,11,11,3,3,11,11,11,11,11,4,4,4,6,6,6,6,6,6,0,0,0,0,0,0,0,0,0,0,6,6,6,6,1,1,1,1,0,0,0,0,0,0,0,0,0,0,0,0,0,0,0,0,0,0,0,0,0,0,0,0,0,0,0,0,0,0,0,0,0,0,0,0,0,0,0,0,0,0,0,0,0,0,0,0,0,0,0,0,0,0,0,6,6,6,8,8,8,8,11,11,8,8,8,19,19,19,19,19,19,19,19,19,19,19,19,8,8,8,1,1,1,1,1,1,1,1,1,1,1,1,0,0,0,0,0,0,0,0,0,0,0,0,0,0,0,0,0,0,0,0,0,0,0,0,0,0,0,45,45,45,45,45,45,45,45,45,45,45,45,0,0,0,0,0,0,0,0,0,0,0,0,45,45,45,45,45,45,45,45,45,45,45,45,3,3,3,3,3,3,3,3,3,3,0,0,0,0,0,0,0,0,0,0,0,0,0,0,1,1,1,1,1,1,1,1,1,1,33,33,33,33,33,33,33,0,0,0,0,0,0,0,4,4,4,4,4,4,4,0,0,0,0,0,0,0,5,5,5,5,5,5,5,2,2,2,2,2,2,2,2,2,15,15,15,15,15,15,15,15,15,15,1,1,4,4,4,4,4,4,4,4,4,4,4,4,0,0,0,0,0,0,0,8,8,8,8,0,0,0,0,1,1,1,1,0,0,0,0,4,4,4,4,0,0,0,0,2,2,4,4,0,0,0,0,0,0,0,0,0,0,0,0,0,0,0,0,0,0,0,0,0,0,0,0,0,0,0,0,0,0,0,0,0,0,0,0,0,0,0,0,0,0,0,0,0,0,0,0,0,0,0,0,0,0,0,0,0,0,0,0,0,0,0,0,0,0,0,0,0,0,0,0,0,0,0,0,0,0,0,0,0,0,0,0,0,0,0,0,0,0,0,0,0,0,0,0,0,0,0,0,0,0,0,0,0,0,0,0,0,0,0,0,0,0,0,0,0,0,0,0,0,0,0,0,0,0,0,0,0
Shuttle4,	0,0,0,0,0,0,3,3,3,3,4,4,4,8,8,8,8,9,9,9,9,9,9,9,9,9,9,9,9,9,9,9,9,9,9,9,9,0,0,0,0,0,0,0,0,0,0,0,0,0,0,0,0,0,0,0,0,0,0,0,0,0,0,1,1,1,1,1,1,1,1,1,1,1,1,1,1,1,1,1,1,1,1,1,1,1,1,1,1,1,1,1,1,1,1,1,0,0,0,0,0,0,0,0,0,0,0,0,0,0,0,0,0,0,0,0,0,0,0,0,0,0,0,0,0,0,0,0,0,0,0,0,0,0,0,0,0,0,0,0,0,0,0,0,0,0,0,0,0,0,0,0,0,0,0,0,0,0,0,0,0,0,0,0,0,0,0,0,0,0,0,1,1,1,1,1,1,1,1,1,1,1,1,0,0,0,0,0,0,0,2,2,2,2,2,2,2,0,0,0,0,0,0,0,0,0,0,0,0,0,0,0,0,0,0,0,0,0,0,0,0,0,0,3,3,3,3,3,3,3,3,3,3,3,3,3,3,3,0,0,0,0,0,0,3,3,3,3,3,3,3,3,3,3,1,1,1,1,1,1,1,0,0,0,0,0,0,0,0,0,0,0,0,0,0,0,0,0,0,0,0,0,0,0,0,0,0,0,0,0,0,0,0,0,0,0,0,0,0,0,1,1,1,1,1,1,1,1,1,1,1,1,1,1,1,0,0,0,0,2,2,2,2,0,0,0,0,1,1,1,1,1,1,1,21,21,21,21,21,21,21,21,21,21,20,20,20,20,20,20,20,3,3,3,3,3,3,3,3,3,5,5,5,5,5,5,5,5,5,5,0,0,0,0,0,0,0,0,0,0,7,7,7,0,0,0,0,3,3,3,3,3,3,1,1,1,1,1,8,8,8,8,8,8,8,8,8,8,8,8,0,0,0,0,0,0,0,2,2,2,2,0,0,0,0,1,1,1,1,0,0,0,0,0,0,0,0,0,0,0,0,0,0,0,0,0,0,0,1,1,1,1,1,1,1,1,1,1,4,4,4,4,4,4,4,4,4,4,4,4,4,4,4,4,5,5,5,5,5,5,5,6,6,6,6,6,6,6,3,3,3,3,3,3,3,0,0,0,0,0,0,0,0,0,0,0,0,0,0,0,0,0,0,0,0,0,0,0,0,0,0,0,0,0,0,0,0,0,0,0,0,0,0,0,0,0,0,0,0,0,0,0,0,0,0,0,0,0,0,0,0,0,0,0,0,0,0,0,0,0,0,0,0,0,0,0,0,0,0,0,0,1,1,1,1,1,1,1,5,5,5,5,5,5,5,5,5,5,0,0,8,8,8,8,8,8,8,8,8,8,8,8,1,1,1,0,0,0,0,2,2,2,2,1,1,1,1,4,4,4,4,0,0,0,0,1,1,1,1,0,0,0,0,7,7,7,7,7,7,0,0,0,2,2,2,4,4,4,4,4,4,0,0,0,0,0,0,4,4,4,4,4,4,2,2,2,1,1,21,21,21,21,21,21,21,21,21,21,21,21,19,19,19,19,19,19,19,19,19,19,0,0,1,1,1,1,1,1,1,1,1,1,1,1,1,1,1,1,1,1,1,1,1,1,1,1,1,1,1,1,1,1,1,1,1,0,0,0,0,0,0,0,0,0,0,0,0,0,0,0,0,0,0,0,0,0,0,0,0,0,0,0,0,0,0,0,0,0,0,0,0,0,0,0,0,0,0,0,0,0,1,1,1,1,1,1,1,1,1,1,1,1,1,1,1,0,0,0,0,0,0,0,4,4,4,4,4,4,4,0,0,0,3,3,3,3,3,3,3,3,3,3,3,3,3,2,2,2,2,0,0,0,0,0,0,0,0,0,0,0,0,2,2,2,2,4,4,4,4,4,4,4,4,4,4,4,4,4,4,4,4,4,4,4,4,4,4,5,5,5,5,5,5,5,5,5,5,5,5,5,5,5,5,5,5,5,5,3,3,3,3,3,3,3,0,0,0,0,0,0,0,0,0,0,0,0,0,0,0,0,0,0,0,0,0,0,0,0,0,0,0,0,0,0,0,0,0,0,0,0,0,0,0,2,2,2,2,2,2,2,2,2,2,0,0,0,0,0,0,0,0,0,0,0,0,0,0,0,0,0,0,0,0,0,0,0,0,0,0,0,0,0,0,0,0,0,0,0,0,0,0,0,0,0,0,0,0,0,0,0,0,0,0,0,0,0,0,0,0,0,0,0,0,0,0,0,0,0,0,0,0,0,0,0,0,0,0,0,0,0,0,0,0,0,0,0,0,0,0,0,0,0,0,0,0,0,0,0,0,0,0,0,0,0,0,0,0,0,0,0,0,0,0,0,0,0,0,0,0,0,0,0,0,0,0,0,0,0,0,0,1,1,1,1,1,1,1,1,1,1,1,1,1,1,0,0,0,0,0,0,0,0,0,0,0,0,0,0,0,0,0,0,0,3,3,5,5,5,5,5,5,5,5,5,5,5,5,3,3,3,3,0,0,0,0,0,0,0,0,0,0,0,0,0,0,0,0,0,0,0,0,0,0,0,2,2,2,2,3,3,2,2,2,45,45,45,45,45,45,45,45,45,45,45,45,0,0,0,0,0,0,0,0,0,0,0,0,0,0,3,3,3,3,3,3,3,3,3,3,0,0,45,45,45,45,45,45,45,45,45,45,45,45,0,0,0,0,0,0,0,0,0,0,0,0,0,0,0,0,0,0,0,0,0,0,0,0,0,0,0,0,0,0,0,3,3,3,3,3,3,3,3,3,3,3,3,3,3,3,3,3,3,0,0,0,0,0,0,4,4,4,4,4,4,6,6,6,6,6,6,6,6,6,6,6,6,6,6,6,6,3,3,3,3,3,3,3,3,3,3,3,3,4,4,4,4,4,4,4,4,4,4,4,4,4,4,4,4,4,4,4,4,4,4,4,4,4,4,4,4,2,2,0,0,0,0,0,0,0,0,0,0,0,0,0,0,0,0,4,4,4,4,4,4,4,4,4,4,4,4,4,4,1,0,0,0,0,0,0,0,0,0,0,0,0,0,0,0,0,0,0,0,0,0,0,0,0,0,0,0,0,0,0,0,0,0,0,0,0,0,0,0,0,0,0,0,0,0,0,0,0,0,0,0,0,0,0,0,0,0,0,0,0,0,0,0,0,0,0,0,0,0,0,0,0,0,0,0,0,0,0,0,0,0,0,0,0,0,0,0,0,0,0,0,0,0,0,0,0,0
Shuttle5,	0,0,0,0,0,0,0,4,4,4,4,3,3,3,3,3,3,3,3,3,3,3,3,3,3,3,3,3,3,3,3,0,0,0,0,0,0,0,0,0,0,0,0,0,0,0,0,0,0,0,0,0,0,0,0,0,0,0,0,0,0,1,1,1,1,1,1,1,1,1,1,1,1,1,0,0,0,0,0,0,0,0,0,0,0,0,0,0,0,0,0,0,0,0,0,0,0,0,0,0,0,0,0,0,0,0,0,0,0,0,0,0,0,0,0,0,0,0,0,0,0,0,0,0,0,0,0,0,0,0,0,0,0,0,0,0,0,0,0,0,0,0,0,0,0,0,0,0,0,0,0,0,0,0,0,0,0,0,0,0,0,0,0,0,0,0,0,0,0,0,0,0,0,0,0,0,0,0,0,0,0,0,0,0,0,0,0,0,0,0,0,0,0,0,0,0,0,0,0,0,0,0,0,0,0,0,0,0,0,0,0,0,0,0,0,0,0,0,0,0,0,0,0,0,0,0,0,0,0,0,0,0,0,0,0,0,0,0,0,0,0,0,0,0,0,0,0,0,0,0,0,0,0,0,0,0,0,0,0,0,0,0,0,0,0,0,0,0,0,0,0,0,0,0,0,0,0,0,0,0,0,0,0,0,0,0,0,0,0,0,0,0,0,0,0,0,0,0,0,0,0,0,0,0,0,0,0,0,0,0,0,0,0,0,0,0,0,0,0,0,0,0,0,0,0,0,0,0,0,0,0,0,0,0,0,0,0,1,1,1,1,0,0,0,0,4,4,4,4,0,0,0,0,1,1,1,1,1,1,1,0,0,0,0,0,0,0,0,0,0,0,0,5,5,5,5,5,5,5,5,5,5,5,5,5,5,5,5,5,5,5,5,5,5,1,1,1,1,1,1,1,1,1,1,1,1,1,0,0,0,0,0,0,0,0,0,0,0,0,0,0,0,0,0,0,0,0,0,0,0,0,0,0,0,0,0,0,0,0,0,0,0,0,0,0,0,0,0,0,0,0,0,0,0,0,0,0,0,0,0,1,1,1,1,1,1,1,1,1,1,0,0,0,0,0,0,0,0,0,0,0,0,0,0,0,0,0,0,0,0,0,0,0,0,0,0,0,0,0,0,0,0,0,7,7,7,7,0,0,0,0,0,0,0,0,0,0,0,0,0,0,0,0,0,0,0,0,1,1,1,1,1,1,1,1,1,1,1,1,1,1,1,1,1,1,1,13,13,13,13,13,13,13,13,13,13,13,13,1,1,1,1,1,1,1,0,0,0,0,0,0,0,0,0,0,0,0,0,0,0,0,0,0,0,0,0,0,0,0,0,0,0,0,0,0,0,0,0,0,0,0,0,0,0,0,0,0,0,0,0,0,0,0,0,0,0,0,0,0,0,0,0,0,0,0,0,0,0,0,0,0,0,0,0,0,0,0,0,0,2,2,2,2,2,2,2,2,2,2,2,2,2,2,2,0,0,0,0,0,0,0,0,0,0,0,0,0,0,0,0,0,0,0,0,0,0,0,0,0,0,0,0,0,0,0,0,0,0,0,0,0,0,0,0,0,0,0,0,0,0,0,0,0,0,0,0,0,0,0,0,0,0,0,0,0,0,0,0,0,0,0,0,0,0,0,0,0,0,0,0,0,0,0,0,0,0,0,0,0,0,0,0,0,0,0,0,0,0,0,0,0,0,0,0,0,0,0,0,0,0,0,0,0,0,0,0,0,0,0,0,0,0,0,0,0,0,0,0,0,0,0,0,0,0,0,0,0,0,0,0,0,0,0,0,0,0,0,0,0,0,0,0,0,0,0,1,1,1,1,5,5,5,5,5,5,6,6,5,5,5,5,1,1,1,1,1,1,0,0,0,0,0,0,1,1,1,1,1,1,7,7,7,7,7,7,7,7,7,7,7,7,7,7,7,7,7,7,4,4,4,3,3,3,3,3,3,1,1,1,1,1,1,1,1,1,1,0,0,0,0,0,0,0,0,0,0,0,0,0,0,0,0,0,0,0,0,0,0,0,0,0,0,0,0,0,0,0,0,0,0,0,0,0,0,0,0,0,0,0,0,0,0,0,0,0,0,0,0,0,0,0,0,0,0,0,0,0,0,0,0,0,0,0,0,0,0,0,0,0,0,0,0,0,0,0,0,0,0,0,0,0,0,0,0,0,0,0,0,0,0,0,0,0,0,0,0,0,0,0,0,0,0,0,0,0,0,0,0,0,0,0,0,0,0,0,0,0,0,0,0,0,0,0,0,0,0,0,0,0,0,0,0,0,1,1,1,1,0,0,0,0,1,1,1,1,0,0,0,0,0,0,0,0,0,0,0,0,11,11,11,11,11,11,0,0,0,0,0,0,1,1,1,1,1,1,0,0,0,0,0,0,0,0,0,0,0,0,1,1,1,1,1,1,1,1,1,1,1,1,1,1,0,0,0,0,0,0,0,0,0,0,0,0,0,0,0,0,0,0,0,0,0,0,0,3,3,3,3,3,3,3,3,3,3,0,0,0,0,0,0,0,0,0,0,0,0,0,0,0,0,0,0,0,0,0,0,0,0,0,0,0,0,0,0,0,0,0,0,0,0,0,0,0,0,0,0,0,0,45,45,45,45,45,45,45,45,45,45,45,45,0,0,0,0,0,0,0,0,0,0,0,0,16,16,16,16,16,16,16,16,16,16,16,16,0,0,0,0,0,0,0,0,0,0,0,0,0,0,0,0,0,0,0,0,0,0,0,0,0,0,0,0,0,0,0,0,0,0,0,0,0,0,0,0,0,0,0,0,0,0,0,0,0,0,0,0,0,0,0,0,0,0,0,0,0,0,0,0,0,0,0,0,0,0,0,0,0,0,0,0,0,0,0,0,0,0,0,0,0,0,0,0,0,0,0,0,0,0,0,0,0,0,0,0,0,0,0,0,0,0,0,0,0,0,0,0,0,0,0,0,0,0,0,0,0,0,0,0,0,0,0,0,0,0,0,0,0,0,0,0,0,0,0,0,0,0,0,0,0,0,0,0,0,0,0,0,0,0,0,0,0,0,0,0,0,0,0,0,0,0,0,0,0,0,0,0,0,0,0,0,0,0,0,0,0,0,0,0,0,0,0,0,0,0,0,0,0,0,0,0,0,0,0,0,0,0,0,0,0,0,0,0,0,0,0,0,0,0,0,0,0,0,0,0,0,0,0,0,0,0,0,0,0,0,0,0,0,0,0,0,0,0,0,0,0,0,0,0,0,0
Shuttle6,	0,0,0,0,0,0,0,2,2,2,2,2,2,2,2,2,2,2,2,2,2,2,2,2,2,2,2,2,2,2,2,2,0,0,0,0,0,0,0,0,0,0,0,0,0,0,0,0,0,0,0,0,0,0,0,0,0,0,0,0,0,0,0,0,0,0,0,0,0,0,0,0,0,0,0,0,0,0,0,0,0,0,0,0,0,0,0,0,0,0,0,0,0,0,0,0,0,0,0,0,0,0,0,0,0,0,0,0,0,0,0,0,0,0,0,0,0,0,0,0,0,0,0,0,0,0,0,0,0,0,0,0,0,0,0,0,0,0,0,0,0,0,0,0,0,0,0,0,0,0,0,0,0,0,0,0,0,0,0,0,0,0,0,0,0,0,0,0,0,0,0,0,0,0,0,0,0,0,0,0,0,0,0,0,0,0,0,0,0,0,0,0,0,0,0,0,0,0,0,0,0,0,0,0,0,0,0,0,0,0,0,0,0,0,0,0,0,0,0,0,0,0,0,0,0,0,0,0,0,0,0,0,0,0,0,0,0,0,0,0,0,0,0,0,0,0,0,0,0,0,0,0,0,0,0,0,0,0,0,0,0,0,0,0,0,0,0,0,0,0,0,0,0,0,0,0,0,0,0,0,0,0,0,0,0,0,0,0,0,0,0,0,0,0,0,0,0,0,0,0,0,0,0,0,0,0,0,0,0,0,0,0,0,0,0,0,0,0,0,0,0,0,0,0,0,0,0,0,0,0,0,0,0,0,0,0,0,0,0,0,0,0,0,0,0,0,0,0,0,0,0,0,0,0,0,2,2,2,2,2,2,2,2,2,2,2,2,2,2,2,0,0,0,0,0,0,0,0,0,0,0,0,0,0,0,0,0,0,0,0,0,0,0,0,0,0,0,0,0,0,0,0,0,0,0,0,0,0,0,0,0,0,0,0,0,0,0,0,0,0,0,0,0,0,0,0,0,0,0,0,0,0,0,0,0,0,0,0,0,0,0,0,0,0,0,0,0,0,0,0,0,0,0,0,0,0,0,0,0,0,0,0,0,0,0,0,0,0,0,0,0,0,0,0,0,0,0,0,0,0,0,0,0,0,0,0,0,0,0,0,0,0,0,0,0,0,0,0,0,0,0,0,0,0,0,0,0,0,0,0,0,0,0,0,0,0,0,0,0,0,0,0,0,0,0,0,0,0,0,0,0,0,0,0,0,0,0,0,0,0,0,0,0,0,0,0,0,0,0,0,0,0,0,0,0,0,0,0,0,0,0,0,0,0,0,0,0,0,0,0,0,0,0,0,0,0,0,0,0,0,0,0,0,0,0,0,0,0,0,0,0,0,0,0,0,0,0,0,0,0,0,0,0,0,0,0,0,0,0,0,0,0,0,0,0,0,0,0,0,0,0,0,0,0,0,0,0,0,0,0,0,0,0,0,0,0,0,0,0,0,0,0,0,0,0,0,0,0,0,0,0,0,0,0,0,0,0,0,0,0,0,0,0,0,0,0,0,0,0,0,0,0,0,0,0,0,0,0,0,0,0,0,0,0,0,0,0,0,0,0,0,0,0,0,0,0,0,0,0,0,0,0,0,0,0,0,0,0,0,0,0,0,0,0,0,0,0,0,0,0,0,0,0,0,0,0,0,0,0,0,0,0,0,0,0,0,0,0,0,0,0,0,0,0,0,0,0,0,0,0,0,0,0,0,0,0,0,0,0,0,0,0,0,0,0,0,0,0,0,0,0,0,0,0,0,0,0,0,0,0,0,0,0,0,0,0,0,0,0,0,0,0,0,0,0,0,0,0,0,0,0,0,0,0,0,0,0,0,0,0,0,0,0,0,0,0,0,0,0,0,0,0,0,0,0,0,0,0,0,0,0,0,0,0,0,0,0,0,0,0,0,0,0,0,0,0,0,0,0,0,0,0,0,0,0,0,0,0,0,0,0,0,0,0,0,0,0,0,0,0,0,0,0,0,0,0,0,0,0,0,0,0,0,0,0,0,0,0,0,0,0,0,0,0,0,0,0,0,0,0,0,0,0,0,0,0,0,0,0,0,0,0,0,0,0,0,0,0,0,0,0,0,0,0,0,0,0,0,0,0,0,0,0,0,0,0,0,0,0,0,0,0,0,0,0,0,0,0,0,0,0,0,0,0,0,0,0,0,0,0,0,0,0,0,0,0,0,0,0,0,0,0,0,0,0,0,0,0,0,0,0,0,0,0,0,0,0,0,0,0,0,0,0,0,0,0,0,0,0,0,0,0,0,0,0,0,0,0,0,0,0,0,0,0,0,0,0,0,0,0,0,0,0,0,0,0,0,0,0,0,0,0,0,0,0,0,0,0,0,0,0,0,0,0,0,0,0,0,0,0,0,0,0,0,0,0,0,0,0,0,0,0,0,0,0,0,0,0,0,0,0,0,0,0,0,0,0,0,0,0,0,0,0,0,0,0,0,0,0,0,0,0,0,0,0,0,0,0,0,0,0,0,0,0,0,0,0,0,0,0,0,0,0,0,0,0,0,0,0,0,0,0,0,0,0,0,0,0,0,0,0,0,0,0,0,0,0,0,0,0,0,0,0,0,0,0,0,0,0,0,0,0,0,0,0,0,0,0,0,0,0,0,0,0,0,0,0,0,0,0,0,0,0,0,0,0,0,0,0,0,0,0,0,0,0,0,0,0,0,0,0,0,0,0,0,0,0,0,0,0,0,0,0,0,0,0,0,0,0,0,0,0,0,0,0,0,0,0,0,0,0,0,0,0,0,0,0,0,0,0,0,0,0,0,0,0,0,0,0,0,0,0,0,0,0,0,0,0,0,0,0,0,0,0,0,0,0,0,0,0,0,0,0,0,0,0,0,0,0,0,0,0,0,0,0,0,0,0,0,0,0,0,0,0,0,0,0,0,0,0,0,0,0,0,0,0,0,0,0,0,0,0,0,0,0,0,0,0,0,0,0,0,0,0,0,0,0,0,0,0,0,0,0,0,0,0,0,0,0,0,0,0,0,0,0,0,0,0,0,0,0,0,0,0,0,0,0,0,0,0,0,0,0,0,0,0,0,0,0,0,0,0,0,0,0,0,0,0,0,0,0,0,0,0,0,0,0,0,0,0,0,0,0,0,0,0,0,0,0,0,0,0,0,0,0,0,0,0,0,0,0,0,0,0,0,0,0,0,0,0,0,0,0,0,0,0,0,0,0,0,0,0,0,0,0,0,0,0,0,0,0,0,0,0,0,0,0,0,0,0
Shuttle7,	0,0,0,0,0,0,0,0,0,0,0,0,0,0,0,0,0,1,1,1,1,2,2,2,2,2,2,2,2,3,3,3,0,0,0,0,0,0,0,0,0,0,0,0,0,0,2,2,2,2,0,0,0,0,0,0,0,0,0,0,0,0,1,1,1,1,1,1,1,1,1,15,15,15,15,15,15,15,1,1,1,2,2,2,2,2,2,19,19,19,19,19,19,19,19,19,19,0,0,0,0,0,0,0,0,0,12,12,12,12,0,0,0,0,0,0,0,0,0,0,0,0,1,1,1,1,0,0,0,0,11,11,11,11,11,11,1,1,1,1,1,1,0,0,0,0,0,0,0,0,0,0,0,0,0,0,0,0,0,0,0,0,0,0,0,0,0,0,0,0,0,0,0,0,0,0,0,0,0,0,0,0,0,0,0,0,0,0,0,0,4,4,4,4,4,4,3,3,11,11,11,10,10,10,45,45,45,45,45,45,45,45,45,45,45,45,45,45,45,4,4,4,4,4,4,4,0,0,0,0,0,0,0,0,0,0,0,0,0,0,0,0,0,0,0,0,0,0,0,0,0,0,0,0,0,0,0,0,0,0,0,0,0,0,0,0,0,0,1,1,1,1,0,0,0,0,0,0,0,0,0,0,0,0,0,0,0,0,0,0,0,0,0,0,0,0,0,0,0,0,1,1,1,1,0,0,0,0,2,2,2,2,0,0,0,0,4,4,4,4,3,3,3,3,3,3,3,3,3,3,3,3,3,3,3,3,3,3,3,3,3,3,3,3,3,3,3,0,0,0,0,0,0,0,0,0,0,1,1,7,7,7,7,7,7,7,7,7,7,7,7,0,0,0,0,0,0,0,0,0,0,0,0,0,0,0,0,0,0,0,0,0,0,0,0,0,0,0,0,0,0,0,0,0,0,0,0,0,0,0,1,1,1,1,0,0,0,0,1,1,1,1,0,0,0,0,0,0,0,0,0,0,0,2,2,2,2,2,2,2,2,2,2,4,4,4,4,4,4,4,0,0,0,0,0,0,0,0,0,2,2,2,2,2,2,2,2,2,2,1,1,1,1,1,1,1,1,1,1,1,1,1,1,4,4,4,4,4,4,4,4,4,4,0,0,0,0,0,0,0,0,0,0,0,0,0,0,0,0,0,0,0,0,0,0,0,0,0,1,1,1,1,0,0,0,0,2,2,2,2,2,2,2,15,15,15,15,15,15,15,15,15,15,1,1,1,1,1,1,1,1,1,1,1,1,1,1,1,1,0,0,0,0,0,0,0,0,0,0,0,0,0,0,0,0,0,0,0,0,0,0,0,0,0,0,0,0,0,0,0,0,0,0,0,0,0,0,0,0,0,0,0,0,0,0,0,0,1,1,1,1,1,1,1,0,0,0,0,0,0,0,0,0,0,0,0,0,0,0,0,0,0,0,0,0,0,0,0,0,0,0,0,0,0,0,0,0,0,0,0,0,0,0,0,0,0,0,0,0,0,0,0,0,0,0,0,0,0,0,0,0,0,0,0,0,0,0,0,0,0,0,0,0,0,0,0,0,0,0,0,0,0,0,0,0,0,0,0,0,0,0,0,0,0,0,0,0,0,0,0,0,0,0,0,0,0,0,0,0,0,0,0,0,0,0,0,0,0,0,0,0,0,0,0,0,0,0,0,0,0,0,0,0,0,0,0,0,0,0,0,0,0,0,0,0,0,0,0,1,1,1,1,1,1,0,0,0,0,0,0,0,0,0,0,0,0,0,0,0,0,0,0,8,8,8,8,0,0,0,0,1,1,1,1,0,0,0,0,0,0,0,0,0,0,0,0,1,1,1,1,0,0,0,0,0,0,0,0,0,0,0,0,0,0,0,0,0,0,0,0,1,1,1,1,0,0,0,0,0,0,0,0,0,0,0,0,0,0,0,0,0,0,0,0,0,0,0,0,0,0,0,0,0,0,0,0,0,0,0,25,25,25,25,25,25,25,5,5,5,5,5,5,5,5,5,5,5,5,5,5,5,5,5,5,5,5,5,5,0,0,0,0,0,0,0,0,0,0,0,0,2,2,2,2,2,2,2,2,2,2,2,2,2,2,2,2,2,2,2,2,2,2,2,3,3,3,3,3,3,3,0,0,0,0,0,0,0,0,0,0,0,0,0,0,0,0,0,0,0,0,0,0,0,0,0,0,0,0,0,0,0,0,0,0,0,0,0,0,0,0,0,0,0,0,0,0,0,0,0,0,0,0,0,0,0,0,0,0,0,0,0,0,0,0,0,0,0,0,0,0,0,0,0,0,0,0,0,0,0,0,0,0,0,0,0,0,0,0,0,0,0,4,4,4,4,4,4,4,4,0,0,0,0,0,0,2,2,2,2,2,2,0,0,0,0,0,0,3,3,3,3,3,3,0,0,0,0,0,0,0,0,0,0,0,0,0,0,0,0,0,0,0,0,0,0,0,0,0,0,0,0,0,0,0,0,0,0,0,0,0,0,0,0,0,0,0,0,0,0,0,0,0,0,0,0,0,0,0,0,0,0,0,0,0,0,0,0,0,0,0,0,0,0,0,0,0,0,0,0,0,0,0,0,0,0,0,0,0,0,0,0,0,0,0,45,45,45,45,45,45,45,45,45,45,45,45,0,0,0,0,0,0,0,0,0,1,1,1,45,45,45,45,45,45,45,45,45,45,45,45,0,0,0,0,0,0,0,0,0,0,0,0,0,0,0,0,0,0,0,0,0,0,0,0,0,0,0,0,0,0,0,0,0,0,0,0,0,0,0,0,0,0,0,0,0,0,0,0,0,0,0,0,0,0,0,0,0,0,0,0,0,0,0,0,0,0,0,0,0,0,0,0,0,0,0,0,0,0,0,0,0,0,0,0,0,0,0,0,0,0,0,0,0,0,0,0,0,0,0,0,0,0,0,0,0,0,0,0,0,0,0,0,0,0,0,0,0,0,0,0,0,0,0,0,0,0,0,0,0,0,0,0,0,0,0,0,0,0,0,0,0,0,0,0,0,0,0,0,0,0,0,0,0,0,0,0,0,0,0,0,0,0,0,0,0,0,0,0,0,0,0,0,0,0,0,0,0,0,0,0,0,0,0,0,0,0,0,0,0,0,0,0,0,0,0,0,0,0,0,0,0,0,0,0,0,0,0,0,0,0,0,0,0,0,0,0,0,0,0,0,0,0,0,0,0,0,0,0,0,0,0,0,0,0,0,0,0,0,0,0,0,0,0,0,0,0,0,0,0,0
Shuttle8,	0,0,0,0,0,0,0,0,0,0,0,0,1,1,1,1,1,1,1,1,2,2,2,2,2,2,2,9,9,9,9,9,9,9,0,0,0,0,0,0,0,0,0,0,0,0,0,0,0,0,0,0,0,0,0,0,0,0,0,0,0,0,0,0,0,0,0,0,0,0,0,0,0,0,0,0,0,1,1,1,1,1,1,1,0,0,0,0,0,0,0,0,0,0,0,0,0,0,0,0,0,0,0,0,0,0,0,0,0,0,0,0,0,0,0,0,0,0,0,0,0,0,0,0,0,0,0,0,1,1,1,1,0,0,0,0,0,0,0,0,0,0,0,0,0,0,0,0,0,0,0,0,0,0,0,0,0,0,0,0,0,0,0,0,0,0,0,0,0,0,0,0,0,0,0,0,0,0,0,0,0,0,0,1,1,1,1,1,1,1,0,0,0,0,0,0,0,0,0,0,2,2,10,10,10,11,11,11,12,12,12,12,12,12,12,12,12,12,12,12,12,12,12,13,13,13,13,13,13,1,1,1,1,1,1,1,0,0,0,0,0,0,5,5,5,5,5,5,0,0,0,0,0,0,1,1,1,1,1,1,0,0,0,0,0,0,0,0,0,0,0,0,0,0,0,0,0,0,0,0,0,0,0,0,0,0,0,0,0,0,0,0,0,0,0,0,0,0,0,0,0,0,0,0,0,0,0,0,0,0,0,0,0,0,0,0,0,0,0,0,0,0,0,0,0,0,0,0,0,0,0,0,0,1,1,1,1,1,1,1,1,1,1,1,1,2,2,2,2,2,2,2,2,2,2,2,2,2,4,3,3,3,3,3,3,3,3,3,3,3,3,2,2,2,2,2,2,2,2,2,2,0,0,0,0,2,2,2,2,2,2,2,2,2,2,2,0,0,0,0,0,0,0,0,0,0,0,0,0,0,0,0,0,0,0,0,2,2,2,2,2,2,2,2,2,2,2,2,2,2,2,1,1,1,0,0,0,0,0,0,0,0,0,0,0,0,0,0,0,0,0,0,0,0,0,0,0,0,0,0,0,0,0,0,0,0,0,0,0,0,1,1,1,1,0,0,0,0,0,0,0,0,0,0,0,0,0,0,0,0,0,0,0,0,0,0,0,0,0,0,0,0,0,0,0,0,0,0,0,0,0,0,0,0,0,0,0,0,0,0,0,0,0,0,0,0,0,0,0,0,0,1,1,1,1,1,1,1,4,4,4,4,4,4,4,4,4,4,4,4,4,4,4,4,6,6,6,6,1,1,1,1,2,2,2,2,0,0,0,0,2,2,2,2,0,0,0,0,0,0,0,0,0,0,0,0,4,4,4,4,0,0,0,0,1,1,1,1,0,0,0,0,0,0,0,0,0,0,0,0,0,0,0,0,0,0,0,0,0,0,0,0,0,0,0,0,0,0,0,0,0,0,0,0,0,0,0,0,0,0,0,0,0,0,0,0,0,0,0,0,0,0,0,0,0,0,0,0,0,0,0,0,0,0,0,0,0,0,1,1,1,1,1,1,1,1,1,1,1,1,1,1,2,2,2,2,0,0,0,0,0,0,0,0,0,0,0,0,1,1,1,1,1,1,1,1,1,1,1,1,1,1,1,1,1,1,1,1,1,1,1,2,2,2,2,2,2,2,6,6,6,6,6,6,6,6,6,6,6,6,6,6,6,8,8,8,0,0,0,0,0,0,0,0,0,0,0,0,7,7,7,7,7,9,9,9,6,27,27,27,27,27,27,27,27,27,27,27,27,5,5,5,5,5,5,5,5,5,5,1,1,1,1,1,0,0,0,0,0,0,0,0,0,0,0,0,0,0,0,0,0,0,0,0,0,0,0,0,0,1,1,1,1,1,1,1,1,1,0,0,0,0,0,0,0,0,0,0,0,0,0,0,0,0,0,0,0,0,0,0,0,0,0,0,0,0,0,0,0,0,0,0,0,0,0,0,0,0,0,0,0,0,0,0,0,0,0,6,6,6,6,6,6,6,8,8,8,8,8,8,8,8,8,8,8,8,8,8,8,8,8,8,11,11,11,11,1,1,1,1,3,3,3,3,3,3,3,3,3,3,3,3,3,3,0,0,0,0,0,0,15,15,15,15,15,15,0,0,0,0,0,0,2,2,2,2,2,2,2,2,2,2,2,2,3,3,3,3,0,0,0,0,0,0,0,0,0,0,0,0,0,0,0,0,0,0,0,0,0,0,0,0,0,0,0,0,0,0,0,0,0,0,0,0,0,0,0,0,0,0,0,0,0,0,0,0,0,0,0,0,0,0,0,0,1,1,1,1,0,0,0,0,0,0,0,0,0,0,0,0,0,0,0,0,0,0,0,0,0,0,0,0,0,0,0,22,22,22,22,22,22,22,22,22,22,0,0,14,14,14,14,14,14,14,14,14,14,14,14,1,1,1,1,1,1,1,1,1,1,1,0,0,0,0,0,0,0,0,0,0,0,0,0,0,0,0,0,0,0,0,0,0,0,0,0,0,0,0,0,0,0,0,0,0,0,0,0,0,0,0,0,0,0,0,0,0,0,0,0,0,0,0,0,0,0,45,45,45,45,45,45,45,45,45,45,45,45,0,0,0,0,0,0,0,0,0,0,0,0,45,45,45,45,45,45,45,45,45,45,45,45,0,0,0,0,0,0,0,0,0,0,0,0,0,0,0,0,0,0,0,0,0,0,0,0,7,7,7,7,7,7,7,7,7,7,1,1,1,1,1,1,1,1,1,1,1,1,1,1,1,0,0,0,0,0,0,2,2,2,2,2,2,0,0,0,1,1,1,1,1,1,0,0,16,16,16,16,16,16,16,16,16,16,16,16,0,0,0,0,0,0,0,0,0,0,3,3,3,3,6,6,6,6,6,6,6,6,6,1,1,1,1,1,1,0,0,0,0,0,0,0,0,0,0,0,0,0,0,0,0,0,0,0,0,0,0,0,0,0,0,0,0,0,0,0,0,0,0,0,0,0,0,0,0,0,0,0,0,0,0,0,0,0,0,0,0,0,0,0,0,0,0,0,0,0,0,0,0,0,0,0,0,0,0,0,0,0,0,0,0,0,0,0,0,0,0,0,0,0,0,0,0,0,0,0,0,0,0,0,0,0,0,0,0,0,0,0,0,0,0,0,0,0,0,0,0,0,0,0,0,0,0,0,0,0,0,0,0,0,0,0,0,0,0,0,0,0,0,0,0,0,0,0,0,0,0,0,0,0,0,0,0,0,0,0,0,0,0,0,0
Shuttle9,	0,0,0,0,0,0,0,0,2,2,2,2,2,2,2,8,8,8,8,8,8,8,10,10,10,10,10,10,11,16,16,16,0,0,0,0,0,0,0,0,1,1,1,1,0,0,0,0,1,1,1,1,0,0,0,0,0,0,0,0,0,0,0,0,0,0,0,0,0,0,0,0,0,1,1,1,1,1,1,1,0,0,0,0,0,0,0,0,0,1,1,1,1,1,1,1,1,1,1,0,0,0,0,0,0,0,0,0,0,0,0,0,0,0,0,0,0,0,0,0,0,0,0,0,0,0,0,0,0,0,0,0,0,0,0,0,0,0,0,0,0,0,0,0,0,0,0,0,0,0,0,0,0,0,0,0,0,0,0,0,0,0,0,0,0,0,0,0,0,0,0,0,0,0,0,0,0,0,0,0,0,0,0,0,0,0,1,1,1,1,1,1,1,0,0,0,0,0,1,1,1,2,2,2,13,13,13,13,13,13,13,13,13,13,13,13,13,13,13,2,2,2,2,2,2,2,2,2,2,2,2,2,5,5,5,5,5,5,0,0,0,0,0,0,1,1,1,1,1,1,0,0,0,0,0,0,0,0,0,0,0,0,0,0,0,0,0,0,0,0,0,0,0,0,0,0,0,0,0,0,0,0,0,0,0,0,0,0,0,0,0,0,0,0,0,0,0,0,0,0,0,0,0,0,0,0,0,0,0,0,0,0,0,0,0,0,0,0,0,0,0,0,0,0,17,17,17,17,17,17,2,2,2,0,0,0,2,2,2,2,2,2,0,0,0,0,0,0,4,4,4,4,4,4,3,3,1,1,1,1,1,1,1,1,1,1,1,1,1,0,0,0,0,0,0,0,0,0,0,0,0,0,0,0,0,0,0,0,0,0,0,0,0,0,0,1,1,1,1,1,1,1,1,1,1,0,0,0,0,0,0,0,0,0,0,0,0,0,0,0,0,0,0,0,0,1,1,1,11,11,11,11,11,11,11,11,11,11,17,17,17,17,17,17,17,2,2,2,2,2,2,2,2,2,5,5,5,5,5,5,5,5,5,5,1,1,1,1,1,1,1,0,0,0,0,0,0,0,0,0,2,2,2,2,2,2,2,2,2,2,2,2,3,3,3,3,3,3,3,3,3,3,0,0,0,0,0,0,0,0,0,0,0,0,0,0,0,0,0,0,0,0,0,0,0,0,0,2,2,2,2,0,0,0,0,0,0,0,0,0,0,0,2,2,2,2,2,2,2,2,2,2,0,0,4,4,4,4,4,4,4,4,4,4,4,4,6,6,6,6,6,6,6,6,6,6,6,6,6,6,0,0,0,0,0,0,0,0,0,0,0,0,0,0,0,0,0,0,0,0,0,0,0,0,0,0,0,0,0,0,0,0,0,0,0,0,0,0,0,0,0,0,0,0,0,0,0,0,0,0,0,0,0,1,1,1,1,1,1,1,1,1,1,1,1,1,1,1,1,1,1,3,3,3,3,3,3,3,3,3,3,8,8,8,8,8,8,3,3,3,3,3,3,3,3,3,3,3,3,3,4,4,4,4,4,4,4,4,4,4,4,4,3,3,3,3,3,3,3,3,3,3,10,10,10,10,10,10,10,0,0,0,0,0,0,0,4,4,4,4,4,4,4,0,0,0,0,0,0,0,2,2,2,2,2,2,2,0,0,0,0,0,0,0,0,0,0,0,0,0,0,0,0,0,0,0,0,0,0,0,0,0,0,0,0,0,0,5,5,5,5,5,5,5,5,5,5,5,5,2,2,2,1,1,1,1,20,20,20,20,20,20,20,1,1,1,0,0,0,0,0,0,0,0,0,0,0,0,0,0,0,0,0,0,0,0,0,0,0,0,0,0,0,0,0,0,0,0,0,0,0,0,0,16,16,16,16,16,16,1,1,1,0,0,0,2,2,2,2,2,2,0,0,0,0,0,0,1,1,1,1,1,1,3,3,3,3,3,3,3,3,3,3,3,3,2,2,2,2,2,2,2,0,0,0,0,0,0,0,0,0,0,0,0,0,0,0,0,0,0,0,0,0,0,0,0,0,0,0,0,0,0,0,0,0,0,0,0,0,0,0,0,0,0,0,0,0,0,0,0,0,0,0,0,0,0,0,0,0,0,0,0,0,0,0,0,0,0,8,8,8,8,0,0,0,0,0,0,0,0,0,0,0,0,2,2,2,2,2,2,2,2,2,2,2,2,2,2,0,0,0,0,0,0,0,0,0,0,0,0,0,0,0,0,0,0,0,0,0,0,0,0,0,0,0,0,0,0,0,0,0,0,0,0,0,0,0,0,0,0,0,0,0,0,0,0,0,0,0,0,0,0,0,0,0,0,0,0,0,0,0,0,0,0,0,0,0,0,0,0,0,0,0,0,0,0,0,0,0,0,2,2,2,2,2,2,2,6,6,6,6,6,6,6,6,0,0,0,0,0,0,0,0,0,0,0,0,0,0,0,0,1,1,1,7,7,7,7,14,14,14,13,13,13,4,4,5,5,5,5,5,5,5,5,5,5,5,5,4,4,4,4,4,4,4,4,5,5,5,5,5,5,5,5,5,5,0,0,45,45,45,45,45,45,45,45,45,45,45,45,4,4,4,4,4,4,4,4,4,4,0,0,45,45,45,45,45,45,45,45,45,45,45,45,0,0,0,0,0,0,0,0,0,0,0,0,0,0,0,0,0,0,0,0,0,0,0,0,2,2,2,2,2,2,2,35,35,35,35,35,35,2,2,2,0,0,0,0,0,0,0,0,0,0,0,0,0,0,0,6,6,6,6,0,0,0,0,1,1,1,1,0,0,0,0,1,1,1,1,0,0,0,0,0,0,0,0,0,0,0,0,4,4,4,4,4,4,4,4,4,4,4,4,4,1,1,1,1,1,1,1,1,1,1,1,1,1,1,1,4,4,4,4,4,4,4,4,4,4,4,4,4,4,4,0,0,0,0,0,0,0,0,0,0,0,0,0,0,0,0,0,0,0,0,0,0,0,0,0,0,0,0,0,0,0,0,0,0,0,0,0,0,0,0,0,0,0,0,0,0,0,0,0,0,0,0,0,0,0,0,0,0,0,0,0,0,0,0,0,0,0,0,0,0,0,0,0,0,0,0,0,0,0,0,0,0,0,0,0,0,0,0,0,0,0,0,0,0,0,0,0,0,0,0,0,0,0,0,0,0,0,0,0,0,0,0,0,0,0,0,0,0,0,0,0,0,0,0,0,0,0,0,0,0,0,0,0,0,0,0

How early,	117243/3121,	65,49,110,126,146,104,119,141,124,119,94,131,143,137,107,134,69,111,137,90,34,36,53,57,58,75,87,122,24,111,39,29,39,49,67,67,74,86,88,93,99,103,94,110,122,127,139,143,62,73,61,77,90,58,66,84,-4,5,8,29,38,41,59,75,80,82,87,87,88,104,107,148,137,145,-5,67,93,25,30,34,43,58,98,99,108,110,111,133,136,148,114,24,68,31,34,42,47,54,54,86,93,94,118,26,54,110,7,34,37,42,42,62,66,75,77,82,93,114,141,95,120,76,89,-49,-19,-16,-6,1,2,2,31,44,45,53,57,59,61,71,88,106,111,129,130,35,68,99,121,131,133,79,102,103,115,121,128,131,-66,62,125,8,13,18,23,32,34,42,50,52,57,76,76,80,54,95,56,111,74,80,44,88,34,54,58,73,-98,-2,30,-14,-47,96,127,-138,-115,-109,-107,-89,-77,-66,-66,-47,-85,50,13,72,-140,-101,-95,-88,-63,-57,9,-98,-82,-71,-63,-63,-56,-51,-46,-40,-38,-28,-25,-17,-14,-12,-6,-2,-4,9,12,14,18,22,22,38,43,44,45,56,62,63,66,67,71,74,77,82,91,100,104,122,54,60,46,83,97,58,16,16,38,48,51,52,57,58,66,88,103,122,92,106,52,114,129,-76,-36,37,57,60,80,139,73,58,57,112,15,17,25,38,42,45,58,59,64,71,76,78,90,99,107,66,72,95,118,127,110,140,72,87,-175,7,9,16,20,26,29,36,59,68,74,77,85,87,97,97,103,112,122,125,126,136,144,104,125,63,34,44,47,57,62,67,82,99,102,145,-62,50,110,63,103,50,145,110,146,97,144,33,107,141,55,88,146,140,38,66,83,98,120,109,51,147,-157,33,29,102,-77,-3,11,21,59,59,62,62,70,72,79,80,86,93,106,108,118,-46,-28,7,18,24,38,38,38,40,40,43,54,59,60,69,78,85,91,78,-215,-210,-138,22,48,55,102,103,64,-97,74,-113,-94,132,10,0,21,27,50,50,59,63,64,69,71,75,81,81,99,105,124,125,128,-226,-207,68,49,49,86,48,10,17,31,40,42,48,49,50,51,58,63,66,73,80,84,92,100,131,45,46,50,109,128,140,-1,1,11,71,111,129,136,22,45,55,-9,16,53,46,51,69,90,-210,-107,-55,-213,-124,-64,-61,-60,-47,-31,-30,-29,-17,-14,-12,4,7,7,7,11,11,19,17,22,24,26,27,32,33,37,38,41,49,53,53,59,67,65,77,78,93,103,104,104,-236,20,42,87,131,120,130,-187,-197,-45,38,125,85,-126,-69,-21,-24,52,58,59,92,93,125,66,69,74,-29,13,52,23,67,85,121,103,137,-203,96,121,-22,-1,68,75,105,88,88,122,125,128,108,63,92,86,5,29,77,96,109,119,120,129,140,-245,-227,-222,-101,-93,-91,-9,83,99,101,105,128,-126,118,57,109,110,113,85,125,130,-59,135,132,21,43,54,56,69,81,108,125,126,76,128,27,31,111,138,52,126,26,50,76,77,93,113,114,115,119,126,132,140,146,63,74,97,24,109,27,59,22,35,48,52,52,109,110,118,124,130,132,118,49,60,97,70,136,-25,-18,-1,4,14,16,23,31,38,53,61,63,72,88,101,113,138,81,107,131,59,48,92,98,138,97,59,99,110,-38,65,55,59,79,106,75,108,120,-94,20,50,50,81,115,124,103,124,86,91,99,100,65,112,135,54,96,55,-347,-107,-13,57,38,39,44,48,54,62,63,72,74,82,88,95,97,107,123,135,145,131,124,-230,-223,-80,-80,-62,-33,36,13,119,-242,24,68,-419,-267,-237,-171,-18,-3,66,43,65,101,113,14,-212,-211,-142,75,111,-59,29,35,45,50,57,62,67,74,92,93,94,106,107,111,124,131,48,60,67,74,75,114,140,-420,-412,-395,-381,-381,-346,-338,-61,37,108,-363,-354,-333,-203,-172,-87,-69,-65,-65,-58,-53,-35,-31,-22,-22,-21,-16,-10,5,5,11,17,31,33,33,35,37,39,43,48,49,52,53,59,69,86,92,93,95,100,60,66,116,111,123,-199,11,24,29,51,52,53,53,61,64,83,102,105,105,109,112,116,116,122,124,-11,95,109,126,38,47,50,52,55,58,58,84,89,91,103,117,126,129,-349,-292,-154,-22,2,30,120,-378,-290,-275,-28,67,117,53,123,106,76,82,13,23,24,38,40,43,51,64,65,67,88,136,142,101,39,42,45,61,100,120,69,71,107,118,-271,-151,55,62,128,108,110,73,81,86,94,120,135,-38,113,-2,17,32,40,42,48,52,53,62,64,66,95,96,102,112,114,114,51,65,28,59,1,68,102,120,123,129,52,54,79,113,83,114,130,131,77,57,57,60,65,66,76,110,139,104,-106,-30,12,29,29,35,59,63,87,88,96,99,105,118,128,51,55,96,84,87,90,111,72,128,41,58,63,74,84,99,126,-61,-47,-39,-37,-24,-24,-22,-15,-14,-11,-6,15,32,36,40,41,43,43,46,54,66,67,72,72,77,80,84,95,109,118,121,68,76,-51,-13,61,67,86,-584,26,43,40,45,45,48,51,51,54,58,67,97,106,115,125,125,133,61,97,105,131,-214,55,56,40,127,25,-315,-49,-17,-1,-4,9,11,15,22,23,25,31,52,53,56,58,65,77,78,78,108,119,124,137,64,49,57,102,123,80,-22,-20,-1,-1,0,7,8,17,29,31,35,42,45,58,67,83,91,115,54,65,33,36,57,82,86,98,99,106,111,113,116,125,143,118,75,104,123,109,99,127,141,22,67,73,74,76,81,85,87,96,103,104,111,118,144,29,36,56,59,65,71,83,89,107,132,141,117,-102,81,-168,-27,-281,52,91,91,110,-37,-8,58,71,-15,0,1,8,9,10,21,31,36,36,38,39,40,42,46,50,53,57,61,64,66,73,75,88,98,101,105,120,-43,-487,-371,-365,-326,-156,-145,-48,91,47,66,53,89,124,-148,-101,19,36,46,48,52,56,57,65,84,97,107,117,140,-211,-165,115,-55,39,103,79,25,34,39,41,51,52,58,67,97,116,143,147,-170,-118,-47,-7,-2,64,113,74,113,107,127,140,-140,0,90,-108,-107,-2,-614,-132,-13,8,8,30,37,30,44,44,52,52,58,63,66,69,90,94,108,111,116,127,128,131,-568,-344,-189,43,85,5,13,18,28,42,45,49,54,52,56,64,65,72,84,114,130,106,-294,78,110,-293,80,-290,52,60,79,142,52,78,94,96,104,125,130,142,81,7,31,33,43,44,59,65,71,88,89,92,95,98,104,109,120,121,122,129,142,58,106,130,146,97,140,43,70,80,85,-97,-61,72,100,118,130,58,100,142,143,95,60,-428,-156,83,-11,64,78,96,-376,-315,-284,-282,-222,59,-573,-565,-228,-197,-5,38,-673,101,52,108,125,119,113,126,75,134,7,14,40,42,43,51,55,56,87,88,94,94,96,104,113,127,-310,9,60,76,-542,-141,-93,-47,19,23,76,45,-634,-493,-392,-349,-332,-265,-179,-93,-46,56,71,114,136,126,145,68,86,107,3,40,-223,122,-694,-495,-442,-359,-131,-42,-412,-60,111,-4,25,46,48,53,59,61,68,72,72,74,78,108,115,-242,-77,-46,119,-606,-106,-74,-5,46,-517,0,4,25,38,41,49,55,55,55,55,68,71,78,79,80,83,85,91,97,99,107,116,125,130,133,75,-526,-289,-53,-209,-150,-28,20,92,-660,-610,-155,-154,-100,8,-460,-64,-49,-48,-44,-39,-22,-18,-25,-17,-5,-5,-1,0,5,18,24,33,34,34,40,42,46,54,55,63,64,69,104,105,108,120,-616,-546,-542,-387,-352,-243,-234,-104,-816,-530,-402,-360,-150,-124,-69,-50,-39,-48,-18,-37,-388,-230,93,-54,-13,-11,-3,28,29,29,32,35,37,40,43,48,55,58,65,100,104,110,123,123,147,38,49,50,53,55,71,106,113,-83,-25,-9,44,-426,-184,86,111,143,18,35,46,49,54,69,70,95,98,110,110,121,131,-363,-285,-176,49,86,94,65,109,3,100,51,14,27,33,37,39,40,50,51,55,63,75,81,82,102,111,-502,-191,-135,16,25,30,32,35,35,48,49,55,71,73,74,75,79,90,100,108,66,-203,41,116,71,99,110,130,12,-1,91,28,34,65,77,85,100,105,121,136,112,-8,85,46,55,64,69,110,125,51,97,25,38,57,65,69,94,95,95,97,98,103,111,124,-201,34,95,4,7,15,29,40,48,59,61,67,68,88,90,97,108,116,118,146,25,41,63,67,72,75,99,116,124,125,130,-489,-139,58,-844,-665,-658,-461,-450,-361,-312,-284,-58,-47,111,27,43,80,129,-350,-312,-271,-243,-154,-125,-52,-31,-30,-14,-11,-7,-2,-1,24,24,25,31,32,37,37,40,40,41,41,44,49,51,52,54,59,64,70,70,89,96,97,115,141,54,55,100,108,109,135,64,115,120,73,33,-228,-89,58,81,121,124,21,27,50,87,89,100,106,113,117,125,-874,-261,-196,-405,-259,-70,57,58,64,69,79,90,97,111,115,133,137,73,83,110,128,135,137,85,132,-17,7,13,15,15,45,51,61,63,71,72,80,83,85,87,91,95,104,113,118,124,124,145,125,65,130,62,68,133,3,4,9,14,24,35,42,47,54,58,75,91,104,130,45,71,95,95,99,103,107,131,68,-373,56,79,-538,-526,-193,-187,-38,87,-420,-417,-385,-310,-272,-52,-505,-411,-28,41,74,137,57,98,138,-316,-278,-124,-117,10,38,59,-80,-64,48,-604,-61,-32,-811,-607,-186,-145,49,54,54,46,65,69,92,110,114,136,63,67,83,87,88,108,110,112,123,-757,90,-260,-185,84,27,60,73,90,111,136,-90,114,132,72,-667,-542,-499,-481,-399,-297,-200,43,57,134,40,94,116,123,123,128,142,67,59,85,116,145,51,77,108,137,101,96,113,73,80,114,134,134,134,134,134,134,134,134,134,134,134,134,134,134,134,134,134,134,134,134,134,134,134,134,134,134,134,134,134,134,134,134,134,134,134,134,134,134,134,134,134,134,73,131,131,131,131,131,131,131,131,131,131,131,131,131,131,131,131,131,131,131,131,131,131,131,131,131,131,131,131,131,131,131,131,131,131,131,131,131,131,131,131,131,131,131,131,95,131,131,131,131,131,131,131,131,131,131,131,131,131,131,131,131,131,131,131,131,131,131,131,131,131,131,131,131,131,131,131,131,131,131,131,131,131,131,131,131,131,131,131,131,131,56,126,126,126,126,126,126,126,126,126,126,126,126,126,126,126,126,126,126,126,126,126,126,126,126,126,126,126,126,126,126,126,126,126,126,126,126,126,126,126,126,126,126,126,-77,48,56,78,84,89,116,116,116,116,116,116,116,116,116,116,116,116,116,116,116,116,116,116,116,116,116,116,116,116,116,116,116,116,116,116,116,116,116,116,116,116,116,116,116,116,116,116,116,116,116,102,115,115,115,115,115,115,115,115,115,115,115,115,115,115,115,115,115,115,115,115,115,115,115,115,115,115,115,115,115,115,115,115,115,115,115,115,115,115,115,115,115,115,115,115,115,115,115,115,115,115,115,115,115,115,115,115,115,115,115,115,115,115,115,115,115,115,115,115,115,115,115,115,115,115,115,115,115,115,115,115,115,115,115,115,115,115,115,115,115,111,111,111,111,111,111,111,111,111,111,111,111,111,111,111,111,111,111,111,111,111,111,111,111,111,111,111,111,111,111,111,111,111,111,111,111,111,111,111,111,111,111,111,111,111,110,110,110,110,110,110,110,110,110,110,110,110,110,110,110,110,110,110,110,110,110,110,110,110,110,110,110,110,110,110,110,110,110,110,110,110,110,110,110,110,110,110,110,110,110,107,107,107,107,107,107,107,107,107,107,107,107,107,107,107,107,107,107,107,107,107,107,107,107,107,107,107,107,107,107,107,107,107,107,107,107,107,107,107,107,107,107,107,107,107,107,107,107,107,107,107,107,107,107,107,107,107,107,107,107,107,107,107,107,107,107,107,107,107,107,107,107,107,107,107,107,107,107,107,107,107,107,107,107,107,107,107,107,107,107,93,115,129,52,131,143,33,53,82,92,92,92,92,92,92,92,92,92,92,92,92,92,92,92,92,92,92,92,92,92,92,92,92,92,92,92,92,92,92,92,92,92,92,92,92,92,92,92,92,92,92,92,91,91,91,91,91,91,91,91,91,91,91,91,91,91,91,91,91,91,91,91,91,91,91,91,91,91,91,91,91,91,91,91,91,91,91,91,91,91,91,91,91,91,91,91,91,91,91,91,91,91,91,91,91,91,91,91,91,91,91,91,91,91,91,91,91,91,91,91,91,91,91,91,91,91,91,91,91,91,91,91,91,91,91,91,91,91,91,91,91,120,88,88,88,88,88,88,88,88,88,88,88,88,88,88,88,88,88,88,88,88,88,88,88,88,88,88,88,88,88,88,88,88,88,88,88,88,88,88,88,88,88,88,88,88,88,87,87,87,87,87,87,87,87,87,87,88,81,91,98,101,108,42,49,53,78,95,125,139,145,-31,-22,-19,-18,-17,2,5,11,11,19,25,27,27,27,28,29,29,39,44,45,48,58,62,64,66,68,69,71,75,81,81,86,88,104,111,116,118,127,56,71,97,133,28,-57,-11,-6,4,11,12,26,27,34,35,38,46,47,50,51,56,56,57,60,61,64,70,86,86,89,89,91,93,94,97,107,112,115,-98,-82,-77,-68,-65,-58,-42,-37,-36,-35,-31,-26,-24,-23,-20,-16,-15,19,20,20,21,27,32,35,42,51,53,62,66,77,80,92,121,-473,-268,-234,48,101,86,102,116,138,97,86,23,93,52,59,78,130,-164,-50,15,50,53,-54,80,107,59,64,94,118,120,133,61,53,60,63,82,140,83,-238,-237,40,13,21,38,40,49,71,72,74,78,82,85,88,93,93,106,109,129,29,45,84,84,-867,-763,-617,-208,-139,-125,29,28,30,36,39,41,42,47,64,63,67,82,99,104,110,110,80,-757,-514,-534,-464,-23,39,-323,-124,-100,65,73,118,-366,-194,-194,72,48,64,113,135,-151,-105,9,83,-395,-352,-166,-122,-127,-61,-25,-414,3,-394,-201,-48,-30,-596,-200,-152,-150,-127,-116,-116,-115,-115,-112,-111,-94,-82,-76,-71,-68,-64,-62,-56,-55,-53,-52,-51,-45,-43,-42,-36,-24,-22,-21,-10,13,22,26,32,35,36,37,45,46,47,77,89,90,97,108,108,115,49,114,63,64,71,81,88,95,104,106,-494,-341,-117,-104,-80,4,50,100,111,118,122,117,102,-483,-367,-250,-248,49,81,89,98,-93,79,-314,-191,3,7,32,41,57,57,59,59,60,63,66,93,110,119,-328,-321,-295,-74,-981,-833,-567,-359,-310,36,-1071,-567,21,25,-1,67,36,71,78,82,-846,-742,-652,-210

How wait,	224913/3121,	2,2,6,6,4,2,3,3,1,2,1,0,0,0,0,1,0,0,0,0,18,21,2,26,33,25,31,0,34,32,1,1,49,17,2,3,55,34,50,33,41,2,29,6,17,2,10,1,3,0,0,0,0,1,28,1,10,54,60,54,46,52,17,33,4,25,31,26,17,28,11,55,36,38,0,0,0,71,36,6,26,38,16,39,19,18,36,38,8,14,6,0,1,55,0,31,10,36,11,5,18,44,8,40,0,36,107,41,28,29,30,7,22,33,31,32,1,5,0,0,38,114,96,109,99,66,52,118,28,13,61,39,46,88,39,64,25,22,26,0,4,25,24,0,8,19,12,0,6,16,12,17,14,15,12,141,1,6,60,44,52,58,42,84,26,88,15,13,28,26,37,51,65,0,7,1,0,4,3,6,5,59,62,53,174,94,24,94,167,75,58,171,4,3,173,168,177,169,168,172,137,171,172,146,183,57,49,42,172,170,172,179,185,181,83,168,136,132,134,158,140,148,109,111,158,142,136,157,129,135,102,90,144,83,69,102,90,46,44,82,57,49,33,85,101,84,31,16,31,46,37,42,25,63,57,0,12,17,0,7,2,5,29,34,48,40,25,18,44,48,15,23,37,2,1,12,12,13,6,11,147,118,19,13,8,19,5,51,1,0,1,43,71,43,54,58,55,13,9,23,18,53,54,12,3,1,3,2,3,0,0,1,1,2,225,59,57,46,53,59,31,30,24,24,40,15,30,59,25,52,6,9,19,23,7,7,1,2,2,1,26,31,24,30,41,30,28,32,34,0,116,0,0,0,1,3,0,1,1,0,3,84,1,2,0,1,1,1,101,1,0,0,0,24,1,1,230,76,62,0,128,64,55,45,57,67,47,59,14,51,67,64,61,48,36,10,20,115,137,115,88,115,48,59,60,51,65,96,67,51,60,64,65,45,6,18,259,296,253,95,2,0,0,0,8,158,37,243,185,0,82,69,76,63,48,19,88,3,65,75,47,65,0,47,57,41,22,20,15,6,306,19,1,5,4,5,79,67,64,60,59,75,4,58,40,86,12,43,51,14,59,28,34,16,6,4,1,3,5,3,98,135,40,3,3,1,2,42,72,37,103,119,49,66,27,42,6,270,185,129,278,175,124,127,117,105,89,86,113,95,72,116,62,122,129,76,130,123,69,45,117,55,121,57,68,59,60,100,66,9,48,71,64,22,40,38,4,39,23,29,311,115,50,5,2,23,3,324,202,295,134,104,22,1,239,121,117,82,7,22,5,19,18,7,1,7,1,105,0,7,3,4,10,0,5,335,40,0,113,85,12,10,6,9,3,4,6,0,42,5,13,85,7,42,8,0,10,1,4,3,354,298,339,208,180,174,154,12,8,8,8,12,269,25,20,0,16,13,10,14,5,141,13,0,74,10,1,2,9,12,5,4,0,0,0,33,21,0,0,0,0,33,32,22,16,26,8,26,30,5,21,16,7,3,9,1,2,57,0,31,35,35,23,51,17,21,31,7,25,24,0,3,3,7,2,4,2,4,83,91,87,74,45,43,92,38,16,78,20,38,32,7,27,5,4,4,4,6,48,4,4,0,3,0,6,10,3,77,61,0,1,7,2,7,1,0,131,20,27,5,2,2,0,1,2,7,2,12,12,2,0,0,0,1,1,431,194,151,75,62,55,55,5,1,47,66,11,30,43,55,46,29,4,7,4,1,2,0,366,353,126,190,196,134,46,75,258,0,385,89,26,456,344,378,240,163,84,5,17,16,16,8,61,290,271,253,0,4,49,54,5,39,17,32,30,40,32,30,9,22,33,11,22,13,11,15,29,12,23,4,6,480,473,471,474,480,480,470,132,73,0,430,473,373,269,268,150,142,144,113,143,87,120,89,118,120,62,135,48,130,84,107,79,71,103,93,43,83,27,16,41,61,12,7,61,27,31,29,14,5,0,37,0,2,16,283,92,62,56,52,51,49,15,36,14,33,39,0,11,30,12,37,5,21,11,0,84,6,4,0,39,34,34,13,38,8,21,0,14,31,33,17,20,13,495,338,260,112,60,40,13,482,355,364,129,4,1,0,4,2,0,1,54,33,40,51,20,21,6,60,47,62,8,11,1,3,23,14,24,11,14,9,5,0,4,4,321,84,65,4,0,2,18,5,11,5,0,9,155,1,65,62,55,12,51,8,19,25,52,9,35,19,13,29,0,32,8,0,3,32,30,54,1,8,4,6,1,4,3,1,2,3,2,2,1,0,18,32,30,28,10,17,8,10,2,156,122,48,43,51,34,1,42,23,12,34,49,27,5,0,3,2,3,0,1,1,5,0,0,11,28,27,27,38,27,20,97,121,102,106,74,76,81,113,74,119,110,81,85,83,48,108,8,86,94,80,57,73,49,53,58,26,53,5,15,13,17,0,0,101,60,81,3,4,624,65,34,41,18,25,33,5,26,41,10,38,33,8,2,16,23,5,5,10,4,7,363,259,20,54,53,6,34,402,99,146,67,55,70,52,35,65,51,52,27,15,11,19,30,24,0,55,57,26,16,13,1,25,4,2,3,0,11,89,89,86,87,85,100,64,71,83,56,75,15,29,17,5,14,54,11,1,2,33,39,9,19,32,50,13,34,5,6,33,12,0,25,16,1,4,1,5,5,3,34,23,26,1,26,1,12,32,23,26,23,29,0,4,62,25,24,1,24,16,21,2,11,12,3,19,185,6,312,133,382,10,3,9,7,168,73,4,0,72,80,66,52,44,64,48,53,46,59,64,31,23,77,75,18,0,59,39,24,2,21,23,15,41,20,6,12,93,576,508,469,371,298,227,117,1,4,2,1,0,6,268,159,42,22,6,2,27,10,3,24,0,4,13,9,9,249,289,19,119,79,35,6,47,44,22,11,34,42,45,13,31,25,3,0,229,238,140,71,77,61,25,18,12,15,1,2,78,56,178,163,103,658,244,44,42,66,34,49,3,40,43,17,21,7,72,72,35,47,29,27,22,0,11,14,1,615,421,318,33,60,58,56,70,57,11,16,21,0,18,3,20,40,17,37,24,2,2,389,2,0,566,404,1,353,11,0,12,7,11,1,14,7,15,14,18,4,49,55,39,33,35,18,53,33,7,54,25,32,12,12,17,3,25,10,6,19,6,4,3,5,2,9,0,8,4,3,5,195,182,12,5,4,12,5,2,2,1,2,5,499,198,8,156,0,0,2,459,393,374,426,287,1,662,627,302,251,95,40,767,3,0,0,1,0,0,0,0,5,58,57,42,21,52,16,40,57,21,54,5,23,35,31,22,11,386,68,9,52,686,192,175,131,61,101,32,54,701,626,464,406,469,359,310,203,166,0,0,0,4,7,1,0,2,3,49,35,274,6,818,541,427,172,507,3,221,60,41,65,31,26,50,13,34,27,57,4,28,41,16,339,137,163,3,697,248,193,68,9,569,67,58,70,49,59,67,18,27,46,57,3,42,36,6,49,61,40,4,52,21,5,24,8,7,14,27,638,387,192,261,214,147,43,10,740,725,230,264,221,51,588,207,127,119,105,131,145,103,108,110,140,78,148,113,78,65,113,42,108,25,43,39,16,36,90,85,35,45,39,31,25,30,11,757,689,649,481,408,297,377,163,863,632,494,470,255,255,212,158,173,117,88,99,464,324,3,108,93,99,86,95,71,83,106,59,57,89,81,38,49,1,7,42,2,36,8,20,2,31,20,1,9,17,49,36,21,207,110,127,45,466,286,6,6,1,38,36,28,38,26,37,35,1,27,12,30,8,3,415,384,235,3,5,4,1,1,115,37,4,50,43,51,17,56,68,11,45,33,0,17,14,60,36,30,610,297,270,43,33,44,39,33,36,58,56,0,2,12,33,8,40,31,35,4,23,297,80,2,5,8,2,0,110,116,25,25,20,21,19,14,24,33,16,4,1,126,24,13,11,3,11,1,8,3,4,35,13,27,24,25,7,6,7,27,1,30,28,18,287,40,0,49,46,56,52,33,50,22,19,51,53,22,44,13,11,22,29,3,31,31,30,25,30,29,12,10,25,21,19,549,235,76,960,791,771,564,574,423,364,433,114,130,21,74,12,12,10,427,438,321,248,217,110,122,80,66,70,84,95,107,61,74,40,29,102,31,71,28,64,52,108,36,69,71,29,9,8,60,5,49,3,4,25,10,8,28,16,3,6,31,11,34,1,0,1,88,319,150,4,13,14,16,58,64,33,17,47,32,31,34,31,3,983,377,331,668,503,338,190,7,9,37,6,31,13,36,36,29,4,12,12,6,3,1,1,2,5,4,73,45,56,45,62,64,79,41,35,24,54,26,12,47,15,0,52,9,26,11,2,20,0,8,0,8,7,5,0,47,50,55,41,40,44,67,22,0,2,49,14,28,1,8,16,2,22,22,24,21,3,2,495,8,3,669,658,313,244,126,33,488,494,445,408,395,150,604,515,154,46,6,0,1,0,0,385,342,253,183,71,19,1,181,185,3,707,142,149,861,664,274,212,2,4,14,30,16,22,27,14,13,5,3,7,27,14,9,0,20,13,11,893,2,366,241,13,42,35,0,27,7,1,212,9,0,0,726,633,554,541,481,348,250,16,0,0,30,2,3,3,6,9,2,1,2,9,1,4,2,9,1,4,7,28,0,8,10,9,15,15,15,15,15,15,15,15,15,15,15,15,15,15,15,15,15,15,15,15,15,15,15,15,15,15,15,15,15,15,15,15,15,15,15,15,15,15,15,15,15,15,0,18,18,18,18,18,18,18,18,18,18,18,18,18,18,18,18,18,18,18,18,18,18,18,18,18,18,18,18,18,18,18,18,18,18,18,18,18,18,18,18,18,18,18,18,14,18,18,18,18,18,18,18,18,18,18,18,18,18,18,18,18,18,18,18,18,18,18,18,18,18,18,18,18,18,18,18,18,18,18,18,18,18,18,18,18,18,18,18,18,18,1,23,23,23,23,23,23,23,23,23,23,23,23,23,23,23,23,23,23,23,23,23,23,23,23,23,23,23,23,23,23,23,23,23,23,23,23,23,23,23,23,23,23,23,128,80,2,17,22,15,33,33,33,33,33,33,33,33,33,33,33,33,33,33,33,33,33,33,33,33,33,33,33,33,33,33,33,33,33,33,33,33,33,33,33,33,33,33,33,33,33,33,33,33,33,0,34,34,34,34,34,34,34,34,34,34,34,34,34,34,34,34,34,34,34,34,34,34,34,34,34,34,34,34,34,34,34,34,34,34,34,34,34,34,34,34,34,34,34,34,34,34,34,34,34,34,34,34,34,34,34,34,34,34,34,34,34,34,34,34,34,34,34,34,34,34,34,34,34,34,34,34,34,34,34,34,34,34,34,34,34,34,34,34,34,38,38,38,38,38,38,38,38,38,38,38,38,38,38,38,38,38,38,38,38,38,38,38,38,38,38,38,38,38,38,38,38,38,38,38,38,38,38,38,38,38,38,38,38,38,39,39,39,39,39,39,39,39,39,39,39,39,39,39,39,39,39,39,39,39,39,39,39,39,39,39,39,39,39,39,39,39,39,39,39,39,39,39,39,39,39,39,39,39,39,42,42,42,42,42,42,42,42,42,42,42,42,42,42,42,42,42,42,42,42,42,42,42,42,42,42,42,42,42,42,42,42,42,42,42,42,42,42,42,42,42,42,42,42,42,42,42,42,42,42,42,42,42,42,42,42,42,42,42,42,42,42,42,42,42,42,42,42,42,42,42,42,42,42,42,42,42,42,42,42,42,42,42,42,42,42,42,42,42,42,9,12,6,2,0,1,15,11,0,57,57,57,57,57,57,57,57,57,57,57,57,57,57,57,57,57,57,57,57,57,57,57,57,57,57,57,57,57,57,57,57,57,57,57,57,57,57,57,57,57,57,57,58,58,58,58,58,58,58,58,58,58,58,58,58,58,58,58,58,58,58,58,58,58,58,58,58,58,58,58,58,58,58,58,58,58,58,58,58,58,58,58,58,58,58,58,58,58,58,58,58,58,58,58,58,58,58,58,58,58,58,58,58,58,58,58,58,58,58,58,58,58,58,58,58,58,58,58,58,58,58,58,58,58,58,58,58,58,58,58,58,18,61,61,61,61,61,61,61,61,61,61,61,61,61,61,61,61,61,61,61,61,61,61,61,61,61,61,61,61,61,61,61,61,61,61,61,61,61,61,61,61,61,61,61,61,61,62,62,62,62,62,62,62,62,62,62,39,43,48,33,12,38,2,7,6,13,4,6,8,4,99,100,99,93,85,58,58,70,84,56,91,25,38,47,82,79,91,88,70,23,79,76,9,70,33,48,31,63,36,20,30,41,10,10,25,9,25,1,1,47,19,2,22,110,68,84,57,47,103,81,73,22,25,45,98,48,27,22,6,85,86,31,87,60,71,5,30,13,31,2,54,54,37,11,9,31,152,137,158,132,117,131,98,91,93,114,132,132,153,84,133,87,160,113,79,100,128,74,100,92,70,93,0,75,7,68,52,2,14,568,358,8,42,6,0,2,0,0,4,123,42,4,11,0,1,227,185,93,6,4,127,24,18,9,6,0,4,4,10,49,6,13,7,8,1,0,312,326,52,48,54,13,33,53,54,47,28,56,45,44,16,36,44,26,28,6,62,62,8,61,972,900,699,312,259,194,35,39,36,25,34,33,52,3,31,15,10,45,9,25,6,28,1,873,641,591,581,150,39,469,269,192,68,48,8,451,301,245,73,10,12,15,14,217,226,104,0,472,447,280,257,192,167,120,482,328,93,512,330,129,108,361,224,212,223,185,231,188,202,236,161,218,132,166,127,215,130,180,205,199,105,117,171,116,153,188,180,108,83,92,105,119,67,82,97,113,108,26,62,56,11,27,19,27,24,18,28,21,7,5,17,24,21,15,5,16,28,22,548,452,258,169,167,42,45,0,4,2,3,1,1,593,429,323,387,2,5,5,4,177,26,450,320,71,63,36,45,15,20,49,65,41,51,25,38,30,4,450,431,397,176,1121,953,713,500,445,51,1204,628,65,54,137,61,15,6,12,1,946,846,753,265


Missed people's location (Destination / Demand time) At 1439
A Station,	(O/98/-1), (T/163/-1), (T/251/-1), (J/333/-1), (N/344/-1), (T/363/-1), (M/410/-1), (O/534/-1), (T/564/-1), (T/590/-1), (T/597/-1), (T/736/-1), (O/878/-1), (L/957/-1), (M/1001/-1), (O/1024/-1), (N/1060/-1), (M/1110/-1), (P/1123/-1), (P/1145/-1), (M/1164/-1), (I/1189/-1), (M/1201/-1), (L/1221/-1), (G/1228/-1), (P/1306/-1), (W/1398/-1)
B Station,	(J/89/-1), (N/108/-1), (J/133/-1), (O/145/-1), (J/159/-1), (L/163/-1), (O/208/-1), (T/261/-1), (Q/277/-1), (T/357/-1), (P/386/-1), (T/407/-1), (V/552/-1), (M/572/-1), (O/590/-1), (J/621/-1), (O/631/-1), (O/670/-1), (V/719/-1), (N/827/-1), (V/875/-1), (J/963/-1), (R/1011/-1), (J/1026/-1), (M/1043/-1), (C/1063/-1), (J/1098/-1), (N/1141/-1), (W/1182/-1), (U/1225/-1), (V/1227/-1), (L/1300/-1), (K/1371/-1), (H/1381/-1), (D/1384/-1), (H/1389/-1), (H/1390/-1), (H/1398/-1), (R/1402/-1), (H/1412/-1), (H/1422/-1), (N/1422/-1), (H/1422/-1), (H/1430/-1), (H/1432/-1), (N/1437/-1), (H/1438/-1)
C Station,	(N/201/-1), (O/235/-1), (L/274/-1), (L/319/-1), (M/388/-1), (N/417/-1), (N/488/-1), (P/493/-1), (R/510/-1), (M/529/-1), (T/608/-1), (P/662/-1), (Q/663/-1), (U/680/-1), (M/687/-1), (Q/747/-1), (U/774/-1), (M/833/-1), (L/877/-1), (P/878/-1), (Q/879/-1), (P/932/-1), (R/970/-1), (U/1059/-1), (S/1120/-1), (V/1124/-1), (N/1183/-1), (S/1227/-1), (M/1256/-1), (M/1260/-1), (Q/1262/-1), (P/1327/-1), (R/1345/-1), (G/1351/-1), (O/1359/-1), (R/1373/-1), (M/1378/-1), (F/1379/-1), (N/1385/-1), (F/1392/-1), (I/1400/-1)
D Station,	(O/193/-1), (O/210/-1), (P/225/-1), (N/266/-1), (Q/279/-1), (M/289/-1), (H/325/-1), (M/353/-1), (H/391/-1), (M/457/-1), (H/463/-1), (M/479/-1), (L/500/-1), (P/501/-1), (F/519/-1), (Q/577/-1), (Q/585/-1), (I/619/-1), (R/667/-1), (J/672/-1), (Q/720/-1), (H/758/-1), (Q/785/-1), (H/790/-1), (R/819/-1), (M/853/-1), (F/882/-1), (P/891/-1), (L/905/-1), (V/908/-1), (R/979/-1), (I/1016/-1), (S/1023/-1), (V/1048/-1), (P/1076/-1), (P/1079/-1), (R/1099/-1), (N/1164/-1), (V/1201/-1), (F/1202/-1), (N/1216/-1), (M/1245/-1), (M/1266/-1), (Q/1276/-1), (L/1306/-1), (M/1344/-1), (L/1347/-1), (B/1358/-1), (W/1360/-1), (W/1389/-1), (W/1399/-1), (N/1401/-1), (P/1404/-1), (W/1406/-1), (W/1414/-1), (W/1414/-1), (P/1415/-1), (W/1418/-1), (W/1420/-1), (Q/1424/-1), (W/1426/-1), (P/1429/-1), (W/1429/-1), (Q/1430/-1), (W/1431/-1), (W/1431/-1), (W/1433/-1), (W/1436/-1)
E Station,	(O/92/-1), (V/93/-1), (J/179/-1), (O/276/-1), (P/288/-1), (O/290/-1), (O/437/-1), (P/469/-1), (V/480/-1), (V/505/-1), (J/530/-1), (M/564/-1), (O/646/-1), (L/748/-1), (V/851/-1), (O/909/-1), (N/909/-1), (R/915/-1), (N/924/-1), (R/970/-1), (V/983/-1), (Q/985/-1), (R/1026/-1), (G/1035/-1), (P/1063/-1), (J/1079/-1), (O/1112/-1), (N/1167/-1), (N/1181/-1), (I/1182/-1), (Q/1182/-1), (G/1202/-1), (I/1207/-1), (T/1215/-1), (N/1217/-1), (V/1296/-1), (R/1310/-1), (D/1321/-1), (O/1324/-1), (U/1333/-1), (U/1333/-1), (N/1335/-1), (O/1338/-1), (T/1358/-1), (Q/1394/-1), (F/1397/-1), (K/1424/-1), (O/1427/-1)
F Station,	(C/112/-1), (C/164/-1), (J/183/-1), (L/200/-1), (T/253/-1), (C/276/-1), (O/301/-1), (Q/327/-1), (L/335/-1), (C/364/-1), (L/406/-1), (P/406/-1), (P/415/-1), (V/496/-1), (S/513/-1), (N/530/-1), (V/536/-1), (R/541/-1), (U/550/-1), (J/580/-1), (U/599/-1), (U/608/-1), (P/609/-1), (T/618/-1), (O/647/-1), (T/680/-1), (J/700/-1), (Q/704/-1), (M/715/-1), (V/763/-1), (C/785/-1), (J/821/-1), (Q/837/-1), (S/886/-1), (U/895/-1), (N/944/-1), (L/948/-1), (L/953/-1), (N/966/-1), (J/1017/-1), (P/1035/-1), (P/1049/-1), (I/1050/-1), (D/1065/-1), (S/1073/-1), (T/1078/-1), (R/1115/-1), (O/1123/-1), (J/1127/-1), (V/1140/-1), (J/1148/-1), (J/1156/-1), (Q/1157/-1), (D/1214/-1), (I/1233/-1), (R/1239/-1), (N/1246/-1), (G/1249/-1), (A/1282/-1), (V/1308/-1), (C/1333/-1), (R/1346/-1), (D/1391/-1), (N/1426/-1)
G Station,	(O/174/-1), (V/287/-1), (V/447/-1), (L/449/-1), (O/503/-1), (J/538/-1), (P/558/-1), (O/567/-1), (O/582/-1), (O/588/-1), (J/620/-1), (J/705/-1), (N/724/-1), (P/750/-1), (Q/776/-1), (Q/781/-1), (F/826/-1), (P/868/-1), (P/884/-1), (J/959/-1), (M/1021/-1), (V/1028/-1), (O/1050/-1), (M/1061/-1), (Q/1107/-1), (V/1177/-1), (M/1298/-1), (I/1322/-1), (V/1326/-1), (I/1332/-1), (I/1341/-1), (I/1341/-1), (I/1342/-1), (H/1344/-1), (I/1350/-1), (I/1361/-1), (B/1361/-1), (I/1362/-1), (I/1362/-1), (I/1364/-1), (I/1365/-1), (I/1371/-1), (I/1382/-1), (I/1385/-1), (L/1386/-1), (I/1400/-1), (I/1407/-1), (P/1411/-1), (T/1416/-1), (I/1418/-1), (K/1420/-1), (I/1432/-1), (D/1437/-1)
H Station,	(O/218/-1), (P/304/-1), (P/308/-1), (O/410/-1), (J/469/-1), (K/536/-1), (J/583/-1), (M/601/-1), (T/627/-1), (J/630/-1), (J/652/-1), (K/662/-1), (K/688/-1), (E/700/-1), (J/758/-1), (K/802/-1), (V/861/-1), (L/956/-1), (F/991/-1), (J/994/-1), (K/994/-1), (V/1001/-1), (F/1017/-1), (V/1041/-1), (Q/1067/-1), (E/1067/-1), (P/1082/-1), (E/1096/-1), (R/1109/-1), (K/1293/-1), (T/1295/-1), (U/1358/-1), (C/1374/-1), (T/1398/-1), (P/1399/-1), (J/1426/-1)
I Station,	(T/172/-1), (Q/175/-1), (Q/179/-1), (U/231/-1), (V/245/-1), (T/265/-1), (U/290/-1), (N/305/-1), (Q/318/-1), (T/319/-1), (V/329/-1), (P/343/-1), (Q/367/-1), (T/403/-1), (Q/447/-1), (O/487/-1), (T/519/-1), (O/522/-1), (K/564/-1), (L/569/-1), (V/592/-1), (Q/611/-1), (U/618/-1), (O/625/-1), (V/698/-1), (V/759/-1), (O/795/-1), (Q/853/-1), (M/871/-1), (F/900/-1), (T/1022/-1), (B/1035/-1), (F/1068/-1), (T/1072/-1), (O/1095/-1), (A/1108/-1), (V/1111/-1), (L/1115/-1), (N/1128/-1), (T/1144/-1), (K/1161/-1), (M/1175/-1), (S/1203/-1), (S/1205/-1), (A/1210/-1), (N/1222/-1), (T/1229/-1), (N/1235/-1), (A/1254/-1), (P/1267/-1), (J/1268/-1), (S/1287/-1), (F/1309/-1), (F/1326/-1), (R/1337/-1), (S/1353/-1), (W/1380/-1), (K/1398/-1), (F/1399/-1), (R/1412/-1), (E/1422/-1), (Q/1422/-1), (L/1426/-1)
J Station,	(Q/162/-1), (F/169/-1), (Q/190/-1), (P/192/-1), (T/216/-1), (D/225/-1), (F/233/-1), (Q/233/-1), (P/284/-1), (V/316/-1), (B/317/-1), (P/333/-1), (D/341/-1), (R/381/-1), (C/388/-1), (N/406/-1), (N/425/-1), (A/434/-1), (P/460/-1), (R/469/-1), (F/478/-1), (V/494/-1), (O/512/-1), (M/522/-1), (R/536/-1), (D/541/-1), (T/561/-1), (T/609/-1), (M/668/-1), (H/671/-1), (T/684/-1), (C/709/-1), (A/709/-1), (H/732/-1), (C/749/-1), (B/753/-1), (N/791/-1), (O/793/-1), (L/802/-1), (C/803/-1), (Q/846/-1), (H/861/-1), (T/863/-1), (T/871/-1), (U/874/-1), (L/907/-1), (E/917/-1), (Q/929/-1), (B/931/-1), (S/933/-1), (N/955/-1), (G/990/-1), (U/1027/-1), (W/1029/-1), (T/1042/-1), (L/1064/-1), (Q/1085/-1), (F/1091/-1), (E/1139/-1), (Q/1159/-1), (U/1162/-1), (P/1181/-1), (O/1188/-1), (B/1198/-1), (W/1201/-1), (G/1209/-1), (R/1225/-1), (G/1232/-1), (I/1243/-1), (N/1247/-1), (G/1254/-1), (U/1259/-1), (H/1270/-1), (G/1328/-1), (U/1372/-1), (A/1381/-1), (S/1392/-1), (R/1408/-1), (R/1412/-1)
K Station,	(C/164/-1), (L/212/-1), (A/227/-1), (O/247/-1), (C/304/-1), (O/350/-1), (A/377/-1), (R/388/-1), (Q/402/-1), (C/507/-1), (Q/522/-1), (O/542/-1), (M/588/-1), (S/639/-1), (V/643/-1), (C/646/-1), (R/702/-1), (C/759/-1), (O/761/-1), (C/769/-1), (M/771/-1), (S/773/-1), (L/776/-1), (A/787/-1), (M/790/-1), (I/819/-1), (Q/849/-1), (Q/857/-1), (Q/953/-1), (N/968/-1), (P/987/-1), (A/1001/-1), (M/1013/-1), (S/1017/-1), (S/1028/-1), (M/1029/-1), (J/1094/-1), (M/1106/-1), (C/1116/-1), (V/1157/-1), (C/1160/-1), (J/1240/-1), (S/1248/-1), (Q/1251/-1), (J/1267/-1), (D/1272/-1), (C/1278/-1), (A/1335/-1), (Q/1355/-1), (G/1356/-1), (E/1375/-1), (T/1381/-1), (U/1411/-1), (I/1436/-1)
L Station,	(B/111/-1), (Q/157/-1), (W/186/-1), (S/219/-1), (W/262/-1), (K/280/-1), (F/284/-1), (H/304/-1), (S/331/-1), (J/336/-1), (T/349/-1), (Q/356/-1), (J/378/-1), (F/393/-1), (W/397/-1), (S/410/-1), (R/435/-1), (O/438/-1), (K/449/-1), (G/473/-1), (A/479/-1), (D/487/-1), (W/521/-1), (G/522/-1), (D/591/-1), (S/613/-1), (Q/652/-1), (G/659/-1), (Q/672/-1), (I/677/-1), (K/680/-1), (P/683/-1), (E/697/-1), (T/700/-1), (G/707/-1), (I/737/-1), (Q/774/-1), (V/790/-1), (E/802/-1), (K/812/-1), (J/852/-1), (Q/896/-1), (U/943/-1), (R/949/-1), (O/956/-1), (Q/960/-1), (S/964/-1), (N/969/-1), (U/983/-1), (P/987/-1), (R/997/-1), (N/1015/-1), (S/1049/-1), (I/1059/-1), (O/1062/-1), (G/1066/-1), (D/1090/-1), (S/1139/-1), (I/1153/-1), (H/1162/-1), (H/1201/-1), (W/1203/-1), (U/1206/-1), (S/1217/-1), (U/1221/-1), (B/1224/-1), (T/1228/-1), (K/1244/-1), (M/1247/-1), (E/1269/-1), (A/1282/-1), (K/1284/-1), (W/1300/-1), (P/1353/-1), (C/1359/-1), (R/1396/-1), (T/1432/-1)
M Station,	(U/70/-1), (U/75/-1), (U/81/-1), (U/87/-1), (G/108/-1), (U/109/-1), (B/117/-1), (I/130/-1), (A/145/-1), (A/147/-1), (G/148/-1), (G/152/-1), (K/161/-1), (P/182/-1), (P/227/-1), (L/297/-1), (P/308/-1), (K/312/-1), (J/377/-1), (B/386/-1), (F/386/-1), (A/426/-1), (O/437/-1), (W/445/-1), (P/468/-1), (E/469/-1), (P/482/-1), (J/498/-1), (A/538/-1), (D/543/-1), (W/545/-1), (I/548/-1), (V/551/-1), (E/571/-1), (U/573/-1), (R/594/-1), (A/626/-1), (F/667/-1), (W/667/-1), (F/669/-1), (F/698/-1), (F/709/-1), (P/720/-1), (N/737/-1), (C/758/-1), (D/772/-1), (V/802/-1), (C/809/-1), (G/814/-1), (V/829/-1), (F/848/-1), (A/856/-1), (F/858/-1), (I/869/-1), (E/874/-1), (F/886/-1), (E/898/-1), (C/907/-1), (L/917/-1), (V/924/-1), (J/929/-1), (E/931/-1), (B/1007/-1), (G/1007/-1), (K/1020/-1), (R/1033/-1), (D/1033/-1), (W/1035/-1), (C/1062/-1), (Q/1078/-1), (W/1086/-1), (O/1088/-1), (U/1089/-1), (J/1094/-1), (R/1101/-1), (V/1114/-1), (B/1124/-1), (C/1140/-1), (F/1140/-1), (J/1175/-1), (C/1181/-1), (L/1198/-1), (O/1205/-1), (K/1211/-1), (P/1226/-1), (T/1274/-1), (A/1319/-1), (P/1322/-1), (S/1358/-1), (B/1364/-1), (N/1383/-1), (A/1386/-1), (L/1396/-1), (V/1421/-1), (C/1432/-1), (B/1434/-1)
N Station,	(Q/113/-1), (O/163/-1), (B/226/-1), (F/257/-1), (B/265/-1), (V/273/-1), (V/307/-1), (A/340/-1), (Q/360/-1), (V/380/-1), (K/390/-1), (V/477/-1), (E/478/-1), (O/499/-1), (M/506/-1), (H/598/-1), (P/659/-1), (Q/663/-1), (E/668/-1), (H/679/-1), (M/734/-1), (P/760/-1), (L/773/-1), (H/780/-1), (F/780/-1), (M/783/-1), (M/821/-1), (P/857/-1), (Q/945/-1), (W/979/-1), (K/1004/-1), (K/1036/-1), (G/1049/-1), (W/1063/-1), (B/1167/-1), (R/1190/-1), (I/1191/-1), (Q/1209/-1), (I/1235/-1), (V/1261/-1), (Q/1271/-1), (H/1283/-1), (P/1306/-1), (G/1308/-1), (I/1336/-1), (V/1370/-1), (P/1372/-1), (R/1398/-1), (E/1408/-1)
O Station,	(F/106/-1), (T/110/-1), (J/133/-1), (U/151/-1), (G/161/-1), (E/177/-1), (V/185/-1), (D/187/-1), (D/187/-1), (R/205/-1), (F/236/-1), (G/259/-1), (N/262/-1), (V/277/-1), (Q/316/-1), (N/318/-1), (U/329/-1), (K/345/-1), (R/348/-1), (Q/357/-1), (K/387/-1), (L/394/-1), (F/399/-1), (S/399/-1), (L/401/-1), (C/405/-1), (A/412/-1), (B/420/-1), (E/423/-1), (L/433/-1), (H/492/-1), (G/531/-1), (L/540/-1), (D/550/-1), (S/551/-1), (T/554/-1), (V/555/-1), (R/562/-1), (W/578/-1), (Q/586/-1), (L/592/-1), (V/598/-1), (V/668/-1), (J/682/-1), (M/687/-1), (E/710/-1), (D/725/-1), (S/735/-1), (V/745/-1), (C/786/-1), (D/804/-1), (A/841/-1), (R/841/-1), (R/842/-1), (U/852/-1), (J/877/-1), (Q/877/-1), (I/882/-1), (K/891/-1), (E/918/-1), (J/939/-1), (P/945/-1), (S/954/-1), (R/1002/-1), (Q/1033/-1), (C/1047/-1), (F/1058/-1), (G/1066/-1), (I/1068/-1), (U/1070/-1), (H/1092/-1), (J/1107/-1), (R/1109/-1), (D/1148/-1), (U/1181/-1), (L/1205/-1), (T/1219/-1), (Q/1232/-1), (K/1233/-1), (T/1275/-1), (R/1277/-1), (H/1302/-1), (L/1304/-1), (S/1379/-1), (K/1390/-1), (G/1428/-1)
P Station,	(G/68/-1), (G/69/-1), (U/77/-1), (I/99/-1), (K/126/-1), (H/131/-1), (V/133/-1), (G/133/-1), (U/150/-1), (C/153/-1), (C/166/-1), (G/166/-1), (J/179/-1), (F/188/-1), (Q/198/-1), (Q/225/-1), (O/235/-1), (F/253/-1), (F/270/-1), (A/327/-1), (E/347/-1), (C/356/-1), (O/373/-1), (L/393/-1), (H/394/-1), (Q/399/-1), (K/427/-1), (U/453/-1), (A/454/-1), (M/465/-1), (N/482/-1), (G/520/-1), (C/524/-1), (G/528/-1), (R/547/-1), (I/556/-1), (C/563/-1), (R/589/-1), (H/605/-1), (O/605/-1), (B/624/-1), (B/672/-1), (F/681/-1), (T/705/-1), (U/714/-1), (E/721/-1), (L/722/-1), (O/745/-1), (O/794/-1), (E/803/-1), (F/814/-1), (C/815/-1), (C/816/-1), (U/837/-1), (Q/838/-1), (U/860/-1), (H/864/-1), (U/867/-1), (D/880/-1), (S/919/-1), (O/950/-1), (D/961/-1), (Q/979/-1), (M/1028/-1), (I/1043/-1), (R/1046/-1), (Q/1054/-1), (G/1080/-1), (W/1082/-1), (R/1088/-1), (W/1097/-1), (V/1099/-1), (I/1154/-1), (J/1180/-1), (W/1184/-1), (V/1186/-1), (T/1187/-1), (A/1188/-1), (D/1201/-1), (K/1222/-1), (V/1281/-1), (M/1291/-1), (W/1296/-1), (L/1300/-1), (C/1317/-1), (L/1335/-1), (G/1339/-1), (F/1354/-1), (N/1356/-1), (I/1358/-1), (C/1392/-1)
Q Station,	(D/190/-1), (U/231/-1), (N/286/-1), (W/287/-1), (F/299/-1), (P/335/-1), (O/356/-1), (B/388/-1), (F/408/-1), (S/416/-1), (B/423/-1), (T/426/-1), (P/468/-1), (G/469/-1), (F/497/-1), (U/505/-1), (A/524/-1), (L/526/-1), (H/529/-1), (B/548/-1), (J/552/-1), (U/561/-1), (O/597/-1), (K/603/-1), (J/616/-1), (W/617/-1), (P/637/-1), (O/640/-1), (C/658/-1), (E/667/-1), (U/667/-1), (J/681/-1), (R/707/-1), (T/727/-1), (U/729/-1), (F/740/-1), (M/749/-1), (S/754/-1), (J/754/-1), (M/760/-1), (G/781/-1), (E/784/-1), (C/812/-1), (S/815/-1), (W/853/-1), (F/880/-1), (G/908/-1), (A/949/-1), (C/958/-1), (J/971/-1), (K/977/-1), (P/984/-1), (M/984/-1), (J/994/-1), (N/1013/-1), (M/1020/-1), (L/1056/-1), (K/1064/-1), (L/1077/-1), (G/1107/-1), (W/1143/-1), (V/1206/-1), (I/1217/-1), (T/1217/-1), (O/1223/-1), (C/1233/-1), (O/1246/-1), (D/1268/-1), (P/1273/-1), (A/1300/-1), (T/1307/-1), (H/1321/-1), (N/1336/-1), (V/1340/-1), (S/1372/-1), (E/1389/-1), (H/1401/-1), (T/1411/-1), (G/1432/-1), (C/1434/-1)
R Station,	(T/195/-1), (T/239/-1), (M/245/-1), (O/291/-1), (M/292/-1), (P/397/-1), (V/458/-1), (O/521/-1), (H/534/-1), (V/544/-1), (Q/571/-1), (T/584/-1), (O/637/-1), (O/677/-1), (M/696/-1), (L/777/-1), (L/787/-1), (T/815/-1), (M/885/-1), (L/896/-1), (E/933/-1), (E/989/-1), (W/1012/-1), (J/1017/-1), (W/1024/-1), (B/1051/-1), (K/1066/-1), (N/1088/-1), (T/1117/-1), (B/1162/-1), (U/1234/-1), (U/1255/-1), (E/1266/-1), (H/1269/-1), (W/1271/-1), (O/1276/-1), (H/1301/-1), (A/1318/-1), (O/1320/-1), (K/1328/-1), (C/1345/-1), (U/1372/-1), (J/1376/-1), (G/1386/-1)
S Station,	(M/172/-1), (Q/349/-1), (V/506/-1), (O/580/-1), (M/595/-1), (P/654/-1), (O/745/-1), (P/757/-1), (V/877/-1), (L/888/-1), (O/987/-1), (J/1099/-1), (I/1137/-1), (L/1157/-1), (V/1167/-1), (P/1177/-1), (K/1190/-1), (J/1302/-1), (J/1303/-1), (P/1318/-1), (R/1362/-1), (R/1384/-1), (O/1390/-1), (U/1397/-1), (U/1400/-1), (R/1402/-1), (P/1406/-1), (R/1410/-1), (G/1411/-1), (R/1412/-1), (R/1413/-1), (U/1415/-1), (J/1415/-1), (G/1422/-1), (R/1424/-1), (U/1429/-1), (W/1434/-1), (W/1436/-1), (U/1438/-1), (R/1438/-1)
T Station,	(M/140/-1), (L/143/-1), (H/154/-1), (J/179/-1), (M/182/-1), (V/189/-1), (O/216/-1), (A/239/-1), (V/242/-1), (F/261/-1), (F/283/-1), (B/298/-1), (O/404/-1), (H/419/-1), (Q/423/-1), (M/450/-1), (V/462/-1), (A/462/-1), (F/463/-1), (Q/470/-1), (M/484/-1), (L/491/-1), (V/521/-1), (P/550/-1), (L/628/-1), (H/761/-1), (O/818/-1), (M/865/-1), (Q/871/-1), (J/891/-1), (M/967/-1), (O/987/-1), (P/988/-1), (A/990/-1), (P/1004/-1), (Q/1029/-1), (C/1030/-1), (H/1099/-1), (E/1110/-1), (M/1147/-1), (I/1157/-1), (J/1158/-1), (I/1175/-1), (F/1186/-1), (L/1231/-1), (M/1234/-1), (A/1272/-1), (E/1303/-1), (A/1305/-1), (J/1306/-1), (P/1344/-1), (P/1347/-1), (W/1348/-1), (P/1376/-1), (G/1417/-1)
U Station,	(J/261/-1), (P/271/-1), (Q/286/-1), (P/391/-1), (O/401/-1), (P/530/-1), (O/617/-1), (L/694/-1), (M/759/-1), (V/811/-1), (H/812/-1), (F/863/-1), (B/982/-1), (Q/996/-1), (Q/1002/-1), (F/1008/-1), (V/1036/-1), (P/1044/-1), (F/1052/-1), (B/1112/-1), (Q/1113/-1), (O/1114/-1), (M/1134/-1), (I/1171/-1), (L/1173/-1), (H/1177/-1), (Q/1196/-1), (O/1198/-1), (L/1212/-1), (M/1213/-1), (D/1267/-1), (R/1271/-1), (J/1275/-1), (D/1290/-1), (M/1316/-1), (K/1320/-1), (O/1336/-1), (J/1361/-1), (F/1372/-1), (C/1373/-1), (P/1375/-1), (F/1391/-1), (V/1407/-1), (E/1418/-1), (V/1419/-1), (D/1435/-1)
V Station,	(N/119/-1), (B/130/-1), (I/143/-1), (Q/175/-1), (S/195/-1), (H/197/-1), (J/213/-1), (T/226/-1), (J/226/-1), (M/270/-1), (I/278/-1), (I/284/-1), (N/315/-1), (U/326/-1), (E/327/-1), (C/344/-1), (D/367/-1), (W/368/-1), (D/371/-1), (S/383/-1), (Q/437/-1), (A/475/-1), (O/507/-1), (R/517/-1), (A/525/-1), (T/544/-1), (S/550/-1), (W/552/-1), (S/603/-1), (D/611/-1), (C/636/-1), (E/705/-1), (J/706/-1), (L/736/-1), (W/747/-1), (A/789/-1), (C/794/-1), (B/823/-1), (L/824/-1), (C/841/-1), (M/850/-1), (M/857/-1), (B/869/-1), (H/892/-1), (E/893/-1), (P/906/-1), (G/917/-1), (H/922/-1), (J/925/-1), (D/928/-1), (I/990/-1), (U/996/-1), (M/1033/-1), (W/1044/-1), (B/1051/-1), (C/1065/-1), (O/1117/-1), (J/1131/-1), (I/1182/-1), (M/1190/-1), (S/1214/-1), (I/1214/-1), (I/1218/-1), (I/1220/-1), (K/1259/-1), (L/1261/-1), (U/1262/-1), (N/1293/-1), (L/1299/-1), (B/1318/-1), (P/1372/-1), (M/1401/-1)
W Station,	(V/144/-1), (O/275/-1), (P/292/-1), (M/328/-1), (V/371/-1), (N/549/-1), (M/550/-1), (O/554/-1), (Q/703/-1), (N/714/-1), (M/730/-1), (P/789/-1), (M/812/-1), (F/837/-1), (L/856/-1), (N/878/-1), (N/905/-1), (A/927/-1), (C/948/-1), (F/949/-1), (Q/971/-1), (J/988/-1), (O/1021/-1), (L/1085/-1), (V/1108/-1), (B/1108/-1), (B/1114/-1), (P/1206/-1), (P/1222/-1), (K/1226/-1), (V/1254/-1), (I/1281/-1), (I/1283/-1), (L/1308/-1), (G/1316/-1), (G/1336/-1), (G/1343/-1), (Q/1370/-1), (C/1375/-1), (G/1379/-1), (G/1384/-1), (G/1387/-1), (I/1392/-1), (G/1395/-1), (G/1395/-1), (G/1396/-1), (G/1396/-1), (G/1401/-1), (G/1403/-1), (G/1404/-1), (G/1404/-1), (G/1411/-1), (A/1418/-1), (C/1419/-1), (G/1420/-1), (A/1422/-1), (H/1423/-1), (G/1425/-1), (G/1427/-1), (G/1429/-1), (G/1430/-1), (G/1432/-1), (R/1438/-1)
